<?xml version="1.0" encoding="UTF-8" standalone="no"?>
<!DOCTYPE story SYSTEM "../InScript.dtd">
<story id="019" scenario="grocery">
    <text>
        <content>Yesterday I did my weekly grocery shopping . 
I began the day by checking my cupboards and refrigerator to see what we were out of or running low on . 
As I came across items I needed , I wrote them down on a piece of paper , which I planned to take with me to the store . 
That way , I would n't have to rely on my memory and forget anything . 
I gathered together my cloth grocery bags and put them in the car , then drove to the store . 
Before heading in , I got a grocery cart from outside the store , and took out my shopping list . 
As I went up and down the aisles , I crossed off items on my grocery list as I placed the items in the cart . 
When all the items on my list were in the cart , I wheeled the cart to the check-out line . 
I had to wait in line since there were some people ahead of me . 
When it was my turn , I took the items out of my cart and placed them on the conveyor belt that brought them up to the cashier . 
She took each item and swiped its bar code over a screen that gave her the price . 
When all the items had been checked out , she told me what the total would be . 
I paid for the groceries , and then wheeled my cart over to an area where I could place the groceries into my reusable bags . 
Once that was done , I pushed the cart through the parking lot to my car , where I loaded the bags of groceries into my car , and drove home . 
When I got home , I took the bags into the house and removed all the items from them . 
Putting the groceries away in the cupboards and refrigerator was the final step of grocery shopping day . </content>
        <sentences>
            <sentence id="1">
                <token content="Yesterday" id="1-1">
                    <pos type="NN"/>
                    <lemma type="yesterday"/>
                    <dep head="1-3" type="tmod"/>
                </token>
                <token content="I" id="1-2">
                    <pos type="PRP"/>
                    <lemma type="I"/>
                    <dep head="1-3" type="nsubj"/>
                </token>
                <token content="did" id="1-3">
                    <pos type="VBD"/>
                    <lemma type="do"/>
                </token>
                <token content="my" id="1-4">
                    <pos type="PRP$"/>
                    <lemma type="my"/>
                </token>
                <token content="weekly" id="1-5">
                    <pos type="JJ"/>
                    <lemma type="weekly"/>
                </token>
                <token content="grocery" id="1-6">
                    <pos type="NN"/>
                    <lemma type="grocery"/>
                </token>
                <token content="shopping" id="1-7">
                    <pos type="NN"/>
                    <lemma type="shopping"/>
                    <dep head="1-3" type="dobj"/>
                </token>
                <token content="." id="1-8"/>
            </sentence>
            <sentence id="2">
                <token content="I" id="2-1">
                    <pos type="PRP"/>
                    <lemma type="I"/>
                    <dep head="2-2" type="nsubj"/>
                </token>
                <token content="began" id="2-2">
                    <pos type="VBD"/>
                    <lemma type="begin"/>
                </token>
                <token content="the" id="2-3">
                    <pos type="DT"/>
                    <lemma type="the"/>
                </token>
                <token content="day" id="2-4">
                    <pos type="NN"/>
                    <lemma type="day"/>
                    <dep head="2-2" type="tmod"/>
                </token>
                <token content="by" id="2-5"/>
                <token content="checking" id="2-6">
                    <pos type="VBG"/>
                    <lemma type="check"/>
                    <dep head="2-2" type="prepc"/>
                </token>
                <token content="my" id="2-7">
                    <pos type="PRP$"/>
                    <lemma type="my"/>
                </token>
                <token content="cupboards" id="2-8">
                    <pos type="NNS"/>
                    <lemma type="cupboard"/>
                    <dep head="2-6" type="dobj"/>
                </token>
                <token content="and" id="2-9"/>
                <token content="refrigerator" id="2-10">
                    <pos type="NN"/>
                    <lemma type="refrigerator"/>
                </token>
                <token content="to" id="2-11">
                    <pos type="TO"/>
                    <lemma type="to"/>
                    <dep head="2-12" type="aux"/>
                </token>
                <token content="see" id="2-12">
                    <pos type="VB"/>
                    <lemma type="see"/>
                    <dep head="2-6" type="vmod"/>
                </token>
                <token content="what" id="2-13">
                    <pos type="WP"/>
                    <lemma type="what"/>
                    <dep head="2-15" type="prep"/>
                </token>
                <token content="we" id="2-14">
                    <pos type="PRP"/>
                    <lemma type="we"/>
                    <dep head="2-15" type="nsubj"/>
                </token>
                <token content="were" id="2-15">
                    <pos type="VBD"/>
                    <lemma type="be"/>
                    <dep head="2-12" type="ccomp"/>
                </token>
                <token content="out" id="2-16"/>
                <token content="of" id="2-17"/>
                <token content="or" id="2-18"/>
                <token content="running" id="2-19">
                    <pos type="VBG"/>
                    <lemma type="run"/>
                    <dep head="2-6" type="conj"/>
                </token>
                <token content="low" id="2-20">
                    <pos type="JJ"/>
                    <lemma type="low"/>
                    <dep head="2-19" type="acomp"/>
                </token>
                <token content="on" id="2-21">
                    <pos type="IN"/>
                    <lemma type="on"/>
                </token>
                <token content="." id="2-22"/>
            </sentence>
            <sentence id="3">
                <token content="As" id="3-1">
                    <pos type="IN"/>
                    <lemma type="as"/>
                    <dep head="3-3" type="mark"/>
                </token>
                <token content="I" id="3-2">
                    <pos type="PRP"/>
                    <lemma type="I"/>
                    <dep head="3-3" type="nsubj"/>
                </token>
                <token content="came" id="3-3">
                    <pos type="VBD"/>
                    <lemma type="come"/>
                    <dep head="3-10" type="advcl"/>
                </token>
                <token content="across" id="3-4"/>
                <token content="items" id="3-5">
                    <pos type="NNS"/>
                    <lemma type="item"/>
                    <dep head="3-3" type="prep"/>
                </token>
                <token content="I" id="3-6">
                    <pos type="PRP"/>
                    <lemma type="I"/>
                    <dep head="3-7" type="nsubj"/>
                </token>
                <token content="needed" id="3-7">
                    <pos type="VBD"/>
                    <lemma type="need"/>
                </token>
                <token content="," id="3-8"/>
                <token content="I" id="3-9">
                    <pos type="PRP"/>
                    <lemma type="I"/>
                    <dep head="3-10" type="nsubj"/>
                </token>
                <token content="wrote" id="3-10">
                    <pos type="VBD"/>
                    <lemma type="write"/>
                </token>
                <token content="them" id="3-11">
                    <pos type="PRP"/>
                    <lemma type="they"/>
                    <dep head="3-10" type="dobj"/>
                </token>
                <token content="down" id="3-12">
                    <pos type="RP"/>
                    <lemma type="down"/>
                    <dep head="3-10" type="prt"/>
                </token>
                <token content="on" id="3-13"/>
                <token content="a" id="3-14">
                    <pos type="DT"/>
                    <lemma type="a"/>
                </token>
                <token content="piece" id="3-15">
                    <pos type="NN"/>
                    <lemma type="piece"/>
                    <dep head="3-10" type="prep"/>
                </token>
                <token content="of" id="3-16"/>
                <token content="paper" id="3-17">
                    <pos type="NN"/>
                    <lemma type="paper"/>
                </token>
                <token content="," id="3-18"/>
                <token content="which" id="3-19">
                    <pos type="WDT"/>
                    <lemma type="which"/>
                    <dep head="3-21" type="dobj"/>
                </token>
                <token content="I" id="3-20">
                    <pos type="PRP"/>
                    <lemma type="I"/>
                    <dep head="3-21" type="nsubj"/>
                </token>
                <token content="planned" id="3-21">
                    <pos type="VBD"/>
                    <lemma type="plan"/>
                    <dep head="3-10" type="dep"/>
                </token>
                <token content="to" id="3-22">
                    <pos type="TO"/>
                    <lemma type="to"/>
                    <dep head="3-23" type="aux"/>
                </token>
                <token content="take" id="3-23">
                    <pos type="VB"/>
                    <lemma type="take"/>
                    <dep head="3-21" type="xcomp"/>
                </token>
                <token content="with" id="3-24"/>
                <token content="me" id="3-25">
                    <pos type="PRP"/>
                    <lemma type="I"/>
                    <dep head="3-23" type="prep"/>
                </token>
                <token content="to" id="3-26"/>
                <token content="the" id="3-27">
                    <pos type="DT"/>
                    <lemma type="the"/>
                </token>
                <token content="store" id="3-28">
                    <pos type="NN"/>
                    <lemma type="store"/>
                    <dep head="3-23" type="prep"/>
                </token>
                <token content="." id="3-29"/>
            </sentence>
            <sentence id="4">
                <token content="That" id="4-1">
                    <pos type="DT"/>
                    <lemma type="that"/>
                </token>
                <token content="way" id="4-2">
                    <pos type="NN"/>
                    <lemma type="way"/>
                    <dep head="4-7" type="nsubj"/>
                </token>
                <token content="," id="4-3"/>
                <token content="I" id="4-4">
                    <pos type="PRP"/>
                    <lemma type="I"/>
                    <dep head="4-7" type="nsubj"/>
                </token>
                <token content="would" id="4-5">
                    <pos type="MD"/>
                    <lemma type="would"/>
                    <dep head="4-7" type="aux"/>
                </token>
                <token content="n't" id="4-6">
                    <pos type="RB"/>
                    <lemma type="not"/>
                    <dep head="4-7" type="neg"/>
                </token>
                <token content="have" id="4-7">
                    <pos type="VB"/>
                    <lemma type="have"/>
                </token>
                <token content="to" id="4-8">
                    <pos type="TO"/>
                    <lemma type="to"/>
                    <dep head="4-9" type="aux"/>
                </token>
                <token content="rely" id="4-9">
                    <pos type="VB"/>
                    <lemma type="rely"/>
                    <dep head="4-7" type="xcomp"/>
                </token>
                <token content="on" id="4-10"/>
                <token content="my" id="4-11">
                    <pos type="PRP$"/>
                    <lemma type="my"/>
                </token>
                <token content="memory" id="4-12">
                    <pos type="NN"/>
                    <lemma type="memory"/>
                    <dep head="4-9" type="prep"/>
                </token>
                <token content="and" id="4-13"/>
                <token content="forget" id="4-14">
                    <pos type="VB"/>
                    <lemma type="forget"/>
                    <dep head="4-9" type="conj"/>
                </token>
                <token content="anything" id="4-15">
                    <pos type="NN"/>
                    <lemma type="anything"/>
                    <dep head="4-14" type="dobj"/>
                </token>
                <token content="." id="4-16"/>
            </sentence>
            <sentence id="5">
                <token content="I" id="5-1">
                    <pos type="PRP"/>
                    <lemma type="I"/>
                    <dep head="5-2" type="nsubj"/>
                </token>
                <token content="gathered" id="5-2">
                    <pos type="VBD"/>
                    <lemma type="gather"/>
                </token>
                <token content="together" id="5-3">
                    <pos type="RP"/>
                    <lemma type="together"/>
                    <dep head="5-2" type="prt"/>
                </token>
                <token content="my" id="5-4">
                    <pos type="PRP$"/>
                    <lemma type="my"/>
                </token>
                <token content="cloth" id="5-5">
                    <pos type="NN"/>
                    <lemma type="cloth"/>
                </token>
                <token content="grocery" id="5-6">
                    <pos type="NN"/>
                    <lemma type="grocery"/>
                </token>
                <token content="bags" id="5-7">
                    <pos type="NNS"/>
                    <lemma type="bag"/>
                    <dep head="5-2" type="dobj"/>
                </token>
                <token content="and" id="5-8"/>
                <token content="put" id="5-9">
                    <pos type="VBD"/>
                    <lemma type="put"/>
                    <dep head="5-2" type="conj"/>
                </token>
                <token content="them" id="5-10">
                    <pos type="PRP"/>
                    <lemma type="they"/>
                    <dep head="5-9" type="dobj"/>
                </token>
                <token content="in" id="5-11"/>
                <token content="the" id="5-12">
                    <pos type="DT"/>
                    <lemma type="the"/>
                </token>
                <token content="car" id="5-13">
                    <pos type="NN"/>
                    <lemma type="car"/>
                    <dep head="5-9" type="prep"/>
                </token>
                <token content="," id="5-14"/>
                <token content="then" id="5-15">
                    <pos type="RB"/>
                    <lemma type="then"/>
                    <dep head="5-16" type="advmod"/>
                </token>
                <token content="drove" id="5-16">
                    <pos type="VBD"/>
                    <lemma type="drive"/>
                    <dep head="5-2" type="dep"/>
                </token>
                <token content="to" id="5-17"/>
                <token content="the" id="5-18">
                    <pos type="DT"/>
                    <lemma type="the"/>
                </token>
                <token content="store" id="5-19">
                    <pos type="NN"/>
                    <lemma type="store"/>
                    <dep head="5-16" type="prep"/>
                </token>
                <token content="." id="5-20"/>
            </sentence>
            <sentence id="6">
                <token content="Before" id="6-1"/>
                <token content="heading" id="6-2">
                    <pos type="VBG"/>
                    <lemma type="head"/>
                    <dep head="6-6" type="prepc"/>
                </token>
                <token content="in" id="6-3">
                    <pos type="RP"/>
                    <lemma type="in"/>
                    <dep head="6-2" type="prt"/>
                </token>
                <token content="," id="6-4"/>
                <token content="I" id="6-5">
                    <pos type="PRP"/>
                    <lemma type="I"/>
                    <dep head="6-6" type="nsubj"/>
                </token>
                <token content="got" id="6-6">
                    <pos type="VBD"/>
                    <lemma type="get"/>
                </token>
                <token content="a" id="6-7">
                    <pos type="DT"/>
                    <lemma type="a"/>
                </token>
                <token content="grocery" id="6-8">
                    <pos type="NN"/>
                    <lemma type="grocery"/>
                </token>
                <token content="cart" id="6-9">
                    <pos type="NN"/>
                    <lemma type="cart"/>
                    <dep head="6-6" type="dobj"/>
                </token>
                <token content="from" id="6-10">
                    <pos type="IN"/>
                    <lemma type="from"/>
                    <dep head="6-6" type="prep"/>
                </token>
                <token content="outside" id="6-11">
                    <pos type="IN"/>
                    <lemma type="outside"/>
                </token>
                <token content="the" id="6-12">
                    <pos type="DT"/>
                    <lemma type="the"/>
                </token>
                <token content="store" id="6-13">
                    <pos type="NN"/>
                    <lemma type="store"/>
                </token>
                <token content="," id="6-14"/>
                <token content="and" id="6-15"/>
                <token content="took" id="6-16">
                    <pos type="VBD"/>
                    <lemma type="take"/>
                    <dep head="6-6" type="conj"/>
                </token>
                <token content="out" id="6-17">
                    <pos type="RP"/>
                    <lemma type="out"/>
                    <dep head="6-16" type="prt"/>
                </token>
                <token content="my" id="6-18">
                    <pos type="PRP$"/>
                    <lemma type="my"/>
                </token>
                <token content="shopping" id="6-19">
                    <pos type="NN"/>
                    <lemma type="shopping"/>
                </token>
                <token content="list" id="6-20">
                    <pos type="NN"/>
                    <lemma type="list"/>
                    <dep head="6-16" type="dobj"/>
                </token>
                <token content="." id="6-21"/>
            </sentence>
            <sentence id="7">
                <token content="As" id="7-1">
                    <pos type="IN"/>
                    <lemma type="as"/>
                    <dep head="7-3" type="mark"/>
                </token>
                <token content="I" id="7-2">
                    <pos type="PRP"/>
                    <lemma type="I"/>
                    <dep head="7-3" type="nsubj"/>
                </token>
                <token content="went" id="7-3">
                    <pos type="VBD"/>
                    <lemma type="go"/>
                    <dep head="7-11" type="advcl"/>
                </token>
                <token content="up" id="7-4">
                    <pos type="RP"/>
                    <lemma type="up"/>
                    <dep head="7-3" type="prt"/>
                </token>
                <token content="and" id="7-5">
                    <pos type="CC"/>
                    <lemma type="and"/>
                </token>
                <token content="down" id="7-6">
                    <pos type="RP"/>
                    <lemma type="down"/>
                </token>
                <token content="the" id="7-7">
                    <pos type="DT"/>
                    <lemma type="the"/>
                </token>
                <token content="aisles" id="7-8">
                    <pos type="NNS"/>
                    <lemma type="aisle"/>
                    <dep head="7-3" type="dobj"/>
                </token>
                <token content="," id="7-9"/>
                <token content="I" id="7-10">
                    <pos type="PRP"/>
                    <lemma type="I"/>
                    <dep head="7-11" type="nsubj"/>
                </token>
                <token content="crossed" id="7-11">
                    <pos type="VBD"/>
                    <lemma type="cross"/>
                </token>
                <token content="off" id="7-12">
                    <pos type="RP"/>
                    <lemma type="off"/>
                    <dep head="7-11" type="prt"/>
                </token>
                <token content="items" id="7-13">
                    <pos type="NNS"/>
                    <lemma type="item"/>
                    <dep head="7-11" type="dobj"/>
                </token>
                <token content="on" id="7-14"/>
                <token content="my" id="7-15">
                    <pos type="PRP$"/>
                    <lemma type="my"/>
                </token>
                <token content="grocery" id="7-16">
                    <pos type="NN"/>
                    <lemma type="grocery"/>
                </token>
                <token content="list" id="7-17">
                    <pos type="NN"/>
                    <lemma type="list"/>
                </token>
                <token content="as" id="7-18">
                    <pos type="IN"/>
                    <lemma type="as"/>
                    <dep head="7-20" type="mark"/>
                </token>
                <token content="I" id="7-19">
                    <pos type="PRP"/>
                    <lemma type="I"/>
                    <dep head="7-20" type="nsubj"/>
                </token>
                <token content="placed" id="7-20">
                    <pos type="VBD"/>
                    <lemma type="place"/>
                    <dep head="7-11" type="advcl"/>
                </token>
                <token content="the" id="7-21">
                    <pos type="DT"/>
                    <lemma type="the"/>
                </token>
                <token content="items" id="7-22">
                    <pos type="NNS"/>
                    <lemma type="item"/>
                    <dep head="7-20" type="dobj"/>
                </token>
                <token content="in" id="7-23"/>
                <token content="the" id="7-24">
                    <pos type="DT"/>
                    <lemma type="the"/>
                </token>
                <token content="cart" id="7-25">
                    <pos type="NN"/>
                    <lemma type="cart"/>
                    <dep head="7-20" type="prep"/>
                </token>
                <token content="." id="7-26"/>
            </sentence>
            <sentence id="8">
                <token content="When" id="8-1">
                    <pos type="WRB"/>
                    <lemma type="when"/>
                    <dep head="8-8" type="advmod"/>
                </token>
                <token content="all" id="8-2">
                    <pos type="PDT"/>
                    <lemma type="all"/>
                </token>
                <token content="the" id="8-3">
                    <pos type="DT"/>
                    <lemma type="the"/>
                </token>
                <token content="items" id="8-4">
                    <pos type="NNS"/>
                    <lemma type="item"/>
                    <dep head="8-8" type="nsubj"/>
                </token>
                <token content="on" id="8-5"/>
                <token content="my" id="8-6">
                    <pos type="PRP$"/>
                    <lemma type="my"/>
                </token>
                <token content="list" id="8-7">
                    <pos type="NN"/>
                    <lemma type="list"/>
                </token>
                <token content="were" id="8-8">
                    <pos type="VBD"/>
                    <lemma type="be"/>
                    <dep head="8-14" type="advcl"/>
                </token>
                <token content="in" id="8-9"/>
                <token content="the" id="8-10">
                    <pos type="DT"/>
                    <lemma type="the"/>
                </token>
                <token content="cart" id="8-11">
                    <pos type="NN"/>
                    <lemma type="cart"/>
                    <dep head="8-8" type="prep"/>
                </token>
                <token content="," id="8-12"/>
                <token content="I" id="8-13">
                    <pos type="PRP"/>
                    <lemma type="I"/>
                    <dep head="8-14" type="nsubj"/>
                </token>
                <token content="wheeled" id="8-14">
                    <pos type="VBD"/>
                    <lemma type="wheel"/>
                </token>
                <token content="the" id="8-15">
                    <pos type="DT"/>
                    <lemma type="the"/>
                </token>
                <token content="cart" id="8-16">
                    <pos type="NN"/>
                    <lemma type="cart"/>
                    <dep head="8-14" type="dobj"/>
                </token>
                <token content="to" id="8-17"/>
                <token content="the" id="8-18">
                    <pos type="DT"/>
                    <lemma type="the"/>
                </token>
                <token content="check-out" id="8-19">
                    <pos type="JJ"/>
                    <lemma type="check-out"/>
                </token>
                <token content="line" id="8-20">
                    <pos type="NN"/>
                    <lemma type="line"/>
                    <dep head="8-14" type="prep"/>
                </token>
                <token content="." id="8-21"/>
            </sentence>
            <sentence id="9">
                <token content="I" id="9-1">
                    <pos type="PRP"/>
                    <lemma type="I"/>
                    <dep head="9-2" type="nsubj"/>
                </token>
                <token content="had" id="9-2">
                    <pos type="VBD"/>
                    <lemma type="have"/>
                </token>
                <token content="to" id="9-3">
                    <pos type="TO"/>
                    <lemma type="to"/>
                    <dep head="9-4" type="aux"/>
                </token>
                <token content="wait" id="9-4">
                    <pos type="VB"/>
                    <lemma type="wait"/>
                    <dep head="9-2" type="xcomp"/>
                </token>
                <token content="in" id="9-5"/>
                <token content="line" id="9-6">
                    <pos type="NN"/>
                    <lemma type="line"/>
                    <dep head="9-4" type="prep"/>
                </token>
                <token content="since" id="9-7">
                    <pos type="IN"/>
                    <lemma type="since"/>
                    <dep head="9-9" type="mark"/>
                </token>
                <token content="there" id="9-8">
                    <pos type="EX"/>
                    <lemma type="there"/>
                    <dep head="9-9" type="expl"/>
                </token>
                <token content="were" id="9-9">
                    <pos type="VBD"/>
                    <lemma type="be"/>
                    <dep head="9-4" type="advcl"/>
                </token>
                <token content="some" id="9-10">
                    <pos type="DT"/>
                    <lemma type="some"/>
                </token>
                <token content="people" id="9-11">
                    <pos type="NNS"/>
                    <lemma type="people"/>
                    <dep head="9-9" type="nsubj"/>
                </token>
                <token content="ahead" id="9-12"/>
                <token content="of" id="9-13"/>
                <token content="me" id="9-14">
                    <pos type="PRP"/>
                    <lemma type="I"/>
                </token>
                <token content="." id="9-15"/>
            </sentence>
            <sentence id="10">
                <token content="When" id="10-1">
                    <pos type="WRB"/>
                    <lemma type="when"/>
                </token>
                <token content="it" id="10-2">
                    <pos type="PRP"/>
                    <lemma type="it"/>
                </token>
                <token content="was" id="10-3">
                    <pos type="VBD"/>
                    <lemma type="be"/>
                </token>
                <token content="my" id="10-4">
                    <pos type="PRP$"/>
                    <lemma type="my"/>
                </token>
                <token content="turn" id="10-5">
                    <pos type="NN"/>
                    <lemma type="turn"/>
                    <dep head="10-8" type="advcl"/>
                </token>
                <token content="," id="10-6"/>
                <token content="I" id="10-7">
                    <pos type="PRP"/>
                    <lemma type="I"/>
                    <dep head="10-8" type="nsubj"/>
                </token>
                <token content="took" id="10-8">
                    <pos type="VBD"/>
                    <lemma type="take"/>
                </token>
                <token content="the" id="10-9">
                    <pos type="DT"/>
                    <lemma type="the"/>
                </token>
                <token content="items" id="10-10">
                    <pos type="NNS"/>
                    <lemma type="item"/>
                    <dep head="10-8" type="dobj"/>
                </token>
                <token content="out" id="10-11"/>
                <token content="of" id="10-12"/>
                <token content="my" id="10-13">
                    <pos type="PRP$"/>
                    <lemma type="my"/>
                </token>
                <token content="cart" id="10-14">
                    <pos type="NN"/>
                    <lemma type="cart"/>
                    <dep head="10-8" type="prep"/>
                </token>
                <token content="and" id="10-15"/>
                <token content="placed" id="10-16">
                    <pos type="VBD"/>
                    <lemma type="place"/>
                    <dep head="10-8" type="conj"/>
                </token>
                <token content="them" id="10-17">
                    <pos type="PRP"/>
                    <lemma type="they"/>
                    <dep head="10-16" type="dobj"/>
                </token>
                <token content="on" id="10-18"/>
                <token content="the" id="10-19">
                    <pos type="DT"/>
                    <lemma type="the"/>
                </token>
                <token content="conveyor" id="10-20">
                    <pos type="NN"/>
                    <lemma type="conveyor"/>
                </token>
                <token content="belt" id="10-21">
                    <pos type="NN"/>
                    <lemma type="belt"/>
                    <dep head="10-16" type="prep"/>
                </token>
                <token content="that" id="10-22">
                    <pos type="WDT"/>
                    <lemma type="that"/>
                    <dep head="10-23" type="nsubj"/>
                </token>
                <token content="brought" id="10-23">
                    <pos type="VBD"/>
                    <lemma type="bring"/>
                </token>
                <token content="them" id="10-24">
                    <pos type="PRP"/>
                    <lemma type="they"/>
                    <dep head="10-23" type="dobj"/>
                </token>
                <token content="up" id="10-25">
                    <pos type="RP"/>
                    <lemma type="up"/>
                    <dep head="10-23" type="prt"/>
                </token>
                <token content="to" id="10-26"/>
                <token content="the" id="10-27">
                    <pos type="DT"/>
                    <lemma type="the"/>
                </token>
                <token content="cashier" id="10-28">
                    <pos type="NN"/>
                    <lemma type="cashier"/>
                    <dep head="10-23" type="prep"/>
                </token>
                <token content="." id="10-29"/>
            </sentence>
            <sentence id="11">
                <token content="She" id="11-1">
                    <pos type="PRP"/>
                    <lemma type="she"/>
                    <dep head="11-2" type="nsubj"/>
                </token>
                <token content="took" id="11-2">
                    <pos type="VBD"/>
                    <lemma type="take"/>
                </token>
                <token content="each" id="11-3">
                    <pos type="DT"/>
                    <lemma type="each"/>
                </token>
                <token content="item" id="11-4">
                    <pos type="NN"/>
                    <lemma type="item"/>
                    <dep head="11-2" type="dobj"/>
                </token>
                <token content="and" id="11-5"/>
                <token content="swiped" id="11-6">
                    <pos type="VBD"/>
                    <lemma type="swipe"/>
                    <dep head="11-2" type="conj"/>
                </token>
                <token content="its" id="11-7">
                    <pos type="PRP$"/>
                    <lemma type="its"/>
                </token>
                <token content="bar" id="11-8">
                    <pos type="NN"/>
                    <lemma type="bar"/>
                </token>
                <token content="code" id="11-9">
                    <pos type="NN"/>
                    <lemma type="code"/>
                    <dep head="11-6" type="dobj"/>
                </token>
                <token content="over" id="11-10"/>
                <token content="a" id="11-11">
                    <pos type="DT"/>
                    <lemma type="a"/>
                </token>
                <token content="screen" id="11-12">
                    <pos type="NN"/>
                    <lemma type="screen"/>
                    <dep head="11-6" type="prep"/>
                </token>
                <token content="that" id="11-13">
                    <pos type="WDT"/>
                    <lemma type="that"/>
                    <dep head="11-14" type="nsubj"/>
                </token>
                <token content="gave" id="11-14">
                    <pos type="VBD"/>
                    <lemma type="give"/>
                </token>
                <token content="her" id="11-15">
                    <pos type="PRP"/>
                    <lemma type="she"/>
                    <dep head="11-14" type="iobj"/>
                </token>
                <token content="the" id="11-16">
                    <pos type="DT"/>
                    <lemma type="the"/>
                </token>
                <token content="price" id="11-17">
                    <pos type="NN"/>
                    <lemma type="price"/>
                    <dep head="11-14" type="dobj"/>
                </token>
                <token content="." id="11-18"/>
            </sentence>
            <sentence id="12">
                <token content="When" id="12-1">
                    <pos type="WRB"/>
                    <lemma type="when"/>
                    <dep head="12-7" type="advmod"/>
                </token>
                <token content="all" id="12-2">
                    <pos type="PDT"/>
                    <lemma type="all"/>
                </token>
                <token content="the" id="12-3">
                    <pos type="DT"/>
                    <lemma type="the"/>
                </token>
                <token content="items" id="12-4">
                    <pos type="NNS"/>
                    <lemma type="item"/>
                    <dep head="12-7" type="nsubjpass"/>
                </token>
                <token content="had" id="12-5">
                    <pos type="VBD"/>
                    <lemma type="have"/>
                    <dep head="12-7" type="aux"/>
                </token>
                <token content="been" id="12-6">
                    <pos type="VBN"/>
                    <lemma type="be"/>
                    <dep head="12-7" type="auxpass"/>
                </token>
                <token content="checked" id="12-7">
                    <pos type="VBN"/>
                    <lemma type="check"/>
                    <dep head="12-11" type="advcl"/>
                </token>
                <token content="out" id="12-8">
                    <pos type="RP"/>
                    <lemma type="out"/>
                    <dep head="12-7" type="prt"/>
                </token>
                <token content="," id="12-9"/>
                <token content="she" id="12-10">
                    <pos type="PRP"/>
                    <lemma type="she"/>
                    <dep head="12-11" type="nsubj"/>
                </token>
                <token content="told" id="12-11">
                    <pos type="VBD"/>
                    <lemma type="tell"/>
                </token>
                <token content="me" id="12-12">
                    <pos type="PRP"/>
                    <lemma type="I"/>
                    <dep head="12-11" type="dobj"/>
                </token>
                <token content="what" id="12-13">
                    <pos type="WP"/>
                    <lemma type="what"/>
                    <dep head="12-17" type="dobj"/>
                </token>
                <token content="the" id="12-14">
                    <pos type="DT"/>
                    <lemma type="the"/>
                </token>
                <token content="total" id="12-15">
                    <pos type="NN"/>
                    <lemma type="total"/>
                    <dep head="12-17" type="nsubj"/>
                </token>
                <token content="would" id="12-16">
                    <pos type="MD"/>
                    <lemma type="would"/>
                    <dep head="12-17" type="aux"/>
                </token>
                <token content="be" id="12-17">
                    <pos type="VB"/>
                    <lemma type="be"/>
                    <dep head="12-11" type="dep"/>
                </token>
                <token content="." id="12-18"/>
            </sentence>
            <sentence id="13">
                <token content="I" id="13-1">
                    <pos type="PRP"/>
                    <lemma type="I"/>
                    <dep head="13-2" type="nsubj"/>
                </token>
                <token content="paid" id="13-2">
                    <pos type="VBD"/>
                    <lemma type="pay"/>
                </token>
                <token content="for" id="13-3"/>
                <token content="the" id="13-4">
                    <pos type="DT"/>
                    <lemma type="the"/>
                </token>
                <token content="groceries" id="13-5">
                    <pos type="NNS"/>
                    <lemma type="grocery"/>
                    <dep head="13-2" type="prep"/>
                </token>
                <token content="," id="13-6"/>
                <token content="and" id="13-7"/>
                <token content="then" id="13-8">
                    <pos type="RB"/>
                    <lemma type="then"/>
                    <dep head="13-9" type="advmod"/>
                </token>
                <token content="wheeled" id="13-9">
                    <pos type="VBN"/>
                    <lemma type="wheel"/>
                    <dep head="13-2" type="conj"/>
                </token>
                <token content="my" id="13-10">
                    <pos type="PRP$"/>
                    <lemma type="my"/>
                </token>
                <token content="cart" id="13-11">
                    <pos type="NN"/>
                    <lemma type="cart"/>
                    <dep head="13-9" type="dobj"/>
                </token>
                <token content="over" id="13-12">
                    <pos type="IN"/>
                    <lemma type="over"/>
                    <dep head="13-9" type="prep"/>
                </token>
                <token content="to" id="13-13">
                    <pos type="TO"/>
                    <lemma type="to"/>
                </token>
                <token content="an" id="13-14">
                    <pos type="DT"/>
                    <lemma type="a"/>
                </token>
                <token content="area" id="13-15">
                    <pos type="NN"/>
                    <lemma type="area"/>
                </token>
                <token content="where" id="13-16">
                    <pos type="WRB"/>
                    <lemma type="where"/>
                    <dep head="13-19" type="advmod"/>
                </token>
                <token content="I" id="13-17">
                    <pos type="PRP"/>
                    <lemma type="I"/>
                    <dep head="13-19" type="nsubj"/>
                </token>
                <token content="could" id="13-18">
                    <pos type="MD"/>
                    <lemma type="could"/>
                    <dep head="13-19" type="aux"/>
                </token>
                <token content="place" id="13-19">
                    <pos type="VB"/>
                    <lemma type="place"/>
                    <dep head="13-9" type="advcl"/>
                </token>
                <token content="the" id="13-20">
                    <pos type="DT"/>
                    <lemma type="the"/>
                </token>
                <token content="groceries" id="13-21">
                    <pos type="NNS"/>
                    <lemma type="grocery"/>
                    <dep head="13-19" type="dobj"/>
                </token>
                <token content="into" id="13-22"/>
                <token content="my" id="13-23">
                    <pos type="PRP$"/>
                    <lemma type="my"/>
                </token>
                <token content="reusable" id="13-24">
                    <pos type="JJ"/>
                    <lemma type="reusable"/>
                </token>
                <token content="bags" id="13-25">
                    <pos type="NNS"/>
                    <lemma type="bag"/>
                    <dep head="13-19" type="prep"/>
                </token>
                <token content="." id="13-26"/>
            </sentence>
            <sentence id="14">
                <token content="Once" id="14-1">
                    <pos type="IN"/>
                    <lemma type="once"/>
                    <dep head="14-4" type="mark"/>
                </token>
                <token content="that" id="14-2">
                    <pos type="DT"/>
                    <lemma type="that"/>
                    <dep head="14-4" type="nsubjpass"/>
                </token>
                <token content="was" id="14-3">
                    <pos type="VBD"/>
                    <lemma type="be"/>
                    <dep head="14-4" type="auxpass"/>
                </token>
                <token content="done" id="14-4">
                    <pos type="VBN"/>
                    <lemma type="do"/>
                    <dep head="14-7" type="advcl"/>
                </token>
                <token content="," id="14-5"/>
                <token content="I" id="14-6">
                    <pos type="PRP"/>
                    <lemma type="I"/>
                    <dep head="14-7" type="nsubj"/>
                </token>
                <token content="pushed" id="14-7">
                    <pos type="VBD"/>
                    <lemma type="push"/>
                </token>
                <token content="the" id="14-8">
                    <pos type="DT"/>
                    <lemma type="the"/>
                </token>
                <token content="cart" id="14-9">
                    <pos type="NN"/>
                    <lemma type="cart"/>
                    <dep head="14-7" type="dobj"/>
                </token>
                <token content="through" id="14-10"/>
                <token content="the" id="14-11">
                    <pos type="DT"/>
                    <lemma type="the"/>
                </token>
                <token content="parking" id="14-12">
                    <pos type="NN"/>
                    <lemma type="parking"/>
                </token>
                <token content="lot" id="14-13">
                    <pos type="NN"/>
                    <lemma type="lot"/>
                    <dep head="14-7" type="prep"/>
                </token>
                <token content="to" id="14-14"/>
                <token content="my" id="14-15">
                    <pos type="PRP$"/>
                    <lemma type="my"/>
                </token>
                <token content="car" id="14-16">
                    <pos type="NN"/>
                    <lemma type="car"/>
                    <dep head="14-7" type="prep"/>
                </token>
                <token content="," id="14-17"/>
                <token content="where" id="14-18">
                    <pos type="WRB"/>
                    <lemma type="where"/>
                    <dep head="14-20" type="advmod"/>
                </token>
                <token content="I" id="14-19">
                    <pos type="PRP"/>
                    <lemma type="I"/>
                    <dep head="14-20" type="nsubj"/>
                </token>
                <token content="loaded" id="14-20">
                    <pos type="VBD"/>
                    <lemma type="load"/>
                    <dep head="14-7" type="advcl"/>
                </token>
                <token content="the" id="14-21">
                    <pos type="DT"/>
                    <lemma type="the"/>
                </token>
                <token content="bags" id="14-22">
                    <pos type="NNS"/>
                    <lemma type="bag"/>
                    <dep head="14-20" type="dobj"/>
                </token>
                <token content="of" id="14-23"/>
                <token content="groceries" id="14-24">
                    <pos type="NNS"/>
                    <lemma type="grocery"/>
                </token>
                <token content="into" id="14-25"/>
                <token content="my" id="14-26">
                    <pos type="PRP$"/>
                    <lemma type="my"/>
                </token>
                <token content="car" id="14-27">
                    <pos type="NN"/>
                    <lemma type="car"/>
                    <dep head="14-20" type="prep"/>
                </token>
                <token content="," id="14-28"/>
                <token content="and" id="14-29"/>
                <token content="drove" id="14-30">
                    <pos type="VBD"/>
                    <lemma type="drive"/>
                    <dep head="14-20" type="conj"/>
                </token>
                <token content="home" id="14-31">
                    <pos type="NN"/>
                    <lemma type="home"/>
                    <dep head="14-30" type="dobj"/>
                </token>
                <token content="." id="14-32"/>
            </sentence>
            <sentence id="15">
                <token content="When" id="15-1">
                    <pos type="WRB"/>
                    <lemma type="when"/>
                    <dep head="15-3" type="advmod"/>
                </token>
                <token content="I" id="15-2">
                    <pos type="PRP"/>
                    <lemma type="I"/>
                    <dep head="15-3" type="nsubj"/>
                </token>
                <token content="got" id="15-3">
                    <pos type="VBD"/>
                    <lemma type="get"/>
                    <dep head="15-7" type="advcl"/>
                </token>
                <token content="home" id="15-4">
                    <pos type="NN"/>
                    <lemma type="home"/>
                    <dep head="15-3" type="dobj"/>
                </token>
                <token content="," id="15-5"/>
                <token content="I" id="15-6">
                    <pos type="PRP"/>
                    <lemma type="I"/>
                    <dep head="15-7" type="nsubj"/>
                </token>
                <token content="took" id="15-7">
                    <pos type="VBD"/>
                    <lemma type="take"/>
                </token>
                <token content="the" id="15-8">
                    <pos type="DT"/>
                    <lemma type="the"/>
                </token>
                <token content="bags" id="15-9">
                    <pos type="NNS"/>
                    <lemma type="bag"/>
                    <dep head="15-7" type="dobj"/>
                </token>
                <token content="into" id="15-10"/>
                <token content="the" id="15-11">
                    <pos type="DT"/>
                    <lemma type="the"/>
                </token>
                <token content="house" id="15-12">
                    <pos type="NN"/>
                    <lemma type="house"/>
                    <dep head="15-7" type="prep"/>
                </token>
                <token content="and" id="15-13"/>
                <token content="removed" id="15-14">
                    <pos type="VBD"/>
                    <lemma type="remove"/>
                    <dep head="15-7" type="conj"/>
                </token>
                <token content="all" id="15-15">
                    <pos type="PDT"/>
                    <lemma type="all"/>
                </token>
                <token content="the" id="15-16">
                    <pos type="DT"/>
                    <lemma type="the"/>
                </token>
                <token content="items" id="15-17">
                    <pos type="NNS"/>
                    <lemma type="item"/>
                    <dep head="15-14" type="dobj"/>
                </token>
                <token content="from" id="15-18"/>
                <token content="them" id="15-19">
                    <pos type="PRP"/>
                    <lemma type="they"/>
                    <dep head="15-14" type="prep"/>
                </token>
                <token content="." id="15-20"/>
            </sentence>
            <sentence id="16">
                <token content="Putting" id="16-1">
                    <pos type="VBG"/>
                    <lemma type="put"/>
                </token>
                <token content="the" id="16-2">
                    <pos type="DT"/>
                    <lemma type="the"/>
                </token>
                <token content="groceries" id="16-3">
                    <pos type="NNS"/>
                    <lemma type="grocery"/>
                    <dep head="16-1" type="dobj"/>
                </token>
                <token content="away" id="16-4">
                    <pos type="RP"/>
                    <lemma type="away"/>
                    <dep head="16-1" type="prt"/>
                </token>
                <token content="in" id="16-5"/>
                <token content="the" id="16-6">
                    <pos type="DT"/>
                    <lemma type="the"/>
                </token>
                <token content="cupboards" id="16-7">
                    <pos type="NNS"/>
                    <lemma type="cupboard"/>
                    <dep head="16-1" type="prep"/>
                </token>
                <token content="and" id="16-8"/>
                <token content="refrigerator" id="16-9">
                    <pos type="NN"/>
                    <lemma type="refrigerator"/>
                </token>
                <token content="was" id="16-10">
                    <pos type="VBD"/>
                    <lemma type="be"/>
                </token>
                <token content="the" id="16-11">
                    <pos type="DT"/>
                    <lemma type="the"/>
                </token>
                <token content="final" id="16-12">
                    <pos type="JJ"/>
                    <lemma type="final"/>
                </token>
                <token content="step" id="16-13">
                    <pos type="NN"/>
                    <lemma type="step"/>
                </token>
                <token content="of" id="16-14"/>
                <token content="grocery" id="16-15">
                    <pos type="NN"/>
                    <lemma type="grocery"/>
                </token>
                <token content="shopping" id="16-16">
                    <pos type="NN"/>
                    <lemma type="shopping"/>
                </token>
                <token content="day" id="16-17">
                    <pos type="NN"/>
                    <lemma type="day"/>
                </token>
                <token content="." id="16-18"/>
            </sentence>
        </sentences>
    </text>
    <annotations>
        <participants>
            <label from="1-1" id="0" name="NPart" text="Yesterday" type="participant"/>
            <label from="1-2" id="1" name="NPart" text="I" type="participant"/>
            <label from="1-4" id="2" name="ScrPart_shopper" text="my" type="participant"/>
            <label from="1-6" id="3" name="ScrPart_groceries" text="grocery" type="participant"/>
            <label from="2-1" id="4" name="ScrPart_shopper" text="I" type="participant"/>
            <label from="2-4" id="5" name="NPart" text="day" type="participant"/>
            <label from="2-7" id="6" name="ScrPart_shopper" text="my" type="participant"/>
            <label from="2-8" id="7" name="NPart" text="cupboards" type="participant"/>
            <label from="2-10" id="8" name="NPart" text="refrigerator" type="participant"/>
            <label from="2-14" id="9" name="NPart" text="we" type="participant"/>
            <label from="3-2" id="10" name="ScrPart_shopper" text="I" type="participant"/>
            <label from="3-5" id="11" name="ScrPart_groceries" text="items" type="participant"/>
            <label from="3-6" id="12" name="ScrPart_shopper" text="I" type="participant"/>
            <label from="3-9" id="13" name="ScrPart_shopper" text="I" type="participant"/>
            <label from="3-11" id="14" name="ScrPart_groceries" text="them" type="participant"/>
            <label from="3-15" id="15" name="ScrPart_grocery_list" text="piece of paper" to="3-17" type="participant"/>
            <label from="3-15" id="16" name="ScrPart_grocery_list" text="piece" type="participant"/>
            <label from="3-17" id="17" name="ScrPart_grocery_list" text="paper" type="participant"/>
            <label from="3-20" id="18" name="ScrPart_shopper" text="I" type="participant"/>
            <label from="3-25" id="19" name="ScrPart_shopper" text="me" type="participant"/>
            <label from="3-28" id="20" name="ScrPart_grocery_shop" text="store" type="participant"/>
            <label from="4-2" id="21" name="No_label" text="way" type="participant"/>
            <label from="4-4" id="22" name="ScrPart_shopper" text="I" type="participant"/>
            <label from="4-11" id="23" name="ScrPart_shopper" text="my" type="participant"/>
            <label from="4-12" id="24" name="NPart" text="memory" type="participant"/>
            <label from="4-15" id="25" name="No_label" text="anything" type="participant"/>
            <label from="5-1" id="26" name="ScrPart_shopper" text="I" type="participant"/>
            <label from="5-4" id="27" name="ScrPart_shopper" text="my" type="participant"/>
            <label from="5-6" id="28" name="ScrPart_shopping_bags" text="grocery bags" to="5-7" type="participant"/>
            <label from="5-7" id="29" name="ScrPart_shopping_bags" text="bags" type="participant"/>
            <label from="5-10" id="30" name="ScrPart_shopping_bags" text="them" type="participant"/>
            <label from="5-13" id="31" name="ScrPart_vehicle" text="car" type="participant"/>
            <label from="5-19" id="32" name="ScrPart_grocery_shop" text="store" type="participant"/>
            <label from="6-5" id="33" name="ScrPart_shopper" text="I" type="participant"/>
            <label from="6-8" id="34" name="ScrPart_shopping_cart/basket" text="grocery cart" to="6-9" type="participant"/>
            <label from="6-9" id="35" name="ScrPart_shopping_cart/basket" text="cart" type="participant"/>
            <label from="6-13" id="36" name="ScrPart_grocery_shop" text="store" type="participant"/>
            <label from="6-18" id="37" name="ScrPart_shopper" text="my" type="participant"/>
            <label from="6-19" id="38" name="ScrPart_grocery_list" text="shopping list" to="6-20" type="participant"/>
            <label from="6-20" id="39" name="ScrPart_grocery_list" text="list" type="participant"/>
            <label from="7-2" id="40" name="ScrPart_shopper" text="I" type="participant"/>
            <label from="7-8" id="41" name="ScrPart_section" text="aisles" type="participant"/>
            <label from="7-10" id="42" name="ScrPart_shopper" text="I" type="participant"/>
            <label from="7-13" id="43" name="ScrPart_groceries" text="items" type="participant"/>
            <label from="7-15" id="44" name="ScrPart_shopper" text="my" type="participant"/>
            <label from="7-16" id="45" name="ScrPart_grocery_list" text="grocery list" to="7-17" type="participant"/>
            <label from="7-17" id="46" name="ScrPart_grocery_list" text="list" type="participant"/>
            <label from="7-19" id="47" name="ScrPart_shopper" text="I" type="participant"/>
            <label from="7-22" id="48" name="ScrPart_groceries" text="items" type="participant"/>
            <label from="7-25" id="49" name="ScrPart_shopping_cart/basket" text="cart" type="participant"/>
            <label from="8-4" id="50" name="ScrPart_groceries" text="items" type="participant"/>
            <label from="8-6" id="51" name="ScrPart_shopper" text="my" type="participant"/>
            <label from="8-7" id="52" name="ScrPart_grocery_list" text="list" type="participant"/>
            <label from="8-11" id="53" name="ScrPart_shopping_cart/basket" text="cart" type="participant"/>
            <label from="8-13" id="54" name="ScrPart_shopper" text="I" type="participant"/>
            <label from="8-16" id="55" name="ScrPart_shopping_cart/basket" text="cart" type="participant"/>
            <label from="8-19" id="56" name="ScrPart_line" text="check-out line" to="8-20" type="participant"/>
            <label from="8-20" id="57" name="ScrPart_line" text="line" type="participant"/>
            <label from="9-1" id="58" name="ScrPart_shopper" text="I" type="participant"/>
            <label from="9-6" id="59" name="ScrPart_line" text="line" type="participant"/>
            <label from="9-11" id="60" name="ScrPart_shopper" text="people" type="participant"/>
            <label from="9-14" id="61" name="ScrPart_shopper" text="me" type="participant"/>
            <label from="10-2" id="62" name="No_label" text="it" type="participant"/>
            <label from="10-4" id="63" name="ScrPart_shopper" text="my" type="participant"/>
            <label from="10-5" id="64" name="No_label" text="turn" type="participant"/>
            <label from="10-7" id="65" name="ScrPart_shopper" text="I" type="participant"/>
            <label from="10-10" id="66" name="ScrPart_groceries" text="items" type="participant"/>
            <label from="10-13" id="67" name="ScrPart_shopper" text="my" type="participant"/>
            <label from="10-14" id="68" name="ScrPart_shopping_cart/basket" text="cart" type="participant"/>
            <label from="10-17" id="69" name="ScrPart_groceries" text="them" type="participant"/>
            <label from="10-20" id="70" name="ScrPart_conveyor_belt" text="conveyor belt" to="10-21" type="participant"/>
            <label from="10-21" id="71" name="ScrPart_conveyor_belt" text="belt" type="participant"/>
            <label from="10-24" id="72" name="ScrPart_groceries" text="them" type="participant"/>
            <label from="10-28" id="73" name="ScrPart_grocery_staff" text="cashier" type="participant"/>
            <label from="11-1" id="74" name="ScrPart_grocery_staff" text="She" type="participant"/>
            <label from="11-4" id="75" name="ScrPart_groceries" text="item" type="participant"/>
            <label from="11-7" id="76" name="ScrPart_groceries" text="its" type="participant"/>
            <label from="11-8" id="77" name="NPart" text="bar code" to="11-9" type="participant"/>
            <label from="11-9" id="78" name="NPart" text="code" type="participant"/>
            <label from="11-12" id="79" name="NPart" text="screen" type="participant"/>
            <label from="11-15" id="80" name="ScrPart_grocery_staff" text="her" type="participant"/>
            <label from="11-17" id="81" name="ScrPart_price" text="price" type="participant"/>
            <label from="12-4" id="82" name="ScrPart_groceries" text="items" type="participant"/>
            <label from="12-10" id="83" name="ScrPart_grocery_staff" text="she" type="participant"/>
            <label from="12-12" id="84" name="ScrPart_shopper" text="me" type="participant"/>
            <label from="12-15" id="85" name="ScrPart_price" text="total" type="participant"/>
            <label from="13-1" id="86" name="ScrPart_shopper" text="I" type="participant"/>
            <label from="13-5" id="87" name="ScrPart_groceries" text="groceries" type="participant"/>
            <label from="13-10" id="88" name="ScrPart_shopper" text="my" type="participant"/>
            <label from="13-11" id="89" name="ScrPart_shopping_cart/basket" text="cart" type="participant"/>
            <label from="13-15" id="90" name="ScrPart_section" text="area" type="participant"/>
            <label from="13-17" id="91" name="ScrPart_shopper" text="I" type="participant"/>
            <label from="13-21" id="92" name="ScrPart_groceries" text="groceries" type="participant"/>
            <label from="13-23" id="93" name="ScrPart_shopper" text="my" type="participant"/>
            <label from="13-24" id="94" name="ScrPart_shopping_bags" text="reusable bags" to="13-25" type="participant"/>
            <label from="13-25" id="95" name="ScrPart_shopping_bags" text="bags" type="participant"/>
            <label from="14-6" id="96" name="ScrPart_shopper" text="I" type="participant"/>
            <label from="14-9" id="97" name="ScrPart_shopping_cart/basket" text="cart" type="participant"/>
            <label from="14-12" id="98" name="NPart" text="parking lot" to="14-13" type="participant"/>
            <label from="14-13" id="99" name="NPart" text="lot" type="participant"/>
            <label from="14-15" id="100" name="ScrPart_shopper" text="my" type="participant"/>
            <label from="14-16" id="101" name="ScrPart_vehicle" text="car" type="participant"/>
            <label from="14-19" id="102" name="ScrPart_shopper" text="I" type="participant"/>
            <label from="14-22" id="103" name="ScrPart_shopping_bags" text="bags" type="participant"/>
            <label from="14-24" id="104" name="ScrPart_groceries" text="groceries" type="participant"/>
            <label from="14-26" id="105" name="ScrPart_shopper" text="my" type="participant"/>
            <label from="14-27" id="106" name="ScrPart_vehicle" text="car" type="participant"/>
            <label from="14-31" id="107" name="NPart" text="home" type="participant"/>
            <label from="15-2" id="108" name="ScrPart_shopper" text="I" type="participant"/>
            <label from="15-4" id="109" name="NPart" text="home" type="participant"/>
            <label from="15-6" id="110" name="ScrPart_shopper" text="I" type="participant"/>
            <label from="15-9" id="111" name="ScrPart_shopping_bags" text="bags" type="participant"/>
            <label from="15-12" id="112" name="NPart" text="house" type="participant"/>
            <label from="15-17" id="113" name="ScrPart_groceries" text="items" type="participant"/>
            <label from="15-19" id="114" name="ScrPart_shopping_bags" text="them" type="participant"/>
            <label from="16-3" id="115" name="ScrPart_groceries" text="groceries" type="participant"/>
            <label from="16-7" id="116" name="NPart" text="cupboards" type="participant"/>
            <label from="16-9" id="117" name="NPart" text="refrigerator" type="participant"/>
            <label from="16-13" id="118" name="No_label" text="step" type="participant"/>
            <label from="16-15" id="119" name="ScrPart_groceries" text="grocery" type="participant"/>
            <label from="16-17" id="120" name="NPart" text="day" type="participant"/>
        </participants>
        <events>
            <label from="1-3" id="121" name="UnrelEv" text="did" type="event"/>
            <label from="1-6" id="122" name="Evoking" text="grocery shopping" to="1-7" type="event"/>
            <label from="1-7" id="123" name="ScrEv_get_groceries" text="shopping" type="event"/>
            <label from="2-2" id="124" name="UnrelEv" text="began" type="event"/>
            <label from="2-6" id="125" name="RelNScrEv" text="checking" type="event"/>
            <label from="2-12" id="126" name="UnrelEv" text="see" type="event"/>
            <label from="2-19" id="127" name="UnrelEv" text="running low" to="2-20" type="event"/>
            <label from="3-3" id="128" name="UnrelEv" text="came across" to="3-4" type="event"/>
            <label from="3-10" id="129" name="ScrEv_make_list" text="wrote" type="event"/>
            <label from="3-21" id="130" name="UnrelEv" text="planned" type="event"/>
            <label from="3-23" id="131" name="UnrelEv" text="take" type="event"/>
            <label from="4-9" id="132" name="UnrelEv" text="rely" type="event"/>
            <label from="4-14" id="133" name="UnrelEv" text="forget" type="event"/>
            <label from="5-2" id="134" name="ScrEv_take_bags" text="gathered" type="event"/>
            <label from="5-9" id="135" name="ScrEv_take_bags" text="put" type="event"/>
            <label from="5-16" id="136" name="ScrEv_go_grocery" text="drove" type="event"/>
            <label from="6-2" id="137" name="ScrEv_enter" text="heading" type="event"/>
            <label from="6-6" id="138" name="ScrEv_take_shop_cart" text="got" type="event"/>
            <label from="6-16" id="139" name="ScrEv_check_list" text="took out" to="6-17" type="event"/>
            <label from="7-3" id="140" name="ScrEv_move_section" text="went" type="event"/>
            <label from="7-11" id="141" name="ScrEv_check_off" text="crossed off" to="7-12" type="event"/>
            <label from="7-20" id="142" name="ScrEv_get_groceries" text="placed" type="event"/>
            <label from="8-8" id="143" name="UnrelEv" text="were" type="event"/>
            <label from="8-14" id="144" name="ScrEv_go_checkout" text="wheeled" type="event"/>
            <label from="9-4" id="145" name="ScrEv_wait" text="wait" type="event"/>
            <label from="9-9" id="146" name="UnrelEv" text="were" type="event"/>
            <label from="10-3" id="147" name="UnrelEv" text="was" type="event"/>
            <label from="10-8" id="148" name="ScrEv_put_conveyor" text="took" type="event"/>
            <label from="10-16" id="149" name="ScrEv_put_conveyor" text="placed" type="event"/>
            <label from="10-23" id="150" name="UnrelEv" text="brought" type="event"/>
            <label from="11-2" id="151" name="UnrelEv" text="took" type="event"/>
            <label from="11-6" id="152" name="ScrEv_cashier_scan/weight" text="swiped" type="event"/>
            <label from="11-14" id="153" name="UnrelEv" text="gave" type="event"/>
            <label from="12-7" id="154" name="ScrEv_cashier_scan/weight" text="checked out" to="12-8" type="event"/>
            <label from="12-11" id="155" name="ScrEv_other" text="told" type="event"/>
            <label from="12-17" id="156" name="UnrelEv" text="be" type="event"/>
            <label from="13-2" id="157" name="ScrEv_pay" text="paid" type="event"/>
            <label from="13-9" id="158" name="ScrEv_move_section" text="wheeled" type="event"/>
            <label from="13-19" id="159" name="ScrEv_pack_groceries" text="place" type="event"/>
            <label from="14-4" id="160" name="UnrelEv" text="done" type="event"/>
            <label from="14-7" id="161" name="ScrEv_bring_vehicle" text="pushed" type="event"/>
            <label from="14-20" id="162" name="ScrEv_bring_vehicle" text="loaded" type="event"/>
            <label from="14-30" id="163" name="ScrEv_leave" text="drove" type="event"/>
            <label from="15-3" id="164" name="RelNScrEv" text="got" type="event"/>
            <label from="15-7" id="165" name="RelNScrEv" text="took" type="event"/>
            <label from="15-14" id="166" name="RelNScrEv" text="removed" type="event"/>
            <label from="16-1" id="167" name="RelNScrEv" text="Putting" type="event"/>
            <label from="16-10" id="168" name="UnrelEv" text="was" type="event"/>
            <label from="16-15" id="169" name="Evoking" text="grocery shopping" to="16-16" type="event"/>
            <label from="16-16" id="170" name="ScrEv_get_groceries" text="shopping" type="event"/>
        </events>
        <chains>
            <chain elements="1 2 4 6 10 12 13 18 19 22 23 26 27 33 37 40 42 44 47 51 54 58 61 63 65 67 84 86 88 91 93 96 100 102 105 108 110"/>
            <chain elements="11 14 43 48 50 66 69 72 75 76 82 87 92 104 113 115"/>
            <chain elements="15 17 39 46 52"/>
            <chain elements="29 30 95 103 111 114"/>
            <chain elements="20 32 36"/>
            <chain elements="35 49 53 55 68 89 97"/>
            <chain elements="57 59"/>
            <chain elements="73 74 80 83"/>
            <chain elements="31 101 106"/>
            <chain elements="107 109 112"/>
            <chain elements="7 116"/>
            <chain elements="8 117"/>
            <chain elements="5 120"/>
        </chains>
    </annotations>
</story>
