<?xml version="1.0" encoding="UTF-8" standalone="no"?>
<!DOCTYPE story SYSTEM "../InScript.dtd">
<story id="029" scenario="grocery">
    <text>
        <content>I looked into my fridge and realized that I was out of food . 
I was so hungry . 
I decided that despite the fact that it was raining outside , I was going to go to the super market to buy food . 
I drove my car to the nearest supermarket , which was about ten minutes away . 
Once inside I took a shopping cart because I knew I was going to stockpile food . 
I first went to get breakfast food . 
This included eggs , bacon , milk , cereal , cereal bars and fruit such as bananas and apples . 
Next I went to food I would usually eat for lunch . 
This included pasta , tomato sauce , mac and cheese , ramen , salad ingredients and perhaps some snacks . 
I also got a pound of Boar 's head turkey and bread . 
I then went to pick up a few slabs of steak , pork and chicken because I like to eat big dinners . 
Next , I went to the ice cream aisle and picked up my favorite rocky road ice cream for when I crave sweets . 
Overall it was a good experience , everything cost me about 120 but I got 10 percent off with my discount card . </content>
        <sentences>
            <sentence id="1">
                <token content="I" id="1-1">
                    <pos type="PRP"/>
                    <lemma type="I"/>
                    <dep head="1-2" type="nsubj"/>
                </token>
                <token content="looked" id="1-2">
                    <pos type="VBD"/>
                    <lemma type="look"/>
                </token>
                <token content="into" id="1-3"/>
                <token content="my" id="1-4">
                    <pos type="PRP$"/>
                    <lemma type="my"/>
                </token>
                <token content="fridge" id="1-5">
                    <pos type="NN"/>
                    <lemma type="fridge"/>
                    <dep head="1-2" type="prep"/>
                </token>
                <token content="and" id="1-6"/>
                <token content="realized" id="1-7">
                    <pos type="VBD"/>
                    <lemma type="realize"/>
                    <dep head="1-2" type="conj"/>
                </token>
                <token content="that" id="1-8">
                    <pos type="IN"/>
                    <lemma type="that"/>
                    <dep head="1-10" type="mark"/>
                </token>
                <token content="I" id="1-9">
                    <pos type="PRP"/>
                    <lemma type="I"/>
                    <dep head="1-10" type="nsubj"/>
                </token>
                <token content="was" id="1-10">
                    <pos type="VBD"/>
                    <lemma type="be"/>
                    <dep head="1-7" type="ccomp"/>
                </token>
                <token content="out" id="1-11"/>
                <token content="of" id="1-12"/>
                <token content="food" id="1-13">
                    <pos type="NN"/>
                    <lemma type="food"/>
                    <dep head="1-10" type="prep"/>
                </token>
                <token content="." id="1-14"/>
            </sentence>
            <sentence id="2">
                <token content="I" id="2-1">
                    <pos type="PRP"/>
                    <lemma type="I"/>
                </token>
                <token content="was" id="2-2">
                    <pos type="VBD"/>
                    <lemma type="be"/>
                </token>
                <token content="so" id="2-3">
                    <pos type="RB"/>
                    <lemma type="so"/>
                </token>
                <token content="hungry" id="2-4">
                    <pos type="JJ"/>
                    <lemma type="hungry"/>
                </token>
                <token content="." id="2-5"/>
            </sentence>
            <sentence id="3">
                <token content="I" id="3-1">
                    <pos type="PRP"/>
                    <lemma type="I"/>
                    <dep head="3-2" type="nsubj"/>
                </token>
                <token content="decided" id="3-2">
                    <pos type="VBD"/>
                    <lemma type="decide"/>
                </token>
                <token content="that" id="3-3">
                    <pos type="IN"/>
                    <lemma type="that"/>
                    <dep head="3-15" type="mark"/>
                </token>
                <token content="despite" id="3-4"/>
                <token content="the" id="3-5">
                    <pos type="DT"/>
                    <lemma type="the"/>
                </token>
                <token content="fact" id="3-6">
                    <pos type="NN"/>
                    <lemma type="fact"/>
                    <dep head="3-15" type="prep"/>
                </token>
                <token content="that" id="3-7">
                    <pos type="IN"/>
                    <lemma type="that"/>
                    <dep head="3-10" type="mark"/>
                </token>
                <token content="it" id="3-8">
                    <pos type="PRP"/>
                    <lemma type="it"/>
                    <dep head="3-10" type="nsubj"/>
                </token>
                <token content="was" id="3-9">
                    <pos type="VBD"/>
                    <lemma type="be"/>
                    <dep head="3-10" type="aux"/>
                </token>
                <token content="raining" id="3-10">
                    <pos type="VBG"/>
                    <lemma type="rain"/>
                </token>
                <token content="outside" id="3-11">
                    <pos type="RB"/>
                    <lemma type="outside"/>
                    <dep head="3-10" type="advmod"/>
                </token>
                <token content="," id="3-12"/>
                <token content="I" id="3-13">
                    <pos type="PRP"/>
                    <lemma type="I"/>
                    <dep head="3-15" type="nsubj"/>
                </token>
                <token content="was" id="3-14">
                    <pos type="VBD"/>
                    <lemma type="be"/>
                    <dep head="3-15" type="aux"/>
                </token>
                <token content="going" id="3-15">
                    <pos type="VBG"/>
                    <lemma type="go"/>
                    <dep head="3-2" type="ccomp"/>
                </token>
                <token content="to" id="3-16">
                    <pos type="TO"/>
                    <lemma type="to"/>
                    <dep head="3-17" type="aux"/>
                </token>
                <token content="go" id="3-17">
                    <pos type="VB"/>
                    <lemma type="go"/>
                    <dep head="3-15" type="xcomp"/>
                </token>
                <token content="to" id="3-18"/>
                <token content="the" id="3-19">
                    <pos type="DT"/>
                    <lemma type="the"/>
                </token>
                <token content="super" id="3-20">
                    <pos type="JJ"/>
                    <lemma type="super"/>
                </token>
                <token content="market" id="3-21">
                    <pos type="NN"/>
                    <lemma type="market"/>
                    <dep head="3-17" type="prep"/>
                </token>
                <token content="to" id="3-22">
                    <pos type="TO"/>
                    <lemma type="to"/>
                    <dep head="3-23" type="aux"/>
                </token>
                <token content="buy" id="3-23">
                    <pos type="VB"/>
                    <lemma type="buy"/>
                    <dep head="3-17" type="xcomp"/>
                </token>
                <token content="food" id="3-24">
                    <pos type="NN"/>
                    <lemma type="food"/>
                    <dep head="3-23" type="dobj"/>
                </token>
                <token content="." id="3-25"/>
            </sentence>
            <sentence id="4">
                <token content="I" id="4-1">
                    <pos type="PRP"/>
                    <lemma type="I"/>
                    <dep head="4-2" type="nsubj"/>
                </token>
                <token content="drove" id="4-2">
                    <pos type="VBD"/>
                    <lemma type="drive"/>
                </token>
                <token content="my" id="4-3">
                    <pos type="PRP$"/>
                    <lemma type="my"/>
                </token>
                <token content="car" id="4-4">
                    <pos type="NN"/>
                    <lemma type="car"/>
                    <dep head="4-2" type="dobj"/>
                </token>
                <token content="to" id="4-5"/>
                <token content="the" id="4-6">
                    <pos type="DT"/>
                    <lemma type="the"/>
                </token>
                <token content="nearest" id="4-7">
                    <pos type="JJS"/>
                    <lemma type="nearest"/>
                </token>
                <token content="supermarket" id="4-8">
                    <pos type="NN"/>
                    <lemma type="supermarket"/>
                    <dep head="4-2" type="prep"/>
                </token>
                <token content="," id="4-9"/>
                <token content="which" id="4-10">
                    <pos type="WDT"/>
                    <lemma type="which"/>
                </token>
                <token content="was" id="4-11">
                    <pos type="VBD"/>
                    <lemma type="be"/>
                </token>
                <token content="about" id="4-12">
                    <pos type="RB"/>
                    <lemma type="about"/>
                </token>
                <token content="ten" id="4-13">
                    <pos type="CD"/>
                    <lemma type="ten"/>
                </token>
                <token content="minutes" id="4-14">
                    <pos type="NNS"/>
                    <lemma type="minute"/>
                </token>
                <token content="away" id="4-15">
                    <pos type="RB"/>
                    <lemma type="away"/>
                </token>
                <token content="." id="4-16"/>
            </sentence>
            <sentence id="5">
                <token content="Once" id="5-1">
                    <pos type="RB"/>
                    <lemma type="once"/>
                </token>
                <token content="inside" id="5-2">
                    <pos type="RB"/>
                    <lemma type="inside"/>
                    <dep head="5-4" type="advmod"/>
                </token>
                <token content="I" id="5-3">
                    <pos type="PRP"/>
                    <lemma type="I"/>
                    <dep head="5-4" type="nsubj"/>
                </token>
                <token content="took" id="5-4">
                    <pos type="VBD"/>
                    <lemma type="take"/>
                </token>
                <token content="a" id="5-5">
                    <pos type="DT"/>
                    <lemma type="a"/>
                </token>
                <token content="shopping" id="5-6">
                    <pos type="NN"/>
                    <lemma type="shopping"/>
                    <dep head="5-7" type="nsubj"/>
                </token>
                <token content="cart" id="5-7">
                    <pos type="VBP"/>
                    <lemma type="cart"/>
                    <dep head="5-4" type="ccomp"/>
                </token>
                <token content="because" id="5-8">
                    <pos type="IN"/>
                    <lemma type="because"/>
                    <dep head="5-10" type="mark"/>
                </token>
                <token content="I" id="5-9">
                    <pos type="PRP"/>
                    <lemma type="I"/>
                    <dep head="5-10" type="nsubj"/>
                </token>
                <token content="knew" id="5-10">
                    <pos type="VBD"/>
                    <lemma type="know"/>
                    <dep head="5-7" type="advcl"/>
                </token>
                <token content="I" id="5-11">
                    <pos type="PRP"/>
                    <lemma type="I"/>
                    <dep head="5-13" type="nsubj"/>
                </token>
                <token content="was" id="5-12">
                    <pos type="VBD"/>
                    <lemma type="be"/>
                    <dep head="5-13" type="aux"/>
                </token>
                <token content="going" id="5-13">
                    <pos type="VBG"/>
                    <lemma type="go"/>
                    <dep head="5-10" type="ccomp"/>
                </token>
                <token content="to" id="5-14">
                    <pos type="TO"/>
                    <lemma type="to"/>
                    <dep head="5-15" type="aux"/>
                </token>
                <token content="stockpile" id="5-15">
                    <pos type="VB"/>
                    <lemma type="stockpile"/>
                    <dep head="5-13" type="xcomp"/>
                </token>
                <token content="food" id="5-16">
                    <pos type="NN"/>
                    <lemma type="food"/>
                    <dep head="5-15" type="dobj"/>
                </token>
                <token content="." id="5-17"/>
            </sentence>
            <sentence id="6">
                <token content="I" id="6-1">
                    <pos type="PRP"/>
                    <lemma type="I"/>
                    <dep head="6-3" type="nsubj"/>
                </token>
                <token content="first" id="6-2">
                    <pos type="RB"/>
                    <lemma type="first"/>
                    <dep head="6-3" type="advmod"/>
                </token>
                <token content="went" id="6-3">
                    <pos type="VBD"/>
                    <lemma type="go"/>
                </token>
                <token content="to" id="6-4">
                    <pos type="TO"/>
                    <lemma type="to"/>
                    <dep head="6-5" type="aux"/>
                </token>
                <token content="get" id="6-5">
                    <pos type="VB"/>
                    <lemma type="get"/>
                    <dep head="6-3" type="xcomp"/>
                </token>
                <token content="breakfast" id="6-6">
                    <pos type="NN"/>
                    <lemma type="breakfast"/>
                </token>
                <token content="food" id="6-7">
                    <pos type="NN"/>
                    <lemma type="food"/>
                    <dep head="6-5" type="dobj"/>
                </token>
                <token content="." id="6-8"/>
            </sentence>
            <sentence id="7">
                <token content="This" id="7-1">
                    <pos type="DT"/>
                    <lemma type="this"/>
                    <dep head="7-2" type="nsubj"/>
                </token>
                <token content="included" id="7-2">
                    <pos type="VBD"/>
                    <lemma type="include"/>
                </token>
                <token content="eggs" id="7-3">
                    <pos type="NNS"/>
                    <lemma type="egg"/>
                    <dep head="7-2" type="dobj"/>
                </token>
                <token content="," id="7-4"/>
                <token content="bacon" id="7-5">
                    <pos type="NN"/>
                    <lemma type="bacon"/>
                </token>
                <token content="," id="7-6"/>
                <token content="milk" id="7-7">
                    <pos type="NN"/>
                    <lemma type="milk"/>
                </token>
                <token content="," id="7-8"/>
                <token content="cereal" id="7-9">
                    <pos type="NN"/>
                    <lemma type="cereal"/>
                </token>
                <token content="," id="7-10"/>
                <token content="cereal" id="7-11">
                    <pos type="NN"/>
                    <lemma type="cereal"/>
                </token>
                <token content="bars" id="7-12">
                    <pos type="NNS"/>
                    <lemma type="bar"/>
                </token>
                <token content="and" id="7-13"/>
                <token content="fruit" id="7-14">
                    <pos type="NN"/>
                    <lemma type="fruit"/>
                </token>
                <token content="such" id="7-15"/>
                <token content="as" id="7-16"/>
                <token content="bananas" id="7-17">
                    <pos type="NNS"/>
                    <lemma type="banana"/>
                </token>
                <token content="and" id="7-18"/>
                <token content="apples" id="7-19">
                    <pos type="NNS"/>
                    <lemma type="apple"/>
                </token>
                <token content="." id="7-20"/>
            </sentence>
            <sentence id="8">
                <token content="Next" id="8-1">
                    <pos type="RB"/>
                    <lemma type="next"/>
                    <dep head="8-3" type="advmod"/>
                </token>
                <token content="I" id="8-2">
                    <pos type="PRP"/>
                    <lemma type="I"/>
                    <dep head="8-3" type="nsubj"/>
                </token>
                <token content="went" id="8-3">
                    <pos type="VBD"/>
                    <lemma type="go"/>
                </token>
                <token content="to" id="8-4"/>
                <token content="food" id="8-5">
                    <pos type="NN"/>
                    <lemma type="food"/>
                    <dep head="8-3" type="prep"/>
                </token>
                <token content="I" id="8-6">
                    <pos type="PRP"/>
                    <lemma type="I"/>
                    <dep head="8-9" type="nsubj"/>
                </token>
                <token content="would" id="8-7">
                    <pos type="MD"/>
                    <lemma type="would"/>
                    <dep head="8-9" type="aux"/>
                </token>
                <token content="usually" id="8-8">
                    <pos type="RB"/>
                    <lemma type="usually"/>
                    <dep head="8-9" type="advmod"/>
                </token>
                <token content="eat" id="8-9">
                    <pos type="VB"/>
                    <lemma type="eat"/>
                    <dep head="8-3" type="ccomp"/>
                </token>
                <token content="for" id="8-10"/>
                <token content="lunch" id="8-11">
                    <pos type="NN"/>
                    <lemma type="lunch"/>
                    <dep head="8-9" type="prep"/>
                </token>
                <token content="." id="8-12"/>
            </sentence>
            <sentence id="9">
                <token content="This" id="9-1">
                    <pos type="DT"/>
                    <lemma type="this"/>
                    <dep head="9-2" type="nsubj"/>
                </token>
                <token content="included" id="9-2">
                    <pos type="VBD"/>
                    <lemma type="include"/>
                </token>
                <token content="pasta" id="9-3">
                    <pos type="NN"/>
                    <lemma type="pasta"/>
                    <dep head="9-2" type="dobj"/>
                </token>
                <token content="," id="9-4"/>
                <token content="tomato" id="9-5">
                    <pos type="NN"/>
                    <lemma type="tomato"/>
                </token>
                <token content="sauce" id="9-6">
                    <pos type="NN"/>
                    <lemma type="sauce"/>
                </token>
                <token content="," id="9-7"/>
                <token content="mac" id="9-8">
                    <pos type="NN"/>
                    <lemma type="mac"/>
                </token>
                <token content="and" id="9-9"/>
                <token content="cheese" id="9-10">
                    <pos type="NN"/>
                    <lemma type="cheese"/>
                </token>
                <token content="," id="9-11"/>
                <token content="ramen" id="9-12">
                    <pos type="NN"/>
                    <lemma type="raman"/>
                </token>
                <token content="," id="9-13"/>
                <token content="salad" id="9-14">
                    <pos type="NN"/>
                    <lemma type="salad"/>
                </token>
                <token content="ingredients" id="9-15">
                    <pos type="NNS"/>
                    <lemma type="ingredient"/>
                </token>
                <token content="and" id="9-16"/>
                <token content="perhaps" id="9-17">
                    <pos type="RB"/>
                    <lemma type="perhaps"/>
                </token>
                <token content="some" id="9-18">
                    <pos type="DT"/>
                    <lemma type="some"/>
                </token>
                <token content="snacks" id="9-19">
                    <pos type="NNS"/>
                    <lemma type="snack"/>
                </token>
                <token content="." id="9-20"/>
            </sentence>
            <sentence id="10">
                <token content="I" id="10-1">
                    <pos type="PRP"/>
                    <lemma type="I"/>
                    <dep head="10-3" type="nsubj"/>
                </token>
                <token content="also" id="10-2">
                    <pos type="RB"/>
                    <lemma type="also"/>
                    <dep head="10-3" type="advmod"/>
                </token>
                <token content="got" id="10-3">
                    <pos type="VBD"/>
                    <lemma type="get"/>
                </token>
                <token content="a" id="10-4">
                    <pos type="DT"/>
                    <lemma type="a"/>
                </token>
                <token content="pound" id="10-5">
                    <pos type="NN"/>
                    <lemma type="pound"/>
                    <dep head="10-3" type="dobj"/>
                </token>
                <token content="of" id="10-6"/>
                <token content="Boar" id="10-7">
                    <pos type="NNP"/>
                    <lemma type="Boar"/>
                </token>
                <token content="'s" id="10-8"/>
                <token content="head" id="10-9">
                    <pos type="NN"/>
                    <lemma type="head"/>
                </token>
                <token content="turkey" id="10-10">
                    <pos type="NN"/>
                    <lemma type="turkey"/>
                </token>
                <token content="and" id="10-11"/>
                <token content="bread" id="10-12">
                    <pos type="NN"/>
                    <lemma type="bread"/>
                </token>
                <token content="." id="10-13"/>
            </sentence>
            <sentence id="11">
                <token content="I" id="11-1">
                    <pos type="PRP"/>
                    <lemma type="I"/>
                    <dep head="11-3" type="nsubj"/>
                </token>
                <token content="then" id="11-2">
                    <pos type="RB"/>
                    <lemma type="then"/>
                    <dep head="11-3" type="advmod"/>
                </token>
                <token content="went" id="11-3">
                    <pos type="VBD"/>
                    <lemma type="go"/>
                </token>
                <token content="to" id="11-4">
                    <pos type="TO"/>
                    <lemma type="to"/>
                    <dep head="11-5" type="aux"/>
                </token>
                <token content="pick" id="11-5">
                    <pos type="VB"/>
                    <lemma type="pick"/>
                    <dep head="11-3" type="xcomp"/>
                </token>
                <token content="up" id="11-6">
                    <pos type="RP"/>
                    <lemma type="up"/>
                    <dep head="11-5" type="prt"/>
                </token>
                <token content="a" id="11-7">
                    <pos type="DT"/>
                    <lemma type="a"/>
                </token>
                <token content="few" id="11-8">
                    <pos type="JJ"/>
                    <lemma type="few"/>
                </token>
                <token content="slabs" id="11-9">
                    <pos type="NNS"/>
                    <lemma type="slab"/>
                    <dep head="11-5" type="dobj"/>
                </token>
                <token content="of" id="11-10"/>
                <token content="steak" id="11-11">
                    <pos type="NN"/>
                    <lemma type="steak"/>
                </token>
                <token content="," id="11-12"/>
                <token content="pork" id="11-13">
                    <pos type="NN"/>
                    <lemma type="pork"/>
                </token>
                <token content="and" id="11-14"/>
                <token content="chicken" id="11-15">
                    <pos type="NN"/>
                    <lemma type="chicken"/>
                </token>
                <token content="because" id="11-16">
                    <pos type="IN"/>
                    <lemma type="because"/>
                    <dep head="11-18" type="mark"/>
                </token>
                <token content="I" id="11-17">
                    <pos type="PRP"/>
                    <lemma type="I"/>
                    <dep head="11-18" type="nsubj"/>
                </token>
                <token content="like" id="11-18">
                    <pos type="VBP"/>
                    <lemma type="like"/>
                    <dep head="11-5" type="advcl"/>
                </token>
                <token content="to" id="11-19">
                    <pos type="TO"/>
                    <lemma type="to"/>
                    <dep head="11-20" type="aux"/>
                </token>
                <token content="eat" id="11-20">
                    <pos type="VB"/>
                    <lemma type="eat"/>
                    <dep head="11-18" type="xcomp"/>
                </token>
                <token content="big" id="11-21">
                    <pos type="JJ"/>
                    <lemma type="big"/>
                </token>
                <token content="dinners" id="11-22">
                    <pos type="NNS"/>
                    <lemma type="dinner"/>
                    <dep head="11-20" type="dobj"/>
                </token>
                <token content="." id="11-23"/>
            </sentence>
            <sentence id="12">
                <token content="Next" id="12-1">
                    <pos type="RB"/>
                    <lemma type="next"/>
                    <dep head="12-4" type="advmod"/>
                </token>
                <token content="," id="12-2"/>
                <token content="I" id="12-3">
                    <pos type="PRP"/>
                    <lemma type="I"/>
                    <dep head="12-4" type="nsubj"/>
                </token>
                <token content="went" id="12-4">
                    <pos type="VBD"/>
                    <lemma type="go"/>
                </token>
                <token content="to" id="12-5"/>
                <token content="the" id="12-6">
                    <pos type="DT"/>
                    <lemma type="the"/>
                </token>
                <token content="ice" id="12-7">
                    <pos type="NN"/>
                    <lemma type="ice"/>
                </token>
                <token content="cream" id="12-8">
                    <pos type="NN"/>
                    <lemma type="cream"/>
                </token>
                <token content="aisle" id="12-9">
                    <pos type="NN"/>
                    <lemma type="aisle"/>
                    <dep head="12-4" type="prep"/>
                </token>
                <token content="and" id="12-10"/>
                <token content="picked" id="12-11">
                    <pos type="VBD"/>
                    <lemma type="pick"/>
                    <dep head="12-4" type="conj"/>
                </token>
                <token content="up" id="12-12">
                    <pos type="RP"/>
                    <lemma type="up"/>
                    <dep head="12-11" type="prt"/>
                </token>
                <token content="my" id="12-13">
                    <pos type="PRP$"/>
                    <lemma type="my"/>
                </token>
                <token content="favorite" id="12-14">
                    <pos type="JJ"/>
                    <lemma type="favorite"/>
                </token>
                <token content="rocky" id="12-15">
                    <pos type="JJ"/>
                    <lemma type="rocky"/>
                </token>
                <token content="road" id="12-16">
                    <pos type="NN"/>
                    <lemma type="road"/>
                </token>
                <token content="ice" id="12-17">
                    <pos type="NN"/>
                    <lemma type="ice"/>
                </token>
                <token content="cream" id="12-18">
                    <pos type="NN"/>
                    <lemma type="cream"/>
                    <dep head="12-11" type="dobj"/>
                </token>
                <token content="for" id="12-19"/>
                <token content="when" id="12-20">
                    <pos type="WRB"/>
                    <lemma type="when"/>
                    <dep head="12-22" type="advmod"/>
                </token>
                <token content="I" id="12-21">
                    <pos type="PRP"/>
                    <lemma type="I"/>
                    <dep head="12-22" type="nsubj"/>
                </token>
                <token content="crave" id="12-22">
                    <pos type="VBP"/>
                    <lemma type="crave"/>
                </token>
                <token content="sweets" id="12-23">
                    <pos type="NNS"/>
                    <lemma type="sweet"/>
                    <dep head="12-22" type="dobj"/>
                </token>
                <token content="." id="12-24"/>
            </sentence>
            <sentence id="13">
                <token content="Overall" id="13-1">
                    <pos type="RB"/>
                    <lemma type="overall"/>
                </token>
                <token content="it" id="13-2">
                    <pos type="PRP"/>
                    <lemma type="it"/>
                </token>
                <token content="was" id="13-3">
                    <pos type="VBD"/>
                    <lemma type="be"/>
                </token>
                <token content="a" id="13-4">
                    <pos type="DT"/>
                    <lemma type="a"/>
                </token>
                <token content="good" id="13-5">
                    <pos type="JJ"/>
                    <lemma type="good"/>
                </token>
                <token content="experience" id="13-6">
                    <pos type="NN"/>
                    <lemma type="experience"/>
                </token>
                <token content="," id="13-7"/>
                <token content="everything" id="13-8">
                    <pos type="NN"/>
                    <lemma type="everything"/>
                    <dep head="13-9" type="nsubj"/>
                </token>
                <token content="cost" id="13-9">
                    <pos type="VBD"/>
                    <lemma type="cost"/>
                </token>
                <token content="me" id="13-10">
                    <pos type="PRP"/>
                    <lemma type="I"/>
                    <dep head="13-9" type="iobj"/>
                </token>
                <token content="about" id="13-11">
                    <pos type="RB"/>
                    <lemma type="about"/>
                </token>
                <token content="120" id="13-12">
                    <pos type="CD"/>
                    <lemma type="120"/>
                    <dep head="13-9" type="dobj"/>
                </token>
                <token content="but" id="13-13"/>
                <token content="I" id="13-14">
                    <pos type="PRP"/>
                    <lemma type="I"/>
                    <dep head="13-15" type="nsubj"/>
                </token>
                <token content="got" id="13-15">
                    <pos type="VBD"/>
                    <lemma type="get"/>
                </token>
                <token content="10" id="13-16">
                    <pos type="CD"/>
                    <lemma type="10"/>
                </token>
                <token content="percent" id="13-17">
                    <pos type="NN"/>
                    <lemma type="percent"/>
                    <dep head="13-15" type="dobj"/>
                </token>
                <token content="off" id="13-18">
                    <pos type="RP"/>
                    <lemma type="off"/>
                    <dep head="13-15" type="prt"/>
                </token>
                <token content="with" id="13-19"/>
                <token content="my" id="13-20">
                    <pos type="PRP$"/>
                    <lemma type="my"/>
                </token>
                <token content="discount" id="13-21">
                    <pos type="NN"/>
                    <lemma type="discount"/>
                </token>
                <token content="card" id="13-22">
                    <pos type="NN"/>
                    <lemma type="card"/>
                    <dep head="13-15" type="prep"/>
                </token>
                <token content="." id="13-23"/>
            </sentence>
        </sentences>
    </text>
    <annotations>
        <participants>
            <label from="1-1" id="0" name="ScrPart_shopper" text="I" type="participant"/>
            <label from="1-4" id="1" name="ScrPart_shopper" text="my" type="participant"/>
            <label from="1-5" id="2" name="NPart" text="fridge" type="participant"/>
            <label from="1-9" id="3" name="ScrPart_shopper" text="I" type="participant"/>
            <label from="1-13" id="4" name="ScrPart_groceries" text="food" type="participant"/>
            <label from="2-1" id="5" name="ScrPart_shopper" text="I" type="participant"/>
            <label from="3-1" id="6" name="ScrPart_shopper" text="I" type="participant"/>
            <label from="3-6" id="7" name="NPart" text="fact" type="participant"/>
            <label from="3-8" id="8" name="No_label" text="it" type="participant"/>
            <label from="3-13" id="9" name="ScrPart_shopper" text="I" type="participant"/>
            <label from="3-20" id="10" name="ScrPart_grocery_shop" text="super market" to="3-21" type="participant"/>
            <label from="3-21" id="11" name="ScrPart_grocery_shop" text="market" type="participant"/>
            <label from="3-24" id="12" name="ScrPart_groceries" text="food" type="participant"/>
            <label from="4-1" id="13" name="ScrPart_shopper" text="I" type="participant"/>
            <label from="4-3" id="14" name="ScrPart_shopper" text="my" type="participant"/>
            <label from="4-4" id="15" name="ScrPart_vehicle" text="car" type="participant"/>
            <label from="4-8" id="16" name="ScrPart_grocery_shop" text="supermarket" type="participant"/>
            <label from="4-10" id="17" name="ScrPart_grocery_shop" text="which" type="participant"/>
            <label from="4-14" id="18" name="NPart" text="minutes" type="participant"/>
            <label from="5-3" id="19" name="ScrPart_shopper" text="I" type="participant"/>
            <label from="5-6" id="20" name="ScrPart_shopping_cart/basket" text="shopping cart" to="5-7" type="participant"/>
            <label from="5-7" id="21" name="ScrPart_shopping_cart/basket" text="cart" type="participant"/>
            <label from="5-9" id="22" name="ScrPart_shopper" text="I" type="participant"/>
            <label from="5-11" id="23" name="ScrPart_shopper" text="I" type="participant"/>
            <label from="5-16" id="24" name="ScrPart_groceries" text="food" type="participant"/>
            <label from="6-1" id="25" name="ScrPart_shopper" text="I" type="participant"/>
            <label from="6-6" id="26" name="ScrPart_groceries" text="breakfast food" to="6-7" type="participant"/>
            <label from="6-7" id="27" name="ScrPart_groceries" text="food" type="participant"/>
            <label from="7-1" id="28" name="ScrPart_groceries" text="This" type="participant"/>
            <label from="7-3" id="29" name="ScrPart_groceries" text="eggs" type="participant"/>
            <label from="7-5" id="30" name="ScrPart_groceries" text="bacon" type="participant"/>
            <label from="7-7" id="31" name="ScrPart_groceries" text="milk" type="participant"/>
            <label from="7-9" id="32" name="ScrPart_groceries" text="cereal" type="participant"/>
            <label from="7-11" id="33" name="ScrPart_groceries" text="cereal bars" to="7-12" type="participant"/>
            <label from="7-12" id="34" name="ScrPart_groceries" text="bars" type="participant"/>
            <label from="7-14" id="35" name="ScrPart_groceries" text="fruit" type="participant"/>
            <label from="7-17" id="36" name="ScrPart_groceries" text="bananas" type="participant"/>
            <label from="7-19" id="37" name="ScrPart_groceries" text="apples" type="participant"/>
            <label from="8-2" id="38" name="ScrPart_shopper" text="I" type="participant"/>
            <label from="8-5" id="39" name="ScrPart_groceries" text="food" type="participant"/>
            <label from="8-6" id="40" name="ScrPart_shopper" text="I" type="participant"/>
            <label from="8-11" id="41" name="NPart" text="lunch" type="participant"/>
            <label from="9-1" id="42" name="ScrPart_groceries" text="This" type="participant"/>
            <label from="9-3" id="43" name="ScrPart_groceries" text="pasta" type="participant"/>
            <label from="9-5" id="44" name="ScrPart_groceries" text="tomato sauce" to="9-6" type="participant"/>
            <label from="9-6" id="45" name="ScrPart_groceries" text="sauce" type="participant"/>
            <label from="9-8" id="46" name="ScrPart_groceries" text="mac and cheese" to="9-10" type="participant"/>
            <label from="9-12" id="47" name="ScrPart_groceries" text="ramen" type="participant"/>
            <label from="9-14" id="48" name="ScrPart_groceries" text="salad ingredients" to="9-15" type="participant"/>
            <label from="9-15" id="49" name="ScrPart_groceries" text="ingredients" type="participant"/>
            <label from="9-19" id="50" name="ScrPart_groceries" text="snacks" type="participant"/>
            <label from="10-1" id="51" name="ScrPart_shopper" text="I" type="participant"/>
            <label from="10-5" id="52" name="Head_of_Partitive" text="pound" type="participant"/>
            <label from="10-7" id="53" name="ScrPart_groceries" text="Boar 's head turkey" to="10-10" type="participant"/>
            <label from="10-10" id="54" name="ScrPart_groceries" text="turkey" type="participant"/>
            <label from="10-12" id="55" name="ScrPart_groceries" text="bread" type="participant"/>
            <label from="11-1" id="56" name="ScrPart_shopper" text="I" type="participant"/>
            <label from="11-9" id="57" name="Head_of_Partitive" text="slabs" type="participant"/>
            <label from="11-11" id="58" name="ScrPart_groceries" text="steak" type="participant"/>
            <label from="11-13" id="59" name="ScrPart_groceries" text="pork" type="participant"/>
            <label from="11-15" id="60" name="ScrPart_groceries" text="chicken" type="participant"/>
            <label from="11-17" id="61" name="ScrPart_shopper" text="I" type="participant"/>
            <label from="11-22" id="62" name="NPart" text="dinners" type="participant"/>
            <label from="12-3" id="63" name="ScrPart_shopper" text="I" type="participant"/>
            <label from="12-7" id="64" name="ScrPart_section" text="ice cream aisle" to="12-9" type="participant"/>
            <label from="12-9" id="65" name="ScrPart_section" text="aisle" type="participant"/>
            <label from="12-13" id="66" name="ScrPart_shopper" text="my" type="participant"/>
            <label from="12-15" id="67" name="ScrPart_groceries" text="rocky road ice cream" to="12-18" type="participant"/>
            <label from="12-18" id="68" name="ScrPart_groceries" text="cream" type="participant"/>
            <label from="12-21" id="69" name="ScrPart_shopper" text="I" type="participant"/>
            <label from="12-23" id="70" name="NPart" text="sweets" type="participant"/>
            <label from="13-2" id="71" name="No_label" text="it" type="participant"/>
            <label from="13-6" id="72" name="NPart" text="experience" type="participant"/>
            <label from="13-8" id="73" name="ScrPart_groceries" text="everything" type="participant"/>
            <label from="13-10" id="74" name="ScrPart_shopper" text="me" type="participant"/>
            <label from="13-12" id="75" name="ScrPart_price" text="120" type="participant"/>
            <label from="13-14" id="76" name="ScrPart_shopper" text="I" type="participant"/>
            <label from="13-16" id="77" name="ScrPart_saving" text="10 percent" to="13-17" type="participant"/>
            <label from="13-20" id="78" name="ScrPart_shopper" text="my" type="participant"/>
            <label from="13-21" id="79" name="ScrPart_deal_coupon" text="discount card" to="13-22" type="participant"/>
            <label from="13-22" id="80" name="ScrPart_deal_coupon" text="card" type="participant"/>
        </participants>
        <events>
            <label from="1-2" id="81" name="RelNScrEv" text="looked" type="event"/>
            <label from="1-7" id="82" name="UnrelEv" text="realized" type="event"/>
            <label from="1-10" id="83" name="RelNScrEv" text="was" type="event"/>
            <label from="2-2" id="84" name="UnrelEv" text="was" type="event"/>
            <label from="3-2" id="85" name="UnrelEv" text="decided" type="event"/>
            <label from="3-10" id="86" name="UnrelEv" text="raining" type="event"/>
            <label from="3-17" id="87" name="Evoking" text="go to the super market" to="3-21" type="event"/>
            <label from="3-23" id="88" name="Evoking" text="buy food" to="3-24" type="event"/>
            <label from="4-2" id="89" name="ScrEv_go_grocery" text="drove" type="event"/>
            <label from="4-11" id="90" name="UnrelEv" text="was" type="event"/>
            <label from="5-4" id="91" name="ScrEv_take_shop_cart" text="took" type="event"/>
            <label from="5-10" id="92" name="UnrelEv" text="knew" type="event"/>
            <label from="5-15" id="93" name="Unclear" text="stockpile" type="event"/>
            <label from="6-3" id="94" name="ScrEv_move_section" text="went" type="event"/>
            <label from="6-5" id="95" name="ScrEv_get_groceries" text="get" type="event"/>
            <label from="7-2" id="96" name="ScrEv_get_groceries" text="included" type="event"/>
            <label from="8-3" id="97" name="ScrEv_move_section" text="went" type="event"/>
            <label from="8-9" id="98" name="UnrelEv" text="eat" type="event"/>
            <label from="9-2" id="99" name="ScrEv_get_groceries" text="included" type="event"/>
            <label from="10-3" id="100" name="ScrEv_get_groceries" text="got" type="event"/>
            <label from="11-3" id="101" name="ScrEv_move_section" text="went" type="event"/>
            <label from="11-5" id="102" name="ScrEv_get_groceries" text="pick up" to="11-6" type="event"/>
            <label from="11-18" id="103" name="UnrelEv" text="like" type="event"/>
            <label from="11-20" id="104" name="UnrelEv" text="eat" type="event"/>
            <label from="12-4" id="105" name="ScrEv_move_section" text="went" type="event"/>
            <label from="12-11" id="106" name="ScrEv_get_groceries" text="picked up" to="12-12" type="event"/>
            <label from="12-22" id="107" name="UnrelEv" text="crave" type="event"/>
            <label from="13-3" id="108" name="UnrelEv" text="was" type="event"/>
            <label from="13-9" id="109" name="ScrEv_pay" text="cost" type="event"/>
            <label from="13-15" id="110" name="RelNScrEv" text="got" type="event"/>
            <label from="13-19" id="111" name="UnrelEv" text="with" type="event"/>
        </events>
        <chains>
            <chain elements="1 0 3 5 6 9 13 14 19 22 23"/>
            <chain elements="12 4 24 73"/>
            <chain elements="16 11 17"/>
            <chain elements="68 24 60 59 58 39 27" name="coref_food"/>
            <chain elements="38 25 40 51 56 61 63 66 69 74 76 78"/>
            <chain elements="28 27"/>
            <chain elements="37 28 36 35 34 32 31 30 29" name="coref_breakfast_food"/>
            <chain elements="42 39"/>
            <chain elements="55 42 54 50 49 47 46 45 43" name="coref_lunch_food"/>
        </chains>
    </annotations>
</story>
