<?xml version="1.0" encoding="UTF-8" standalone="no"?>
<!DOCTYPE story SYSTEM "../InScript.dtd">
<story id="001" scenario="grocery">
    <text>
        <content>Yesterday I went grocery shopping . 
I took my grocery list with me , along with some reusable shopping bags . 
My grocery list has all the items I want to buy on it . 
I selected a shopping cart from in front of the store , and went inside . 
I put my reusable bags in the cart . 
I looked at my list and started in the produce section . 
I put different vegetables and fruits into my cart . 
Next I wheeled my cart to the cereal aisle and took a box of cereal . 
I went through the store aisle by aisle and selected my groceries . 
Each aisle is organized by types of food and non-food items . 
One aisle has dried pasta , canned tomatoes , rice , and sauce . 
I selected a few boxes of pasta and some rice . 
Another aisle carries plastic wrap , trash bags , and aluminum foil . 
As I went through the store , I kept looking at my list to see what I needed next . 
When I added each item to my cart , I crossed it off my list . 
My last stop was the dairy aisle where I got milk and eggs . 
When I had all the groceries I wanted , I went to the cash register ans stood in line . 
When it was my turn , I put each item on the conveyor belt and the cashier scanned each one . 
A bagger put all of the groceries into my reusable bags . 
I paid , and then the cashier gave me a receipt . 
I loaded the bags of groceries into the trunk of my car and drove home . </content>
        <sentences>
            <sentence id="1">
                <token content="Yesterday" id="1-1">
                    <pos type="NN"/>
                    <lemma type="yesterday"/>
                    <dep head="1-3" type="tmod"/>
                </token>
                <token content="I" id="1-2">
                    <pos type="PRP"/>
                    <lemma type="I"/>
                    <dep head="1-3" type="nsubj"/>
                </token>
                <token content="went" id="1-3">
                    <pos type="VBD"/>
                    <lemma type="go"/>
                </token>
                <token content="grocery" id="1-4">
                    <pos type="NN"/>
                    <lemma type="grocery"/>
                </token>
                <token content="shopping" id="1-5">
                    <pos type="NN"/>
                    <lemma type="shopping"/>
                    <dep head="1-3" type="dobj"/>
                </token>
                <token content="." id="1-6"/>
            </sentence>
            <sentence id="2">
                <token content="I" id="2-1">
                    <pos type="PRP"/>
                    <lemma type="I"/>
                    <dep head="2-2" type="nsubj"/>
                </token>
                <token content="took" id="2-2">
                    <pos type="VBD"/>
                    <lemma type="take"/>
                </token>
                <token content="my" id="2-3">
                    <pos type="PRP$"/>
                    <lemma type="my"/>
                </token>
                <token content="grocery" id="2-4">
                    <pos type="NN"/>
                    <lemma type="grocery"/>
                </token>
                <token content="list" id="2-5">
                    <pos type="NN"/>
                    <lemma type="list"/>
                    <dep head="2-2" type="dobj"/>
                </token>
                <token content="with" id="2-6"/>
                <token content="me" id="2-7">
                    <pos type="PRP"/>
                    <lemma type="I"/>
                    <dep head="2-2" type="prep"/>
                </token>
                <token content="," id="2-8"/>
                <token content="along" id="2-9"/>
                <token content="with" id="2-10"/>
                <token content="some" id="2-11">
                    <pos type="DT"/>
                    <lemma type="some"/>
                </token>
                <token content="reusable" id="2-12">
                    <pos type="JJ"/>
                    <lemma type="reusable"/>
                </token>
                <token content="shopping" id="2-13">
                    <pos type="NN"/>
                    <lemma type="shopping"/>
                </token>
                <token content="bags" id="2-14">
                    <pos type="NNS"/>
                    <lemma type="bag"/>
                    <dep head="2-2" type="prep"/>
                </token>
                <token content="." id="2-15"/>
            </sentence>
            <sentence id="3">
                <token content="My" id="3-1">
                    <pos type="PRP$"/>
                    <lemma type="my"/>
                </token>
                <token content="grocery" id="3-2">
                    <pos type="NN"/>
                    <lemma type="grocery"/>
                </token>
                <token content="list" id="3-3">
                    <pos type="NN"/>
                    <lemma type="list"/>
                    <dep head="3-4" type="nsubj"/>
                </token>
                <token content="has" id="3-4">
                    <pos type="VBZ"/>
                    <lemma type="have"/>
                </token>
                <token content="all" id="3-5">
                    <pos type="PDT"/>
                    <lemma type="all"/>
                </token>
                <token content="the" id="3-6">
                    <pos type="DT"/>
                    <lemma type="the"/>
                </token>
                <token content="items" id="3-7">
                    <pos type="NNS"/>
                    <lemma type="item"/>
                    <dep head="3-4" type="dobj"/>
                </token>
                <token content="I" id="3-8">
                    <pos type="PRP"/>
                    <lemma type="I"/>
                    <dep head="3-9" type="nsubj"/>
                </token>
                <token content="want" id="3-9">
                    <pos type="VBP"/>
                    <lemma type="want"/>
                </token>
                <token content="to" id="3-10">
                    <pos type="TO"/>
                    <lemma type="to"/>
                    <dep head="3-11" type="aux"/>
                </token>
                <token content="buy" id="3-11">
                    <pos type="VB"/>
                    <lemma type="buy"/>
                    <dep head="3-9" type="xcomp"/>
                </token>
                <token content="on" id="3-12"/>
                <token content="it" id="3-13">
                    <pos type="PRP"/>
                    <lemma type="it"/>
                    <dep head="3-11" type="prep"/>
                </token>
                <token content="." id="3-14"/>
            </sentence>
            <sentence id="4">
                <token content="I" id="4-1">
                    <pos type="PRP"/>
                    <lemma type="I"/>
                    <dep head="4-2" type="nsubj"/>
                </token>
                <token content="selected" id="4-2">
                    <pos type="VBD"/>
                    <lemma type="select"/>
                </token>
                <token content="a" id="4-3">
                    <pos type="DT"/>
                    <lemma type="a"/>
                </token>
                <token content="shopping" id="4-4">
                    <pos type="NN"/>
                    <lemma type="shopping"/>
                </token>
                <token content="cart" id="4-5">
                    <pos type="NN"/>
                    <lemma type="cart"/>
                    <dep head="4-2" type="dobj"/>
                </token>
                <token content="from" id="4-6">
                    <pos type="IN"/>
                    <lemma type="from"/>
                    <dep head="4-2" type="dep"/>
                </token>
                <token content="in" id="4-7"/>
                <token content="front" id="4-8"/>
                <token content="of" id="4-9"/>
                <token content="the" id="4-10">
                    <pos type="DT"/>
                    <lemma type="the"/>
                </token>
                <token content="store" id="4-11">
                    <pos type="NN"/>
                    <lemma type="store"/>
                    <dep head="4-2" type="prep"/>
                </token>
                <token content="," id="4-12"/>
                <token content="and" id="4-13"/>
                <token content="went" id="4-14">
                    <pos type="VBD"/>
                    <lemma type="go"/>
                    <dep head="4-2" type="conj"/>
                </token>
                <token content="inside" id="4-15">
                    <pos type="RB"/>
                    <lemma type="inside"/>
                    <dep head="4-14" type="advmod"/>
                </token>
                <token content="." id="4-16"/>
            </sentence>
            <sentence id="5">
                <token content="I" id="5-1">
                    <pos type="PRP"/>
                    <lemma type="I"/>
                    <dep head="5-2" type="nsubj"/>
                </token>
                <token content="put" id="5-2">
                    <pos type="VBD"/>
                    <lemma type="put"/>
                </token>
                <token content="my" id="5-3">
                    <pos type="PRP$"/>
                    <lemma type="my"/>
                </token>
                <token content="reusable" id="5-4">
                    <pos type="JJ"/>
                    <lemma type="reusable"/>
                </token>
                <token content="bags" id="5-5">
                    <pos type="NNS"/>
                    <lemma type="bag"/>
                    <dep head="5-2" type="dobj"/>
                </token>
                <token content="in" id="5-6"/>
                <token content="the" id="5-7">
                    <pos type="DT"/>
                    <lemma type="the"/>
                </token>
                <token content="cart" id="5-8">
                    <pos type="NN"/>
                    <lemma type="cart"/>
                    <dep head="5-2" type="prep"/>
                </token>
                <token content="." id="5-9"/>
            </sentence>
            <sentence id="6">
                <token content="I" id="6-1">
                    <pos type="PRP"/>
                    <lemma type="I"/>
                    <dep head="6-2" type="nsubj"/>
                </token>
                <token content="looked" id="6-2">
                    <pos type="VBD"/>
                    <lemma type="look"/>
                </token>
                <token content="at" id="6-3"/>
                <token content="my" id="6-4">
                    <pos type="PRP$"/>
                    <lemma type="my"/>
                </token>
                <token content="list" id="6-5">
                    <pos type="NN"/>
                    <lemma type="list"/>
                    <dep head="6-2" type="prep"/>
                </token>
                <token content="and" id="6-6"/>
                <token content="started" id="6-7">
                    <pos type="VBD"/>
                    <lemma type="start"/>
                    <dep head="6-2" type="conj"/>
                </token>
                <token content="in" id="6-8"/>
                <token content="the" id="6-9">
                    <pos type="DT"/>
                    <lemma type="the"/>
                </token>
                <token content="produce" id="6-10">
                    <pos type="NN"/>
                    <lemma type="produce"/>
                </token>
                <token content="section" id="6-11">
                    <pos type="NN"/>
                    <lemma type="section"/>
                    <dep head="6-7" type="prep"/>
                </token>
                <token content="." id="6-12"/>
            </sentence>
            <sentence id="7">
                <token content="I" id="7-1">
                    <pos type="PRP"/>
                    <lemma type="I"/>
                    <dep head="7-2" type="nsubj"/>
                </token>
                <token content="put" id="7-2">
                    <pos type="VBD"/>
                    <lemma type="put"/>
                </token>
                <token content="different" id="7-3">
                    <pos type="JJ"/>
                    <lemma type="different"/>
                </token>
                <token content="vegetables" id="7-4">
                    <pos type="NNS"/>
                    <lemma type="vegetable"/>
                    <dep head="7-2" type="dobj"/>
                </token>
                <token content="and" id="7-5"/>
                <token content="fruits" id="7-6">
                    <pos type="NNS"/>
                    <lemma type="fruit"/>
                </token>
                <token content="into" id="7-7"/>
                <token content="my" id="7-8">
                    <pos type="PRP$"/>
                    <lemma type="my"/>
                </token>
                <token content="cart" id="7-9">
                    <pos type="NN"/>
                    <lemma type="cart"/>
                    <dep head="7-2" type="prep"/>
                </token>
                <token content="." id="7-10"/>
            </sentence>
            <sentence id="8">
                <token content="Next" id="8-1">
                    <pos type="RB"/>
                    <lemma type="next"/>
                    <dep head="8-3" type="advmod"/>
                </token>
                <token content="I" id="8-2">
                    <pos type="PRP"/>
                    <lemma type="I"/>
                    <dep head="8-3" type="nsubj"/>
                </token>
                <token content="wheeled" id="8-3">
                    <pos type="VBD"/>
                    <lemma type="wheel"/>
                </token>
                <token content="my" id="8-4">
                    <pos type="PRP$"/>
                    <lemma type="my"/>
                </token>
                <token content="cart" id="8-5">
                    <pos type="NN"/>
                    <lemma type="cart"/>
                    <dep head="8-3" type="dobj"/>
                </token>
                <token content="to" id="8-6"/>
                <token content="the" id="8-7">
                    <pos type="DT"/>
                    <lemma type="the"/>
                </token>
                <token content="cereal" id="8-8">
                    <pos type="NN"/>
                    <lemma type="cereal"/>
                </token>
                <token content="aisle" id="8-9">
                    <pos type="NN"/>
                    <lemma type="aisle"/>
                    <dep head="8-3" type="prep"/>
                </token>
                <token content="and" id="8-10"/>
                <token content="took" id="8-11">
                    <pos type="VBD"/>
                    <lemma type="take"/>
                    <dep head="8-3" type="conj"/>
                </token>
                <token content="a" id="8-12">
                    <pos type="DT"/>
                    <lemma type="a"/>
                </token>
                <token content="box" id="8-13">
                    <pos type="NN"/>
                    <lemma type="box"/>
                    <dep head="8-11" type="dobj"/>
                </token>
                <token content="of" id="8-14"/>
                <token content="cereal" id="8-15">
                    <pos type="NN"/>
                    <lemma type="cereal"/>
                </token>
                <token content="." id="8-16"/>
            </sentence>
            <sentence id="9">
                <token content="I" id="9-1">
                    <pos type="PRP"/>
                    <lemma type="I"/>
                    <dep head="9-2" type="nsubj"/>
                </token>
                <token content="went" id="9-2">
                    <pos type="VBD"/>
                    <lemma type="go"/>
                </token>
                <token content="through" id="9-3"/>
                <token content="the" id="9-4">
                    <pos type="DT"/>
                    <lemma type="the"/>
                </token>
                <token content="store" id="9-5">
                    <pos type="NN"/>
                    <lemma type="store"/>
                </token>
                <token content="aisle" id="9-6">
                    <pos type="NN"/>
                    <lemma type="aisle"/>
                    <dep head="9-2" type="prep"/>
                </token>
                <token content="by" id="9-7"/>
                <token content="aisle" id="9-8">
                    <pos type="NN"/>
                    <lemma type="aisle"/>
                    <dep head="9-2" type="prep"/>
                </token>
                <token content="and" id="9-9"/>
                <token content="selected" id="9-10">
                    <pos type="VBD"/>
                    <lemma type="select"/>
                    <dep head="9-2" type="conj"/>
                </token>
                <token content="my" id="9-11">
                    <pos type="PRP$"/>
                    <lemma type="my"/>
                </token>
                <token content="groceries" id="9-12">
                    <pos type="NNS"/>
                    <lemma type="grocery"/>
                    <dep head="9-10" type="dobj"/>
                </token>
                <token content="." id="9-13"/>
            </sentence>
            <sentence id="10">
                <token content="Each" id="10-1">
                    <pos type="DT"/>
                    <lemma type="each"/>
                </token>
                <token content="aisle" id="10-2">
                    <pos type="NN"/>
                    <lemma type="aisle"/>
                    <dep head="10-4" type="nsubjpass"/>
                </token>
                <token content="is" id="10-3">
                    <pos type="VBZ"/>
                    <lemma type="be"/>
                    <dep head="10-4" type="auxpass"/>
                </token>
                <token content="organized" id="10-4">
                    <pos type="VBN"/>
                    <lemma type="organize"/>
                </token>
                <token content="by" id="10-5"/>
                <token content="types" id="10-6">
                    <pos type="NNS"/>
                    <lemma type="type"/>
                    <dep head="10-4" type="agent"/>
                </token>
                <token content="of" id="10-7"/>
                <token content="food" id="10-8">
                    <pos type="NN"/>
                    <lemma type="food"/>
                </token>
                <token content="and" id="10-9"/>
                <token content="non-food" id="10-10">
                    <pos type="JJ"/>
                    <lemma type="non-food"/>
                </token>
                <token content="items" id="10-11">
                    <pos type="NNS"/>
                    <lemma type="item"/>
                </token>
                <token content="." id="10-12"/>
            </sentence>
            <sentence id="11">
                <token content="One" id="11-1">
                    <pos type="CD"/>
                    <lemma type="one"/>
                </token>
                <token content="aisle" id="11-2">
                    <pos type="NN"/>
                    <lemma type="aisle"/>
                    <dep head="11-4" type="nsubj"/>
                </token>
                <token content="has" id="11-3">
                    <pos type="VBZ"/>
                    <lemma type="have"/>
                    <dep head="11-4" type="aux"/>
                </token>
                <token content="dried" id="11-4">
                    <pos type="VBD"/>
                    <lemma type="dry"/>
                </token>
                <token content="pasta" id="11-5">
                    <pos type="NN"/>
                    <lemma type="pasta"/>
                    <dep head="11-4" type="dobj"/>
                </token>
                <token content="," id="11-6"/>
                <token content="canned" id="11-7">
                    <pos type="JJ"/>
                    <lemma type="canned"/>
                </token>
                <token content="tomatoes" id="11-8">
                    <pos type="NNS"/>
                    <lemma type="tomato"/>
                </token>
                <token content="," id="11-9"/>
                <token content="rice" id="11-10">
                    <pos type="NN"/>
                    <lemma type="rice"/>
                </token>
                <token content="," id="11-11"/>
                <token content="and" id="11-12"/>
                <token content="sauce" id="11-13">
                    <pos type="NN"/>
                    <lemma type="sauce"/>
                </token>
                <token content="." id="11-14"/>
            </sentence>
            <sentence id="12">
                <token content="I" id="12-1">
                    <pos type="PRP"/>
                    <lemma type="I"/>
                    <dep head="12-2" type="nsubj"/>
                </token>
                <token content="selected" id="12-2">
                    <pos type="VBD"/>
                    <lemma type="select"/>
                </token>
                <token content="a" id="12-3">
                    <pos type="DT"/>
                    <lemma type="a"/>
                </token>
                <token content="few" id="12-4">
                    <pos type="JJ"/>
                    <lemma type="few"/>
                </token>
                <token content="boxes" id="12-5">
                    <pos type="NNS"/>
                    <lemma type="box"/>
                    <dep head="12-2" type="dobj"/>
                </token>
                <token content="of" id="12-6"/>
                <token content="pasta" id="12-7">
                    <pos type="NN"/>
                    <lemma type="pasta"/>
                </token>
                <token content="and" id="12-8"/>
                <token content="some" id="12-9">
                    <pos type="DT"/>
                    <lemma type="some"/>
                </token>
                <token content="rice" id="12-10">
                    <pos type="NN"/>
                    <lemma type="rice"/>
                </token>
                <token content="." id="12-11"/>
            </sentence>
            <sentence id="13">
                <token content="Another" id="13-1">
                    <pos type="DT"/>
                    <lemma type="another"/>
                </token>
                <token content="aisle" id="13-2">
                    <pos type="NN"/>
                    <lemma type="aisle"/>
                    <dep head="13-3" type="nsubj"/>
                </token>
                <token content="carries" id="13-3">
                    <pos type="VBZ"/>
                    <lemma type="carry"/>
                </token>
                <token content="plastic" id="13-4">
                    <pos type="JJ"/>
                    <lemma type="plastic"/>
                </token>
                <token content="wrap" id="13-5">
                    <pos type="NN"/>
                    <lemma type="wrap"/>
                    <dep head="13-3" type="dobj"/>
                </token>
                <token content="," id="13-6"/>
                <token content="trash" id="13-7">
                    <pos type="NN"/>
                    <lemma type="trash"/>
                </token>
                <token content="bags" id="13-8">
                    <pos type="NNS"/>
                    <lemma type="bag"/>
                </token>
                <token content="," id="13-9"/>
                <token content="and" id="13-10"/>
                <token content="aluminum" id="13-11">
                    <pos type="NN"/>
                    <lemma type="aluminum"/>
                </token>
                <token content="foil" id="13-12">
                    <pos type="NN"/>
                    <lemma type="foil"/>
                </token>
                <token content="." id="13-13"/>
            </sentence>
            <sentence id="14">
                <token content="As" id="14-1">
                    <pos type="IN"/>
                    <lemma type="as"/>
                    <dep head="14-3" type="mark"/>
                </token>
                <token content="I" id="14-2">
                    <pos type="PRP"/>
                    <lemma type="I"/>
                    <dep head="14-3" type="nsubj"/>
                </token>
                <token content="went" id="14-3">
                    <pos type="VBD"/>
                    <lemma type="go"/>
                    <dep head="14-9" type="advcl"/>
                </token>
                <token content="through" id="14-4"/>
                <token content="the" id="14-5">
                    <pos type="DT"/>
                    <lemma type="the"/>
                </token>
                <token content="store" id="14-6">
                    <pos type="NN"/>
                    <lemma type="store"/>
                    <dep head="14-3" type="prep"/>
                </token>
                <token content="," id="14-7"/>
                <token content="I" id="14-8">
                    <pos type="PRP"/>
                    <lemma type="I"/>
                    <dep head="14-9" type="nsubj"/>
                </token>
                <token content="kept" id="14-9">
                    <pos type="VBD"/>
                    <lemma type="keep"/>
                </token>
                <token content="looking" id="14-10">
                    <pos type="VBG"/>
                    <lemma type="look"/>
                    <dep head="14-9" type="xcomp"/>
                </token>
                <token content="at" id="14-11"/>
                <token content="my" id="14-12">
                    <pos type="PRP$"/>
                    <lemma type="my"/>
                </token>
                <token content="list" id="14-13">
                    <pos type="NN"/>
                    <lemma type="list"/>
                    <dep head="14-10" type="prep"/>
                </token>
                <token content="to" id="14-14">
                    <pos type="TO"/>
                    <lemma type="to"/>
                    <dep head="14-15" type="aux"/>
                </token>
                <token content="see" id="14-15">
                    <pos type="VB"/>
                    <lemma type="see"/>
                </token>
                <token content="what" id="14-16">
                    <pos type="WP"/>
                    <lemma type="what"/>
                    <dep head="14-18" type="dobj"/>
                </token>
                <token content="I" id="14-17">
                    <pos type="PRP"/>
                    <lemma type="I"/>
                    <dep head="14-18" type="nsubj"/>
                </token>
                <token content="needed" id="14-18">
                    <pos type="VBD"/>
                    <lemma type="need"/>
                    <dep head="14-15" type="ccomp"/>
                </token>
                <token content="next" id="14-19">
                    <pos type="JJ"/>
                    <lemma type="next"/>
                    <dep head="14-18" type="advmod"/>
                </token>
                <token content="." id="14-20"/>
            </sentence>
            <sentence id="15">
                <token content="When" id="15-1">
                    <pos type="WRB"/>
                    <lemma type="when"/>
                    <dep head="15-3" type="advmod"/>
                </token>
                <token content="I" id="15-2">
                    <pos type="PRP"/>
                    <lemma type="I"/>
                    <dep head="15-3" type="nsubj"/>
                </token>
                <token content="added" id="15-3">
                    <pos type="VBD"/>
                    <lemma type="add"/>
                    <dep head="15-11" type="advcl"/>
                </token>
                <token content="each" id="15-4">
                    <pos type="DT"/>
                    <lemma type="each"/>
                </token>
                <token content="item" id="15-5">
                    <pos type="NN"/>
                    <lemma type="item"/>
                    <dep head="15-3" type="dobj"/>
                </token>
                <token content="to" id="15-6"/>
                <token content="my" id="15-7">
                    <pos type="PRP$"/>
                    <lemma type="my"/>
                </token>
                <token content="cart" id="15-8">
                    <pos type="NN"/>
                    <lemma type="cart"/>
                    <dep head="15-3" type="prep"/>
                </token>
                <token content="," id="15-9"/>
                <token content="I" id="15-10">
                    <pos type="PRP"/>
                    <lemma type="I"/>
                    <dep head="15-11" type="nsubj"/>
                </token>
                <token content="crossed" id="15-11">
                    <pos type="VBD"/>
                    <lemma type="cross"/>
                </token>
                <token content="it" id="15-12">
                    <pos type="PRP"/>
                    <lemma type="it"/>
                    <dep head="15-11" type="dobj"/>
                </token>
                <token content="off" id="15-13"/>
                <token content="my" id="15-14">
                    <pos type="PRP$"/>
                    <lemma type="my"/>
                </token>
                <token content="list" id="15-15">
                    <pos type="NN"/>
                    <lemma type="list"/>
                    <dep head="15-11" type="prep"/>
                </token>
                <token content="." id="15-16"/>
            </sentence>
            <sentence id="16">
                <token content="My" id="16-1">
                    <pos type="PRP$"/>
                    <lemma type="my"/>
                </token>
                <token content="last" id="16-2">
                    <pos type="JJ"/>
                    <lemma type="last"/>
                </token>
                <token content="stop" id="16-3">
                    <pos type="NN"/>
                    <lemma type="stop"/>
                </token>
                <token content="was" id="16-4">
                    <pos type="VBD"/>
                    <lemma type="be"/>
                </token>
                <token content="the" id="16-5">
                    <pos type="DT"/>
                    <lemma type="the"/>
                </token>
                <token content="dairy" id="16-6">
                    <pos type="NN"/>
                    <lemma type="dairy"/>
                </token>
                <token content="aisle" id="16-7">
                    <pos type="NN"/>
                    <lemma type="aisle"/>
                </token>
                <token content="where" id="16-8">
                    <pos type="WRB"/>
                    <lemma type="where"/>
                    <dep head="16-10" type="advmod"/>
                </token>
                <token content="I" id="16-9">
                    <pos type="PRP"/>
                    <lemma type="I"/>
                    <dep head="16-10" type="nsubj"/>
                </token>
                <token content="got" id="16-10">
                    <pos type="VBD"/>
                    <lemma type="get"/>
                </token>
                <token content="milk" id="16-11">
                    <pos type="NN"/>
                    <lemma type="milk"/>
                    <dep head="16-10" type="dobj"/>
                </token>
                <token content="and" id="16-12"/>
                <token content="eggs" id="16-13">
                    <pos type="NNS"/>
                    <lemma type="egg"/>
                </token>
                <token content="." id="16-14"/>
            </sentence>
            <sentence id="17">
                <token content="When" id="17-1">
                    <pos type="WRB"/>
                    <lemma type="when"/>
                    <dep head="17-3" type="advmod"/>
                </token>
                <token content="I" id="17-2">
                    <pos type="PRP"/>
                    <lemma type="I"/>
                    <dep head="17-3" type="nsubj"/>
                </token>
                <token content="had" id="17-3">
                    <pos type="VBD"/>
                    <lemma type="have"/>
                    <dep head="17-11" type="advcl"/>
                </token>
                <token content="all" id="17-4">
                    <pos type="PDT"/>
                    <lemma type="all"/>
                </token>
                <token content="the" id="17-5">
                    <pos type="DT"/>
                    <lemma type="the"/>
                </token>
                <token content="groceries" id="17-6">
                    <pos type="NNS"/>
                    <lemma type="grocery"/>
                    <dep head="17-3" type="dobj"/>
                </token>
                <token content="I" id="17-7">
                    <pos type="PRP"/>
                    <lemma type="I"/>
                    <dep head="17-8" type="nsubj"/>
                </token>
                <token content="wanted" id="17-8">
                    <pos type="VBD"/>
                    <lemma type="want"/>
                </token>
                <token content="," id="17-9"/>
                <token content="I" id="17-10">
                    <pos type="PRP"/>
                    <lemma type="I"/>
                    <dep head="17-11" type="nsubj"/>
                </token>
                <token content="went" id="17-11">
                    <pos type="VBD"/>
                    <lemma type="go"/>
                </token>
                <token content="to" id="17-12"/>
                <token content="the" id="17-13">
                    <pos type="DT"/>
                    <lemma type="the"/>
                </token>
                <token content="cash" id="17-14">
                    <pos type="NN"/>
                    <lemma type="cash"/>
                </token>
                <token content="register" id="17-15">
                    <pos type="NN"/>
                    <lemma type="register"/>
                </token>
                <token content="ans" id="17-16">
                    <pos type="NN"/>
                    <lemma type="an"/>
                    <dep head="17-11" type="prep"/>
                </token>
                <token content="stood" id="17-17">
                    <pos type="VBN"/>
                    <lemma type="stand"/>
                </token>
                <token content="in" id="17-18"/>
                <token content="line" id="17-19">
                    <pos type="NN"/>
                    <lemma type="line"/>
                    <dep head="17-17" type="prep"/>
                </token>
                <token content="." id="17-20"/>
            </sentence>
            <sentence id="18">
                <token content="When" id="18-1">
                    <pos type="WRB"/>
                    <lemma type="when"/>
                </token>
                <token content="it" id="18-2">
                    <pos type="PRP"/>
                    <lemma type="it"/>
                </token>
                <token content="was" id="18-3">
                    <pos type="VBD"/>
                    <lemma type="be"/>
                </token>
                <token content="my" id="18-4">
                    <pos type="PRP$"/>
                    <lemma type="my"/>
                </token>
                <token content="turn" id="18-5">
                    <pos type="NN"/>
                    <lemma type="turn"/>
                    <dep head="18-8" type="advcl"/>
                </token>
                <token content="," id="18-6"/>
                <token content="I" id="18-7">
                    <pos type="PRP"/>
                    <lemma type="I"/>
                    <dep head="18-8" type="nsubj"/>
                </token>
                <token content="put" id="18-8">
                    <pos type="VBD"/>
                    <lemma type="put"/>
                </token>
                <token content="each" id="18-9">
                    <pos type="DT"/>
                    <lemma type="each"/>
                </token>
                <token content="item" id="18-10">
                    <pos type="NN"/>
                    <lemma type="item"/>
                    <dep head="18-18" type="nsubj"/>
                </token>
                <token content="on" id="18-11"/>
                <token content="the" id="18-12">
                    <pos type="DT"/>
                    <lemma type="the"/>
                </token>
                <token content="conveyor" id="18-13">
                    <pos type="NN"/>
                    <lemma type="conveyor"/>
                </token>
                <token content="belt" id="18-14">
                    <pos type="NN"/>
                    <lemma type="belt"/>
                </token>
                <token content="and" id="18-15"/>
                <token content="the" id="18-16">
                    <pos type="DT"/>
                    <lemma type="the"/>
                </token>
                <token content="cashier" id="18-17">
                    <pos type="NN"/>
                    <lemma type="cashier"/>
                </token>
                <token content="scanned" id="18-18">
                    <pos type="VBD"/>
                    <lemma type="scan"/>
                    <dep head="18-8" type="ccomp"/>
                </token>
                <token content="each" id="18-19">
                    <pos type="DT"/>
                    <lemma type="each"/>
                </token>
                <token content="one" id="18-20">
                    <pos type="NN"/>
                    <lemma type="one"/>
                    <dep head="18-18" type="dobj"/>
                </token>
                <token content="." id="18-21"/>
            </sentence>
            <sentence id="19">
                <token content="A" id="19-1">
                    <pos type="DT"/>
                    <lemma type="a"/>
                </token>
                <token content="bagger" id="19-2">
                    <pos type="NN"/>
                    <lemma type="bagger"/>
                    <dep head="19-3" type="nsubj"/>
                </token>
                <token content="put" id="19-3">
                    <pos type="VBD"/>
                    <lemma type="put"/>
                </token>
                <token content="all" id="19-4">
                    <pos type="DT"/>
                    <lemma type="all"/>
                    <dep head="19-3" type="dobj"/>
                </token>
                <token content="of" id="19-5"/>
                <token content="the" id="19-6">
                    <pos type="DT"/>
                    <lemma type="the"/>
                </token>
                <token content="groceries" id="19-7">
                    <pos type="NNS"/>
                    <lemma type="grocery"/>
                </token>
                <token content="into" id="19-8"/>
                <token content="my" id="19-9">
                    <pos type="PRP$"/>
                    <lemma type="my"/>
                </token>
                <token content="reusable" id="19-10">
                    <pos type="JJ"/>
                    <lemma type="reusable"/>
                </token>
                <token content="bags" id="19-11">
                    <pos type="NNS"/>
                    <lemma type="bag"/>
                    <dep head="19-3" type="prep"/>
                </token>
                <token content="." id="19-12"/>
            </sentence>
            <sentence id="20">
                <token content="I" id="20-1">
                    <pos type="PRP"/>
                    <lemma type="I"/>
                    <dep head="20-2" type="nsubj"/>
                </token>
                <token content="paid" id="20-2">
                    <pos type="VBD"/>
                    <lemma type="pay"/>
                </token>
                <token content="," id="20-3"/>
                <token content="and" id="20-4"/>
                <token content="then" id="20-5">
                    <pos type="RB"/>
                    <lemma type="then"/>
                    <dep head="20-8" type="advmod"/>
                </token>
                <token content="the" id="20-6">
                    <pos type="DT"/>
                    <lemma type="the"/>
                </token>
                <token content="cashier" id="20-7">
                    <pos type="NN"/>
                    <lemma type="cashier"/>
                    <dep head="20-8" type="nsubj"/>
                </token>
                <token content="gave" id="20-8">
                    <pos type="VBD"/>
                    <lemma type="give"/>
                    <dep head="20-2" type="conj"/>
                </token>
                <token content="me" id="20-9">
                    <pos type="PRP"/>
                    <lemma type="I"/>
                    <dep head="20-8" type="iobj"/>
                </token>
                <token content="a" id="20-10">
                    <pos type="DT"/>
                    <lemma type="a"/>
                </token>
                <token content="receipt" id="20-11">
                    <pos type="NN"/>
                    <lemma type="receipt"/>
                    <dep head="20-8" type="dobj"/>
                </token>
                <token content="." id="20-12"/>
            </sentence>
            <sentence id="21">
                <token content="I" id="21-1">
                    <pos type="PRP"/>
                    <lemma type="I"/>
                    <dep head="21-2" type="nsubj"/>
                </token>
                <token content="loaded" id="21-2">
                    <pos type="VBD"/>
                    <lemma type="load"/>
                </token>
                <token content="the" id="21-3">
                    <pos type="DT"/>
                    <lemma type="the"/>
                </token>
                <token content="bags" id="21-4">
                    <pos type="NNS"/>
                    <lemma type="bag"/>
                    <dep head="21-2" type="dobj"/>
                </token>
                <token content="of" id="21-5"/>
                <token content="groceries" id="21-6">
                    <pos type="NNS"/>
                    <lemma type="grocery"/>
                </token>
                <token content="into" id="21-7"/>
                <token content="the" id="21-8">
                    <pos type="DT"/>
                    <lemma type="the"/>
                </token>
                <token content="trunk" id="21-9">
                    <pos type="NN"/>
                    <lemma type="trunk"/>
                    <dep head="21-2" type="prep"/>
                </token>
                <token content="of" id="21-10"/>
                <token content="my" id="21-11">
                    <pos type="PRP$"/>
                    <lemma type="my"/>
                </token>
                <token content="car" id="21-12">
                    <pos type="NN"/>
                    <lemma type="car"/>
                </token>
                <token content="and" id="21-13"/>
                <token content="drove" id="21-14">
                    <pos type="VBD"/>
                    <lemma type="drive"/>
                    <dep head="21-2" type="conj"/>
                </token>
                <token content="home" id="21-15">
                    <pos type="NN"/>
                    <lemma type="home"/>
                    <dep head="21-14" type="dobj"/>
                </token>
                <token content="." id="21-16"/>
            </sentence>
        </sentences>
    </text>
    <annotations>
        <participants>
            <label from="1-1" id="0" name="NPart" text="Yesterday" type="participant"/>
            <label from="1-2" id="1" name="ScrPart_shopper" text="I" type="participant"/>
            <label from="1-4" id="2" name="ScrPart_groceries" text="grocery" type="participant"/>
            <label from="2-1" id="3" name="ScrPart_shopper" text="I" type="participant"/>
            <label from="2-3" id="4" name="ScrPart_shopper" text="my" type="participant"/>
            <label from="2-4" id="5" name="ScrPart_grocery_list" text="grocery list" to="2-5" type="participant"/>
            <label from="2-5" id="6" name="ScrPart_grocery_list" text="list" type="participant"/>
            <label from="2-7" id="7" name="ScrPart_shopper" text="me" type="participant"/>
            <label from="2-13" id="8" name="ScrPart_shopping_bags" text="shopping bags" to="2-14" type="participant"/>
            <label from="2-14" id="9" name="ScrPart_shopping_bags" text="bags" type="participant"/>
            <label from="3-1" id="10" name="ScrPart_shopper" text="My" type="participant"/>
            <label from="3-2" id="11" name="ScrPart_grocery_list" text="grocery list" to="3-3" type="participant"/>
            <label from="3-3" id="12" name="ScrPart_grocery_list" text="list" type="participant"/>
            <label from="3-7" id="13" name="ScrPart_groceries" text="items" type="participant"/>
            <label from="3-8" id="14" name="ScrPart_shopper" text="I" type="participant"/>
            <label from="3-13" id="15" name="ScrPart_grocery_list" text="it" type="participant"/>
            <label from="4-1" id="16" name="ScrPart_shopper" text="I" type="participant"/>
            <label from="4-4" id="17" name="ScrPart_shopping_cart/basket" text="shopping cart" to="4-5" type="participant"/>
            <label from="4-5" id="18" name="ScrPart_shopping_cart/basket" text="cart" type="participant"/>
            <label from="4-8" id="19" name="Head_of_Partitive" text="front" type="participant"/>
            <label from="4-11" id="20" name="ScrPart_grocery_shop" text="store" type="participant"/>
            <label from="5-1" id="21" name="ScrPart_shopper" text="I" type="participant"/>
            <label from="5-3" id="22" name="ScrPart_shopper" text="my" type="participant"/>
            <label from="5-5" id="23" name="ScrPart_shopping_bags" text="bags" type="participant"/>
            <label from="5-8" id="24" name="ScrPart_shopping_cart/basket" text="cart" type="participant"/>
            <label from="6-1" id="25" name="ScrPart_shopper" text="I" type="participant"/>
            <label from="6-4" id="26" name="ScrPart_shopper" text="my" type="participant"/>
            <label from="6-5" id="27" name="ScrPart_grocery_list" text="list" type="participant"/>
            <label from="6-10" id="28" name="ScrPart_section" text="produce section" to="6-11" type="participant"/>
            <label from="6-11" id="29" name="ScrPart_section" text="section" type="participant"/>
            <label from="7-1" id="30" name="ScrPart_shopper" text="I" type="participant"/>
            <label from="7-4" id="31" name="ScrPart_groceries" text="vegetables" type="participant"/>
            <label from="7-6" id="32" name="ScrPart_groceries" text="fruits" type="participant"/>
            <label from="7-8" id="33" name="ScrPart_shopper" text="my" type="participant"/>
            <label from="7-9" id="34" name="ScrPart_shopping_cart/basket" text="cart" type="participant"/>
            <label from="8-2" id="35" name="ScrPart_shopper" text="I" type="participant"/>
            <label from="8-4" id="36" name="ScrPart_shopper" text="my" type="participant"/>
            <label from="8-5" id="37" name="ScrPart_shopping_cart/basket" text="cart" type="participant"/>
            <label from="8-8" id="38" name="ScrPart_section" text="cereal aisle" to="8-9" type="participant"/>
            <label from="8-9" id="39" name="ScrPart_section" text="aisle" type="participant"/>
            <label from="8-13" id="40" name="ScrPart_packing" text="box" type="participant"/>
            <label from="8-15" id="41" name="ScrPart_groceries" text="cereal" type="participant"/>
            <label from="9-1" id="42" name="ScrPart_shopper" text="I" type="participant"/>
            <label from="9-5" id="43" name="ScrPart_grocery_shop" text="store" type="participant"/>
            <label from="9-6" id="44" name="ScrPart_section" text="aisle" type="participant"/>
            <label from="9-8" id="45" name="ScrPart_section" text="aisle" type="participant"/>
            <label from="9-11" id="46" name="ScrPart_shopper" text="my" type="participant"/>
            <label from="9-12" id="47" name="ScrPart_groceries" text="groceries" type="participant"/>
            <label from="10-2" id="48" name="ScrPart_section" text="aisle" type="participant"/>
            <label from="10-6" id="49" name="Head_of_Partitive" text="types" type="participant"/>
            <label from="10-8" id="50" name="ScrPart_groceries" text="food" type="participant"/>
            <label from="10-11" id="51" name="ScrPart_groceries" text="items" type="participant"/>
            <label from="11-2" id="52" name="ScrPart_section" text="aisle" type="participant"/>
            <label from="11-5" id="53" name="ScrPart_groceries" text="pasta" type="participant"/>
            <label from="11-8" id="54" name="ScrPart_groceries" text="tomatoes" type="participant"/>
            <label from="11-10" id="55" name="ScrPart_groceries" text="rice" type="participant"/>
            <label from="11-13" id="56" name="ScrPart_groceries" text="sauce" type="participant"/>
            <label from="12-1" id="57" name="ScrPart_shopper" text="I" type="participant"/>
            <label from="12-5" id="58" name="ScrPart_packing" text="boxes" type="participant"/>
            <label from="12-7" id="59" name="ScrPart_groceries" text="pasta" type="participant"/>
            <label from="12-10" id="60" name="ScrPart_groceries" text="rice" type="participant"/>
            <label from="13-2" id="61" name="ScrPart_section" text="aisle" type="participant"/>
            <label from="13-4" id="62" name="ScrPart_groceries" text="plastic wrap" to="13-5" type="participant"/>
            <label from="13-5" id="63" name="ScrPart_groceries" text="wrap" type="participant"/>
            <label from="13-7" id="64" name="ScrPart_groceries" text="trash bags" to="13-8" type="participant"/>
            <label from="13-8" id="65" name="ScrPart_groceries" text="bags" type="participant"/>
            <label from="13-11" id="66" name="ScrPart_groceries" text="aluminum foil" to="13-12" type="participant"/>
            <label from="13-12" id="67" name="ScrPart_groceries" text="foil" type="participant"/>
            <label from="14-2" id="68" name="ScrPart_shopper" text="I" type="participant"/>
            <label from="14-6" id="69" name="ScrPart_grocery_shop" text="store" type="participant"/>
            <label from="14-8" id="70" name="ScrPart_shopper" text="I" type="participant"/>
            <label from="14-12" id="71" name="ScrPart_shopper" text="my" type="participant"/>
            <label from="14-13" id="72" name="ScrPart_grocery_list" text="list" type="participant"/>
            <label from="14-17" id="73" name="ScrPart_shopper" text="I" type="participant"/>
            <label from="15-2" id="74" name="ScrPart_shopper" text="I" type="participant"/>
            <label from="15-5" id="75" name="ScrPart_groceries" text="item" type="participant"/>
            <label from="15-7" id="76" name="ScrPart_shopper" text="my" type="participant"/>
            <label from="15-8" id="77" name="ScrPart_shopping_cart/basket" text="cart" type="participant"/>
            <label from="15-10" id="78" name="ScrPart_shopper" text="I" type="participant"/>
            <label from="15-12" id="79" name="ScrPart_groceries" text="it" type="participant"/>
            <label from="15-14" id="80" name="ScrPart_shopper" text="my" type="participant"/>
            <label from="15-15" id="81" name="ScrPart_grocery_list" text="list" type="participant"/>
            <label from="16-1" id="82" name="ScrPart_shopper" text="My" type="participant"/>
            <label from="16-3" id="83" name="No_label" text="stop" type="participant"/>
            <label from="16-6" id="84" name="ScrPart_section" text="dairy aisle" to="16-7" type="participant"/>
            <label from="16-7" id="85" name="ScrPart_section" text="aisle" type="participant"/>
            <label from="16-9" id="86" name="ScrPart_shopper" text="I" type="participant"/>
            <label from="16-11" id="87" name="ScrPart_groceries" text="milk" type="participant"/>
            <label from="16-13" id="88" name="ScrPart_groceries" text="eggs" type="participant"/>
            <label from="17-2" id="89" name="ScrPart_shopper" text="I" type="participant"/>
            <label from="17-6" id="90" name="ScrPart_groceries" text="groceries" type="participant"/>
            <label from="17-7" id="91" name="ScrPart_shopper" text="I" type="participant"/>
            <label from="17-10" id="92" name="ScrPart_shopper" text="I" type="participant"/>
            <label from="17-14" id="93" name="ScrPart_cash_desk" text="cash register" to="17-15" type="participant"/>
            <label from="17-15" id="94" name="ScrPart_cash_desk" text="register" type="participant"/>
            <label from="17-19" id="95" name="ScrPart_line" text="line" type="participant"/>
            <label from="18-2" id="96" name="No_label" text="it" type="participant"/>
            <label from="18-4" id="97" name="ScrPart_shopper" text="my" type="participant"/>
            <label from="18-5" id="98" name="No_label" text="turn" type="participant"/>
            <label from="18-7" id="99" name="ScrPart_shopper" text="I" type="participant"/>
            <label from="18-10" id="100" name="ScrPart_groceries" text="item" type="participant"/>
            <label from="18-13" id="101" name="ScrPart_conveyor_belt" text="conveyor belt" to="18-14" type="participant"/>
            <label from="18-14" id="102" name="ScrPart_conveyor_belt" text="belt" type="participant"/>
            <label from="18-17" id="103" name="ScrPart_grocery_staff" text="cashier" type="participant"/>
            <label from="18-20" id="104" name="ScrPart_groceries" text="one" type="participant"/>
            <label from="19-2" id="105" name="ScrPart_grocery_staff" text="bagger" type="participant"/>
            <label from="19-7" id="106" name="ScrPart_groceries" text="groceries" type="participant"/>
            <label from="19-9" id="107" name="ScrPart_shopper" text="my" type="participant"/>
            <label from="19-11" id="108" name="ScrPart_shopping_bags" text="bags" type="participant"/>
            <label from="20-1" id="109" name="ScrPart_shopper" text="I" type="participant"/>
            <label from="20-7" id="110" name="ScrPart_grocery_staff" text="cashier" type="participant"/>
            <label from="20-9" id="111" name="ScrPart_shopper" text="me" type="participant"/>
            <label from="20-11" id="112" name="ScrPart_receipt" text="receipt" type="participant"/>
            <label from="21-1" id="113" name="ScrPart_shopper" text="I" type="participant"/>
            <label from="21-4" id="114" name="ScrPart_shopping_bags" text="bags" type="participant"/>
            <label from="21-6" id="115" name="ScrPart_groceries" text="groceries" type="participant"/>
            <label from="21-9" id="116" name="NPart" text="trunk" type="participant"/>
            <label from="21-11" id="117" name="ScrPart_shopper" text="my" type="participant"/>
            <label from="21-12" id="118" name="ScrPart_vehicle" text="car" type="participant"/>
            <label from="21-15" id="119" name="NPart" text="home" type="participant"/>
        </participants>
        <events>
            <label from="1-3" id="120" name="Evoking" text="went grocery shopping" to="1-5" type="event"/>
            <label from="1-5" id="121" name="ScrEv_get_groceries" text="shopping" type="event"/>
            <label from="2-2" id="122" name="ScrEv_take_bags" text="took" type="event"/>
            <label from="3-4" id="123" name="UnrelEv" text="has" type="event"/>
            <label from="3-11" id="124" name="ScrEv_get_groceries" text="buy" type="event"/>
            <label from="4-2" id="125" name="ScrEv_take_shop_cart" text="selected" type="event"/>
            <label from="4-14" id="126" name="ScrEv_enter" text="went inside" to="4-15" type="event"/>
            <label from="5-2" id="127" name="RelNScrEv" text="put" type="event"/>
            <label from="6-2" id="128" name="ScrEv_check_list" text="looked" type="event"/>
            <label from="6-7" id="129" name="UnrelEv" text="started" type="event"/>
            <label from="7-2" id="130" name="ScrEv_get_groceries" text="put" type="event"/>
            <label from="8-3" id="131" name="ScrEv_move_section" text="wheeled" type="event"/>
            <label from="8-11" id="132" name="ScrEv_get_groceries" text="took" type="event"/>
            <label from="9-2" id="133" name="ScrEv_move_section" text="went" type="event"/>
            <label from="9-10" id="134" name="ScrEv_get_groceries" text="selected" type="event"/>
            <label from="10-4" id="135" name="UnrelEv" text="organized" type="event"/>
            <label from="11-3" id="136" name="UnrelEv" text="has" type="event"/>
            <label from="12-2" id="137" name="ScrEv_get_groceries" text="selected" type="event"/>
            <label from="13-3" id="138" name="UnrelEv" text="carries" type="event"/>
            <label from="14-3" id="139" name="ScrEv_move_section" text="went" type="event"/>
            <label from="14-10" id="140" name="ScrEv_check_list" text="looking" type="event"/>
            <label from="14-18" id="141" name="UnrelEv" text="needed" type="event"/>
            <label from="15-3" id="142" name="ScrEv_get_groceries" text="added" type="event"/>
            <label from="15-11" id="143" name="ScrEv_check_off" text="crossed" type="event"/>
            <label from="16-4" id="144" name="UnrelEv" text="was" type="event"/>
            <label from="16-10" id="145" name="ScrEv_get_groceries" text="got" type="event"/>
            <label from="17-3" id="146" name="UnrelEv" text="had" type="event"/>
            <label from="17-8" id="147" name="UnrelEv" text="wanted" type="event"/>
            <label from="17-11" id="148" name="ScrEv_go_checkout" text="went" type="event"/>
            <label from="17-17" id="149" name="ScrEv_wait" text="stood" type="event"/>
            <label from="18-3" id="150" name="UnrelEv" text="was" type="event"/>
            <label from="18-8" id="151" name="ScrEv_put_conveyor" text="put" type="event"/>
            <label from="18-18" id="152" name="ScrEv_cashier_scan/weight" text="scanned" type="event"/>
            <label from="19-3" id="153" name="ScrEv_pack_groceries" text="put" type="event"/>
            <label from="20-2" id="154" name="ScrEv_pay" text="paid" type="event"/>
            <label from="20-8" id="155" name="ScrEv_get_receipt" text="gave" type="event"/>
            <label from="21-2" id="156" name="ScrEv_bring_vehicle" text="loaded" type="event"/>
            <label from="21-14" id="157" name="ScrEv_leave" text="drove" type="event"/>
        </events>
        <chains>
            <chain elements="1 3 4 7 10 14 16 21 25 26 30 33 35 36 42 46 57 68 70 71 73 74 76 78 80 82 86 89 91 92 97 99 107 109 111 113 117 22"/>
            <chain elements="6 12 15 27 72 81"/>
            <chain elements="9 23 108 114"/>
            <chain elements="18 24 34 37 77"/>
            <chain elements="20 43 69"/>
            <chain elements="44 45 48"/>
            <chain elements="53 59"/>
            <chain elements="55 60"/>
            <chain elements="75 79"/>
            <chain elements="47 90 106 115 13"/>
            <chain elements="100 104"/>
            <chain elements="103 110"/>
        </chains>
    </annotations>
</story>
