<?xml version="1.0" encoding="UTF-8" standalone="no"?>
<!DOCTYPE story SYSTEM "../InScript.dtd">
<story id="002" scenario="grocery">
    <text>
        <content>We were running out of milk , so I made a list of other groceries we needed and drove to the store . 
I picked out a cart and went down the produce aisle first , picking out bananas and strawberries as I went . 
Lettuce , carrots , and zucchini were next on the list . 
I wanted to buy ice cream , but was afraid it would melt , so I passed the freezer aisle and went straight for the bread . 
It 's nice to have good fresh bread for sandwiches , is n't it ? 
Then came the cereal aisle . 
Oatmeal would make a good change for breakfast . 
Next came the dairy section : yogurt , cheese , butter and eggs were all on the list along with the milk that brought me to the store . 
Almost done , I swung back to the freezer aisle to grab that ice cream . 
Mmm , they had pralines and cream , yummy ! </content>
        <sentences>
            <sentence id="1">
                <token content="We" id="1-1">
                    <pos type="PRP"/>
                    <lemma type="we"/>
                    <dep head="1-3" type="nsubj"/>
                </token>
                <token content="were" id="1-2">
                    <pos type="VBD"/>
                    <lemma type="be"/>
                    <dep head="1-3" type="aux"/>
                </token>
                <token content="running" id="1-3">
                    <pos type="VBG"/>
                    <lemma type="run"/>
                </token>
                <token content="out" id="1-4"/>
                <token content="of" id="1-5"/>
                <token content="milk" id="1-6">
                    <pos type="NN"/>
                    <lemma type="milk"/>
                    <dep head="1-3" type="prep"/>
                </token>
                <token content="," id="1-7"/>
                <token content="so" id="1-8">
                    <pos type="IN"/>
                    <lemma type="so"/>
                    <dep head="1-10" type="mark"/>
                </token>
                <token content="I" id="1-9">
                    <pos type="PRP"/>
                    <lemma type="I"/>
                    <dep head="1-10" type="nsubj"/>
                </token>
                <token content="made" id="1-10">
                    <pos type="VBD"/>
                    <lemma type="make"/>
                    <dep head="1-3" type="advcl"/>
                </token>
                <token content="a" id="1-11">
                    <pos type="DT"/>
                    <lemma type="a"/>
                </token>
                <token content="list" id="1-12">
                    <pos type="NN"/>
                    <lemma type="list"/>
                    <dep head="1-10" type="dobj"/>
                </token>
                <token content="of" id="1-13"/>
                <token content="other" id="1-14">
                    <pos type="JJ"/>
                    <lemma type="other"/>
                </token>
                <token content="groceries" id="1-15">
                    <pos type="NNS"/>
                    <lemma type="grocery"/>
                </token>
                <token content="we" id="1-16">
                    <pos type="PRP"/>
                    <lemma type="we"/>
                    <dep head="1-17" type="nsubj"/>
                </token>
                <token content="needed" id="1-17">
                    <pos type="VBD"/>
                    <lemma type="need"/>
                </token>
                <token content="and" id="1-18"/>
                <token content="drove" id="1-19">
                    <pos type="VBD"/>
                    <lemma type="drive"/>
                    <dep head="1-17" type="conj"/>
                </token>
                <token content="to" id="1-20"/>
                <token content="the" id="1-21">
                    <pos type="DT"/>
                    <lemma type="the"/>
                </token>
                <token content="store" id="1-22">
                    <pos type="NN"/>
                    <lemma type="store"/>
                    <dep head="1-17" type="prep"/>
                </token>
                <token content="." id="1-23"/>
            </sentence>
            <sentence id="2">
                <token content="I" id="2-1">
                    <pos type="PRP"/>
                    <lemma type="I"/>
                    <dep head="2-2" type="nsubj"/>
                </token>
                <token content="picked" id="2-2">
                    <pos type="VBD"/>
                    <lemma type="pick"/>
                </token>
                <token content="out" id="2-3">
                    <pos type="RP"/>
                    <lemma type="out"/>
                    <dep head="2-2" type="prt"/>
                </token>
                <token content="a" id="2-4">
                    <pos type="DT"/>
                    <lemma type="a"/>
                </token>
                <token content="cart" id="2-5">
                    <pos type="NN"/>
                    <lemma type="cart"/>
                    <dep head="2-2" type="dobj"/>
                </token>
                <token content="and" id="2-6"/>
                <token content="went" id="2-7">
                    <pos type="VBD"/>
                    <lemma type="go"/>
                    <dep head="2-2" type="conj"/>
                </token>
                <token content="down" id="2-8"/>
                <token content="the" id="2-9">
                    <pos type="DT"/>
                    <lemma type="the"/>
                </token>
                <token content="produce" id="2-10">
                    <pos type="NN"/>
                    <lemma type="produce"/>
                </token>
                <token content="aisle" id="2-11">
                    <pos type="NN"/>
                    <lemma type="aisle"/>
                    <dep head="2-7" type="prep"/>
                </token>
                <token content="first" id="2-12">
                    <pos type="RB"/>
                    <lemma type="first"/>
                    <dep head="2-7" type="advmod"/>
                </token>
                <token content="," id="2-13"/>
                <token content="picking" id="2-14">
                    <pos type="VBG"/>
                    <lemma type="pick"/>
                    <dep head="2-7" type="xcomp"/>
                </token>
                <token content="out" id="2-15">
                    <pos type="RP"/>
                    <lemma type="out"/>
                    <dep head="2-14" type="prt"/>
                </token>
                <token content="bananas" id="2-16">
                    <pos type="NNS"/>
                    <lemma type="banana"/>
                    <dep head="2-14" type="dobj"/>
                </token>
                <token content="and" id="2-17"/>
                <token content="strawberries" id="2-18">
                    <pos type="NNS"/>
                    <lemma type="strawberry"/>
                </token>
                <token content="as" id="2-19">
                    <pos type="IN"/>
                    <lemma type="as"/>
                    <dep head="2-21" type="mark"/>
                </token>
                <token content="I" id="2-20">
                    <pos type="PRP"/>
                    <lemma type="I"/>
                    <dep head="2-21" type="nsubj"/>
                </token>
                <token content="went" id="2-21">
                    <pos type="VBD"/>
                    <lemma type="go"/>
                    <dep head="2-7" type="advcl"/>
                </token>
                <token content="." id="2-22"/>
            </sentence>
            <sentence id="3">
                <token content="Lettuce" id="3-1">
                    <pos type="NNP"/>
                    <lemma type="Lettuce"/>
                </token>
                <token content="," id="3-2"/>
                <token content="carrots" id="3-3">
                    <pos type="NNS"/>
                    <lemma type="carrot"/>
                </token>
                <token content="," id="3-4"/>
                <token content="and" id="3-5"/>
                <token content="zucchini" id="3-6">
                    <pos type="NNS"/>
                    <lemma type="zucchini"/>
                </token>
                <token content="were" id="3-7">
                    <pos type="VBD"/>
                    <lemma type="be"/>
                </token>
                <token content="next" id="3-8">
                    <pos type="JJ"/>
                    <lemma type="next"/>
                </token>
                <token content="on" id="3-9"/>
                <token content="the" id="3-10">
                    <pos type="DT"/>
                    <lemma type="the"/>
                </token>
                <token content="list" id="3-11">
                    <pos type="NN"/>
                    <lemma type="list"/>
                </token>
                <token content="." id="3-12"/>
            </sentence>
            <sentence id="4">
                <token content="I" id="4-1">
                    <pos type="PRP"/>
                    <lemma type="I"/>
                    <dep head="4-2" type="nsubj"/>
                </token>
                <token content="wanted" id="4-2">
                    <pos type="VBD"/>
                    <lemma type="want"/>
                </token>
                <token content="to" id="4-3">
                    <pos type="TO"/>
                    <lemma type="to"/>
                    <dep head="4-4" type="aux"/>
                </token>
                <token content="buy" id="4-4">
                    <pos type="VB"/>
                    <lemma type="buy"/>
                    <dep head="4-2" type="xcomp"/>
                </token>
                <token content="ice" id="4-5">
                    <pos type="NN"/>
                    <lemma type="ice"/>
                </token>
                <token content="cream" id="4-6">
                    <pos type="NN"/>
                    <lemma type="cream"/>
                    <dep head="4-4" type="dobj"/>
                </token>
                <token content="," id="4-7"/>
                <token content="but" id="4-8"/>
                <token content="was" id="4-9">
                    <pos type="VBD"/>
                    <lemma type="be"/>
                </token>
                <token content="afraid" id="4-10">
                    <pos type="JJ"/>
                    <lemma type="afraid"/>
                    <dep head="4-2" type="conj"/>
                </token>
                <token content="it" id="4-11">
                    <pos type="PRP"/>
                    <lemma type="it"/>
                    <dep head="4-13" type="nsubj"/>
                </token>
                <token content="would" id="4-12">
                    <pos type="MD"/>
                    <lemma type="would"/>
                    <dep head="4-13" type="aux"/>
                </token>
                <token content="melt" id="4-13">
                    <pos type="VB"/>
                    <lemma type="melt"/>
                </token>
                <token content="," id="4-14"/>
                <token content="so" id="4-15">
                    <pos type="IN"/>
                    <lemma type="so"/>
                    <dep head="4-2" type="dep"/>
                </token>
                <token content="I" id="4-16">
                    <pos type="PRP"/>
                    <lemma type="I"/>
                    <dep head="4-17" type="nsubj"/>
                </token>
                <token content="passed" id="4-17">
                    <pos type="VBD"/>
                    <lemma type="pass"/>
                    <dep head="4-2" type="parataxis"/>
                </token>
                <token content="the" id="4-18">
                    <pos type="DT"/>
                    <lemma type="the"/>
                </token>
                <token content="freezer" id="4-19">
                    <pos type="NN"/>
                    <lemma type="freezer"/>
                </token>
                <token content="aisle" id="4-20">
                    <pos type="NN"/>
                    <lemma type="aisle"/>
                    <dep head="4-17" type="dobj"/>
                </token>
                <token content="and" id="4-21"/>
                <token content="went" id="4-22">
                    <pos type="VBD"/>
                    <lemma type="go"/>
                    <dep head="4-17" type="conj"/>
                </token>
                <token content="straight" id="4-23">
                    <pos type="RB"/>
                    <lemma type="straight"/>
                    <dep head="4-22" type="advmod"/>
                </token>
                <token content="for" id="4-24"/>
                <token content="the" id="4-25">
                    <pos type="DT"/>
                    <lemma type="the"/>
                </token>
                <token content="bread" id="4-26">
                    <pos type="NN"/>
                    <lemma type="bread"/>
                    <dep head="4-22" type="prep"/>
                </token>
                <token content="." id="4-27"/>
            </sentence>
            <sentence id="5">
                <token content="It" id="5-1">
                    <pos type="PRP"/>
                    <lemma type="it"/>
                </token>
                <token content="'s" id="5-2">
                    <pos type="VBZ"/>
                    <lemma type="be"/>
                </token>
                <token content="nice" id="5-3">
                    <pos type="JJ"/>
                    <lemma type="nice"/>
                    <dep head="5-12" type="ccomp"/>
                </token>
                <token content="to" id="5-4">
                    <pos type="TO"/>
                    <lemma type="to"/>
                    <dep head="5-5" type="aux"/>
                </token>
                <token content="have" id="5-5">
                    <pos type="VB"/>
                    <lemma type="have"/>
                </token>
                <token content="good" id="5-6">
                    <pos type="JJ"/>
                    <lemma type="good"/>
                </token>
                <token content="fresh" id="5-7">
                    <pos type="JJ"/>
                    <lemma type="fresh"/>
                </token>
                <token content="bread" id="5-8">
                    <pos type="NN"/>
                    <lemma type="bread"/>
                    <dep head="5-5" type="dobj"/>
                </token>
                <token content="for" id="5-9"/>
                <token content="sandwiches" id="5-10">
                    <pos type="NNS"/>
                    <lemma type="sandwich"/>
                </token>
                <token content="," id="5-11"/>
                <token content="is" id="5-12">
                    <pos type="VBZ"/>
                    <lemma type="be"/>
                </token>
                <token content="n't" id="5-13">
                    <pos type="RB"/>
                    <lemma type="not"/>
                    <dep head="5-12" type="neg"/>
                </token>
                <token content="it" id="5-14">
                    <pos type="PRP"/>
                    <lemma type="it"/>
                    <dep head="5-12" type="nsubj"/>
                </token>
                <token content="?" id="5-15"/>
            </sentence>
            <sentence id="6">
                <token content="Then" id="6-1">
                    <pos type="RB"/>
                    <lemma type="then"/>
                    <dep head="6-2" type="advmod"/>
                </token>
                <token content="came" id="6-2">
                    <pos type="VBD"/>
                    <lemma type="come"/>
                </token>
                <token content="the" id="6-3">
                    <pos type="DT"/>
                    <lemma type="the"/>
                </token>
                <token content="cereal" id="6-4">
                    <pos type="NN"/>
                    <lemma type="cereal"/>
                </token>
                <token content="aisle" id="6-5">
                    <pos type="NN"/>
                    <lemma type="aisle"/>
                    <dep head="6-2" type="nsubj"/>
                </token>
                <token content="." id="6-6"/>
            </sentence>
            <sentence id="7">
                <token content="Oatmeal" id="7-1">
                    <pos type="NNP"/>
                    <lemma type="Oatmeal"/>
                    <dep head="7-3" type="nsubj"/>
                </token>
                <token content="would" id="7-2">
                    <pos type="MD"/>
                    <lemma type="would"/>
                    <dep head="7-3" type="aux"/>
                </token>
                <token content="make" id="7-3">
                    <pos type="VB"/>
                    <lemma type="make"/>
                </token>
                <token content="a" id="7-4">
                    <pos type="DT"/>
                    <lemma type="a"/>
                </token>
                <token content="good" id="7-5">
                    <pos type="JJ"/>
                    <lemma type="good"/>
                </token>
                <token content="change" id="7-6">
                    <pos type="NN"/>
                    <lemma type="change"/>
                    <dep head="7-3" type="dobj"/>
                </token>
                <token content="for" id="7-7"/>
                <token content="breakfast" id="7-8">
                    <pos type="NN"/>
                    <lemma type="breakfast"/>
                </token>
                <token content="." id="7-9"/>
            </sentence>
            <sentence id="8">
                <token content="Next" id="8-1">
                    <pos type="NNP"/>
                    <lemma type="Next"/>
                    <dep head="8-2" type="nsubj"/>
                </token>
                <token content="came" id="8-2">
                    <pos type="VBD"/>
                    <lemma type="come"/>
                </token>
                <token content="the" id="8-3">
                    <pos type="DT"/>
                    <lemma type="the"/>
                </token>
                <token content="dairy" id="8-4">
                    <pos type="NN"/>
                    <lemma type="dairy"/>
                </token>
                <token content="section" id="8-5">
                    <pos type="NN"/>
                    <lemma type="section"/>
                    <dep head="8-2" type="dobj"/>
                </token>
                <token content=":" id="8-6"/>
                <token content="yogurt" id="8-7">
                    <pos type="NN"/>
                    <lemma type="yogurt"/>
                </token>
                <token content="," id="8-8"/>
                <token content="cheese" id="8-9">
                    <pos type="NN"/>
                    <lemma type="cheese"/>
                </token>
                <token content="," id="8-10"/>
                <token content="butter" id="8-11">
                    <pos type="NN"/>
                    <lemma type="butter"/>
                </token>
                <token content="and" id="8-12"/>
                <token content="eggs" id="8-13">
                    <pos type="NNS"/>
                    <lemma type="egg"/>
                </token>
                <token content="were" id="8-14">
                    <pos type="VBD"/>
                    <lemma type="be"/>
                </token>
                <token content="all" id="8-15">
                    <pos type="DT"/>
                    <lemma type="all"/>
                    <dep head="8-2" type="parataxis"/>
                </token>
                <token content="on" id="8-16"/>
                <token content="the" id="8-17">
                    <pos type="DT"/>
                    <lemma type="the"/>
                </token>
                <token content="list" id="8-18">
                    <pos type="NN"/>
                    <lemma type="list"/>
                </token>
                <token content="along" id="8-19"/>
                <token content="with" id="8-20"/>
                <token content="the" id="8-21">
                    <pos type="DT"/>
                    <lemma type="the"/>
                </token>
                <token content="milk" id="8-22">
                    <pos type="NN"/>
                    <lemma type="milk"/>
                </token>
                <token content="that" id="8-23">
                    <pos type="WDT"/>
                    <lemma type="that"/>
                    <dep head="8-24" type="nsubj"/>
                </token>
                <token content="brought" id="8-24">
                    <pos type="VBD"/>
                    <lemma type="bring"/>
                </token>
                <token content="me" id="8-25">
                    <pos type="PRP"/>
                    <lemma type="I"/>
                    <dep head="8-24" type="dobj"/>
                </token>
                <token content="to" id="8-26"/>
                <token content="the" id="8-27">
                    <pos type="DT"/>
                    <lemma type="the"/>
                </token>
                <token content="store" id="8-28">
                    <pos type="NN"/>
                    <lemma type="store"/>
                    <dep head="8-24" type="prep"/>
                </token>
                <token content="." id="8-29"/>
            </sentence>
            <sentence id="9">
                <token content="Almost" id="9-1">
                    <pos type="RB"/>
                    <lemma type="almost"/>
                </token>
                <token content="done" id="9-2">
                    <pos type="RB"/>
                    <lemma type="done"/>
                    <dep head="9-5" type="advmod"/>
                </token>
                <token content="," id="9-3"/>
                <token content="I" id="9-4">
                    <pos type="PRP"/>
                    <lemma type="I"/>
                    <dep head="9-5" type="nsubj"/>
                </token>
                <token content="swung" id="9-5">
                    <pos type="VBD"/>
                    <lemma type="swing"/>
                </token>
                <token content="back" id="9-6">
                    <pos type="RB"/>
                    <lemma type="back"/>
                    <dep head="9-5" type="advmod"/>
                </token>
                <token content="to" id="9-7"/>
                <token content="the" id="9-8">
                    <pos type="DT"/>
                    <lemma type="the"/>
                </token>
                <token content="freezer" id="9-9">
                    <pos type="NN"/>
                    <lemma type="freezer"/>
                </token>
                <token content="aisle" id="9-10">
                    <pos type="NN"/>
                    <lemma type="aisle"/>
                    <dep head="9-5" type="prep"/>
                </token>
                <token content="to" id="9-11">
                    <pos type="TO"/>
                    <lemma type="to"/>
                    <dep head="9-12" type="aux"/>
                </token>
                <token content="grab" id="9-12">
                    <pos type="VB"/>
                    <lemma type="grab"/>
                    <dep head="9-5" type="xcomp"/>
                </token>
                <token content="that" id="9-13">
                    <pos type="DT"/>
                    <lemma type="that"/>
                </token>
                <token content="ice" id="9-14">
                    <pos type="NN"/>
                    <lemma type="ice"/>
                </token>
                <token content="cream" id="9-15">
                    <pos type="NN"/>
                    <lemma type="cream"/>
                    <dep head="9-12" type="dobj"/>
                </token>
                <token content="." id="9-16"/>
            </sentence>
            <sentence id="10">
                <token content="Mmm" id="10-1">
                    <pos type="RB"/>
                    <lemma type="mmm"/>
                    <dep head="10-4" type="advmod"/>
                </token>
                <token content="," id="10-2"/>
                <token content="they" id="10-3">
                    <pos type="PRP"/>
                    <lemma type="they"/>
                    <dep head="10-4" type="nsubj"/>
                </token>
                <token content="had" id="10-4">
                    <pos type="VBD"/>
                    <lemma type="have"/>
                </token>
                <token content="pralines" id="10-5">
                    <pos type="NNS"/>
                    <lemma type="praline"/>
                    <dep head="10-4" type="dobj"/>
                </token>
                <token content="and" id="10-6"/>
                <token content="cream" id="10-7">
                    <pos type="NN"/>
                    <lemma type="cream"/>
                </token>
                <token content="," id="10-8"/>
                <token content="yummy" id="10-9">
                    <pos type="RB"/>
                    <lemma type="yummy"/>
                    <dep head="10-4" type="advmod"/>
                </token>
                <token content="!" id="10-10"/>
            </sentence>
        </sentences>
    </text>
    <annotations>
        <participants>
            <label from="1-1" id="0" name="NPart" text="We" type="participant"/>
            <label from="1-6" id="1" name="ScrPart_groceries" text="milk" type="participant"/>
            <label from="1-9" id="2" name="ScrPart_shopper" text="I" type="participant"/>
            <label from="1-12" id="3" name="ScrPart_grocery_list" text="list" type="participant"/>
            <label from="1-15" id="4" name="ScrPart_groceries" text="groceries" type="participant"/>
            <label from="1-16" id="5" name="NPart" text="we" type="participant"/>
            <label from="1-22" id="6" name="ScrPart_grocery_shop" text="store" type="participant"/>
            <label from="2-1" id="7" name="ScrPart_shopper" text="I" type="participant"/>
            <label from="2-5" id="8" name="ScrPart_shopping_cart/basket" text="cart" type="participant"/>
            <label from="2-10" id="9" name="ScrPart_section" text="produce aisle" to="2-11" type="participant"/>
            <label from="2-11" id="10" name="ScrPart_section" text="aisle" type="participant"/>
            <label from="2-16" id="11" name="ScrPart_groceries" text="bananas" type="participant"/>
            <label from="2-18" id="12" name="ScrPart_groceries" text="strawberries" type="participant"/>
            <label from="2-20" id="13" name="ScrPart_shopper" text="I" type="participant"/>
            <label from="3-1" id="14" name="ScrPart_groceries" text="Lettuce" type="participant"/>
            <label from="3-3" id="15" name="ScrPart_groceries" text="carrots" type="participant"/>
            <label from="3-6" id="16" name="ScrPart_groceries" text="zucchini" type="participant"/>
            <label from="3-11" id="17" name="ScrPart_grocery_list" text="list" type="participant"/>
            <label from="4-1" id="18" name="ScrPart_shopper" text="I" type="participant"/>
            <label from="4-5" id="19" name="ScrPart_groceries" text="ice cream" to="4-6" type="participant"/>
            <label from="4-11" id="20" name="ScrPart_groceries" text="it" type="participant"/>
            <label from="4-16" id="21" name="ScrPart_shopper" text="I" type="participant"/>
            <label from="4-19" id="22" name="ScrPart_section" text="freezer aisle" to="4-20" type="participant"/>
            <label from="4-20" id="23" name="ScrPart_section" text="aisle" type="participant"/>
            <label from="4-26" id="24" name="ScrPart_groceries" text="bread" type="participant"/>
            <label from="5-1" id="25" name="No_label" text="It" type="participant"/>
            <label from="5-8" id="26" name="ScrPart_groceries" text="bread" type="participant"/>
            <label from="5-10" id="27" name="NPart" text="sandwiches" type="participant"/>
            <label from="5-14" id="28" name="No_label" text="it" type="participant"/>
            <label from="6-4" id="29" name="ScrPart_section" text="cereal aisle" to="6-5" type="participant"/>
            <label from="6-5" id="30" name="ScrPart_section" text="aisle" type="participant"/>
            <label from="7-1" id="31" name="ScrPart_groceries" text="Oatmeal" type="participant"/>
            <label from="7-6" id="32" name="No_label" text="change" type="participant"/>
            <label from="7-8" id="33" name="NPart" text="breakfast" type="participant"/>
            <label from="8-4" id="34" name="ScrPart_section" text="dairy section" to="8-5" type="participant"/>
            <label from="8-5" id="35" name="ScrPart_section" text="section" type="participant"/>
            <label from="8-7" id="36" name="ScrPart_groceries" text="yogurt" type="participant"/>
            <label from="8-9" id="37" name="ScrPart_groceries" text="cheese" type="participant"/>
            <label from="8-11" id="38" name="ScrPart_groceries" text="butter" type="participant"/>
            <label from="8-13" id="39" name="ScrPart_groceries" text="eggs" type="participant"/>
            <label from="8-18" id="40" name="ScrPart_grocery_list" text="list" type="participant"/>
            <label from="8-22" id="41" name="ScrPart_groceries" text="milk" type="participant"/>
            <label from="8-25" id="42" name="ScrPart_shopper" text="me" type="participant"/>
            <label from="8-28" id="43" name="ScrPart_grocery_shop" text="store" type="participant"/>
            <label from="9-4" id="44" name="ScrPart_shopper" text="I" type="participant"/>
            <label from="9-9" id="45" name="ScrPart_section" text="freezer aisle" to="9-10" type="participant"/>
            <label from="9-10" id="46" name="ScrPart_section" text="aisle" type="participant"/>
            <label from="9-14" id="47" name="ScrPart_groceries" text="ice cream" to="9-15" type="participant"/>
            <label from="10-1" id="48" name="No_label" text="Mmm" type="participant"/>
            <label from="10-3" id="49" name="ScrPart_grocery_shop" text="they" type="participant"/>
            <label from="10-5" id="50" name="ScrPart_groceries" text="pralines" type="participant"/>
            <label from="10-7" id="51" name="ScrPart_groceries" text="cream" type="participant"/>
        </participants>
        <events>
            <label from="1-3" id="52" name="UnrelEv" text="running" type="event"/>
            <label from="1-10" id="53" name="ScrEv_make_list" text="made" type="event"/>
            <label from="1-17" id="54" name="UnrelEv" text="needed" type="event"/>
            <label from="1-19" id="55" name="ScrEv_go_grocery" text="drove" type="event"/>
            <label from="2-2" id="56" name="ScrEv_take_shop_cart" text="picked" type="event"/>
            <label from="2-7" id="57" name="ScrEv_move_section" text="went" type="event"/>
            <label from="2-14" id="58" name="ScrEv_get_groceries" text="picking" type="event"/>
            <label from="2-21" id="59" name="ScrEv_move_section" text="went" type="event"/>
            <label from="3-7" id="60" name="UnrelEv" text="were" type="event"/>
            <label from="4-4" id="61" name="ScrEv_get_groceries" text="buy" type="event"/>
            <label from="4-9" id="62" name="UnrelEv" text="was" type="event"/>
            <label from="4-13" id="63" name="UnrelEv" text="melt" type="event"/>
            <label from="4-17" id="64" name="ScrEv_move_section" text="passed" type="event"/>
            <label from="4-22" id="65" name="ScrEv_move_section" text="went" type="event"/>
            <label from="5-2" id="66" name="UnrelEv" text="'s" type="event"/>
            <label from="5-5" id="67" name="UnrelEv" text="have" type="event"/>
            <label from="5-12" id="68" name="UnrelEv" text="is" type="event"/>
            <label from="6-2" id="69" name="ScrEv_move_section" text="came" type="event"/>
            <label from="7-3" id="70" name="UnrelEv" text="make" type="event"/>
            <label from="8-2" id="71" name="ScrEv_move_section" text="came" type="event"/>
            <label from="8-14" id="72" name="UnrelEv" text="were" type="event"/>
            <label from="8-24" id="73" name="UnrelEv" text="brought" type="event"/>
            <label from="9-5" id="74" name="ScrEv_move_section" text="swung" type="event"/>
            <label from="9-12" id="75" name="ScrEv_get_groceries" text="grab" type="event"/>
            <label from="10-4" id="76" name="UnrelEv" text="had" type="event"/>
        </events>
        <chains>
            <chain elements="0 5"/>
            <chain elements="2 7 13 18 21 42 44"/>
            <chain elements="3 17 40"/>
            <chain elements="19 20 47"/>
            <chain elements="24 26"/>
            <chain elements="1 41"/>
            <chain elements="6 43 49"/>
            <chain elements="23 46"/>
        </chains>
    </annotations>
</story>
