<?xml version="1.0" encoding="UTF-8" standalone="no"?>
<!DOCTYPE story SYSTEM "../InScript.dtd">
<story id="025" scenario="grocery">
    <text>
        <content>Every Sunday I check our pantry , fridge and freezer to see what I need to buy from the grocery store . 
I also have to check the pet supplies as I have dogs and cats that eat a lot ! 
I carry a piece of paper with me and write down what I need to get . 
I also have an idea of what meals I intend to cook during the week and what ingredients I will need to make those meals , so I add them to the list . 
I know which store or stores I am going to visit and I know the layout of the store so I try and make my list in the same order that the items will be found once I get there . 
I pick up a cart on the way into the store and head for the first aisle that I need to visit . 
Most supermarkets have their frozen foods at one end so I start at the other end as it is best to buy frozen items last so they do n't start to melt while I 'm walking round the store . 
I work my way through my shopping list , selecting items off the shelf and placing them into my cart , trying not to squash lighter things under heavy things and also making sure I buy items that have a use by date that is later than the day I intend to use them . 
I am also keeping an approximate idea of how much everything costs so I have some idea of my total bill . 
When I am done with everything I wait at a checkout . 
There is nearly always someone in front of me but the checkout people work fast and I never wait for long . 
I place all my items on the conveyor belt and the person on the checkout counter scans them for prices . 
The prices all add up on a screen in front of me so I can see how much I am spending . 
While the checkout person scans my items another shop assistant packs all my items carefully into bags and places them back in my cart . 
When I am finished I am always asked if I need any help taking my bags to the car but I always refuse as I think other people in the store need help more than I do . 
I load the car and drive home and then have to put everything into the pantry , freezer or refrigerator . 
That is my least favorite part of grocery shopping ! </content>
        <sentences>
            <sentence id="1">
                <token content="Every" id="1-1">
                    <pos type="DT"/>
                    <lemma type="every"/>
                </token>
                <token content="Sunday" id="1-2">
                    <pos type="NNP"/>
                    <lemma type="Sunday"/>
                    <dep head="1-4" type="tmod"/>
                </token>
                <token content="I" id="1-3">
                    <pos type="PRP"/>
                    <lemma type="I"/>
                    <dep head="1-4" type="nsubj"/>
                </token>
                <token content="check" id="1-4">
                    <pos type="VBP"/>
                    <lemma type="check"/>
                </token>
                <token content="our" id="1-5">
                    <pos type="PRP$"/>
                    <lemma type="we"/>
                </token>
                <token content="pantry" id="1-6">
                    <pos type="NNS"/>
                    <lemma type="pantry"/>
                    <dep head="1-4" type="dobj"/>
                </token>
                <token content="," id="1-7"/>
                <token content="fridge" id="1-8">
                    <pos type="NN"/>
                    <lemma type="fridge"/>
                </token>
                <token content="and" id="1-9"/>
                <token content="freezer" id="1-10">
                    <pos type="NN"/>
                    <lemma type="freezer"/>
                </token>
                <token content="to" id="1-11">
                    <pos type="TO"/>
                    <lemma type="to"/>
                    <dep head="1-12" type="aux"/>
                </token>
                <token content="see" id="1-12">
                    <pos type="VB"/>
                    <lemma type="see"/>
                    <dep head="1-4" type="vmod"/>
                </token>
                <token content="what" id="1-13">
                    <pos type="WP"/>
                    <lemma type="what"/>
                    <dep head="1-15" type="dobj"/>
                </token>
                <token content="I" id="1-14">
                    <pos type="PRP"/>
                    <lemma type="I"/>
                    <dep head="1-15" type="nsubj"/>
                </token>
                <token content="need" id="1-15">
                    <pos type="VBP"/>
                    <lemma type="need"/>
                    <dep head="1-12" type="ccomp"/>
                </token>
                <token content="to" id="1-16">
                    <pos type="TO"/>
                    <lemma type="to"/>
                    <dep head="1-17" type="aux"/>
                </token>
                <token content="buy" id="1-17">
                    <pos type="VB"/>
                    <lemma type="buy"/>
                    <dep head="1-15" type="xcomp"/>
                </token>
                <token content="from" id="1-18"/>
                <token content="the" id="1-19">
                    <pos type="DT"/>
                    <lemma type="the"/>
                </token>
                <token content="grocery" id="1-20">
                    <pos type="NN"/>
                    <lemma type="grocery"/>
                </token>
                <token content="store" id="1-21">
                    <pos type="NN"/>
                    <lemma type="store"/>
                    <dep head="1-17" type="prep"/>
                </token>
                <token content="." id="1-22"/>
            </sentence>
            <sentence id="2">
                <token content="I" id="2-1">
                    <pos type="PRP"/>
                    <lemma type="I"/>
                    <dep head="2-3" type="nsubj"/>
                </token>
                <token content="also" id="2-2">
                    <pos type="RB"/>
                    <lemma type="also"/>
                    <dep head="2-3" type="advmod"/>
                </token>
                <token content="have" id="2-3">
                    <pos type="VBP"/>
                    <lemma type="have"/>
                </token>
                <token content="to" id="2-4">
                    <pos type="TO"/>
                    <lemma type="to"/>
                    <dep head="2-5" type="aux"/>
                </token>
                <token content="check" id="2-5">
                    <pos type="VB"/>
                    <lemma type="check"/>
                    <dep head="2-3" type="xcomp"/>
                </token>
                <token content="the" id="2-6">
                    <pos type="DT"/>
                    <lemma type="the"/>
                </token>
                <token content="pet" id="2-7">
                    <pos type="JJ"/>
                    <lemma type="pet"/>
                </token>
                <token content="supplies" id="2-8">
                    <pos type="NNS"/>
                    <lemma type="supplies"/>
                    <dep head="2-5" type="dobj"/>
                </token>
                <token content="as" id="2-9">
                    <pos type="IN"/>
                    <lemma type="as"/>
                    <dep head="2-11" type="mark"/>
                </token>
                <token content="I" id="2-10">
                    <pos type="PRP"/>
                    <lemma type="I"/>
                    <dep head="2-11" type="nsubj"/>
                </token>
                <token content="have" id="2-11">
                    <pos type="VBP"/>
                    <lemma type="have"/>
                    <dep head="2-5" type="advcl"/>
                </token>
                <token content="dogs" id="2-12">
                    <pos type="NNS"/>
                    <lemma type="dog"/>
                    <dep head="2-11" type="dobj"/>
                </token>
                <token content="and" id="2-13"/>
                <token content="cats" id="2-14">
                    <pos type="NNS"/>
                    <lemma type="cat"/>
                </token>
                <token content="that" id="2-15">
                    <pos type="WDT"/>
                    <lemma type="that"/>
                    <dep head="2-16" type="nsubj"/>
                </token>
                <token content="eat" id="2-16">
                    <pos type="VBP"/>
                    <lemma type="eat"/>
                </token>
                <token content="a" id="2-17">
                    <pos type="DT"/>
                    <lemma type="a"/>
                </token>
                <token content="lot" id="2-18">
                    <pos type="NN"/>
                    <lemma type="lot"/>
                    <dep head="2-16" type="dobj"/>
                </token>
                <token content="!" id="2-19"/>
            </sentence>
            <sentence id="3">
                <token content="I" id="3-1">
                    <pos type="PRP"/>
                    <lemma type="I"/>
                    <dep head="3-2" type="nsubj"/>
                </token>
                <token content="carry" id="3-2">
                    <pos type="VB"/>
                    <lemma type="carry"/>
                </token>
                <token content="a" id="3-3">
                    <pos type="DT"/>
                    <lemma type="a"/>
                </token>
                <token content="piece" id="3-4">
                    <pos type="NN"/>
                    <lemma type="piece"/>
                    <dep head="3-2" type="dobj"/>
                </token>
                <token content="of" id="3-5"/>
                <token content="paper" id="3-6">
                    <pos type="NN"/>
                    <lemma type="paper"/>
                </token>
                <token content="with" id="3-7"/>
                <token content="me" id="3-8">
                    <pos type="PRP"/>
                    <lemma type="I"/>
                    <dep head="3-2" type="prep"/>
                </token>
                <token content="and" id="3-9"/>
                <token content="write" id="3-10">
                    <pos type="VB"/>
                    <lemma type="write"/>
                    <dep head="3-2" type="conj"/>
                </token>
                <token content="down" id="3-11">
                    <pos type="RP"/>
                    <lemma type="down"/>
                    <dep head="3-10" type="prt"/>
                </token>
                <token content="what" id="3-12">
                    <pos type="WP"/>
                    <lemma type="what"/>
                    <dep head="3-14" type="dobj"/>
                </token>
                <token content="I" id="3-13">
                    <pos type="PRP"/>
                    <lemma type="I"/>
                    <dep head="3-14" type="nsubj"/>
                </token>
                <token content="need" id="3-14">
                    <pos type="VBP"/>
                    <lemma type="need"/>
                    <dep head="3-10" type="ccomp"/>
                </token>
                <token content="to" id="3-15">
                    <pos type="TO"/>
                    <lemma type="to"/>
                    <dep head="3-16" type="aux"/>
                </token>
                <token content="get" id="3-16">
                    <pos type="VB"/>
                    <lemma type="get"/>
                    <dep head="3-14" type="xcomp"/>
                </token>
                <token content="." id="3-17"/>
            </sentence>
            <sentence id="4">
                <token content="I" id="4-1">
                    <pos type="PRP"/>
                    <lemma type="I"/>
                    <dep head="4-3" type="nsubj"/>
                </token>
                <token content="also" id="4-2">
                    <pos type="RB"/>
                    <lemma type="also"/>
                    <dep head="4-3" type="advmod"/>
                </token>
                <token content="have" id="4-3">
                    <pos type="VBP"/>
                    <lemma type="have"/>
                </token>
                <token content="an" id="4-4">
                    <pos type="DT"/>
                    <lemma type="a"/>
                </token>
                <token content="idea" id="4-5">
                    <pos type="NN"/>
                    <lemma type="idea"/>
                    <dep head="4-3" type="dobj"/>
                </token>
                <token content="of" id="4-6"/>
                <token content="what" id="4-7">
                    <pos type="WP"/>
                    <lemma type="what"/>
                    <dep head="4-8" type="nsubj"/>
                </token>
                <token content="meals" id="4-8">
                    <pos type="VBD"/>
                    <lemma type="meal"/>
                </token>
                <token content="I" id="4-9">
                    <pos type="PRP"/>
                    <lemma type="I"/>
                    <dep head="4-10" type="nsubj"/>
                </token>
                <token content="intend" id="4-10">
                    <pos type="VBP"/>
                    <lemma type="intend"/>
                    <dep head="4-8" type="ccomp"/>
                </token>
                <token content="to" id="4-11">
                    <pos type="TO"/>
                    <lemma type="to"/>
                    <dep head="4-12" type="aux"/>
                </token>
                <token content="cook" id="4-12">
                    <pos type="VB"/>
                    <lemma type="cook"/>
                    <dep head="4-10" type="xcomp"/>
                </token>
                <token content="during" id="4-13"/>
                <token content="the" id="4-14">
                    <pos type="DT"/>
                    <lemma type="the"/>
                </token>
                <token content="week" id="4-15">
                    <pos type="NN"/>
                    <lemma type="week"/>
                    <dep head="4-12" type="prep"/>
                </token>
                <token content="and" id="4-16"/>
                <token content="what" id="4-17">
                    <pos type="WP"/>
                    <lemma type="what"/>
                    <dep head="4-18" type="nsubj"/>
                </token>
                <token content="ingredients" id="4-18">
                    <pos type="VBD"/>
                    <lemma type="ingredient"/>
                    <dep head="4-8" type="conj"/>
                </token>
                <token content="I" id="4-19">
                    <pos type="PRP"/>
                    <lemma type="I"/>
                    <dep head="4-21" type="nsubj"/>
                </token>
                <token content="will" id="4-20">
                    <pos type="MD"/>
                    <lemma type="will"/>
                    <dep head="4-21" type="aux"/>
                </token>
                <token content="need" id="4-21">
                    <pos type="VB"/>
                    <lemma type="need"/>
                    <dep head="4-18" type="ccomp"/>
                </token>
                <token content="to" id="4-22">
                    <pos type="TO"/>
                    <lemma type="to"/>
                    <dep head="4-23" type="aux"/>
                </token>
                <token content="make" id="4-23">
                    <pos type="VB"/>
                    <lemma type="make"/>
                    <dep head="4-21" type="xcomp"/>
                </token>
                <token content="those" id="4-24">
                    <pos type="DT"/>
                    <lemma type="those"/>
                </token>
                <token content="meals" id="4-25">
                    <pos type="NNS"/>
                    <lemma type="meal"/>
                    <dep head="4-23" type="dobj"/>
                </token>
                <token content="," id="4-26"/>
                <token content="so" id="4-27">
                    <pos type="IN"/>
                    <lemma type="so"/>
                    <dep head="4-3" type="dep"/>
                </token>
                <token content="I" id="4-28">
                    <pos type="PRP"/>
                    <lemma type="I"/>
                    <dep head="4-29" type="nsubj"/>
                </token>
                <token content="add" id="4-29">
                    <pos type="VBP"/>
                    <lemma type="add"/>
                    <dep head="4-3" type="parataxis"/>
                </token>
                <token content="them" id="4-30">
                    <pos type="PRP"/>
                    <lemma type="they"/>
                    <dep head="4-29" type="dobj"/>
                </token>
                <token content="to" id="4-31"/>
                <token content="the" id="4-32">
                    <pos type="DT"/>
                    <lemma type="the"/>
                </token>
                <token content="list" id="4-33">
                    <pos type="NN"/>
                    <lemma type="list"/>
                    <dep head="4-29" type="prep"/>
                </token>
                <token content="." id="4-34"/>
            </sentence>
            <sentence id="5">
                <token content="I" id="5-1">
                    <pos type="PRP"/>
                    <lemma type="I"/>
                    <dep head="5-2" type="nsubj"/>
                </token>
                <token content="know" id="5-2">
                    <pos type="VBP"/>
                    <lemma type="know"/>
                </token>
                <token content="which" id="5-3">
                    <pos type="WDT"/>
                    <lemma type="which"/>
                </token>
                <token content="store" id="5-4">
                    <pos type="NN"/>
                    <lemma type="store"/>
                    <dep head="5-9" type="dobj"/>
                </token>
                <token content="or" id="5-5"/>
                <token content="stores" id="5-6">
                    <pos type="NNS"/>
                    <lemma type="store"/>
                </token>
                <token content="I" id="5-7">
                    <pos type="PRP"/>
                    <lemma type="I"/>
                    <dep head="5-9" type="nsubj"/>
                </token>
                <token content="am" id="5-8">
                    <pos type="VBP"/>
                    <lemma type="be"/>
                    <dep head="5-9" type="aux"/>
                </token>
                <token content="going" id="5-9">
                    <pos type="VBG"/>
                    <lemma type="go"/>
                    <dep head="5-2" type="ccomp"/>
                </token>
                <token content="to" id="5-10">
                    <pos type="TO"/>
                    <lemma type="to"/>
                    <dep head="5-11" type="aux"/>
                </token>
                <token content="visit" id="5-11">
                    <pos type="VB"/>
                    <lemma type="visit"/>
                    <dep head="5-9" type="xcomp"/>
                </token>
                <token content="and" id="5-12"/>
                <token content="I" id="5-13">
                    <pos type="PRP"/>
                    <lemma type="I"/>
                    <dep head="5-14" type="nsubj"/>
                </token>
                <token content="know" id="5-14">
                    <pos type="VBP"/>
                    <lemma type="know"/>
                    <dep head="5-2" type="conj"/>
                </token>
                <token content="the" id="5-15">
                    <pos type="DT"/>
                    <lemma type="the"/>
                </token>
                <token content="layout" id="5-16">
                    <pos type="NN"/>
                    <lemma type="layout"/>
                    <dep head="5-14" type="dobj"/>
                </token>
                <token content="of" id="5-17"/>
                <token content="the" id="5-18">
                    <pos type="DT"/>
                    <lemma type="the"/>
                </token>
                <token content="store" id="5-19">
                    <pos type="NN"/>
                    <lemma type="store"/>
                </token>
                <token content="so" id="5-20">
                    <pos type="IN"/>
                    <lemma type="so"/>
                    <dep head="5-22" type="mark"/>
                </token>
                <token content="I" id="5-21">
                    <pos type="PRP"/>
                    <lemma type="I"/>
                    <dep head="5-22" type="nsubj"/>
                </token>
                <token content="try" id="5-22">
                    <pos type="VB"/>
                    <lemma type="try"/>
                    <dep head="5-14" type="advcl"/>
                </token>
                <token content="and" id="5-23"/>
                <token content="make" id="5-24">
                    <pos type="VB"/>
                    <lemma type="make"/>
                    <dep head="5-22" type="conj"/>
                </token>
                <token content="my" id="5-25">
                    <pos type="PRP$"/>
                    <lemma type="my"/>
                </token>
                <token content="list" id="5-26">
                    <pos type="NN"/>
                    <lemma type="list"/>
                    <dep head="5-22" type="dobj"/>
                </token>
                <token content="in" id="5-27"/>
                <token content="the" id="5-28">
                    <pos type="DT"/>
                    <lemma type="the"/>
                </token>
                <token content="same" id="5-29">
                    <pos type="JJ"/>
                    <lemma type="same"/>
                </token>
                <token content="order" id="5-30">
                    <pos type="NN"/>
                    <lemma type="order"/>
                    <dep head="5-22" type="prep"/>
                </token>
                <token content="that" id="5-31">
                    <pos type="IN"/>
                    <lemma type="that"/>
                    <dep head="5-36" type="mark"/>
                </token>
                <token content="the" id="5-32">
                    <pos type="DT"/>
                    <lemma type="the"/>
                </token>
                <token content="items" id="5-33">
                    <pos type="NNS"/>
                    <lemma type="item"/>
                    <dep head="5-36" type="nsubjpass"/>
                </token>
                <token content="will" id="5-34">
                    <pos type="MD"/>
                    <lemma type="will"/>
                    <dep head="5-36" type="aux"/>
                </token>
                <token content="be" id="5-35">
                    <pos type="VB"/>
                    <lemma type="be"/>
                    <dep head="5-36" type="auxpass"/>
                </token>
                <token content="found" id="5-36">
                    <pos type="VBN"/>
                    <lemma type="find"/>
                    <dep head="5-22" type="ccomp"/>
                </token>
                <token content="once" id="5-37">
                    <pos type="IN"/>
                    <lemma type="once"/>
                    <dep head="5-39" type="mark"/>
                </token>
                <token content="I" id="5-38">
                    <pos type="PRP"/>
                    <lemma type="I"/>
                    <dep head="5-39" type="nsubj"/>
                </token>
                <token content="get" id="5-39">
                    <pos type="VBP"/>
                    <lemma type="get"/>
                    <dep head="5-36" type="advcl"/>
                </token>
                <token content="there" id="5-40">
                    <pos type="RB"/>
                    <lemma type="there"/>
                    <dep head="5-39" type="advmod"/>
                </token>
                <token content="." id="5-41"/>
            </sentence>
            <sentence id="6">
                <token content="I" id="6-1">
                    <pos type="PRP"/>
                    <lemma type="I"/>
                    <dep head="6-2" type="nsubj"/>
                </token>
                <token content="pick" id="6-2">
                    <pos type="VBP"/>
                    <lemma type="pick"/>
                </token>
                <token content="up" id="6-3">
                    <pos type="RB"/>
                    <lemma type="up"/>
                    <dep head="6-2" type="advmod"/>
                </token>
                <token content="a" id="6-4">
                    <pos type="DT"/>
                    <lemma type="a"/>
                </token>
                <token content="cart" id="6-5">
                    <pos type="NN"/>
                    <lemma type="cart"/>
                </token>
                <token content="on" id="6-6"/>
                <token content="the" id="6-7">
                    <pos type="DT"/>
                    <lemma type="the"/>
                </token>
                <token content="way" id="6-8">
                    <pos type="NN"/>
                    <lemma type="way"/>
                </token>
                <token content="into" id="6-9"/>
                <token content="the" id="6-10">
                    <pos type="DT"/>
                    <lemma type="the"/>
                </token>
                <token content="store" id="6-11">
                    <pos type="NN"/>
                    <lemma type="store"/>
                    <dep head="6-2" type="prep"/>
                </token>
                <token content="and" id="6-12"/>
                <token content="head" id="6-13">
                    <pos type="NN"/>
                    <lemma type="head"/>
                </token>
                <token content="for" id="6-14"/>
                <token content="the" id="6-15">
                    <pos type="DT"/>
                    <lemma type="the"/>
                </token>
                <token content="first" id="6-16">
                    <pos type="JJ"/>
                    <lemma type="first"/>
                </token>
                <token content="aisle" id="6-17">
                    <pos type="NN"/>
                    <lemma type="aisle"/>
                </token>
                <token content="that" id="6-18">
                    <pos type="IN"/>
                    <lemma type="that"/>
                    <dep head="6-20" type="mark"/>
                </token>
                <token content="I" id="6-19">
                    <pos type="PRP"/>
                    <lemma type="I"/>
                    <dep head="6-20" type="nsubj"/>
                </token>
                <token content="need" id="6-20">
                    <pos type="VBP"/>
                    <lemma type="need"/>
                    <dep head="6-2" type="ccomp"/>
                </token>
                <token content="to" id="6-21">
                    <pos type="TO"/>
                    <lemma type="to"/>
                    <dep head="6-22" type="aux"/>
                </token>
                <token content="visit" id="6-22">
                    <pos type="VB"/>
                    <lemma type="visit"/>
                    <dep head="6-20" type="xcomp"/>
                </token>
                <token content="." id="6-23"/>
            </sentence>
            <sentence id="7">
                <token content="Most" id="7-1">
                    <pos type="JJS"/>
                    <lemma type="most"/>
                </token>
                <token content="supermarkets" id="7-2">
                    <pos type="NNS"/>
                    <lemma type="supermarket"/>
                    <dep head="7-3" type="nsubj"/>
                </token>
                <token content="have" id="7-3">
                    <pos type="VBP"/>
                    <lemma type="have"/>
                </token>
                <token content="their" id="7-4">
                    <pos type="PRP$"/>
                    <lemma type="they"/>
                </token>
                <token content="frozen" id="7-5">
                    <pos type="VBN"/>
                    <lemma type="freeze"/>
                </token>
                <token content="foods" id="7-6">
                    <pos type="NNS"/>
                    <lemma type="food"/>
                    <dep head="7-3" type="dobj"/>
                </token>
                <token content="at" id="7-7"/>
                <token content="one" id="7-8">
                    <pos type="CD"/>
                    <lemma type="one"/>
                </token>
                <token content="end" id="7-9">
                    <pos type="NN"/>
                    <lemma type="end"/>
                </token>
                <token content="so" id="7-10">
                    <pos type="IN"/>
                    <lemma type="so"/>
                    <dep head="7-12" type="mark"/>
                </token>
                <token content="I" id="7-11">
                    <pos type="PRP"/>
                    <lemma type="I"/>
                    <dep head="7-12" type="nsubj"/>
                </token>
                <token content="start" id="7-12">
                    <pos type="VBP"/>
                    <lemma type="start"/>
                    <dep head="7-3" type="advcl"/>
                </token>
                <token content="at" id="7-13"/>
                <token content="the" id="7-14">
                    <pos type="DT"/>
                    <lemma type="the"/>
                </token>
                <token content="other" id="7-15">
                    <pos type="JJ"/>
                    <lemma type="other"/>
                </token>
                <token content="end" id="7-16">
                    <pos type="NN"/>
                    <lemma type="end"/>
                    <dep head="7-12" type="prep"/>
                </token>
                <token content="as" id="7-17">
                    <pos type="IN"/>
                    <lemma type="as"/>
                </token>
                <token content="it" id="7-18">
                    <pos type="PRP"/>
                    <lemma type="it"/>
                </token>
                <token content="is" id="7-19">
                    <pos type="VBZ"/>
                    <lemma type="be"/>
                </token>
                <token content="best" id="7-20">
                    <pos type="JJS"/>
                    <lemma type="best"/>
                    <dep head="7-12" type="advcl"/>
                </token>
                <token content="to" id="7-21">
                    <pos type="TO"/>
                    <lemma type="to"/>
                    <dep head="7-22" type="aux"/>
                </token>
                <token content="buy" id="7-22">
                    <pos type="VB"/>
                    <lemma type="buy"/>
                </token>
                <token content="frozen" id="7-23">
                    <pos type="JJ"/>
                    <lemma type="frozen"/>
                </token>
                <token content="items" id="7-24">
                    <pos type="NNS"/>
                    <lemma type="item"/>
                    <dep head="7-22" type="dobj"/>
                </token>
                <token content="last" id="7-25">
                    <pos type="RB"/>
                    <lemma type="last"/>
                    <dep head="7-22" type="advmod"/>
                </token>
                <token content="so" id="7-26">
                    <pos type="IN"/>
                    <lemma type="so"/>
                    <dep head="7-30" type="mark"/>
                </token>
                <token content="they" id="7-27">
                    <pos type="PRP"/>
                    <lemma type="they"/>
                    <dep head="7-30" type="nsubj"/>
                </token>
                <token content="do" id="7-28">
                    <pos type="VBP"/>
                    <lemma type="do"/>
                    <dep head="7-30" type="aux"/>
                </token>
                <token content="n't" id="7-29">
                    <pos type="RB"/>
                    <lemma type="not"/>
                    <dep head="7-30" type="neg"/>
                </token>
                <token content="start" id="7-30">
                    <pos type="VB"/>
                    <lemma type="start"/>
                </token>
                <token content="to" id="7-31">
                    <pos type="TO"/>
                    <lemma type="to"/>
                    <dep head="7-32" type="aux"/>
                </token>
                <token content="melt" id="7-32">
                    <pos type="VB"/>
                    <lemma type="melt"/>
                    <dep head="7-30" type="xcomp"/>
                </token>
                <token content="while" id="7-33">
                    <pos type="IN"/>
                    <lemma type="while"/>
                    <dep head="7-36" type="mark"/>
                </token>
                <token content="I" id="7-34">
                    <pos type="PRP"/>
                    <lemma type="I"/>
                    <dep head="7-36" type="nsubj"/>
                </token>
                <token content="'m" id="7-35">
                    <pos type="VBP"/>
                    <lemma type="be"/>
                    <dep head="7-36" type="aux"/>
                </token>
                <token content="walking" id="7-36">
                    <pos type="VBG"/>
                    <lemma type="walk"/>
                    <dep head="7-32" type="advcl"/>
                </token>
                <token content="round" id="7-37">
                    <pos type="RB"/>
                    <lemma type="round"/>
                    <dep head="7-36" type="advmod"/>
                </token>
                <token content="the" id="7-38">
                    <pos type="DT"/>
                    <lemma type="the"/>
                </token>
                <token content="store" id="7-39">
                    <pos type="NN"/>
                    <lemma type="store"/>
                </token>
                <token content="." id="7-40"/>
            </sentence>
            <sentence id="8">
                <token content="I" id="8-1">
                    <pos type="PRP"/>
                    <lemma type="I"/>
                    <dep head="8-2" type="nsubj"/>
                </token>
                <token content="work" id="8-2">
                    <pos type="VBP"/>
                    <lemma type="work"/>
                </token>
                <token content="my" id="8-3">
                    <pos type="PRP$"/>
                    <lemma type="my"/>
                </token>
                <token content="way" id="8-4">
                    <pos type="NN"/>
                    <lemma type="way"/>
                    <dep head="8-2" type="dobj"/>
                </token>
                <token content="through" id="8-5"/>
                <token content="my" id="8-6">
                    <pos type="PRP$"/>
                    <lemma type="my"/>
                </token>
                <token content="shopping" id="8-7">
                    <pos type="NN"/>
                    <lemma type="shopping"/>
                </token>
                <token content="list" id="8-8">
                    <pos type="NN"/>
                    <lemma type="list"/>
                    <dep head="8-2" type="prep"/>
                </token>
                <token content="," id="8-9"/>
                <token content="selecting" id="8-10">
                    <pos type="VBG"/>
                    <lemma type="select"/>
                    <dep head="8-2" type="dep"/>
                </token>
                <token content="items" id="8-11">
                    <pos type="NNS"/>
                    <lemma type="item"/>
                    <dep head="8-10" type="dobj"/>
                </token>
                <token content="off" id="8-12"/>
                <token content="the" id="8-13">
                    <pos type="DT"/>
                    <lemma type="the"/>
                </token>
                <token content="shelf" id="8-14">
                    <pos type="NN"/>
                    <lemma type="shelf"/>
                    <dep head="8-10" type="prep"/>
                </token>
                <token content="and" id="8-15"/>
                <token content="placing" id="8-16">
                    <pos type="VBG"/>
                    <lemma type="place"/>
                    <dep head="8-10" type="conj"/>
                </token>
                <token content="them" id="8-17">
                    <pos type="PRP"/>
                    <lemma type="they"/>
                    <dep head="8-16" type="dobj"/>
                </token>
                <token content="into" id="8-18"/>
                <token content="my" id="8-19">
                    <pos type="PRP$"/>
                    <lemma type="my"/>
                </token>
                <token content="cart" id="8-20">
                    <pos type="NN"/>
                    <lemma type="cart"/>
                    <dep head="8-16" type="prep"/>
                </token>
                <token content="," id="8-21"/>
                <token content="trying" id="8-22">
                    <pos type="VBG"/>
                    <lemma type="try"/>
                    <dep head="8-10" type="conj"/>
                </token>
                <token content="not" id="8-23">
                    <pos type="RB"/>
                    <lemma type="not"/>
                    <dep head="8-25" type="neg"/>
                </token>
                <token content="to" id="8-24">
                    <pos type="TO"/>
                    <lemma type="to"/>
                    <dep head="8-25" type="aux"/>
                </token>
                <token content="squash" id="8-25">
                    <pos type="VB"/>
                    <lemma type="squash"/>
                    <dep head="8-22" type="xcomp"/>
                </token>
                <token content="lighter" id="8-26">
                    <pos type="JJR"/>
                    <lemma type="lighter"/>
                </token>
                <token content="things" id="8-27">
                    <pos type="NNS"/>
                    <lemma type="thing"/>
                    <dep head="8-25" type="dobj"/>
                </token>
                <token content="under" id="8-28"/>
                <token content="heavy" id="8-29">
                    <pos type="JJ"/>
                    <lemma type="heavy"/>
                </token>
                <token content="things" id="8-30">
                    <pos type="NNS"/>
                    <lemma type="thing"/>
                    <dep head="8-25" type="prep"/>
                </token>
                <token content="and" id="8-31"/>
                <token content="also" id="8-32">
                    <pos type="RB"/>
                    <lemma type="also"/>
                    <dep head="8-33" type="advmod"/>
                </token>
                <token content="making" id="8-33">
                    <pos type="VBG"/>
                    <lemma type="make"/>
                    <dep head="8-10" type="conj"/>
                </token>
                <token content="sure" id="8-34">
                    <pos type="JJ"/>
                    <lemma type="sure"/>
                    <dep head="8-36" type="dep"/>
                </token>
                <token content="I" id="8-35">
                    <pos type="PRP"/>
                    <lemma type="I"/>
                    <dep head="8-36" type="nsubj"/>
                </token>
                <token content="buy" id="8-36">
                    <pos type="VBP"/>
                    <lemma type="buy"/>
                    <dep head="8-33" type="acomp"/>
                </token>
                <token content="items" id="8-37">
                    <pos type="NNS"/>
                    <lemma type="item"/>
                    <dep head="8-36" type="dobj"/>
                </token>
                <token content="that" id="8-38">
                    <pos type="WDT"/>
                    <lemma type="that"/>
                    <dep head="8-39" type="nsubj"/>
                </token>
                <token content="have" id="8-39">
                    <pos type="VBP"/>
                    <lemma type="have"/>
                </token>
                <token content="a" id="8-40">
                    <pos type="DT"/>
                    <lemma type="a"/>
                </token>
                <token content="use" id="8-41">
                    <pos type="NN"/>
                    <lemma type="use"/>
                    <dep head="8-39" type="dobj"/>
                </token>
                <token content="by" id="8-42"/>
                <token content="date" id="8-43">
                    <pos type="NN"/>
                    <lemma type="date"/>
                </token>
                <token content="that" id="8-44">
                    <pos type="WDT"/>
                    <lemma type="that"/>
                </token>
                <token content="is" id="8-45">
                    <pos type="VBZ"/>
                    <lemma type="be"/>
                </token>
                <token content="later" id="8-46">
                    <pos type="RBR"/>
                    <lemma type="later"/>
                </token>
                <token content="than" id="8-47">
                    <pos type="IN"/>
                    <lemma type="than"/>
                </token>
                <token content="the" id="8-48">
                    <pos type="DT"/>
                    <lemma type="the"/>
                </token>
                <token content="day" id="8-49">
                    <pos type="NN"/>
                    <lemma type="day"/>
                </token>
                <token content="I" id="8-50">
                    <pos type="PRP"/>
                    <lemma type="I"/>
                    <dep head="8-51" type="nsubj"/>
                </token>
                <token content="intend" id="8-51">
                    <pos type="VBP"/>
                    <lemma type="intend"/>
                </token>
                <token content="to" id="8-52">
                    <pos type="TO"/>
                    <lemma type="to"/>
                    <dep head="8-53" type="aux"/>
                </token>
                <token content="use" id="8-53">
                    <pos type="VB"/>
                    <lemma type="use"/>
                    <dep head="8-51" type="xcomp"/>
                </token>
                <token content="them" id="8-54">
                    <pos type="PRP"/>
                    <lemma type="they"/>
                    <dep head="8-53" type="dobj"/>
                </token>
                <token content="." id="8-55"/>
            </sentence>
            <sentence id="9">
                <token content="I" id="9-1">
                    <pos type="PRP"/>
                    <lemma type="I"/>
                    <dep head="9-4" type="nsubj"/>
                </token>
                <token content="am" id="9-2">
                    <pos type="VBP"/>
                    <lemma type="be"/>
                    <dep head="9-4" type="aux"/>
                </token>
                <token content="also" id="9-3">
                    <pos type="RB"/>
                    <lemma type="also"/>
                    <dep head="9-4" type="advmod"/>
                </token>
                <token content="keeping" id="9-4">
                    <pos type="VBG"/>
                    <lemma type="keep"/>
                </token>
                <token content="an" id="9-5">
                    <pos type="DT"/>
                    <lemma type="a"/>
                </token>
                <token content="approximate" id="9-6">
                    <pos type="JJ"/>
                    <lemma type="approximate"/>
                </token>
                <token content="idea" id="9-7">
                    <pos type="NN"/>
                    <lemma type="idea"/>
                    <dep head="9-4" type="dobj"/>
                </token>
                <token content="of" id="9-8"/>
                <token content="how" id="9-9">
                    <pos type="WRB"/>
                    <lemma type="how"/>
                </token>
                <token content="much" id="9-10">
                    <pos type="JJ"/>
                    <lemma type="much"/>
                    <dep head="9-12" type="dep"/>
                </token>
                <token content="everything" id="9-11">
                    <pos type="NN"/>
                    <lemma type="everything"/>
                    <dep head="9-12" type="nsubj"/>
                </token>
                <token content="costs" id="9-12">
                    <pos type="VBZ"/>
                    <lemma type="cost"/>
                </token>
                <token content="so" id="9-13">
                    <pos type="IN"/>
                    <lemma type="so"/>
                    <dep head="9-15" type="mark"/>
                </token>
                <token content="I" id="9-14">
                    <pos type="PRP"/>
                    <lemma type="I"/>
                    <dep head="9-15" type="nsubj"/>
                </token>
                <token content="have" id="9-15">
                    <pos type="VBP"/>
                    <lemma type="have"/>
                    <dep head="9-12" type="advcl"/>
                </token>
                <token content="some" id="9-16">
                    <pos type="DT"/>
                    <lemma type="some"/>
                </token>
                <token content="idea" id="9-17">
                    <pos type="NN"/>
                    <lemma type="idea"/>
                    <dep head="9-15" type="dobj"/>
                </token>
                <token content="of" id="9-18"/>
                <token content="my" id="9-19">
                    <pos type="PRP$"/>
                    <lemma type="my"/>
                </token>
                <token content="total" id="9-20">
                    <pos type="JJ"/>
                    <lemma type="total"/>
                </token>
                <token content="bill" id="9-21">
                    <pos type="NN"/>
                    <lemma type="bill"/>
                </token>
                <token content="." id="9-22"/>
            </sentence>
            <sentence id="10">
                <token content="When" id="10-1">
                    <pos type="WRB"/>
                    <lemma type="when"/>
                    <dep head="10-4" type="advmod"/>
                </token>
                <token content="I" id="10-2">
                    <pos type="PRP"/>
                    <lemma type="I"/>
                    <dep head="10-4" type="nsubjpass"/>
                </token>
                <token content="am" id="10-3">
                    <pos type="VBP"/>
                    <lemma type="be"/>
                    <dep head="10-4" type="auxpass"/>
                </token>
                <token content="done" id="10-4">
                    <pos type="VBN"/>
                    <lemma type="do"/>
                    <dep head="10-8" type="advcl"/>
                </token>
                <token content="with" id="10-5"/>
                <token content="everything" id="10-6">
                    <pos type="NN"/>
                    <lemma type="everything"/>
                    <dep head="10-4" type="prep"/>
                </token>
                <token content="I" id="10-7">
                    <pos type="PRP"/>
                    <lemma type="I"/>
                    <dep head="10-8" type="nsubj"/>
                </token>
                <token content="wait" id="10-8">
                    <pos type="VBP"/>
                    <lemma type="wait"/>
                </token>
                <token content="at" id="10-9"/>
                <token content="a" id="10-10">
                    <pos type="DT"/>
                    <lemma type="a"/>
                </token>
                <token content="checkout" id="10-11">
                    <pos type="NN"/>
                    <lemma type="checkout"/>
                    <dep head="10-8" type="prep"/>
                </token>
                <token content="." id="10-12"/>
            </sentence>
            <sentence id="11">
                <token content="There" id="11-1">
                    <pos type="EX"/>
                    <lemma type="there"/>
                    <dep head="11-2" type="expl"/>
                </token>
                <token content="is" id="11-2">
                    <pos type="VBZ"/>
                    <lemma type="be"/>
                </token>
                <token content="nearly" id="11-3">
                    <pos type="RB"/>
                    <lemma type="nearly"/>
                </token>
                <token content="always" id="11-4">
                    <pos type="RB"/>
                    <lemma type="always"/>
                    <dep head="11-2" type="advmod"/>
                </token>
                <token content="someone" id="11-5">
                    <pos type="NN"/>
                    <lemma type="someone"/>
                    <dep head="11-2" type="nsubj"/>
                </token>
                <token content="in" id="11-6"/>
                <token content="front" id="11-7"/>
                <token content="of" id="11-8"/>
                <token content="me" id="11-9">
                    <pos type="PRP"/>
                    <lemma type="I"/>
                </token>
                <token content="but" id="11-10"/>
                <token content="the" id="11-11">
                    <pos type="DT"/>
                    <lemma type="the"/>
                </token>
                <token content="checkout" id="11-12">
                    <pos type="NN"/>
                    <lemma type="checkout"/>
                </token>
                <token content="people" id="11-13">
                    <pos type="NNS"/>
                    <lemma type="people"/>
                    <dep head="11-14" type="nsubj"/>
                </token>
                <token content="work" id="11-14">
                    <pos type="VBP"/>
                    <lemma type="work"/>
                    <dep head="11-2" type="conj"/>
                </token>
                <token content="fast" id="11-15">
                    <pos type="RB"/>
                    <lemma type="fast"/>
                    <dep head="11-14" type="advmod"/>
                </token>
                <token content="and" id="11-16"/>
                <token content="I" id="11-17">
                    <pos type="PRP"/>
                    <lemma type="I"/>
                    <dep head="11-19" type="nsubj"/>
                </token>
                <token content="never" id="11-18">
                    <pos type="RB"/>
                    <lemma type="never"/>
                    <dep head="11-19" type="neg"/>
                </token>
                <token content="wait" id="11-19">
                    <pos type="VB"/>
                    <lemma type="wait"/>
                    <dep head="11-2" type="conj"/>
                </token>
                <token content="for" id="11-20">
                    <pos type="IN"/>
                    <lemma type="for"/>
                    <dep head="11-19" type="prep"/>
                </token>
                <token content="long" id="11-21">
                    <pos type="RB"/>
                    <lemma type="long"/>
                </token>
                <token content="." id="11-22"/>
            </sentence>
            <sentence id="12">
                <token content="I" id="12-1">
                    <pos type="PRP"/>
                    <lemma type="I"/>
                    <dep head="12-2" type="nsubj"/>
                </token>
                <token content="place" id="12-2">
                    <pos type="VBP"/>
                    <lemma type="place"/>
                </token>
                <token content="all" id="12-3">
                    <pos type="PDT"/>
                    <lemma type="all"/>
                </token>
                <token content="my" id="12-4">
                    <pos type="PRP$"/>
                    <lemma type="my"/>
                </token>
                <token content="items" id="12-5">
                    <pos type="NNS"/>
                    <lemma type="item"/>
                    <dep head="12-2" type="dobj"/>
                </token>
                <token content="on" id="12-6"/>
                <token content="the" id="12-7">
                    <pos type="DT"/>
                    <lemma type="the"/>
                </token>
                <token content="conveyor" id="12-8">
                    <pos type="NN"/>
                    <lemma type="conveyor"/>
                </token>
                <token content="belt" id="12-9">
                    <pos type="NN"/>
                    <lemma type="belt"/>
                    <dep head="12-2" type="prep"/>
                </token>
                <token content="and" id="12-10"/>
                <token content="the" id="12-11">
                    <pos type="DT"/>
                    <lemma type="the"/>
                </token>
                <token content="person" id="12-12">
                    <pos type="NN"/>
                    <lemma type="person"/>
                    <dep head="12-17" type="nsubj"/>
                </token>
                <token content="on" id="12-13"/>
                <token content="the" id="12-14">
                    <pos type="DT"/>
                    <lemma type="the"/>
                </token>
                <token content="checkout" id="12-15">
                    <pos type="NN"/>
                    <lemma type="checkout"/>
                </token>
                <token content="counter" id="12-16">
                    <pos type="NN"/>
                    <lemma type="counter"/>
                </token>
                <token content="scans" id="12-17">
                    <pos type="VBZ"/>
                    <lemma type="scan"/>
                    <dep head="12-2" type="conj"/>
                </token>
                <token content="them" id="12-18">
                    <pos type="PRP"/>
                    <lemma type="they"/>
                    <dep head="12-17" type="dobj"/>
                </token>
                <token content="for" id="12-19"/>
                <token content="prices" id="12-20">
                    <pos type="NNS"/>
                    <lemma type="price"/>
                    <dep head="12-17" type="prep"/>
                </token>
                <token content="." id="12-21"/>
            </sentence>
            <sentence id="13">
                <token content="The" id="13-1">
                    <pos type="DT"/>
                    <lemma type="the"/>
                </token>
                <token content="prices" id="13-2">
                    <pos type="NNS"/>
                    <lemma type="price"/>
                    <dep head="13-4" type="nsubj"/>
                </token>
                <token content="all" id="13-3">
                    <pos type="DT"/>
                    <lemma type="all"/>
                    <dep head="13-4" type="advmod"/>
                </token>
                <token content="add" id="13-4">
                    <pos type="VBP"/>
                    <lemma type="add"/>
                </token>
                <token content="up" id="13-5">
                    <pos type="RP"/>
                    <lemma type="up"/>
                    <dep head="13-4" type="prt"/>
                </token>
                <token content="on" id="13-6"/>
                <token content="a" id="13-7">
                    <pos type="DT"/>
                    <lemma type="a"/>
                </token>
                <token content="screen" id="13-8">
                    <pos type="NN"/>
                    <lemma type="screen"/>
                    <dep head="13-4" type="prep"/>
                </token>
                <token content="in" id="13-9"/>
                <token content="front" id="13-10"/>
                <token content="of" id="13-11"/>
                <token content="me" id="13-12">
                    <pos type="PRP"/>
                    <lemma type="I"/>
                </token>
                <token content="so" id="13-13">
                    <pos type="IN"/>
                    <lemma type="so"/>
                    <dep head="13-16" type="mark"/>
                </token>
                <token content="I" id="13-14">
                    <pos type="PRP"/>
                    <lemma type="I"/>
                    <dep head="13-16" type="nsubj"/>
                </token>
                <token content="can" id="13-15">
                    <pos type="MD"/>
                    <lemma type="can"/>
                    <dep head="13-16" type="aux"/>
                </token>
                <token content="see" id="13-16">
                    <pos type="VB"/>
                    <lemma type="see"/>
                    <dep head="13-4" type="advcl"/>
                </token>
                <token content="how" id="13-17">
                    <pos type="WRB"/>
                    <lemma type="how"/>
                </token>
                <token content="much" id="13-18">
                    <pos type="JJ"/>
                    <lemma type="much"/>
                    <dep head="13-21" type="dep"/>
                </token>
                <token content="I" id="13-19">
                    <pos type="PRP"/>
                    <lemma type="I"/>
                    <dep head="13-21" type="nsubj"/>
                </token>
                <token content="am" id="13-20">
                    <pos type="VBP"/>
                    <lemma type="be"/>
                    <dep head="13-21" type="aux"/>
                </token>
                <token content="spending" id="13-21">
                    <pos type="VBG"/>
                    <lemma type="spend"/>
                    <dep head="13-16" type="ccomp"/>
                </token>
                <token content="." id="13-22"/>
            </sentence>
            <sentence id="14">
                <token content="While" id="14-1">
                    <pos type="IN"/>
                    <lemma type="while"/>
                    <dep head="14-5" type="mark"/>
                </token>
                <token content="the" id="14-2">
                    <pos type="DT"/>
                    <lemma type="the"/>
                </token>
                <token content="checkout" id="14-3">
                    <pos type="NN"/>
                    <lemma type="checkout"/>
                </token>
                <token content="person" id="14-4">
                    <pos type="NN"/>
                    <lemma type="person"/>
                    <dep head="14-5" type="nsubj"/>
                </token>
                <token content="scans" id="14-5">
                    <pos type="VBZ"/>
                    <lemma type="scan"/>
                    <dep head="14-11" type="advcl"/>
                </token>
                <token content="my" id="14-6">
                    <pos type="PRP$"/>
                    <lemma type="my"/>
                </token>
                <token content="items" id="14-7">
                    <pos type="NNS"/>
                    <lemma type="item"/>
                    <dep head="14-5" type="dobj"/>
                </token>
                <token content="another" id="14-8">
                    <pos type="DT"/>
                    <lemma type="another"/>
                </token>
                <token content="shop" id="14-9">
                    <pos type="NN"/>
                    <lemma type="shop"/>
                </token>
                <token content="assistant" id="14-10">
                    <pos type="NN"/>
                    <lemma type="assistant"/>
                    <dep head="14-11" type="nsubj"/>
                </token>
                <token content="packs" id="14-11">
                    <pos type="VBZ"/>
                    <lemma type="pack"/>
                </token>
                <token content="all" id="14-12">
                    <pos type="PDT"/>
                    <lemma type="all"/>
                </token>
                <token content="my" id="14-13">
                    <pos type="PRP$"/>
                    <lemma type="my"/>
                </token>
                <token content="items" id="14-14">
                    <pos type="NNS"/>
                    <lemma type="item"/>
                    <dep head="14-11" type="dobj"/>
                </token>
                <token content="carefully" id="14-15">
                    <pos type="RB"/>
                    <lemma type="carefully"/>
                    <dep head="14-11" type="advmod"/>
                </token>
                <token content="into" id="14-16"/>
                <token content="bags" id="14-17">
                    <pos type="NNS"/>
                    <lemma type="bag"/>
                    <dep head="14-11" type="prep"/>
                </token>
                <token content="and" id="14-18"/>
                <token content="places" id="14-19">
                    <pos type="VBZ"/>
                    <lemma type="place"/>
                    <dep head="14-11" type="conj"/>
                </token>
                <token content="them" id="14-20">
                    <pos type="PRP"/>
                    <lemma type="they"/>
                    <dep head="14-19" type="dobj"/>
                </token>
                <token content="back" id="14-21">
                    <pos type="RP"/>
                    <lemma type="back"/>
                    <dep head="14-19" type="prt"/>
                </token>
                <token content="in" id="14-22"/>
                <token content="my" id="14-23">
                    <pos type="PRP$"/>
                    <lemma type="my"/>
                </token>
                <token content="cart" id="14-24">
                    <pos type="NN"/>
                    <lemma type="cart"/>
                    <dep head="14-19" type="prep"/>
                </token>
                <token content="." id="14-25"/>
            </sentence>
            <sentence id="15">
                <token content="When" id="15-1">
                    <pos type="WRB"/>
                    <lemma type="when"/>
                    <dep head="15-4" type="advmod"/>
                </token>
                <token content="I" id="15-2">
                    <pos type="PRP"/>
                    <lemma type="I"/>
                    <dep head="15-4" type="nsubjpass"/>
                </token>
                <token content="am" id="15-3">
                    <pos type="VBP"/>
                    <lemma type="be"/>
                    <dep head="15-4" type="auxpass"/>
                </token>
                <token content="finished" id="15-4">
                    <pos type="VBN"/>
                    <lemma type="finish"/>
                    <dep head="15-8" type="advcl"/>
                </token>
                <token content="I" id="15-5">
                    <pos type="PRP"/>
                    <lemma type="I"/>
                    <dep head="15-8" type="nsubjpass"/>
                </token>
                <token content="am" id="15-6">
                    <pos type="VBP"/>
                    <lemma type="be"/>
                    <dep head="15-8" type="auxpass"/>
                </token>
                <token content="always" id="15-7">
                    <pos type="RB"/>
                    <lemma type="always"/>
                    <dep head="15-8" type="advmod"/>
                </token>
                <token content="asked" id="15-8">
                    <pos type="VBN"/>
                    <lemma type="ask"/>
                </token>
                <token content="if" id="15-9">
                    <pos type="IN"/>
                    <lemma type="if"/>
                    <dep head="15-11" type="mark"/>
                </token>
                <token content="I" id="15-10">
                    <pos type="PRP"/>
                    <lemma type="I"/>
                    <dep head="15-11" type="nsubj"/>
                </token>
                <token content="need" id="15-11">
                    <pos type="VBP"/>
                    <lemma type="need"/>
                    <dep head="15-8" type="advcl"/>
                </token>
                <token content="any" id="15-12">
                    <pos type="DT"/>
                    <lemma type="any"/>
                </token>
                <token content="help" id="15-13">
                    <pos type="NN"/>
                    <lemma type="help"/>
                    <dep head="15-14" type="nsubj"/>
                </token>
                <token content="taking" id="15-14">
                    <pos type="VBG"/>
                    <lemma type="take"/>
                    <dep head="15-11" type="dep"/>
                </token>
                <token content="my" id="15-15">
                    <pos type="PRP$"/>
                    <lemma type="my"/>
                </token>
                <token content="bags" id="15-16">
                    <pos type="NNS"/>
                    <lemma type="bag"/>
                    <dep head="15-14" type="dobj"/>
                </token>
                <token content="to" id="15-17"/>
                <token content="the" id="15-18">
                    <pos type="DT"/>
                    <lemma type="the"/>
                </token>
                <token content="car" id="15-19">
                    <pos type="NN"/>
                    <lemma type="car"/>
                    <dep head="15-14" type="prep"/>
                </token>
                <token content="but" id="15-20"/>
                <token content="I" id="15-21">
                    <pos type="PRP"/>
                    <lemma type="I"/>
                    <dep head="15-23" type="nsubj"/>
                </token>
                <token content="always" id="15-22">
                    <pos type="RB"/>
                    <lemma type="always"/>
                    <dep head="15-23" type="advmod"/>
                </token>
                <token content="refuse" id="15-23">
                    <pos type="VBP"/>
                    <lemma type="refuse"/>
                    <dep head="15-8" type="conj"/>
                </token>
                <token content="as" id="15-24">
                    <pos type="IN"/>
                    <lemma type="as"/>
                    <dep head="15-26" type="mark"/>
                </token>
                <token content="I" id="15-25">
                    <pos type="PRP"/>
                    <lemma type="I"/>
                    <dep head="15-26" type="nsubj"/>
                </token>
                <token content="think" id="15-26">
                    <pos type="VBP"/>
                    <lemma type="think"/>
                    <dep head="15-23" type="advcl"/>
                </token>
                <token content="other" id="15-27">
                    <pos type="JJ"/>
                    <lemma type="other"/>
                </token>
                <token content="people" id="15-28">
                    <pos type="NNS"/>
                    <lemma type="people"/>
                    <dep head="15-33" type="nsubj"/>
                </token>
                <token content="in" id="15-29"/>
                <token content="the" id="15-30">
                    <pos type="DT"/>
                    <lemma type="the"/>
                </token>
                <token content="store" id="15-31">
                    <pos type="NN"/>
                    <lemma type="store"/>
                </token>
                <token content="need" id="15-32">
                    <pos type="MD"/>
                    <lemma type="need"/>
                    <dep head="15-33" type="aux"/>
                </token>
                <token content="help" id="15-33">
                    <pos type="VB"/>
                    <lemma type="help"/>
                    <dep head="15-26" type="ccomp"/>
                </token>
                <token content="more" id="15-34">
                    <pos type="RBR"/>
                    <lemma type="more"/>
                    <dep head="15-33" type="advmod"/>
                </token>
                <token content="than" id="15-35">
                    <pos type="IN"/>
                    <lemma type="than"/>
                    <dep head="15-37" type="mark"/>
                </token>
                <token content="I" id="15-36">
                    <pos type="PRP"/>
                    <lemma type="I"/>
                    <dep head="15-37" type="nsubj"/>
                </token>
                <token content="do" id="15-37">
                    <pos type="VBP"/>
                    <lemma type="do"/>
                </token>
                <token content="." id="15-38"/>
            </sentence>
            <sentence id="16">
                <token content="I" id="16-1">
                    <pos type="PRP"/>
                    <lemma type="I"/>
                    <dep head="16-2" type="nsubj"/>
                </token>
                <token content="load" id="16-2">
                    <pos type="VB"/>
                    <lemma type="load"/>
                </token>
                <token content="the" id="16-3">
                    <pos type="DT"/>
                    <lemma type="the"/>
                </token>
                <token content="car" id="16-4">
                    <pos type="NN"/>
                    <lemma type="car"/>
                    <dep head="16-2" type="dobj"/>
                </token>
                <token content="and" id="16-5"/>
                <token content="drive" id="16-6">
                    <pos type="VB"/>
                    <lemma type="drive"/>
                    <dep head="16-2" type="conj"/>
                </token>
                <token content="home" id="16-7">
                    <pos type="NN"/>
                    <lemma type="home"/>
                    <dep head="16-6" type="dobj"/>
                </token>
                <token content="and" id="16-8"/>
                <token content="then" id="16-9">
                    <pos type="RB"/>
                    <lemma type="then"/>
                    <dep head="16-10" type="advmod"/>
                </token>
                <token content="have" id="16-10">
                    <pos type="VB"/>
                    <lemma type="have"/>
                    <dep head="16-2" type="conj"/>
                </token>
                <token content="to" id="16-11">
                    <pos type="TO"/>
                    <lemma type="to"/>
                    <dep head="16-12" type="aux"/>
                </token>
                <token content="put" id="16-12">
                    <pos type="VB"/>
                    <lemma type="put"/>
                    <dep head="16-10" type="xcomp"/>
                </token>
                <token content="everything" id="16-13">
                    <pos type="NN"/>
                    <lemma type="everything"/>
                    <dep head="16-12" type="dobj"/>
                </token>
                <token content="into" id="16-14"/>
                <token content="the" id="16-15">
                    <pos type="DT"/>
                    <lemma type="the"/>
                </token>
                <token content="pantry" id="16-16">
                    <pos type="NN"/>
                    <lemma type="pantry"/>
                    <dep head="16-12" type="prep"/>
                </token>
                <token content="," id="16-17"/>
                <token content="freezer" id="16-18">
                    <pos type="NN"/>
                    <lemma type="freezer"/>
                </token>
                <token content="or" id="16-19"/>
                <token content="refrigerator" id="16-20">
                    <pos type="NN"/>
                    <lemma type="refrigerator"/>
                </token>
                <token content="." id="16-21"/>
            </sentence>
            <sentence id="17">
                <token content="That" id="17-1">
                    <pos type="DT"/>
                    <lemma type="that"/>
                </token>
                <token content="is" id="17-2">
                    <pos type="VBZ"/>
                    <lemma type="be"/>
                </token>
                <token content="my" id="17-3">
                    <pos type="PRP$"/>
                    <lemma type="my"/>
                </token>
                <token content="least" id="17-4">
                    <pos type="JJS"/>
                    <lemma type="least"/>
                </token>
                <token content="favorite" id="17-5">
                    <pos type="JJ"/>
                    <lemma type="favorite"/>
                </token>
                <token content="part" id="17-6">
                    <pos type="NN"/>
                    <lemma type="part"/>
                </token>
                <token content="of" id="17-7"/>
                <token content="grocery" id="17-8">
                    <pos type="NN"/>
                    <lemma type="grocery"/>
                </token>
                <token content="shopping" id="17-9">
                    <pos type="NN"/>
                    <lemma type="shopping"/>
                </token>
                <token content="!" id="17-10"/>
            </sentence>
        </sentences>
    </text>
    <annotations>
        <participants>
            <label from="1-2" id="0" name="NPart" text="Sunday" type="participant"/>
            <label from="1-3" id="1" name="ScrPart_shopper" text="I" type="participant"/>
            <label from="1-5" id="2" name="NPart" text="our" type="participant"/>
            <label from="1-6" id="3" name="NPart" text="pantry" type="participant"/>
            <label from="1-8" id="4" name="NPart" text="fridge" type="participant"/>
            <label from="1-10" id="5" name="NPart" text="freezer" type="participant"/>
            <label from="1-14" id="6" name="ScrPart_shopper" text="I" type="participant"/>
            <label from="1-20" id="7" name="ScrPart_grocery_shop" text="grocery store" to="1-21" type="participant"/>
            <label from="1-21" id="8" name="ScrPart_grocery_shop" text="store" type="participant"/>
            <label from="2-1" id="9" name="ScrPart_shopper" text="I" type="participant"/>
            <label from="2-7" id="10" name="NPart" text="pet supplies" to="2-8" type="participant"/>
            <label from="2-8" id="11" name="NPart" text="supplies" type="participant"/>
            <label from="2-10" id="12" name="ScrPart_shopper" text="I" type="participant"/>
            <label from="2-12" id="13" name="NPart" text="dogs" type="participant"/>
            <label from="2-14" id="14" name="NPart" text="cats" type="participant"/>
            <label from="2-18" id="15" name="No_label" text="lot" type="participant"/>
            <label from="3-1" id="16" name="ScrPart_shopper" text="I" type="participant"/>
            <label from="3-4" id="17" name="ScrPart_grocery_list" text="piece of paper" to="3-6" type="participant"/>
            <label from="3-4" id="18" name="ScrPart_grocery_list" text="piece" type="participant"/>
            <label from="3-6" id="19" name="ScrPart_grocery_list" text="paper" type="participant"/>
            <label from="3-8" id="20" name="ScrPart_shopper" text="me" type="participant"/>
            <label from="3-13" id="21" name="ScrPart_shopper" text="I" type="participant"/>
            <label from="4-1" id="22" name="ScrPart_shopper" text="I" type="participant"/>
            <label from="4-5" id="23" name="SuppVComp" text="idea" type="participant"/>
            <label from="4-8" id="24" name="NPart" text="meals" type="participant"/>
            <label from="4-9" id="25" name="ScrPart_shopper" text="I" type="participant"/>
            <label from="4-15" id="26" name="NPart" text="week" type="participant"/>
            <label from="4-18" id="27" name="ScrPart_groceries" text="ingredients" type="participant"/>
            <label from="4-19" id="28" name="ScrPart_shopper" text="I" type="participant"/>
            <label from="4-25" id="29" name="NPart" text="meals" type="participant"/>
            <label from="4-28" id="30" name="ScrPart_shopper" text="I" type="participant"/>
            <label from="4-30" id="31" name="ScrPart_groceries" text="them" type="participant"/>
            <label from="4-33" id="32" name="ScrPart_grocery_list" text="list" type="participant"/>
            <label from="5-1" id="33" name="ScrPart_shopper" text="I" type="participant"/>
            <label from="5-4" id="34" name="ScrPart_grocery_shop" text="store" type="participant"/>
            <label from="5-6" id="35" name="ScrPart_grocery_shop" text="stores" type="participant"/>
            <label from="5-7" id="36" name="ScrPart_shopper" text="I" type="participant"/>
            <label from="5-13" id="37" name="ScrPart_shopper" text="I" type="participant"/>
            <label from="5-16" id="38" name="NPart" text="layout" type="participant"/>
            <label from="5-19" id="39" name="ScrPart_grocery_shop" text="store" type="participant"/>
            <label from="5-21" id="40" name="ScrPart_shopper" text="I" type="participant"/>
            <label from="5-25" id="41" name="ScrPart_shopper" text="my" type="participant"/>
            <label from="5-26" id="42" name="ScrPart_grocery_list" text="list" type="participant"/>
            <label from="5-30" id="43" name="No_label" text="order" type="participant"/>
            <label from="5-33" id="44" name="ScrPart_groceries" text="items" type="participant"/>
            <label from="5-38" id="45" name="ScrPart_shopper" text="I" type="participant"/>
            <label from="5-40" id="46" name="ScrPart_grocery_shop" text="there" type="participant"/>
            <label from="6-1" id="47" name="ScrPart_shopper" text="I" type="participant"/>
            <label from="6-5" id="48" name="ScrPart_shopping_cart/basket" text="cart" type="participant"/>
            <label from="6-8" id="49" name="No_label" text="way" type="participant"/>
            <label from="6-11" id="50" name="ScrPart_grocery_shop" text="store" type="participant"/>
            <label from="6-17" id="51" name="ScrPart_section" text="aisle" type="participant"/>
            <label from="6-19" id="52" name="ScrPart_shopper" text="I" type="participant"/>
            <label from="7-2" id="53" name="ScrPart_grocery_shop" text="supermarkets" type="participant"/>
            <label from="7-4" id="54" name="ScrPart_grocery_shop" text="their" type="participant"/>
            <label from="7-5" id="55" name="ScrPart_groceries" text="frozen foods" to="7-6" type="participant"/>
            <label from="7-6" id="56" name="ScrPart_groceries" text="foods" type="participant"/>
            <label from="7-9" id="57" name="ScrPart_section" text="end" type="participant"/>
            <label from="7-11" id="58" name="ScrPart_shopper" text="I" type="participant"/>
            <label from="7-16" id="59" name="ScrPart_section" text="end" type="participant"/>
            <label from="7-18" id="60" name="No_label" text="it" type="participant"/>
            <label from="7-23" id="61" name="ScrPart_groceries" text="frozen items" to="7-24" type="participant"/>
            <label from="7-24" id="62" name="ScrPart_groceries" text="items" type="participant"/>
            <label from="7-27" id="63" name="ScrPart_groceries" text="they" type="participant"/>
            <label from="7-34" id="64" name="ScrPart_shopper" text="I" type="participant"/>
            <label from="7-39" id="65" name="ScrPart_grocery_shop" text="store" type="participant"/>
            <label from="8-1" id="66" name="ScrPart_shopper" text="I" type="participant"/>
            <label from="8-3" id="67" name="ScrPart_shopper" text="my" type="participant"/>
            <label from="8-4" id="68" name="SuppVComp" text="way" type="participant"/>
            <label from="8-6" id="69" name="ScrPart_shopper" text="my" type="participant"/>
            <label from="8-7" id="70" name="ScrPart_grocery_list" text="shopping list" to="8-8" type="participant"/>
            <label from="8-8" id="71" name="ScrPart_grocery_list" text="list" type="participant"/>
            <label from="8-11" id="72" name="ScrPart_groceries" text="items" type="participant"/>
            <label from="8-14" id="73" name="ScrPart_section" text="shelf" type="participant"/>
            <label from="8-17" id="74" name="ScrPart_groceries" text="them" type="participant"/>
            <label from="8-19" id="75" name="ScrPart_shopper" text="my" type="participant"/>
            <label from="8-20" id="76" name="ScrPart_shopping_cart/basket" text="cart" type="participant"/>
            <label from="8-27" id="77" name="ScrPart_groceries" text="things" type="participant"/>
            <label from="8-30" id="78" name="ScrPart_groceries" text="things" type="participant"/>
            <label from="8-35" id="79" name="ScrPart_shopper" text="I" type="participant"/>
            <label from="8-37" id="80" name="ScrPart_groceries" text="items" type="participant"/>
            <label from="8-41" id="81" name="Unclear" text="use" type="participant"/>
            <label from="8-43" id="82" name="NPart" text="date" type="participant"/>
            <label from="8-49" id="83" name="NPart" text="day" type="participant"/>
            <label from="8-50" id="84" name="ScrPart_shopper" text="I" type="participant"/>
            <label from="8-54" id="85" name="ScrPart_groceries" text="them" type="participant"/>
            <label from="9-1" id="86" name="ScrPart_shopper" text="I" type="participant"/>
            <label from="9-7" id="87" name="No_label" text="idea" type="participant"/>
            <label from="9-11" id="88" name="ScrPart_groceries" text="everything" type="participant"/>
            <label from="9-14" id="89" name="ScrPart_shopper" text="I" type="participant"/>
            <label from="9-17" id="90" name="No_label" text="idea" type="participant"/>
            <label from="9-19" id="91" name="ScrPart_shopper" text="my" type="participant"/>
            <label from="9-21" id="92" name="ScrPart_receipt" text="bill" type="participant"/>
            <label from="10-2" id="93" name="ScrPart_shopper" text="I" type="participant"/>
            <label from="10-6" id="94" name="No_label" text="everything" type="participant"/>
            <label from="10-7" id="95" name="ScrPart_shopper" text="I" type="participant"/>
            <label from="10-11" id="96" name="ScrPart_cash_desk" text="checkout" type="participant"/>
            <label from="11-5" id="97" name="ScrPart_shopper" text="someone" type="participant"/>
            <label from="11-7" id="98" name="No_label" text="front" type="participant"/>
            <label from="11-9" id="99" name="ScrPart_shopper" text="me" type="participant"/>
            <label from="11-12" id="100" name="ScrPart_grocery_staff" text="checkout people" to="11-13" type="participant"/>
            <label from="11-13" id="101" name="ScrPart_grocery_staff" text="people" type="participant"/>
            <label from="11-17" id="102" name="ScrPart_shopper" text="I" type="participant"/>
            <label from="12-1" id="103" name="ScrPart_shopper" text="I" type="participant"/>
            <label from="12-4" id="104" name="ScrPart_shopper" text="my" type="participant"/>
            <label from="12-5" id="105" name="ScrPart_groceries" text="items" type="participant"/>
            <label from="12-8" id="106" name="ScrPart_conveyor_belt" text="conveyor belt" to="12-9" type="participant"/>
            <label from="12-9" id="107" name="ScrPart_conveyor_belt" text="belt" type="participant"/>
            <label from="12-12" id="108" name="ScrPart_grocery_staff" text="person" type="participant"/>
            <label from="12-15" id="109" name="ScrPart_cash_desk" text="checkout counter" to="12-16" type="participant"/>
            <label from="12-16" id="110" name="ScrPart_cash_desk" text="counter" type="participant"/>
            <label from="12-18" id="111" name="ScrPart_groceries" text="them" type="participant"/>
            <label from="12-20" id="112" name="ScrPart_price" text="prices" type="participant"/>
            <label from="13-2" id="113" name="ScrPart_price" text="prices" type="participant"/>
            <label from="13-8" id="114" name="NPart" text="screen" type="participant"/>
            <label from="13-10" id="115" name="No_label" text="front" type="participant"/>
            <label from="13-12" id="116" name="ScrPart_shopper" text="me" type="participant"/>
            <label from="13-14" id="117" name="ScrPart_shopper" text="I" type="participant"/>
            <label from="13-19" id="118" name="ScrPart_shopper" text="I" type="participant"/>
            <label from="14-3" id="119" name="ScrPart_grocery_staff" text="checkout person" to="14-4" type="participant"/>
            <label from="14-4" id="120" name="ScrPart_grocery_staff" text="person" type="participant"/>
            <label from="14-6" id="121" name="ScrPart_shopper" text="my" type="participant"/>
            <label from="14-7" id="122" name="ScrPart_groceries" text="items" type="participant"/>
            <label from="14-9" id="123" name="ScrPart_grocery_staff" text="shop assistant" to="14-10" type="participant"/>
            <label from="14-10" id="124" name="ScrPart_grocery_staff" text="assistant" type="participant"/>
            <label from="14-13" id="125" name="ScrPart_shopper" text="my" type="participant"/>
            <label from="14-14" id="126" name="ScrPart_groceries" text="items" type="participant"/>
            <label from="14-17" id="127" name="ScrPart_shopping_bags" text="bags" type="participant"/>
            <label from="14-20" id="128" name="ScrPart_shopping_bags" text="them" type="participant"/>
            <label from="14-23" id="129" name="ScrPart_shopper" text="my" type="participant"/>
            <label from="14-24" id="130" name="ScrPart_shopping_cart/basket" text="cart" type="participant"/>
            <label from="15-2" id="131" name="ScrPart_shopper" text="I" type="participant"/>
            <label from="15-5" id="132" name="ScrPart_shopper" text="I" type="participant"/>
            <label from="15-10" id="133" name="ScrPart_shopper" text="I" type="participant"/>
            <label from="15-13" id="134" name="NPart" text="help" type="participant"/>
            <label from="15-15" id="135" name="ScrPart_shopper" text="my" type="participant"/>
            <label from="15-16" id="136" name="ScrPart_shopping_bags" text="bags" type="participant"/>
            <label from="15-19" id="137" name="ScrPart_vehicle" text="car" type="participant"/>
            <label from="15-21" id="138" name="ScrPart_shopper" text="I" type="participant"/>
            <label from="15-25" id="139" name="ScrPart_shopper" text="I" type="participant"/>
            <label from="15-28" id="140" name="ScrPart_shopper" text="people" type="participant"/>
            <label from="15-31" id="141" name="ScrPart_grocery_shop" text="store" type="participant"/>
            <label from="15-36" id="142" name="ScrPart_shopper" text="I" type="participant"/>
            <label from="16-1" id="143" name="ScrPart_shopper" text="I" type="participant"/>
            <label from="16-4" id="144" name="ScrPart_vehicle" text="car" type="participant"/>
            <label from="16-7" id="145" name="NPart" text="home" type="participant"/>
            <label from="16-13" id="146" name="ScrPart_groceries" text="everything" type="participant"/>
            <label from="16-16" id="147" name="NPart" text="pantry" type="participant"/>
            <label from="16-18" id="148" name="NPart" text="freezer" type="participant"/>
            <label from="16-20" id="149" name="NPart" text="refrigerator" type="participant"/>
            <label from="17-3" id="150" name="ScrPart_shopper" text="my" type="participant"/>
            <label from="17-6" id="151" name="Head_of_Partitive" text="part" type="participant"/>
            <label from="17-8" id="152" name="ScrPart_groceries" text="grocery" type="participant"/>
        </participants>
        <events>
            <label from="1-4" id="153" name="RelNScrEv" text="check" type="event"/>
            <label from="1-12" id="154" name="RelNScrEv" text="see" type="event"/>
            <label from="1-17" id="155" name="ScrEv_get_groceries" text="buy" type="event"/>
            <label from="2-5" id="156" name="RelNScrEv" text="check" type="event"/>
            <label from="2-11" id="157" name="UnrelEv" text="have" type="event"/>
            <label from="2-16" id="158" name="UnrelEv" text="eat" type="event"/>
            <label from="3-2" id="159" name="UnrelEv" text="carry" type="event"/>
            <label from="3-10" id="160" name="ScrEv_make_list" text="write down" to="3-11" type="event"/>
            <label from="3-16" id="161" name="ScrEv_get_groceries" text="get" type="event"/>
            <label from="4-3" id="162" name="UnrelEv" text="have" type="event"/>
            <label from="4-12" id="163" name="UnrelEv" text="cook" type="event"/>
            <label from="4-21" id="164" name="UnrelEv" text="need" type="event"/>
            <label from="4-23" id="165" name="UnrelEv" text="make" type="event"/>
            <label from="4-29" id="166" name="ScrEv_make_list" text="add" type="event"/>
            <label from="5-2" id="167" name="UnrelEv" text="know" type="event"/>
            <label from="5-11" id="168" name="ScrEv_go_grocery" text="visit" type="event"/>
            <label from="5-14" id="169" name="UnrelEv" text="know" type="event"/>
            <label from="5-24" id="170" name="ScrEv_make_list" text="make" type="event"/>
            <label from="5-36" id="171" name="RelNScrEv" text="found" type="event"/>
            <label from="6-2" id="172" name="ScrEv_take_shop_cart" text="pick up" to="6-3" type="event"/>
            <label from="6-13" id="173" name="ScrEv_move_section" text="head" type="event"/>
            <label from="6-22" id="174" name="UnrelEv" text="visit" type="event"/>
            <label from="7-3" id="175" name="UnrelEv" text="have" type="event"/>
            <label from="7-12" id="176" name="UnrelEv" text="start" type="event"/>
            <label from="7-19" id="177" name="UnrelEv" text="is" type="event"/>
            <label from="7-22" id="178" name="ScrEv_get_groceries" text="buy" type="event"/>
            <label from="7-32" id="179" name="UnrelEv" text="melt" type="event"/>
            <label from="7-36" id="180" name="ScrEv_move_section" text="walking" type="event"/>
            <label from="8-2" id="181" name="UnrelEv" text="work" type="event"/>
            <label from="8-10" id="182" name="ScrEv_get_groceries" text="selecting" type="event"/>
            <label from="8-16" id="183" name="ScrEv_get_groceries" text="placing" type="event"/>
            <label from="8-25" id="184" name="UnrelEv" text="squash" type="event"/>
            <label from="8-36" id="185" name="ScrEv_get_groceries" text="buy" type="event"/>
            <label from="8-39" id="186" name="UnrelEv" text="have" type="event"/>
            <label from="8-45" id="187" name="UnrelEv" text="is" type="event"/>
            <label from="8-53" id="188" name="UnrelEv" text="use" type="event"/>
            <label from="9-4" id="189" name="UnrelEv" text="keeping" type="event"/>
            <label from="9-12" id="190" name="RelNScrEv" text="costs" type="event"/>
            <label from="9-15" id="191" name="UnrelEv" text="have" type="event"/>
            <label from="10-3" id="192" name="UnrelEv" text="am" type="event"/>
            <label from="10-8" id="193" name="ScrEv_wait" text="wait" type="event"/>
            <label from="11-2" id="194" name="UnrelEv" text="is" type="event"/>
            <label from="11-14" id="195" name="UnrelEv" text="work" type="event"/>
            <label from="11-19" id="196" name="ScrEv_wait" text="wait" type="event"/>
            <label from="12-2" id="197" name="ScrEv_put_conveyor" text="place" type="event"/>
            <label from="12-17" id="198" name="ScrEv_cashier_scan/weight" text="scans" type="event"/>
            <label from="13-4" id="199" name="RelNScrEv" text="add up" to="13-5" type="event"/>
            <label from="13-16" id="200" name="UnrelEv" text="see" type="event"/>
            <label from="13-21" id="201" name="ScrEv_pay" text="spending" type="event"/>
            <label from="14-5" id="202" name="ScrEv_cashier_scan/weight" text="scans" type="event"/>
            <label from="14-11" id="203" name="ScrEv_pack_groceries" text="packs" type="event"/>
            <label from="14-19" id="204" name="RelNScrEv" text="places" type="event"/>
            <label from="15-4" id="205" name="UnrelEv" text="finished" type="event"/>
            <label from="15-8" id="206" name="RelNScrEv" text="asked" type="event"/>
            <label from="15-11" id="207" name="UnrelEv" text="need" type="event"/>
            <label from="15-14" id="208" name="ScrEv_bring_vehicle" text="taking" type="event"/>
            <label from="15-23" id="209" name="UnrelEv" text="refuse" type="event"/>
            <label from="15-26" id="210" name="UnrelEv" text="think" type="event"/>
            <label from="15-32" id="211" name="UnrelEv" text="need" type="event"/>
            <label from="15-37" id="212" name="UnrelEv" text="do" type="event"/>
            <label from="16-2" id="213" name="ScrEv_bring_vehicle" text="load" type="event"/>
            <label from="16-6" id="214" name="ScrEv_leave" text="drive" type="event"/>
            <label from="16-12" id="215" name="RelNScrEv" text="put" type="event"/>
            <label from="17-2" id="216" name="UnrelEv" text="is" type="event"/>
            <label from="17-8" id="217" name="Evoking" text="grocery shopping" to="17-9" type="event"/>
            <label from="17-9" id="218" name="ScrEv_get_groceries" text="shopping" type="event"/>
        </events>
        <chains>
            <chain elements="1 6 9 12 16 20 21 22 25 28 30 33 36 37 40 41 45 47 52 58 64 66 67 69 75 79 84 86 89 91 93 95 99 102 103 104 116 117 118 121 125 129 131 132 133 135 138 139 142 143 150"/>
            <chain elements="17 19 32 42 71"/>
            <chain elements="27 31"/>
            <chain elements="8 34 35 39 46 50 53 65 141 54"/>
            <chain elements="56 62 63"/>
            <chain elements="44 72 74 80 85 88 105 111 122 126 146"/>
            <chain elements="48 76 130"/>
            <chain elements="96 110"/>
            <chain elements="112 113"/>
            <chain elements="108 120"/>
            <chain elements="127 128 136"/>
            <chain elements="137 144"/>
            <chain elements="3 147"/>
            <chain elements="5 148"/>
            <chain elements="4 149"/>
            <chain elements="24 29"/>
        </chains>
    </annotations>
</story>
