<?xml version="1.0" encoding="UTF-8" standalone="no"?>
<!DOCTYPE story SYSTEM "../InScript.dtd">
<story id="036" scenario="grocery">
    <text>
        <content>Once a week I go to the grocery store to do some food shopping . 
Before I left the house my wife gave me a list of things that we needed . 
I grabbed my shopping cart and the list and started walking to the supermarket that was 2 blocks away . 
When I got there I walked up and down the aisles looking for the items that were on the list . 
As I found each item , I placed them into my shopping cart and crossed them off the list . 
When I finally found everything we needed I made my way towards the check out line to pay for the food . 
I found a cashier that did n't have anyone on her line and I made my way towards her . 
I gave her each item one at a time and watched her scan and place them into bags for me . 
After she was finished she told me the total amount and I gave her the money to cover the cost . 
She gave me my change and receipt then thanked me for shopping . </content>
        <sentences>
            <sentence id="1">
                <token content="Once" id="1-1">
                    <pos type="IN"/>
                    <lemma type="once"/>
                    <dep head="1-5" type="mark"/>
                </token>
                <token content="a" id="1-2">
                    <pos type="DT"/>
                    <lemma type="a"/>
                </token>
                <token content="week" id="1-3">
                    <pos type="NN"/>
                    <lemma type="week"/>
                    <dep head="1-5" type="tmod"/>
                </token>
                <token content="I" id="1-4">
                    <pos type="PRP"/>
                    <lemma type="I"/>
                    <dep head="1-5" type="nsubj"/>
                </token>
                <token content="go" id="1-5">
                    <pos type="VBP"/>
                    <lemma type="go"/>
                    <dep head="1-9" type="csubj"/>
                </token>
                <token content="to" id="1-6"/>
                <token content="the" id="1-7">
                    <pos type="DT"/>
                    <lemma type="the"/>
                </token>
                <token content="grocery" id="1-8">
                    <pos type="NN"/>
                    <lemma type="grocery"/>
                    <dep head="1-5" type="prep"/>
                </token>
                <token content="store" id="1-9">
                    <pos type="VBP"/>
                    <lemma type="store"/>
                </token>
                <token content="to" id="1-10">
                    <pos type="TO"/>
                    <lemma type="to"/>
                    <dep head="1-11" type="aux"/>
                </token>
                <token content="do" id="1-11">
                    <pos type="VB"/>
                    <lemma type="do"/>
                    <dep head="1-9" type="xcomp"/>
                </token>
                <token content="some" id="1-12">
                    <pos type="DT"/>
                    <lemma type="some"/>
                </token>
                <token content="food" id="1-13">
                    <pos type="NN"/>
                    <lemma type="food"/>
                </token>
                <token content="shopping" id="1-14">
                    <pos type="NN"/>
                    <lemma type="shopping"/>
                    <dep head="1-11" type="dobj"/>
                </token>
                <token content="." id="1-15"/>
            </sentence>
            <sentence id="2">
                <token content="Before" id="2-1">
                    <pos type="IN"/>
                    <lemma type="before"/>
                    <dep head="2-3" type="mark"/>
                </token>
                <token content="I" id="2-2">
                    <pos type="PRP"/>
                    <lemma type="I"/>
                    <dep head="2-3" type="nsubj"/>
                </token>
                <token content="left" id="2-3">
                    <pos type="VBD"/>
                    <lemma type="leave"/>
                    <dep head="2-8" type="advcl"/>
                </token>
                <token content="the" id="2-4">
                    <pos type="DT"/>
                    <lemma type="the"/>
                </token>
                <token content="house" id="2-5">
                    <pos type="NN"/>
                    <lemma type="house"/>
                    <dep head="2-3" type="dobj"/>
                </token>
                <token content="my" id="2-6">
                    <pos type="PRP$"/>
                    <lemma type="my"/>
                </token>
                <token content="wife" id="2-7">
                    <pos type="NN"/>
                    <lemma type="wife"/>
                    <dep head="2-8" type="nsubj"/>
                </token>
                <token content="gave" id="2-8">
                    <pos type="VBD"/>
                    <lemma type="give"/>
                </token>
                <token content="me" id="2-9">
                    <pos type="PRP"/>
                    <lemma type="I"/>
                    <dep head="2-8" type="iobj"/>
                </token>
                <token content="a" id="2-10">
                    <pos type="DT"/>
                    <lemma type="a"/>
                </token>
                <token content="list" id="2-11">
                    <pos type="NN"/>
                    <lemma type="list"/>
                    <dep head="2-8" type="dobj"/>
                </token>
                <token content="of" id="2-12"/>
                <token content="things" id="2-13">
                    <pos type="NNS"/>
                    <lemma type="thing"/>
                </token>
                <token content="that" id="2-14">
                    <pos type="IN"/>
                    <lemma type="that"/>
                    <dep head="2-16" type="mark"/>
                </token>
                <token content="we" id="2-15">
                    <pos type="PRP"/>
                    <lemma type="we"/>
                    <dep head="2-16" type="nsubj"/>
                </token>
                <token content="needed" id="2-16">
                    <pos type="VBD"/>
                    <lemma type="need"/>
                </token>
                <token content="." id="2-17"/>
            </sentence>
            <sentence id="3">
                <token content="I" id="3-1">
                    <pos type="PRP"/>
                    <lemma type="I"/>
                    <dep head="3-2" type="nsubj"/>
                </token>
                <token content="grabbed" id="3-2">
                    <pos type="VBD"/>
                    <lemma type="grab"/>
                </token>
                <token content="my" id="3-3">
                    <pos type="PRP$"/>
                    <lemma type="my"/>
                </token>
                <token content="shopping" id="3-4">
                    <pos type="NN"/>
                    <lemma type="shopping"/>
                </token>
                <token content="cart" id="3-5">
                    <pos type="NN"/>
                    <lemma type="cart"/>
                    <dep head="3-2" type="dobj"/>
                </token>
                <token content="and" id="3-6"/>
                <token content="the" id="3-7">
                    <pos type="DT"/>
                    <lemma type="the"/>
                </token>
                <token content="list" id="3-8">
                    <pos type="NN"/>
                    <lemma type="list"/>
                </token>
                <token content="and" id="3-9"/>
                <token content="started" id="3-10">
                    <pos type="VBD"/>
                    <lemma type="start"/>
                    <dep head="3-2" type="conj"/>
                </token>
                <token content="walking" id="3-11">
                    <pos type="VBG"/>
                    <lemma type="walk"/>
                    <dep head="3-10" type="xcomp"/>
                </token>
                <token content="to" id="3-12"/>
                <token content="the" id="3-13">
                    <pos type="DT"/>
                    <lemma type="the"/>
                </token>
                <token content="supermarket" id="3-14">
                    <pos type="NN"/>
                    <lemma type="supermarket"/>
                    <dep head="3-11" type="prep"/>
                </token>
                <token content="that" id="3-15">
                    <pos type="WDT"/>
                    <lemma type="that"/>
                    <dep head="3-16" type="nsubj"/>
                </token>
                <token content="was" id="3-16">
                    <pos type="VBD"/>
                    <lemma type="be"/>
                </token>
                <token content="2" id="3-17">
                    <pos type="CD"/>
                    <lemma type="2"/>
                </token>
                <token content="blocks" id="3-18">
                    <pos type="NNS"/>
                    <lemma type="block"/>
                </token>
                <token content="away" id="3-19">
                    <pos type="RB"/>
                    <lemma type="away"/>
                    <dep head="3-16" type="advmod"/>
                </token>
                <token content="." id="3-20"/>
            </sentence>
            <sentence id="4">
                <token content="When" id="4-1">
                    <pos type="WRB"/>
                    <lemma type="when"/>
                    <dep head="4-3" type="advmod"/>
                </token>
                <token content="I" id="4-2">
                    <pos type="PRP"/>
                    <lemma type="I"/>
                    <dep head="4-3" type="nsubj"/>
                </token>
                <token content="got" id="4-3">
                    <pos type="VBD"/>
                    <lemma type="get"/>
                    <dep head="4-6" type="advcl"/>
                </token>
                <token content="there" id="4-4">
                    <pos type="RB"/>
                    <lemma type="there"/>
                    <dep head="4-3" type="advmod"/>
                </token>
                <token content="I" id="4-5">
                    <pos type="PRP"/>
                    <lemma type="I"/>
                    <dep head="4-6" type="nsubj"/>
                </token>
                <token content="walked" id="4-6">
                    <pos type="VBD"/>
                    <lemma type="walk"/>
                </token>
                <token content="up" id="4-7">
                    <pos type="RP"/>
                    <lemma type="up"/>
                    <dep head="4-6" type="prt"/>
                </token>
                <token content="and" id="4-8">
                    <pos type="CC"/>
                    <lemma type="and"/>
                </token>
                <token content="down" id="4-9">
                    <pos type="RP"/>
                    <lemma type="down"/>
                </token>
                <token content="the" id="4-10">
                    <pos type="DT"/>
                    <lemma type="the"/>
                </token>
                <token content="aisles" id="4-11">
                    <pos type="NNS"/>
                    <lemma type="aisle"/>
                    <dep head="4-6" type="dobj"/>
                </token>
                <token content="looking" id="4-12">
                    <pos type="VBG"/>
                    <lemma type="look"/>
                </token>
                <token content="for" id="4-13"/>
                <token content="the" id="4-14">
                    <pos type="DT"/>
                    <lemma type="the"/>
                </token>
                <token content="items" id="4-15">
                    <pos type="NNS"/>
                    <lemma type="item"/>
                    <dep head="4-12" type="prep"/>
                </token>
                <token content="that" id="4-16">
                    <pos type="WDT"/>
                    <lemma type="that"/>
                    <dep head="4-17" type="nsubj"/>
                </token>
                <token content="were" id="4-17">
                    <pos type="VBD"/>
                    <lemma type="be"/>
                </token>
                <token content="on" id="4-18"/>
                <token content="the" id="4-19">
                    <pos type="DT"/>
                    <lemma type="the"/>
                </token>
                <token content="list" id="4-20">
                    <pos type="NN"/>
                    <lemma type="list"/>
                    <dep head="4-17" type="prep"/>
                </token>
                <token content="." id="4-21"/>
            </sentence>
            <sentence id="5">
                <token content="As" id="5-1">
                    <pos type="IN"/>
                    <lemma type="as"/>
                    <dep head="5-3" type="mark"/>
                </token>
                <token content="I" id="5-2">
                    <pos type="PRP"/>
                    <lemma type="I"/>
                    <dep head="5-3" type="nsubj"/>
                </token>
                <token content="found" id="5-3">
                    <pos type="VBD"/>
                    <lemma type="find"/>
                    <dep head="5-8" type="advcl"/>
                </token>
                <token content="each" id="5-4">
                    <pos type="DT"/>
                    <lemma type="each"/>
                </token>
                <token content="item" id="5-5">
                    <pos type="NN"/>
                    <lemma type="item"/>
                    <dep head="5-3" type="dobj"/>
                </token>
                <token content="," id="5-6"/>
                <token content="I" id="5-7">
                    <pos type="PRP"/>
                    <lemma type="I"/>
                    <dep head="5-8" type="nsubj"/>
                </token>
                <token content="placed" id="5-8">
                    <pos type="VBD"/>
                    <lemma type="place"/>
                </token>
                <token content="them" id="5-9">
                    <pos type="PRP"/>
                    <lemma type="they"/>
                    <dep head="5-8" type="dobj"/>
                </token>
                <token content="into" id="5-10"/>
                <token content="my" id="5-11">
                    <pos type="PRP$"/>
                    <lemma type="my"/>
                </token>
                <token content="shopping" id="5-12">
                    <pos type="NN"/>
                    <lemma type="shopping"/>
                </token>
                <token content="cart" id="5-13">
                    <pos type="NN"/>
                    <lemma type="cart"/>
                    <dep head="5-8" type="prep"/>
                </token>
                <token content="and" id="5-14"/>
                <token content="crossed" id="5-15">
                    <pos type="VBD"/>
                    <lemma type="cross"/>
                    <dep head="5-8" type="conj"/>
                </token>
                <token content="them" id="5-16">
                    <pos type="PRP"/>
                    <lemma type="they"/>
                    <dep head="5-15" type="dobj"/>
                </token>
                <token content="off" id="5-17"/>
                <token content="the" id="5-18">
                    <pos type="DT"/>
                    <lemma type="the"/>
                </token>
                <token content="list" id="5-19">
                    <pos type="NN"/>
                    <lemma type="list"/>
                    <dep head="5-15" type="prep"/>
                </token>
                <token content="." id="5-20"/>
            </sentence>
            <sentence id="6">
                <token content="When" id="6-1">
                    <pos type="WRB"/>
                    <lemma type="when"/>
                    <dep head="6-4" type="advmod"/>
                </token>
                <token content="I" id="6-2">
                    <pos type="PRP"/>
                    <lemma type="I"/>
                    <dep head="6-4" type="nsubj"/>
                </token>
                <token content="finally" id="6-3">
                    <pos type="RB"/>
                    <lemma type="finally"/>
                    <dep head="6-4" type="advmod"/>
                </token>
                <token content="found" id="6-4">
                    <pos type="VBD"/>
                    <lemma type="find"/>
                    <dep head="6-7" type="advcl"/>
                </token>
                <token content="everything" id="6-5">
                    <pos type="NN"/>
                    <lemma type="everything"/>
                    <dep head="6-4" type="dobj"/>
                </token>
                <token content="we" id="6-6">
                    <pos type="PRP"/>
                    <lemma type="we"/>
                    <dep head="6-7" type="nsubj"/>
                </token>
                <token content="needed" id="6-7">
                    <pos type="VBD"/>
                    <lemma type="need"/>
                </token>
                <token content="I" id="6-8">
                    <pos type="PRP"/>
                    <lemma type="I"/>
                    <dep head="6-9" type="nsubj"/>
                </token>
                <token content="made" id="6-9">
                    <pos type="VBD"/>
                    <lemma type="make"/>
                    <dep head="6-7" type="ccomp"/>
                </token>
                <token content="my" id="6-10">
                    <pos type="PRP$"/>
                    <lemma type="my"/>
                </token>
                <token content="way" id="6-11">
                    <pos type="NN"/>
                    <lemma type="way"/>
                    <dep head="6-9" type="dobj"/>
                </token>
                <token content="towards" id="6-12"/>
                <token content="the" id="6-13">
                    <pos type="DT"/>
                    <lemma type="the"/>
                </token>
                <token content="check" id="6-14">
                    <pos type="NN"/>
                    <lemma type="check"/>
                    <dep head="6-9" type="prep"/>
                </token>
                <token content="out" id="6-15"/>
                <token content="line" id="6-16">
                    <pos type="NN"/>
                    <lemma type="line"/>
                    <dep head="6-9" type="prep"/>
                </token>
                <token content="to" id="6-17">
                    <pos type="TO"/>
                    <lemma type="to"/>
                    <dep head="6-18" type="aux"/>
                </token>
                <token content="pay" id="6-18">
                    <pos type="VB"/>
                    <lemma type="pay"/>
                    <dep head="6-9" type="vmod"/>
                </token>
                <token content="for" id="6-19"/>
                <token content="the" id="6-20">
                    <pos type="DT"/>
                    <lemma type="the"/>
                </token>
                <token content="food" id="6-21">
                    <pos type="NN"/>
                    <lemma type="food"/>
                    <dep head="6-18" type="prep"/>
                </token>
                <token content="." id="6-22"/>
            </sentence>
            <sentence id="7">
                <token content="I" id="7-1">
                    <pos type="PRP"/>
                    <lemma type="I"/>
                    <dep head="7-2" type="nsubj"/>
                </token>
                <token content="found" id="7-2">
                    <pos type="VBD"/>
                    <lemma type="find"/>
                </token>
                <token content="a" id="7-3">
                    <pos type="DT"/>
                    <lemma type="a"/>
                </token>
                <token content="cashier" id="7-4">
                    <pos type="NN"/>
                    <lemma type="cashier"/>
                    <dep head="7-2" type="dobj"/>
                </token>
                <token content="that" id="7-5">
                    <pos type="WDT"/>
                    <lemma type="that"/>
                    <dep head="7-8" type="nsubj"/>
                </token>
                <token content="did" id="7-6">
                    <pos type="VBD"/>
                    <lemma type="do"/>
                    <dep head="7-8" type="aux"/>
                </token>
                <token content="n't" id="7-7">
                    <pos type="RB"/>
                    <lemma type="not"/>
                    <dep head="7-8" type="neg"/>
                </token>
                <token content="have" id="7-8">
                    <pos type="VB"/>
                    <lemma type="have"/>
                </token>
                <token content="anyone" id="7-9">
                    <pos type="NN"/>
                    <lemma type="anyone"/>
                    <dep head="7-8" type="dobj"/>
                </token>
                <token content="on" id="7-10"/>
                <token content="her" id="7-11">
                    <pos type="PRP$"/>
                    <lemma type="she"/>
                </token>
                <token content="line" id="7-12">
                    <pos type="NN"/>
                    <lemma type="line"/>
                </token>
                <token content="and" id="7-13"/>
                <token content="I" id="7-14">
                    <pos type="PRP"/>
                    <lemma type="I"/>
                    <dep head="7-15" type="nsubj"/>
                </token>
                <token content="made" id="7-15">
                    <pos type="VBD"/>
                    <lemma type="make"/>
                    <dep head="7-2" type="conj"/>
                </token>
                <token content="my" id="7-16">
                    <pos type="PRP$"/>
                    <lemma type="my"/>
                </token>
                <token content="way" id="7-17">
                    <pos type="NN"/>
                    <lemma type="way"/>
                    <dep head="7-15" type="dobj"/>
                </token>
                <token content="towards" id="7-18"/>
                <token content="her" id="7-19">
                    <pos type="PRP"/>
                    <lemma type="she"/>
                    <dep head="7-15" type="prep"/>
                </token>
                <token content="." id="7-20"/>
            </sentence>
            <sentence id="8">
                <token content="I" id="8-1">
                    <pos type="PRP"/>
                    <lemma type="I"/>
                    <dep head="8-2" type="nsubj"/>
                </token>
                <token content="gave" id="8-2">
                    <pos type="VBD"/>
                    <lemma type="give"/>
                </token>
                <token content="her" id="8-3">
                    <pos type="PRP"/>
                    <lemma type="she"/>
                    <dep head="8-2" type="iobj"/>
                </token>
                <token content="each" id="8-4">
                    <pos type="DT"/>
                    <lemma type="each"/>
                </token>
                <token content="item" id="8-5">
                    <pos type="NN"/>
                    <lemma type="item"/>
                </token>
                <token content="one" id="8-6">
                    <pos type="NN"/>
                    <lemma type="one"/>
                    <dep head="8-2" type="dobj"/>
                </token>
                <token content="at" id="8-7"/>
                <token content="a" id="8-8">
                    <pos type="DT"/>
                    <lemma type="a"/>
                </token>
                <token content="time" id="8-9">
                    <pos type="NN"/>
                    <lemma type="time"/>
                </token>
                <token content="and" id="8-10"/>
                <token content="watched" id="8-11">
                    <pos type="VBD"/>
                    <lemma type="watch"/>
                    <dep head="8-2" type="conj"/>
                </token>
                <token content="her" id="8-12">
                    <pos type="PRP"/>
                    <lemma type="she"/>
                    <dep head="8-13" type="nsubj"/>
                </token>
                <token content="scan" id="8-13">
                    <pos type="VB"/>
                    <lemma type="scan"/>
                    <dep head="8-11" type="ccomp"/>
                </token>
                <token content="and" id="8-14"/>
                <token content="place" id="8-15">
                    <pos type="VB"/>
                    <lemma type="place"/>
                    <dep head="8-13" type="conj"/>
                </token>
                <token content="them" id="8-16">
                    <pos type="PRP"/>
                    <lemma type="they"/>
                    <dep head="8-13" type="dobj"/>
                </token>
                <token content="into" id="8-17"/>
                <token content="bags" id="8-18">
                    <pos type="NNS"/>
                    <lemma type="bag"/>
                    <dep head="8-13" type="prep"/>
                </token>
                <token content="for" id="8-19"/>
                <token content="me" id="8-20">
                    <pos type="PRP"/>
                    <lemma type="I"/>
                </token>
                <token content="." id="8-21"/>
            </sentence>
            <sentence id="9">
                <token content="After" id="9-1">
                    <pos type="IN"/>
                    <lemma type="after"/>
                    <dep head="9-4" type="mark"/>
                </token>
                <token content="she" id="9-2">
                    <pos type="PRP"/>
                    <lemma type="she"/>
                    <dep head="9-4" type="nsubjpass"/>
                </token>
                <token content="was" id="9-3">
                    <pos type="VBD"/>
                    <lemma type="be"/>
                    <dep head="9-4" type="auxpass"/>
                </token>
                <token content="finished" id="9-4">
                    <pos type="VBN"/>
                    <lemma type="finish"/>
                    <dep head="9-6" type="advcl"/>
                </token>
                <token content="she" id="9-5">
                    <pos type="PRP"/>
                    <lemma type="she"/>
                    <dep head="9-6" type="nsubj"/>
                </token>
                <token content="told" id="9-6">
                    <pos type="VBD"/>
                    <lemma type="tell"/>
                </token>
                <token content="me" id="9-7">
                    <pos type="PRP"/>
                    <lemma type="I"/>
                </token>
                <token content="the" id="9-8">
                    <pos type="DT"/>
                    <lemma type="the"/>
                </token>
                <token content="total" id="9-9">
                    <pos type="JJ"/>
                    <lemma type="total"/>
                </token>
                <token content="amount" id="9-10">
                    <pos type="NN"/>
                    <lemma type="amount"/>
                    <dep head="9-6" type="dep"/>
                </token>
                <token content="and" id="9-11"/>
                <token content="I" id="9-12">
                    <pos type="PRP"/>
                    <lemma type="I"/>
                    <dep head="9-13" type="nsubj"/>
                </token>
                <token content="gave" id="9-13">
                    <pos type="VBD"/>
                    <lemma type="give"/>
                </token>
                <token content="her" id="9-14">
                    <pos type="PRP"/>
                    <lemma type="she"/>
                    <dep head="9-13" type="iobj"/>
                </token>
                <token content="the" id="9-15">
                    <pos type="DT"/>
                    <lemma type="the"/>
                </token>
                <token content="money" id="9-16">
                    <pos type="NN"/>
                    <lemma type="money"/>
                    <dep head="9-13" type="dobj"/>
                </token>
                <token content="to" id="9-17">
                    <pos type="TO"/>
                    <lemma type="to"/>
                    <dep head="9-18" type="aux"/>
                </token>
                <token content="cover" id="9-18">
                    <pos type="VB"/>
                    <lemma type="cover"/>
                </token>
                <token content="the" id="9-19">
                    <pos type="DT"/>
                    <lemma type="the"/>
                </token>
                <token content="cost" id="9-20">
                    <pos type="NN"/>
                    <lemma type="cost"/>
                    <dep head="9-18" type="dobj"/>
                </token>
                <token content="." id="9-21"/>
            </sentence>
            <sentence id="10">
                <token content="She" id="10-1">
                    <pos type="PRP"/>
                    <lemma type="she"/>
                    <dep head="10-2" type="nsubj"/>
                </token>
                <token content="gave" id="10-2">
                    <pos type="VBD"/>
                    <lemma type="give"/>
                </token>
                <token content="me" id="10-3">
                    <pos type="PRP"/>
                    <lemma type="I"/>
                    <dep head="10-2" type="iobj"/>
                </token>
                <token content="my" id="10-4">
                    <pos type="PRP$"/>
                    <lemma type="my"/>
                </token>
                <token content="change" id="10-5">
                    <pos type="NN"/>
                    <lemma type="change"/>
                    <dep head="10-2" type="dobj"/>
                </token>
                <token content="and" id="10-6"/>
                <token content="receipt" id="10-7">
                    <pos type="NN"/>
                    <lemma type="receipt"/>
                    <dep head="10-9" type="nsubj"/>
                </token>
                <token content="then" id="10-8">
                    <pos type="RB"/>
                    <lemma type="then"/>
                    <dep head="10-9" type="advmod"/>
                </token>
                <token content="thanked" id="10-9">
                    <pos type="VBD"/>
                    <lemma type="thank"/>
                    <dep head="10-2" type="conj"/>
                </token>
                <token content="me" id="10-10">
                    <pos type="PRP"/>
                    <lemma type="I"/>
                    <dep head="10-9" type="dobj"/>
                </token>
                <token content="for" id="10-11"/>
                <token content="shopping" id="10-12">
                    <pos type="NN"/>
                    <lemma type="shopping"/>
                    <dep head="10-9" type="prep"/>
                </token>
                <token content="." id="10-13"/>
            </sentence>
        </sentences>
    </text>
    <annotations>
        <participants>
            <label from="1-3" id="0" name="NPart" text="week" type="participant"/>
            <label from="1-4" id="1" name="ScrPart_shopper" text="I" type="participant"/>
            <label from="1-8" id="2" name="ScrPart_grocery_shop" text="grocery store" to="1-9" type="participant"/>
            <label from="1-9" id="3" name="ScrPart_grocery_shop" text="store" type="participant"/>
            <label from="1-13" id="4" name="ScrPart_groceries" text="food" type="participant"/>
            <label from="2-2" id="5" name="ScrPart_shopper" text="I" type="participant"/>
            <label from="2-5" id="6" name="NPart" text="house" type="participant"/>
            <label from="2-6" id="7" name="ScrPart_shopper" text="my" type="participant"/>
            <label from="2-7" id="8" name="NPart" text="wife" type="participant"/>
            <label from="2-9" id="9" name="ScrPart_shopper" text="me" type="participant"/>
            <label from="2-11" id="10" name="ScrPart_grocery_list" text="list" type="participant"/>
            <label from="2-13" id="11" name="ScrPart_groceries" text="things" type="participant"/>
            <label from="2-14" id="12" name="ScrPart_groceries" text="that" type="participant"/>
            <label from="2-15" id="13" name="Unclear" text="we" type="participant"/>
            <label from="3-1" id="14" name="ScrPart_shopper" text="I" type="participant"/>
            <label from="3-3" id="15" name="ScrPart_shopper" text="my" type="participant"/>
            <label from="3-4" id="16" name="ScrPart_shopping_cart/basket" text="shopping cart" to="3-5" type="participant"/>
            <label from="3-5" id="17" name="ScrPart_shopping_cart/basket" text="cart" type="participant"/>
            <label from="3-8" id="18" name="ScrPart_grocery_list" text="list" type="participant"/>
            <label from="3-14" id="19" name="ScrPart_grocery_shop" text="supermarket" type="participant"/>
            <label from="3-15" id="20" name="ScrPart_grocery_shop" text="that" type="participant"/>
            <label from="3-18" id="21" name="NPart" text="blocks" type="participant"/>
            <label from="4-2" id="22" name="ScrPart_shopper" text="I" type="participant"/>
            <label from="4-5" id="23" name="ScrPart_shopper" text="I" type="participant"/>
            <label from="4-11" id="24" name="ScrPart_section" text="aisles" type="participant"/>
            <label from="4-15" id="25" name="ScrPart_groceries" text="items" type="participant"/>
            <label from="4-16" id="26" name="ScrPart_groceries" text="that" type="participant"/>
            <label from="4-20" id="27" name="ScrPart_grocery_list" text="list" type="participant"/>
            <label from="5-2" id="28" name="ScrPart_shopper" text="I" type="participant"/>
            <label from="5-5" id="29" name="ScrPart_groceries" text="item" type="participant"/>
            <label from="5-7" id="30" name="ScrPart_shopper" text="I" type="participant"/>
            <label from="5-9" id="31" name="ScrPart_groceries" text="them" type="participant"/>
            <label from="5-11" id="32" name="ScrPart_shopper" text="my" type="participant"/>
            <label from="5-12" id="33" name="ScrPart_shopping_cart/basket" text="shopping cart" to="5-13" type="participant"/>
            <label from="5-13" id="34" name="ScrPart_shopping_cart/basket" text="cart" type="participant"/>
            <label from="5-16" id="35" name="ScrPart_groceries" text="them" type="participant"/>
            <label from="5-19" id="36" name="ScrPart_grocery_list" text="list" type="participant"/>
            <label from="6-2" id="37" name="ScrPart_shopper" text="I" type="participant"/>
            <label from="6-5" id="38" name="ScrPart_groceries" text="everything" type="participant"/>
            <label from="6-6" id="39" name="Unclear" text="we" type="participant"/>
            <label from="6-8" id="40" name="ScrPart_shopper" text="I" type="participant"/>
            <label from="6-10" id="41" name="ScrPart_shopper" text="my" type="participant"/>
            <label from="6-11" id="42" name="SuppVComp" text="way" type="participant"/>
            <label from="6-14" id="43" name="ScrPart_line" text="check out line" to="6-16" type="participant"/>
            <label from="6-16" id="44" name="ScrPart_line" text="line" type="participant"/>
            <label from="6-21" id="45" name="ScrPart_groceries" text="food" type="participant"/>
            <label from="7-1" id="46" name="ScrPart_shopper" text="I" type="participant"/>
            <label from="7-4" id="47" name="ScrPart_grocery_staff" text="cashier" type="participant"/>
            <label from="7-5" id="48" name="ScrPart_grocery_staff" text="that" type="participant"/>
            <label from="7-9" id="49" name="ScrPart_shopper" text="anyone" type="participant"/>
            <label from="7-11" id="50" name="ScrPart_grocery_staff" text="her" type="participant"/>
            <label from="7-12" id="51" name="ScrPart_line" text="line" type="participant"/>
            <label from="7-14" id="52" name="ScrPart_shopper" text="I" type="participant"/>
            <label from="7-16" id="53" name="ScrPart_shopper" text="my" type="participant"/>
            <label from="7-17" id="54" name="SuppVComp" text="way" type="participant"/>
            <label from="7-19" id="55" name="ScrPart_grocery_staff" text="her" type="participant"/>
            <label from="8-1" id="56" name="ScrPart_shopper" text="I" type="participant"/>
            <label from="8-3" id="57" name="ScrPart_grocery_staff" text="her" type="participant"/>
            <label from="8-5" id="58" name="ScrPart_groceries" text="item" type="participant"/>
            <label from="8-9" id="59" name="No_label" text="time" type="participant"/>
            <label from="8-12" id="60" name="ScrPart_grocery_staff" text="her" type="participant"/>
            <label from="8-16" id="61" name="ScrPart_groceries" text="them" type="participant"/>
            <label from="8-18" id="62" name="ScrPart_packing" text="bags" type="participant"/>
            <label from="8-20" id="63" name="ScrPart_shopper" text="me" type="participant"/>
            <label from="9-2" id="64" name="ScrPart_grocery_staff" text="she" type="participant"/>
            <label from="9-5" id="65" name="ScrPart_grocery_staff" text="she" type="participant"/>
            <label from="9-7" id="66" name="ScrPart_shopper" text="me" type="participant"/>
            <label from="9-10" id="67" name="ScrPart_price" text="amount" type="participant"/>
            <label from="9-12" id="68" name="ScrPart_shopper" text="I" type="participant"/>
            <label from="9-14" id="69" name="ScrPart_grocery_staff" text="her" type="participant"/>
            <label from="9-16" id="70" name="ScrPart_payment_means" text="money" type="participant"/>
            <label from="9-20" id="71" name="ScrPart_price" text="cost" type="participant"/>
            <label from="10-1" id="72" name="ScrPart_grocery_staff" text="She" type="participant"/>
            <label from="10-3" id="73" name="ScrPart_shopper" text="me" type="participant"/>
            <label from="10-4" id="74" name="ScrPart_shopper" text="my" type="participant"/>
            <label from="10-5" id="75" name="ScrPart_payment_means" text="change" type="participant"/>
            <label from="10-7" id="76" name="ScrPart_receipt" text="receipt" type="participant"/>
            <label from="10-10" id="77" name="ScrPart_shopper" text="me" type="participant"/>
        </participants>
        <events>
            <label from="1-5" id="78" name="ScrEv_go_grocery" text="go" type="event"/>
            <label from="1-11" id="79" name="Evoking" text="do some food shopping" to="1-14" type="event"/>
            <label from="1-14" id="80" name="ScrEv_get_groceries" text="shopping" type="event"/>
            <label from="2-3" id="81" name="RelNScrEv" text="left" type="event"/>
            <label from="2-8" id="82" name="RelNScrEv" text="gave" type="event"/>
            <label from="2-16" id="83" name="RelNScrEv" text="needed" type="event"/>
            <label from="3-2" id="84" name="ScrEv_take_shop_cart" text="grabbed" type="event"/>
            <label from="3-10" id="85" name="UnrelEv" text="started" type="event"/>
            <label from="3-11" id="86" name="ScrEv_go_grocery" text="walking" type="event"/>
            <label from="3-16" id="87" name="UnrelEv" text="was" type="event"/>
            <label from="4-3" id="88" name="ScrEv_enter" text="got there" to="4-4" type="event"/>
            <label from="4-6" id="89" name="ScrEv_move_section" text="walked" type="event"/>
            <label from="4-12" id="90" name="RelNScrEv" text="looking" type="event"/>
            <label from="4-17" id="91" name="UnrelEv" text="were" type="event"/>
            <label from="5-3" id="92" name="ScrEv_get_groceries" text="found" type="event"/>
            <label from="5-8" id="93" name="ScrEv_get_groceries" text="placed" type="event"/>
            <label from="5-15" id="94" name="ScrEv_check_off" text="crossed" type="event"/>
            <label from="6-4" id="95" name="ScrEv_get_groceries" text="found" type="event"/>
            <label from="6-7" id="96" name="RelNScrEv" text="needed" type="event"/>
            <label from="6-9" id="97" name="ScrEv_go_checkout" text="made" type="event"/>
            <label from="6-18" id="98" name="ScrEv_pay" text="pay" type="event"/>
            <label from="7-2" id="99" name="RelNScrEv" text="found" type="event"/>
            <label from="7-8" id="100" name="RelNScrEv" text="have" type="event"/>
            <label from="7-15" id="101" name="ScrEv_go_checkout" text="made" type="event"/>
            <label from="8-2" id="102" name="ScrEv_put_conveyor" text="gave" type="event"/>
            <label from="8-11" id="103" name="UnrelEv" text="watched" type="event"/>
            <label from="8-13" id="104" name="ScrEv_cashier_scan/weight" text="scan" type="event"/>
            <label from="8-15" id="105" name="ScrEv_pack_groceries" text="place" type="event"/>
            <label from="9-4" id="106" name="UnrelEv" text="finished" type="event"/>
            <label from="9-6" id="107" name="RelNScrEv" text="told" type="event"/>
            <label from="9-13" id="108" name="ScrEv_pay" text="gave" type="event"/>
            <label from="9-18" id="109" name="ScrEv_pay" text="cover" type="event"/>
            <label from="10-2" id="110" name="ScrEv_get_receipt" text="gave" type="event"/>
            <label from="10-9" id="111" name="RelNScrEv" text="thanked" type="event"/>
            <label from="10-12" id="112" name="Evoking" text="shopping" type="event"/>
        </events>
        <chains>
            <chain elements="5 1 7 9 14 15 22 23 28 30 32 37 40 41 46 52 53 56 63 66 68 73 74 77"/>
            <chain elements="19 3 20"/>
            <chain elements="13 8 9" name="coref_I_wife"/>
            <chain elements="18 10 27 36"/>
            <chain elements="12 11 25 26 29 31 35 38 45 58 61 4"/>
            <chain elements="39 13"/>
            <chain elements="34 17"/>
            <chain elements="51 44"/>
            <chain elements="48 47 50 55 57 60 64 65 69 72"/>
            <chain elements="67 71"/>
        </chains>
    </annotations>
</story>
