<?xml version="1.0" encoding="UTF-8" standalone="no"?>
<!DOCTYPE story SYSTEM "../InScript.dtd">
<story id="004" scenario="grocery">
    <text>
        <content>Before I go grocery shopping I make a list . 
I actually keep a list going on a magnetic notepad on the fridge and one on my phone whenever I know I am out or low on something . 
I try to only go once a week unless there is something I really need for a specific meal . 
I take my electronic list with me to the store , but I often still walk up and down most aisles just browsing for anything new or that I might want to try . 
I like to keep a rough estimate of how much I am buying by rounding up . 
So if a can of soup is $ 1.50 I think $ 2 and keep adding that as I shop if I 'm wanting to stay on a specific budget . 
Once I have all my items in my cart I go to the checkout line that seems to have the least amount of people in it . 
I do n't like to jump lines if one line seems to be moving faster . 
Good to have a little bit of patience . 
I try to remember to bring my bags with me so that I 'm not always getting plastic bags . </content>
        <sentences>
            <sentence id="1">
                <token content="Before" id="1-1">
                    <pos type="IN"/>
                    <lemma type="before"/>
                    <dep head="1-3" type="mark"/>
                </token>
                <token content="I" id="1-2">
                    <pos type="PRP"/>
                    <lemma type="I"/>
                    <dep head="1-3" type="nsubj"/>
                </token>
                <token content="go" id="1-3">
                    <pos type="VBP"/>
                    <lemma type="go"/>
                    <dep head="1-7" type="advcl"/>
                </token>
                <token content="grocery" id="1-4">
                    <pos type="NN"/>
                    <lemma type="grocery"/>
                </token>
                <token content="shopping" id="1-5">
                    <pos type="NN"/>
                    <lemma type="shopping"/>
                    <dep head="1-3" type="dobj"/>
                </token>
                <token content="I" id="1-6">
                    <pos type="PRP"/>
                    <lemma type="I"/>
                    <dep head="1-7" type="nsubj"/>
                </token>
                <token content="make" id="1-7">
                    <pos type="VBP"/>
                    <lemma type="make"/>
                </token>
                <token content="a" id="1-8">
                    <pos type="DT"/>
                    <lemma type="a"/>
                </token>
                <token content="list" id="1-9">
                    <pos type="NN"/>
                    <lemma type="list"/>
                    <dep head="1-7" type="dobj"/>
                </token>
                <token content="." id="1-10"/>
            </sentence>
            <sentence id="2">
                <token content="I" id="2-1">
                    <pos type="PRP"/>
                    <lemma type="I"/>
                    <dep head="2-3" type="nsubj"/>
                </token>
                <token content="actually" id="2-2">
                    <pos type="RB"/>
                    <lemma type="actually"/>
                    <dep head="2-3" type="advmod"/>
                </token>
                <token content="keep" id="2-3">
                    <pos type="VBP"/>
                    <lemma type="keep"/>
                </token>
                <token content="a" id="2-4">
                    <pos type="DT"/>
                    <lemma type="a"/>
                </token>
                <token content="list" id="2-5">
                    <pos type="NN"/>
                    <lemma type="list"/>
                    <dep head="2-3" type="dobj"/>
                </token>
                <token content="going" id="2-6">
                    <pos type="VBG"/>
                    <lemma type="go"/>
                </token>
                <token content="on" id="2-7"/>
                <token content="a" id="2-8">
                    <pos type="DT"/>
                    <lemma type="a"/>
                </token>
                <token content="magnetic" id="2-9">
                    <pos type="JJ"/>
                    <lemma type="magnetic"/>
                </token>
                <token content="notepad" id="2-10">
                    <pos type="NN"/>
                    <lemma type="notepad"/>
                    <dep head="2-6" type="prep"/>
                </token>
                <token content="on" id="2-11"/>
                <token content="the" id="2-12">
                    <pos type="DT"/>
                    <lemma type="the"/>
                </token>
                <token content="fridge" id="2-13">
                    <pos type="NN"/>
                    <lemma type="fridge"/>
                </token>
                <token content="and" id="2-14"/>
                <token content="one" id="2-15">
                    <pos type="CD"/>
                    <lemma type="one"/>
                </token>
                <token content="on" id="2-16"/>
                <token content="my" id="2-17">
                    <pos type="PRP$"/>
                    <lemma type="my"/>
                </token>
                <token content="phone" id="2-18">
                    <pos type="NN"/>
                    <lemma type="phone"/>
                </token>
                <token content="whenever" id="2-19">
                    <pos type="WRB"/>
                    <lemma type="whenever"/>
                    <dep head="2-21" type="advmod"/>
                </token>
                <token content="I" id="2-20">
                    <pos type="PRP"/>
                    <lemma type="I"/>
                    <dep head="2-21" type="nsubj"/>
                </token>
                <token content="know" id="2-21">
                    <pos type="VBP"/>
                    <lemma type="know"/>
                    <dep head="2-6" type="advcl"/>
                </token>
                <token content="I" id="2-22">
                    <pos type="PRP"/>
                    <lemma type="I"/>
                </token>
                <token content="am" id="2-23">
                    <pos type="VBP"/>
                    <lemma type="be"/>
                </token>
                <token content="out" id="2-24">
                    <pos type="JJ"/>
                    <lemma type="out"/>
                    <dep head="2-21" type="ccomp"/>
                </token>
                <token content="or" id="2-25"/>
                <token content="low" id="2-26">
                    <pos type="JJ"/>
                    <lemma type="low"/>
                </token>
                <token content="on" id="2-27"/>
                <token content="something" id="2-28">
                    <pos type="NN"/>
                    <lemma type="something"/>
                </token>
                <token content="." id="2-29"/>
            </sentence>
            <sentence id="3">
                <token content="I" id="3-1">
                    <pos type="PRP"/>
                    <lemma type="I"/>
                    <dep head="3-2" type="nsubj"/>
                </token>
                <token content="try" id="3-2">
                    <pos type="VBP"/>
                    <lemma type="try"/>
                </token>
                <token content="to" id="3-3">
                    <pos type="TO"/>
                    <lemma type="to"/>
                    <dep head="3-5" type="aux"/>
                </token>
                <token content="only" id="3-4">
                    <pos type="RB"/>
                    <lemma type="only"/>
                    <dep head="3-5" type="advmod"/>
                </token>
                <token content="go" id="3-5">
                    <pos type="VB"/>
                    <lemma type="go"/>
                    <dep head="3-2" type="xcomp"/>
                </token>
                <token content="once" id="3-6">
                    <pos type="RB"/>
                    <lemma type="once"/>
                </token>
                <token content="a" id="3-7">
                    <pos type="DT"/>
                    <lemma type="a"/>
                </token>
                <token content="week" id="3-8">
                    <pos type="NN"/>
                    <lemma type="week"/>
                    <dep head="3-5" type="tmod"/>
                </token>
                <token content="unless" id="3-9">
                    <pos type="IN"/>
                    <lemma type="unless"/>
                    <dep head="3-11" type="mark"/>
                </token>
                <token content="there" id="3-10">
                    <pos type="EX"/>
                    <lemma type="there"/>
                    <dep head="3-11" type="expl"/>
                </token>
                <token content="is" id="3-11">
                    <pos type="VBZ"/>
                    <lemma type="be"/>
                    <dep head="3-2" type="advcl"/>
                </token>
                <token content="something" id="3-12">
                    <pos type="NN"/>
                    <lemma type="something"/>
                    <dep head="3-11" type="nsubj"/>
                </token>
                <token content="I" id="3-13">
                    <pos type="PRP"/>
                    <lemma type="I"/>
                    <dep head="3-15" type="nsubj"/>
                </token>
                <token content="really" id="3-14">
                    <pos type="RB"/>
                    <lemma type="really"/>
                    <dep head="3-15" type="advmod"/>
                </token>
                <token content="need" id="3-15">
                    <pos type="VBP"/>
                    <lemma type="need"/>
                </token>
                <token content="for" id="3-16"/>
                <token content="a" id="3-17">
                    <pos type="DT"/>
                    <lemma type="a"/>
                </token>
                <token content="specific" id="3-18">
                    <pos type="JJ"/>
                    <lemma type="specific"/>
                </token>
                <token content="meal" id="3-19">
                    <pos type="NN"/>
                    <lemma type="meal"/>
                    <dep head="3-15" type="prep"/>
                </token>
                <token content="." id="3-20"/>
            </sentence>
            <sentence id="4">
                <token content="I" id="4-1">
                    <pos type="PRP"/>
                    <lemma type="I"/>
                    <dep head="4-2" type="nsubj"/>
                </token>
                <token content="take" id="4-2">
                    <pos type="VBP"/>
                    <lemma type="take"/>
                </token>
                <token content="my" id="4-3">
                    <pos type="PRP$"/>
                    <lemma type="my"/>
                </token>
                <token content="electronic" id="4-4">
                    <pos type="JJ"/>
                    <lemma type="electronic"/>
                </token>
                <token content="list" id="4-5">
                    <pos type="NN"/>
                    <lemma type="list"/>
                    <dep head="4-2" type="dobj"/>
                </token>
                <token content="with" id="4-6"/>
                <token content="me" id="4-7">
                    <pos type="PRP"/>
                    <lemma type="I"/>
                    <dep head="4-2" type="prep"/>
                </token>
                <token content="to" id="4-8"/>
                <token content="the" id="4-9">
                    <pos type="DT"/>
                    <lemma type="the"/>
                </token>
                <token content="store" id="4-10">
                    <pos type="NN"/>
                    <lemma type="store"/>
                    <dep head="4-2" type="prep"/>
                </token>
                <token content="," id="4-11"/>
                <token content="but" id="4-12"/>
                <token content="I" id="4-13">
                    <pos type="PRP"/>
                    <lemma type="I"/>
                    <dep head="4-16" type="nsubj"/>
                </token>
                <token content="often" id="4-14">
                    <pos type="RB"/>
                    <lemma type="often"/>
                    <dep head="4-16" type="advmod"/>
                </token>
                <token content="still" id="4-15">
                    <pos type="RB"/>
                    <lemma type="still"/>
                    <dep head="4-16" type="advmod"/>
                </token>
                <token content="walk" id="4-16">
                    <pos type="VBP"/>
                    <lemma type="walk"/>
                    <dep head="4-2" type="conj"/>
                </token>
                <token content="up" id="4-17">
                    <pos type="RP"/>
                    <lemma type="up"/>
                    <dep head="4-16" type="prt"/>
                </token>
                <token content="and" id="4-18">
                    <pos type="CC"/>
                    <lemma type="and"/>
                </token>
                <token content="down" id="4-19">
                    <pos type="RP"/>
                    <lemma type="down"/>
                </token>
                <token content="most" id="4-20">
                    <pos type="JJS"/>
                    <lemma type="most"/>
                </token>
                <token content="aisles" id="4-21">
                    <pos type="NNS"/>
                    <lemma type="aisle"/>
                </token>
                <token content="just" id="4-22">
                    <pos type="RB"/>
                    <lemma type="just"/>
                </token>
                <token content="browsing" id="4-23">
                    <pos type="NN"/>
                    <lemma type="browsing"/>
                    <dep head="4-16" type="dep"/>
                </token>
                <token content="for" id="4-24"/>
                <token content="anything" id="4-25">
                    <pos type="NN"/>
                    <lemma type="anything"/>
                </token>
                <token content="new" id="4-26">
                    <pos type="JJ"/>
                    <lemma type="new"/>
                </token>
                <token content="or" id="4-27"/>
                <token content="that" id="4-28">
                    <pos type="IN"/>
                    <lemma type="that"/>
                    <dep head="4-31" type="mark"/>
                </token>
                <token content="I" id="4-29">
                    <pos type="PRP"/>
                    <lemma type="I"/>
                    <dep head="4-31" type="nsubj"/>
                </token>
                <token content="might" id="4-30">
                    <pos type="MD"/>
                    <lemma type="might"/>
                    <dep head="4-31" type="aux"/>
                </token>
                <token content="want" id="4-31">
                    <pos type="VB"/>
                    <lemma type="want"/>
                </token>
                <token content="to" id="4-32">
                    <pos type="TO"/>
                    <lemma type="to"/>
                    <dep head="4-33" type="aux"/>
                </token>
                <token content="try" id="4-33">
                    <pos type="VB"/>
                    <lemma type="try"/>
                    <dep head="4-31" type="xcomp"/>
                </token>
                <token content="." id="4-34"/>
            </sentence>
            <sentence id="5">
                <token content="I" id="5-1">
                    <pos type="PRP"/>
                    <lemma type="I"/>
                    <dep head="5-2" type="nsubj"/>
                </token>
                <token content="like" id="5-2">
                    <pos type="VBP"/>
                    <lemma type="like"/>
                </token>
                <token content="to" id="5-3">
                    <pos type="TO"/>
                    <lemma type="to"/>
                    <dep head="5-4" type="aux"/>
                </token>
                <token content="keep" id="5-4">
                    <pos type="VB"/>
                    <lemma type="keep"/>
                    <dep head="5-2" type="xcomp"/>
                </token>
                <token content="a" id="5-5">
                    <pos type="DT"/>
                    <lemma type="a"/>
                </token>
                <token content="rough" id="5-6">
                    <pos type="JJ"/>
                    <lemma type="rough"/>
                </token>
                <token content="estimate" id="5-7">
                    <pos type="NN"/>
                    <lemma type="estimate"/>
                    <dep head="5-4" type="dobj"/>
                </token>
                <token content="of" id="5-8"/>
                <token content="how" id="5-9">
                    <pos type="WRB"/>
                    <lemma type="how"/>
                </token>
                <token content="much" id="5-10">
                    <pos type="JJ"/>
                    <lemma type="much"/>
                    <dep head="5-13" type="dep"/>
                </token>
                <token content="I" id="5-11">
                    <pos type="PRP"/>
                    <lemma type="I"/>
                    <dep head="5-13" type="nsubj"/>
                </token>
                <token content="am" id="5-12">
                    <pos type="VBP"/>
                    <lemma type="be"/>
                    <dep head="5-13" type="aux"/>
                </token>
                <token content="buying" id="5-13">
                    <pos type="VBG"/>
                    <lemma type="buy"/>
                </token>
                <token content="by" id="5-14"/>
                <token content="rounding" id="5-15">
                    <pos type="VBG"/>
                    <lemma type="round"/>
                    <dep head="5-13" type="prepc"/>
                </token>
                <token content="up" id="5-16">
                    <pos type="RP"/>
                    <lemma type="up"/>
                    <dep head="5-15" type="prt"/>
                </token>
                <token content="." id="5-17"/>
            </sentence>
            <sentence id="6">
                <token content="So" id="6-1"/>
                <token content="if" id="6-2">
                    <pos type="IN"/>
                    <lemma type="if"/>
                </token>
                <token content="a" id="6-3">
                    <pos type="DT"/>
                    <lemma type="a"/>
                </token>
                <token content="can" id="6-4">
                    <pos type="NN"/>
                    <lemma type="can"/>
                </token>
                <token content="of" id="6-5"/>
                <token content="soup" id="6-6">
                    <pos type="NN"/>
                    <lemma type="soup"/>
                </token>
                <token content="is" id="6-7">
                    <pos type="VBZ"/>
                    <lemma type="be"/>
                </token>
                <token content="$" id="6-8">
                    <pos type="$"/>
                    <lemma type="$"/>
                    <dep head="6-11" type="advcl"/>
                </token>
                <token content="1.50" id="6-9">
                    <pos type="CD"/>
                    <lemma type="1.50"/>
                </token>
                <token content="I" id="6-10">
                    <pos type="PRP"/>
                    <lemma type="I"/>
                    <dep head="6-11" type="nsubj"/>
                </token>
                <token content="think" id="6-11">
                    <pos type="VBP"/>
                    <lemma type="think"/>
                </token>
                <token content="$" id="6-12">
                    <pos type="$"/>
                    <lemma type="$"/>
                    <dep head="6-11" type="dobj"/>
                </token>
                <token content="2" id="6-13">
                    <pos type="CD"/>
                    <lemma type="2"/>
                </token>
                <token content="and" id="6-14"/>
                <token content="keep" id="6-15">
                    <pos type="VBP"/>
                    <lemma type="keep"/>
                    <dep head="6-11" type="conj"/>
                </token>
                <token content="adding" id="6-16">
                    <pos type="VBG"/>
                    <lemma type="add"/>
                    <dep head="6-15" type="xcomp"/>
                </token>
                <token content="that" id="6-17">
                    <pos type="IN"/>
                    <lemma type="that"/>
                    <dep head="6-20" type="mark"/>
                </token>
                <token content="as" id="6-18">
                    <pos type="IN"/>
                    <lemma type="as"/>
                    <dep head="6-20" type="mark"/>
                </token>
                <token content="I" id="6-19">
                    <pos type="PRP"/>
                    <lemma type="I"/>
                    <dep head="6-20" type="nsubj"/>
                </token>
                <token content="shop" id="6-20">
                    <pos type="VB"/>
                    <lemma type="shop"/>
                    <dep head="6-16" type="advcl"/>
                </token>
                <token content="if" id="6-21">
                    <pos type="IN"/>
                    <lemma type="if"/>
                    <dep head="6-24" type="mark"/>
                </token>
                <token content="I" id="6-22">
                    <pos type="PRP"/>
                    <lemma type="I"/>
                    <dep head="6-24" type="nsubj"/>
                </token>
                <token content="'m" id="6-23">
                    <pos type="VBP"/>
                    <lemma type="be"/>
                    <dep head="6-24" type="aux"/>
                </token>
                <token content="wanting" id="6-24">
                    <pos type="VBG"/>
                    <lemma type="want"/>
                    <dep head="6-20" type="advcl"/>
                </token>
                <token content="to" id="6-25">
                    <pos type="TO"/>
                    <lemma type="to"/>
                    <dep head="6-26" type="aux"/>
                </token>
                <token content="stay" id="6-26">
                    <pos type="VB"/>
                    <lemma type="stay"/>
                    <dep head="6-24" type="xcomp"/>
                </token>
                <token content="on" id="6-27"/>
                <token content="a" id="6-28">
                    <pos type="DT"/>
                    <lemma type="a"/>
                </token>
                <token content="specific" id="6-29">
                    <pos type="JJ"/>
                    <lemma type="specific"/>
                </token>
                <token content="budget" id="6-30">
                    <pos type="NN"/>
                    <lemma type="budget"/>
                    <dep head="6-26" type="prep"/>
                </token>
                <token content="." id="6-31"/>
            </sentence>
            <sentence id="7">
                <token content="Once" id="7-1">
                    <pos type="IN"/>
                    <lemma type="once"/>
                    <dep head="7-3" type="mark"/>
                </token>
                <token content="I" id="7-2">
                    <pos type="PRP"/>
                    <lemma type="I"/>
                    <dep head="7-3" type="nsubj"/>
                </token>
                <token content="have" id="7-3">
                    <pos type="VBP"/>
                    <lemma type="have"/>
                    <dep head="7-11" type="advcl"/>
                </token>
                <token content="all" id="7-4">
                    <pos type="PDT"/>
                    <lemma type="all"/>
                </token>
                <token content="my" id="7-5">
                    <pos type="PRP$"/>
                    <lemma type="my"/>
                </token>
                <token content="items" id="7-6">
                    <pos type="NNS"/>
                    <lemma type="item"/>
                    <dep head="7-3" type="dobj"/>
                </token>
                <token content="in" id="7-7"/>
                <token content="my" id="7-8">
                    <pos type="PRP$"/>
                    <lemma type="my"/>
                </token>
                <token content="cart" id="7-9">
                    <pos type="NN"/>
                    <lemma type="cart"/>
                    <dep head="7-3" type="prep"/>
                </token>
                <token content="I" id="7-10">
                    <pos type="PRP"/>
                    <lemma type="I"/>
                    <dep head="7-11" type="nsubj"/>
                </token>
                <token content="go" id="7-11">
                    <pos type="VBP"/>
                    <lemma type="go"/>
                </token>
                <token content="to" id="7-12"/>
                <token content="the" id="7-13">
                    <pos type="DT"/>
                    <lemma type="the"/>
                </token>
                <token content="checkout" id="7-14">
                    <pos type="NN"/>
                    <lemma type="checkout"/>
                </token>
                <token content="line" id="7-15">
                    <pos type="NN"/>
                    <lemma type="line"/>
                    <dep head="7-11" type="prep"/>
                </token>
                <token content="that" id="7-16">
                    <pos type="WDT"/>
                    <lemma type="that"/>
                    <dep head="7-17" type="nsubj"/>
                </token>
                <token content="seems" id="7-17">
                    <pos type="VBZ"/>
                    <lemma type="seem"/>
                </token>
                <token content="to" id="7-18">
                    <pos type="TO"/>
                    <lemma type="to"/>
                    <dep head="7-19" type="aux"/>
                </token>
                <token content="have" id="7-19">
                    <pos type="VB"/>
                    <lemma type="have"/>
                    <dep head="7-17" type="xcomp"/>
                </token>
                <token content="the" id="7-20">
                    <pos type="DT"/>
                    <lemma type="the"/>
                </token>
                <token content="least" id="7-21">
                    <pos type="JJS"/>
                    <lemma type="least"/>
                </token>
                <token content="amount" id="7-22">
                    <pos type="NN"/>
                    <lemma type="amount"/>
                    <dep head="7-19" type="dobj"/>
                </token>
                <token content="of" id="7-23"/>
                <token content="people" id="7-24">
                    <pos type="NNS"/>
                    <lemma type="people"/>
                </token>
                <token content="in" id="7-25"/>
                <token content="it" id="7-26">
                    <pos type="PRP"/>
                    <lemma type="it"/>
                </token>
                <token content="." id="7-27"/>
            </sentence>
            <sentence id="8">
                <token content="I" id="8-1">
                    <pos type="PRP"/>
                    <lemma type="I"/>
                    <dep head="8-4" type="nsubj"/>
                </token>
                <token content="do" id="8-2">
                    <pos type="VBP"/>
                    <lemma type="do"/>
                    <dep head="8-4" type="aux"/>
                </token>
                <token content="n't" id="8-3">
                    <pos type="RB"/>
                    <lemma type="not"/>
                    <dep head="8-4" type="neg"/>
                </token>
                <token content="like" id="8-4">
                    <pos type="VB"/>
                    <lemma type="like"/>
                </token>
                <token content="to" id="8-5">
                    <pos type="TO"/>
                    <lemma type="to"/>
                    <dep head="8-6" type="aux"/>
                </token>
                <token content="jump" id="8-6">
                    <pos type="VB"/>
                    <lemma type="jump"/>
                    <dep head="8-4" type="xcomp"/>
                </token>
                <token content="lines" id="8-7">
                    <pos type="NNS"/>
                    <lemma type="line"/>
                    <dep head="8-6" type="dobj"/>
                </token>
                <token content="if" id="8-8">
                    <pos type="IN"/>
                    <lemma type="if"/>
                    <dep head="8-11" type="mark"/>
                </token>
                <token content="one" id="8-9">
                    <pos type="CD"/>
                    <lemma type="one"/>
                </token>
                <token content="line" id="8-10">
                    <pos type="NN"/>
                    <lemma type="line"/>
                    <dep head="8-11" type="nsubj"/>
                </token>
                <token content="seems" id="8-11">
                    <pos type="VBZ"/>
                    <lemma type="seem"/>
                    <dep head="8-6" type="advcl"/>
                </token>
                <token content="to" id="8-12">
                    <pos type="TO"/>
                    <lemma type="to"/>
                    <dep head="8-14" type="aux"/>
                </token>
                <token content="be" id="8-13">
                    <pos type="VB"/>
                    <lemma type="be"/>
                    <dep head="8-14" type="aux"/>
                </token>
                <token content="moving" id="8-14">
                    <pos type="VBG"/>
                    <lemma type="move"/>
                    <dep head="8-11" type="xcomp"/>
                </token>
                <token content="faster" id="8-15">
                    <pos type="RBR"/>
                    <lemma type="faster"/>
                    <dep head="8-14" type="advmod"/>
                </token>
                <token content="." id="8-16"/>
            </sentence>
            <sentence id="9">
                <token content="Good" id="9-1">
                    <pos type="JJ"/>
                    <lemma type="good"/>
                </token>
                <token content="to" id="9-2">
                    <pos type="TO"/>
                    <lemma type="to"/>
                    <dep head="9-3" type="aux"/>
                </token>
                <token content="have" id="9-3">
                    <pos type="VB"/>
                    <lemma type="have"/>
                </token>
                <token content="a" id="9-4">
                    <pos type="DT"/>
                    <lemma type="a"/>
                </token>
                <token content="little" id="9-5">
                    <pos type="JJ"/>
                    <lemma type="little"/>
                </token>
                <token content="bit" id="9-6">
                    <pos type="NN"/>
                    <lemma type="bit"/>
                    <dep head="9-3" type="dobj"/>
                </token>
                <token content="of" id="9-7"/>
                <token content="patience" id="9-8">
                    <pos type="NN"/>
                    <lemma type="patience"/>
                </token>
                <token content="." id="9-9"/>
            </sentence>
            <sentence id="10">
                <token content="I" id="10-1">
                    <pos type="PRP"/>
                    <lemma type="I"/>
                    <dep head="10-2" type="nsubj"/>
                </token>
                <token content="try" id="10-2">
                    <pos type="VBP"/>
                    <lemma type="try"/>
                </token>
                <token content="to" id="10-3">
                    <pos type="TO"/>
                    <lemma type="to"/>
                    <dep head="10-4" type="aux"/>
                </token>
                <token content="remember" id="10-4">
                    <pos type="VB"/>
                    <lemma type="remember"/>
                    <dep head="10-2" type="xcomp"/>
                </token>
                <token content="to" id="10-5">
                    <pos type="TO"/>
                    <lemma type="to"/>
                    <dep head="10-6" type="aux"/>
                </token>
                <token content="bring" id="10-6">
                    <pos type="VB"/>
                    <lemma type="bring"/>
                    <dep head="10-4" type="xcomp"/>
                </token>
                <token content="my" id="10-7">
                    <pos type="PRP$"/>
                    <lemma type="my"/>
                </token>
                <token content="bags" id="10-8">
                    <pos type="NNS"/>
                    <lemma type="bag"/>
                    <dep head="10-6" type="dobj"/>
                </token>
                <token content="with" id="10-9"/>
                <token content="me" id="10-10">
                    <pos type="PRP"/>
                    <lemma type="I"/>
                    <dep head="10-6" type="prep"/>
                </token>
                <token content="so" id="10-11">
                    <pos type="RB"/>
                    <lemma type="so"/>
                    <dep head="10-17" type="advmod"/>
                </token>
                <token content="that" id="10-12">
                    <pos type="IN"/>
                    <lemma type="that"/>
                    <dep head="10-17" type="mark"/>
                </token>
                <token content="I" id="10-13">
                    <pos type="PRP"/>
                    <lemma type="I"/>
                    <dep head="10-17" type="nsubj"/>
                </token>
                <token content="'m" id="10-14">
                    <pos type="VBP"/>
                    <lemma type="be"/>
                    <dep head="10-17" type="aux"/>
                </token>
                <token content="not" id="10-15">
                    <pos type="RB"/>
                    <lemma type="not"/>
                    <dep head="10-17" type="neg"/>
                </token>
                <token content="always" id="10-16">
                    <pos type="RB"/>
                    <lemma type="always"/>
                    <dep head="10-17" type="advmod"/>
                </token>
                <token content="getting" id="10-17">
                    <pos type="VBG"/>
                    <lemma type="get"/>
                    <dep head="10-6" type="advcl"/>
                </token>
                <token content="plastic" id="10-18">
                    <pos type="JJ"/>
                    <lemma type="plastic"/>
                </token>
                <token content="bags" id="10-19">
                    <pos type="NNS"/>
                    <lemma type="bag"/>
                    <dep head="10-17" type="dobj"/>
                </token>
                <token content="." id="10-20"/>
            </sentence>
        </sentences>
    </text>
    <annotations>
        <participants>
            <label from="1-2" id="0" name="ScrPart_shopper" text="I" type="participant"/>
            <label from="1-4" id="1" name="ScrPart_groceries" text="grocery" type="participant"/>
            <label from="1-6" id="2" name="ScrPart_shopper" text="I" type="participant"/>
            <label from="1-9" id="3" name="ScrPart_grocery_list" text="list" type="participant"/>
            <label from="2-1" id="4" name="ScrPart_shopper" text="I" type="participant"/>
            <label from="2-5" id="5" name="ScrPart_grocery_list" text="list" type="participant"/>
            <label from="2-10" id="6" name="NPart" text="notepad" type="participant"/>
            <label from="2-13" id="7" name="NPart" text="fridge" type="participant"/>
            <label from="2-15" id="8" name="ScrPart_grocery_list" text="one" type="participant"/>
            <label from="2-17" id="9" name="ScrPart_shopper" text="my" type="participant"/>
            <label from="2-18" id="10" name="NPart" text="phone" type="participant"/>
            <label from="2-20" id="11" name="ScrPart_shopper" text="I" type="participant"/>
            <label from="2-22" id="12" name="ScrPart_shopper" text="I" type="participant"/>
            <label from="2-28" id="13" name="ScrPart_groceries" text="something" type="participant"/>
            <label from="3-1" id="14" name="ScrPart_shopper" text="I" type="participant"/>
            <label from="3-8" id="15" name="NPart" text="week" type="participant"/>
            <label from="3-12" id="16" name="ScrPart_groceries" text="something" type="participant"/>
            <label from="3-13" id="17" name="ScrPart_shopper" text="I" type="participant"/>
            <label from="3-19" id="18" name="NPart" text="meal" type="participant"/>
            <label from="4-1" id="19" name="ScrPart_shopper" text="I" type="participant"/>
            <label from="4-3" id="20" name="ScrPart_shopper" text="my" type="participant"/>
            <label from="4-5" id="21" name="ScrPart_grocery_list" text="list" type="participant"/>
            <label from="4-7" id="22" name="ScrPart_shopper" text="me" type="participant"/>
            <label from="4-10" id="23" name="ScrPart_grocery_shop" text="store" type="participant"/>
            <label from="4-13" id="24" name="ScrPart_shopper" text="I" type="participant"/>
            <label from="4-21" id="25" name="ScrPart_section" text="aisles" type="participant"/>
            <label from="4-25" id="26" name="ScrPart_groceries" text="anything" type="participant"/>
            <label from="4-29" id="27" name="ScrPart_shopper" text="I" type="participant"/>
            <label from="5-1" id="28" name="ScrPart_shopper" text="I" type="participant"/>
            <label from="5-7" id="29" name="SuppVComp" text="estimate" type="participant"/>
            <label from="5-11" id="30" name="ScrPart_shopper" text="I" type="participant"/>
            <label from="6-4" id="31" name="Head_of_Partitive" text="can" type="participant"/>
            <label from="6-6" id="32" name="ScrPart_groceries" text="soup" type="participant"/>
            <label from="6-10" id="33" name="ScrPart_shopper" text="I" type="participant"/>
            <label from="6-19" id="34" name="ScrPart_shopper" text="I" type="participant"/>
            <label from="6-22" id="35" name="ScrPart_shopper" text="I" type="participant"/>
            <label from="6-30" id="36" name="ScrPart_other" text="budget" type="participant"/>
            <label from="7-2" id="37" name="ScrPart_shopper" text="I" type="participant"/>
            <label from="7-5" id="38" name="ScrPart_shopper" text="my" type="participant"/>
            <label from="7-6" id="39" name="ScrPart_groceries" text="items" type="participant"/>
            <label from="7-8" id="40" name="ScrPart_shopper" text="my" type="participant"/>
            <label from="7-9" id="41" name="ScrPart_shopping_cart/basket" text="cart" type="participant"/>
            <label from="7-10" id="42" name="ScrPart_shopper" text="I" type="participant"/>
            <label from="7-14" id="43" name="ScrPart_line" text="checkout line" to="7-15" type="participant"/>
            <label from="7-15" id="44" name="ScrPart_line" text="line" type="participant"/>
            <label from="7-22" id="45" name="Head_of_Partitive" text="amount" type="participant"/>
            <label from="7-24" id="46" name="ScrPart_shopper" text="people" type="participant"/>
            <label from="7-26" id="47" name="ScrPart_line" text="it" type="participant"/>
            <label from="8-1" id="48" name="ScrPart_shopper" text="I" type="participant"/>
            <label from="8-7" id="49" name="ScrPart_line" text="lines" type="participant"/>
            <label from="8-10" id="50" name="ScrPart_line" text="line" type="participant"/>
            <label from="9-6" id="51" name="No_label" text="bit" type="participant"/>
            <label from="9-8" id="52" name="NPart" text="patience" type="participant"/>
            <label from="10-1" id="53" name="ScrPart_shopper" text="I" type="participant"/>
            <label from="10-7" id="54" name="ScrPart_shopper" text="my" type="participant"/>
            <label from="10-8" id="55" name="ScrPart_shopping_bags" text="bags" type="participant"/>
            <label from="10-10" id="56" name="ScrPart_shopper" text="me" type="participant"/>
            <label from="10-13" id="57" name="ScrPart_shopper" text="I" type="participant"/>
            <label from="10-18" id="58" name="ScrPart_shopping_bags" text="plastic bags" to="10-19" type="participant"/>
            <label from="10-19" id="59" name="ScrPart_shopping_bags" text="bags" type="participant"/>
        </participants>
        <events>
            <label from="1-3" id="60" name="Evoking" text="go grocery shopping" to="1-5" type="event"/>
            <label from="1-5" id="61" name="ScrEv_get_groceries" text="shopping" type="event"/>
            <label from="1-7" id="62" name="ScrEv_make_list" text="make" type="event"/>
            <label from="2-3" id="63" name="UnrelEv" text="keep" type="event"/>
            <label from="2-6" id="64" name="UnrelEv" text="going" type="event"/>
            <label from="2-21" id="65" name="UnrelEv" text="know" type="event"/>
            <label from="2-23" id="66" name="UnrelEv" text="am" type="event"/>
            <label from="3-5" id="67" name="Evoking" text="go" type="event"/>
            <label from="3-11" id="68" name="UnrelEv" text="is" type="event"/>
            <label from="3-15" id="69" name="UnrelEv" text="need" type="event"/>
            <label from="4-2" id="70" name="UnrelEv" text="take" type="event"/>
            <label from="4-16" id="71" name="ScrEv_move_section" text="walk" type="event"/>
            <label from="4-23" id="72" name="RelNScrEv" text="browsing" type="event"/>
            <label from="4-33" id="73" name="UnrelEv" text="try" type="event"/>
            <label from="5-4" id="74" name="UnrelEv" text="keep" type="event"/>
            <label from="5-13" id="75" name="RelNScrEv" text="buying" type="event"/>
            <label from="5-15" id="76" name="UnrelEv" text="rounding up" to="5-16" type="event"/>
            <label from="6-7" id="77" name="UnrelEv" text="is" type="event"/>
            <label from="6-16" id="78" name="UnrelEv" text="adding" type="event"/>
            <label from="6-20" id="79" name="Evoking" text="shop" type="event"/>
            <label from="6-26" id="80" name="UnrelEv" text="stay" type="event"/>
            <label from="7-3" id="81" name="RelNScrEv" text="have" type="event"/>
            <label from="7-11" id="82" name="ScrEv_go_checkout" text="go" type="event"/>
            <label from="7-19" id="83" name="UnrelEv" text="have" type="event"/>
            <label from="8-6" id="84" name="RelNScrEv" text="jump" type="event"/>
            <label from="8-14" id="85" name="RelNScrEv" text="moving" type="event"/>
            <label from="9-3" id="86" name="UnrelEv" text="have" type="event"/>
            <label from="10-4" id="87" name="UnrelEv" text="remember" type="event"/>
            <label from="10-6" id="88" name="ScrEv_take_bags" text="bring" type="event"/>
            <label from="10-17" id="89" name="RelNScrEv" text="getting" type="event"/>
        </events>
        <chains>
            <chain elements="0 2 4 9 11 12 14 17 19 22 24 27 28 30 33 34 35 37 38 40 42 48 53 54 56 57 20"/>
            <chain elements="3 5 8 21"/>
            <chain elements="44 47"/>
        </chains>
    </annotations>
</story>
