<?xml version="1.0" encoding="UTF-8" standalone="no"?>
<!DOCTYPE story SYSTEM "../InScript.dtd">
<story id="044" scenario="grocery">
    <text>
        <content>When I go grocery shopping it is usually pretty hectic . 
Right now I ca n't drive , so I have to find a ride there . 
I also have to make sure that I find someone who has a car that my two children will fit in as well . 
So , after finding a way to get there , I get a cart wiped down and put my youngest in the seat . 
Of course , if there happens to be a car cart , we have to take that one so both kids can sit inside . 
If I remembered to bring my list , I get all of the stuff on it first . 
I always grab other things as I see them and realize I need them . 
It can be a good thing , or a bad thing . 
We usually end up with quite a bit more than I intended , but since I ca n't go to the store whenever I want , I usually justify it to myself . 
So , we get into the check out line and of course I have to tell my oldest child we ca n't get every candy he sees in the aisle while we are waiting . 
After we check out , we go outside and I get the kiddos in first . 
Then to bring our shopping trip to an end , I puzzle piece everything into the back of our car and return the cart . </content>
        <sentences>
            <sentence id="1">
                <token content="When" id="1-1">
                    <pos type="WRB"/>
                    <lemma type="when"/>
                    <dep head="1-3" type="advmod"/>
                </token>
                <token content="I" id="1-2">
                    <pos type="PRP"/>
                    <lemma type="I"/>
                    <dep head="1-3" type="nsubj"/>
                </token>
                <token content="go" id="1-3">
                    <pos type="VBP"/>
                    <lemma type="go"/>
                </token>
                <token content="grocery" id="1-4">
                    <pos type="NN"/>
                    <lemma type="grocery"/>
                </token>
                <token content="shopping" id="1-5">
                    <pos type="NN"/>
                    <lemma type="shopping"/>
                    <dep head="1-3" type="dobj"/>
                </token>
                <token content="it" id="1-6">
                    <pos type="PRP"/>
                    <lemma type="it"/>
                </token>
                <token content="is" id="1-7">
                    <pos type="VBZ"/>
                    <lemma type="be"/>
                </token>
                <token content="usually" id="1-8">
                    <pos type="RB"/>
                    <lemma type="usually"/>
                </token>
                <token content="pretty" id="1-9">
                    <pos type="RB"/>
                    <lemma type="pretty"/>
                </token>
                <token content="hectic" id="1-10">
                    <pos type="JJ"/>
                    <lemma type="hectic"/>
                </token>
                <token content="." id="1-11"/>
            </sentence>
            <sentence id="2">
                <token content="Right" id="2-1">
                    <pos type="RB"/>
                    <lemma type="right"/>
                </token>
                <token content="now" id="2-2">
                    <pos type="RB"/>
                    <lemma type="now"/>
                    <dep head="2-6" type="advmod"/>
                </token>
                <token content="I" id="2-3">
                    <pos type="PRP"/>
                    <lemma type="I"/>
                    <dep head="2-6" type="nsubj"/>
                </token>
                <token content="ca" id="2-4">
                    <pos type="MD"/>
                    <lemma type="can"/>
                    <dep head="2-6" type="aux"/>
                </token>
                <token content="n't" id="2-5">
                    <pos type="RB"/>
                    <lemma type="not"/>
                    <dep head="2-6" type="neg"/>
                </token>
                <token content="drive" id="2-6">
                    <pos type="VB"/>
                    <lemma type="drive"/>
                </token>
                <token content="," id="2-7"/>
                <token content="so" id="2-8">
                    <pos type="IN"/>
                    <lemma type="so"/>
                    <dep head="2-6" type="dep"/>
                </token>
                <token content="I" id="2-9">
                    <pos type="PRP"/>
                    <lemma type="I"/>
                    <dep head="2-10" type="nsubj"/>
                </token>
                <token content="have" id="2-10">
                    <pos type="VBP"/>
                    <lemma type="have"/>
                    <dep head="2-6" type="parataxis"/>
                </token>
                <token content="to" id="2-11">
                    <pos type="TO"/>
                    <lemma type="to"/>
                    <dep head="2-12" type="aux"/>
                </token>
                <token content="find" id="2-12">
                    <pos type="VB"/>
                    <lemma type="find"/>
                    <dep head="2-10" type="xcomp"/>
                </token>
                <token content="a" id="2-13">
                    <pos type="DT"/>
                    <lemma type="a"/>
                </token>
                <token content="ride" id="2-14">
                    <pos type="NN"/>
                    <lemma type="ride"/>
                    <dep head="2-12" type="dobj"/>
                </token>
                <token content="there" id="2-15">
                    <pos type="RB"/>
                    <lemma type="there"/>
                    <dep head="2-12" type="advmod"/>
                </token>
                <token content="." id="2-16"/>
            </sentence>
            <sentence id="3">
                <token content="I" id="3-1">
                    <pos type="PRP"/>
                    <lemma type="I"/>
                    <dep head="3-3" type="nsubj"/>
                </token>
                <token content="also" id="3-2">
                    <pos type="RB"/>
                    <lemma type="also"/>
                    <dep head="3-3" type="advmod"/>
                </token>
                <token content="have" id="3-3">
                    <pos type="VBP"/>
                    <lemma type="have"/>
                </token>
                <token content="to" id="3-4">
                    <pos type="TO"/>
                    <lemma type="to"/>
                    <dep head="3-5" type="aux"/>
                </token>
                <token content="make" id="3-5">
                    <pos type="VB"/>
                    <lemma type="make"/>
                    <dep head="3-3" type="xcomp"/>
                </token>
                <token content="sure" id="3-6">
                    <pos type="JJ"/>
                    <lemma type="sure"/>
                    <dep head="3-5" type="acomp"/>
                </token>
                <token content="that" id="3-7">
                    <pos type="IN"/>
                    <lemma type="that"/>
                    <dep head="3-9" type="mark"/>
                </token>
                <token content="I" id="3-8">
                    <pos type="PRP"/>
                    <lemma type="I"/>
                    <dep head="3-9" type="nsubj"/>
                </token>
                <token content="find" id="3-9">
                    <pos type="VBP"/>
                    <lemma type="find"/>
                    <dep head="3-5" type="ccomp"/>
                </token>
                <token content="someone" id="3-10">
                    <pos type="NN"/>
                    <lemma type="someone"/>
                    <dep head="3-9" type="dobj"/>
                </token>
                <token content="who" id="3-11">
                    <pos type="WP"/>
                    <lemma type="who"/>
                    <dep head="3-12" type="nsubj"/>
                </token>
                <token content="has" id="3-12">
                    <pos type="VBZ"/>
                    <lemma type="have"/>
                </token>
                <token content="a" id="3-13">
                    <pos type="DT"/>
                    <lemma type="a"/>
                </token>
                <token content="car" id="3-14">
                    <pos type="NN"/>
                    <lemma type="car"/>
                    <dep head="3-12" type="dobj"/>
                </token>
                <token content="that" id="3-15">
                    <pos type="IN"/>
                    <lemma type="that"/>
                    <dep head="3-20" type="mark"/>
                </token>
                <token content="my" id="3-16">
                    <pos type="PRP$"/>
                    <lemma type="my"/>
                </token>
                <token content="two" id="3-17">
                    <pos type="CD"/>
                    <lemma type="two"/>
                </token>
                <token content="children" id="3-18">
                    <pos type="NNS"/>
                    <lemma type="child"/>
                    <dep head="3-20" type="nsubj"/>
                </token>
                <token content="will" id="3-19">
                    <pos type="MD"/>
                    <lemma type="will"/>
                    <dep head="3-20" type="aux"/>
                </token>
                <token content="fit" id="3-20">
                    <pos type="VB"/>
                    <lemma type="fit"/>
                </token>
                <token content="in" id="3-21">
                    <pos type="RP"/>
                    <lemma type="in"/>
                    <dep head="3-20" type="prt"/>
                </token>
                <token content="as" id="3-22">
                    <pos type="RB"/>
                    <lemma type="as"/>
                </token>
                <token content="well" id="3-23">
                    <pos type="RB"/>
                    <lemma type="well"/>
                    <dep head="3-20" type="advmod"/>
                </token>
                <token content="." id="3-24"/>
            </sentence>
            <sentence id="4">
                <token content="So" id="4-1">
                    <pos type="RB"/>
                    <lemma type="so"/>
                    <dep head="4-12" type="advmod"/>
                </token>
                <token content="," id="4-2"/>
                <token content="after" id="4-3"/>
                <token content="finding" id="4-4">
                    <pos type="VBG"/>
                    <lemma type="find"/>
                    <dep head="4-12" type="prepc"/>
                </token>
                <token content="a" id="4-5">
                    <pos type="DT"/>
                    <lemma type="a"/>
                </token>
                <token content="way" id="4-6">
                    <pos type="NN"/>
                    <lemma type="way"/>
                    <dep head="4-4" type="dobj"/>
                </token>
                <token content="to" id="4-7">
                    <pos type="TO"/>
                    <lemma type="to"/>
                    <dep head="4-8" type="aux"/>
                </token>
                <token content="get" id="4-8">
                    <pos type="VB"/>
                    <lemma type="get"/>
                </token>
                <token content="there" id="4-9">
                    <pos type="RB"/>
                    <lemma type="there"/>
                    <dep head="4-8" type="advmod"/>
                </token>
                <token content="," id="4-10"/>
                <token content="I" id="4-11">
                    <pos type="PRP"/>
                    <lemma type="I"/>
                    <dep head="4-12" type="nsubj"/>
                </token>
                <token content="get" id="4-12">
                    <pos type="VBP"/>
                    <lemma type="get"/>
                </token>
                <token content="a" id="4-13">
                    <pos type="DT"/>
                    <lemma type="a"/>
                </token>
                <token content="cart" id="4-14">
                    <pos type="NN"/>
                    <lemma type="cart"/>
                    <dep head="4-15" type="nsubj"/>
                </token>
                <token content="wiped" id="4-15">
                    <pos type="VBD"/>
                    <lemma type="wipe"/>
                    <dep head="4-12" type="ccomp"/>
                </token>
                <token content="down" id="4-16">
                    <pos type="RP"/>
                    <lemma type="down"/>
                    <dep head="4-15" type="prt"/>
                </token>
                <token content="and" id="4-17"/>
                <token content="put" id="4-18">
                    <pos type="VBD"/>
                    <lemma type="put"/>
                    <dep head="4-15" type="conj"/>
                </token>
                <token content="my" id="4-19">
                    <pos type="PRP$"/>
                    <lemma type="my"/>
                </token>
                <token content="youngest" id="4-20">
                    <pos type="JJS"/>
                    <lemma type="youngest"/>
                    <dep head="4-18" type="dobj"/>
                </token>
                <token content="in" id="4-21"/>
                <token content="the" id="4-22">
                    <pos type="DT"/>
                    <lemma type="the"/>
                </token>
                <token content="seat" id="4-23">
                    <pos type="NN"/>
                    <lemma type="seat"/>
                    <dep head="4-18" type="prep"/>
                </token>
                <token content="." id="4-24"/>
            </sentence>
            <sentence id="5">
                <token content="Of" id="5-1"/>
                <token content="course" id="5-2">
                    <pos type="NN"/>
                    <lemma type="course"/>
                    <dep head="5-14" type="prep"/>
                </token>
                <token content="," id="5-3"/>
                <token content="if" id="5-4">
                    <pos type="IN"/>
                    <lemma type="if"/>
                    <dep head="5-6" type="mark"/>
                </token>
                <token content="there" id="5-5">
                    <pos type="EX"/>
                    <lemma type="there"/>
                    <dep head="5-6" type="expl"/>
                </token>
                <token content="happens" id="5-6">
                    <pos type="VBZ"/>
                    <lemma type="happen"/>
                    <dep head="5-14" type="advcl"/>
                </token>
                <token content="to" id="5-7">
                    <pos type="TO"/>
                    <lemma type="to"/>
                </token>
                <token content="be" id="5-8">
                    <pos type="VB"/>
                    <lemma type="be"/>
                </token>
                <token content="a" id="5-9">
                    <pos type="DT"/>
                    <lemma type="a"/>
                </token>
                <token content="car" id="5-10">
                    <pos type="NN"/>
                    <lemma type="car"/>
                </token>
                <token content="cart" id="5-11">
                    <pos type="NN"/>
                    <lemma type="cart"/>
                    <dep head="5-6" type="xcomp"/>
                </token>
                <token content="," id="5-12"/>
                <token content="we" id="5-13">
                    <pos type="PRP"/>
                    <lemma type="we"/>
                    <dep head="5-14" type="nsubj"/>
                </token>
                <token content="have" id="5-14">
                    <pos type="VBP"/>
                    <lemma type="have"/>
                </token>
                <token content="to" id="5-15">
                    <pos type="TO"/>
                    <lemma type="to"/>
                    <dep head="5-16" type="aux"/>
                </token>
                <token content="take" id="5-16">
                    <pos type="VB"/>
                    <lemma type="take"/>
                    <dep head="5-14" type="xcomp"/>
                </token>
                <token content="that" id="5-17">
                    <pos type="IN"/>
                    <lemma type="that"/>
                    <dep head="5-23" type="mark"/>
                </token>
                <token content="one" id="5-18">
                    <pos type="CD"/>
                    <lemma type="one"/>
                </token>
                <token content="so" id="5-19">
                    <pos type="RB"/>
                    <lemma type="so"/>
                </token>
                <token content="both" id="5-20">
                    <pos type="DT"/>
                    <lemma type="both"/>
                </token>
                <token content="kids" id="5-21">
                    <pos type="NNS"/>
                    <lemma type="kid"/>
                    <dep head="5-23" type="nsubj"/>
                </token>
                <token content="can" id="5-22">
                    <pos type="MD"/>
                    <lemma type="can"/>
                    <dep head="5-23" type="aux"/>
                </token>
                <token content="sit" id="5-23">
                    <pos type="VB"/>
                    <lemma type="sit"/>
                    <dep head="5-16" type="ccomp"/>
                </token>
                <token content="inside" id="5-24">
                    <pos type="RB"/>
                    <lemma type="inside"/>
                    <dep head="5-23" type="advmod"/>
                </token>
                <token content="." id="5-25"/>
            </sentence>
            <sentence id="6">
                <token content="If" id="6-1">
                    <pos type="IN"/>
                    <lemma type="if"/>
                    <dep head="6-3" type="mark"/>
                </token>
                <token content="I" id="6-2">
                    <pos type="PRP"/>
                    <lemma type="I"/>
                    <dep head="6-3" type="nsubj"/>
                </token>
                <token content="remembered" id="6-3">
                    <pos type="VBD"/>
                    <lemma type="remember"/>
                    <dep head="6-10" type="advcl"/>
                </token>
                <token content="to" id="6-4">
                    <pos type="TO"/>
                    <lemma type="to"/>
                    <dep head="6-5" type="aux"/>
                </token>
                <token content="bring" id="6-5">
                    <pos type="VB"/>
                    <lemma type="bring"/>
                    <dep head="6-3" type="xcomp"/>
                </token>
                <token content="my" id="6-6">
                    <pos type="PRP$"/>
                    <lemma type="my"/>
                </token>
                <token content="list" id="6-7">
                    <pos type="NN"/>
                    <lemma type="list"/>
                    <dep head="6-5" type="dobj"/>
                </token>
                <token content="," id="6-8"/>
                <token content="I" id="6-9">
                    <pos type="PRP"/>
                    <lemma type="I"/>
                    <dep head="6-10" type="nsubj"/>
                </token>
                <token content="get" id="6-10">
                    <pos type="VBP"/>
                    <lemma type="get"/>
                </token>
                <token content="all" id="6-11">
                    <pos type="DT"/>
                    <lemma type="all"/>
                    <dep head="6-10" type="dobj"/>
                </token>
                <token content="of" id="6-12"/>
                <token content="the" id="6-13">
                    <pos type="DT"/>
                    <lemma type="the"/>
                </token>
                <token content="stuff" id="6-14">
                    <pos type="NN"/>
                    <lemma type="stuff"/>
                </token>
                <token content="on" id="6-15"/>
                <token content="it" id="6-16">
                    <pos type="PRP"/>
                    <lemma type="it"/>
                </token>
                <token content="first" id="6-17">
                    <pos type="RB"/>
                    <lemma type="first"/>
                    <dep head="6-10" type="advmod"/>
                </token>
                <token content="." id="6-18"/>
            </sentence>
            <sentence id="7">
                <token content="I" id="7-1">
                    <pos type="PRP"/>
                    <lemma type="I"/>
                    <dep head="7-3" type="nsubj"/>
                </token>
                <token content="always" id="7-2">
                    <pos type="RB"/>
                    <lemma type="always"/>
                    <dep head="7-3" type="advmod"/>
                </token>
                <token content="grab" id="7-3">
                    <pos type="VBP"/>
                    <lemma type="grab"/>
                </token>
                <token content="other" id="7-4">
                    <pos type="JJ"/>
                    <lemma type="other"/>
                </token>
                <token content="things" id="7-5">
                    <pos type="NNS"/>
                    <lemma type="thing"/>
                    <dep head="7-3" type="dobj"/>
                </token>
                <token content="as" id="7-6">
                    <pos type="IN"/>
                    <lemma type="as"/>
                    <dep head="7-8" type="mark"/>
                </token>
                <token content="I" id="7-7">
                    <pos type="PRP"/>
                    <lemma type="I"/>
                    <dep head="7-8" type="nsubj"/>
                </token>
                <token content="see" id="7-8">
                    <pos type="VBP"/>
                    <lemma type="see"/>
                    <dep head="7-3" type="advcl"/>
                </token>
                <token content="them" id="7-9">
                    <pos type="PRP"/>
                    <lemma type="they"/>
                    <dep head="7-8" type="dobj"/>
                </token>
                <token content="and" id="7-10"/>
                <token content="realize" id="7-11">
                    <pos type="VBP"/>
                    <lemma type="realize"/>
                    <dep head="7-8" type="conj"/>
                </token>
                <token content="I" id="7-12">
                    <pos type="PRP"/>
                    <lemma type="I"/>
                    <dep head="7-13" type="nsubj"/>
                </token>
                <token content="need" id="7-13">
                    <pos type="VBP"/>
                    <lemma type="need"/>
                    <dep head="7-11" type="ccomp"/>
                </token>
                <token content="them" id="7-14">
                    <pos type="PRP"/>
                    <lemma type="they"/>
                    <dep head="7-13" type="dobj"/>
                </token>
                <token content="." id="7-15"/>
            </sentence>
            <sentence id="8">
                <token content="It" id="8-1">
                    <pos type="PRP"/>
                    <lemma type="it"/>
                </token>
                <token content="can" id="8-2">
                    <pos type="MD"/>
                    <lemma type="can"/>
                </token>
                <token content="be" id="8-3">
                    <pos type="VB"/>
                    <lemma type="be"/>
                </token>
                <token content="a" id="8-4">
                    <pos type="DT"/>
                    <lemma type="a"/>
                </token>
                <token content="good" id="8-5">
                    <pos type="JJ"/>
                    <lemma type="good"/>
                </token>
                <token content="thing" id="8-6">
                    <pos type="NN"/>
                    <lemma type="thing"/>
                </token>
                <token content="," id="8-7"/>
                <token content="or" id="8-8"/>
                <token content="a" id="8-9">
                    <pos type="DT"/>
                    <lemma type="a"/>
                </token>
                <token content="bad" id="8-10">
                    <pos type="JJ"/>
                    <lemma type="bad"/>
                </token>
                <token content="thing" id="8-11">
                    <pos type="NN"/>
                    <lemma type="thing"/>
                </token>
                <token content="." id="8-12"/>
            </sentence>
            <sentence id="9">
                <token content="We" id="9-1">
                    <pos type="PRP"/>
                    <lemma type="we"/>
                    <dep head="9-3" type="nsubj"/>
                </token>
                <token content="usually" id="9-2">
                    <pos type="RB"/>
                    <lemma type="usually"/>
                    <dep head="9-3" type="advmod"/>
                </token>
                <token content="end" id="9-3">
                    <pos type="VBP"/>
                    <lemma type="end"/>
                </token>
                <token content="up" id="9-4">
                    <pos type="RB"/>
                    <lemma type="up"/>
                    <dep head="9-3" type="advmod"/>
                </token>
                <token content="with" id="9-5"/>
                <token content="quite" id="9-6">
                    <pos type="RB"/>
                    <lemma type="quite"/>
                </token>
                <token content="a" id="9-7">
                    <pos type="DT"/>
                    <lemma type="a"/>
                </token>
                <token content="bit" id="9-8">
                    <pos type="NN"/>
                    <lemma type="bit"/>
                </token>
                <token content="more" id="9-9">
                    <pos type="RBR"/>
                    <lemma type="more"/>
                </token>
                <token content="than" id="9-10">
                    <pos type="IN"/>
                    <lemma type="than"/>
                    <dep head="9-12" type="mark"/>
                </token>
                <token content="I" id="9-11">
                    <pos type="PRP"/>
                    <lemma type="I"/>
                    <dep head="9-12" type="nsubj"/>
                </token>
                <token content="intended" id="9-12">
                    <pos type="VBD"/>
                    <lemma type="intend"/>
                    <dep head="9-3" type="advcl"/>
                </token>
                <token content="," id="9-13"/>
                <token content="but" id="9-14"/>
                <token content="since" id="9-15">
                    <pos type="IN"/>
                    <lemma type="since"/>
                    <dep head="9-19" type="mark"/>
                </token>
                <token content="I" id="9-16">
                    <pos type="PRP"/>
                    <lemma type="I"/>
                    <dep head="9-19" type="nsubj"/>
                </token>
                <token content="ca" id="9-17">
                    <pos type="MD"/>
                    <lemma type="can"/>
                    <dep head="9-19" type="aux"/>
                </token>
                <token content="n't" id="9-18">
                    <pos type="RB"/>
                    <lemma type="not"/>
                    <dep head="9-19" type="neg"/>
                </token>
                <token content="go" id="9-19">
                    <pos type="VB"/>
                    <lemma type="go"/>
                    <dep head="9-12" type="conj"/>
                </token>
                <token content="to" id="9-20"/>
                <token content="the" id="9-21">
                    <pos type="DT"/>
                    <lemma type="the"/>
                </token>
                <token content="store" id="9-22">
                    <pos type="NN"/>
                    <lemma type="store"/>
                    <dep head="9-19" type="prep"/>
                </token>
                <token content="whenever" id="9-23">
                    <pos type="WRB"/>
                    <lemma type="whenever"/>
                    <dep head="9-25" type="advmod"/>
                </token>
                <token content="I" id="9-24">
                    <pos type="PRP"/>
                    <lemma type="I"/>
                    <dep head="9-25" type="nsubj"/>
                </token>
                <token content="want" id="9-25">
                    <pos type="VBP"/>
                    <lemma type="want"/>
                    <dep head="9-19" type="advcl"/>
                </token>
                <token content="," id="9-26"/>
                <token content="I" id="9-27">
                    <pos type="PRP"/>
                    <lemma type="I"/>
                    <dep head="9-29" type="nsubj"/>
                </token>
                <token content="usually" id="9-28">
                    <pos type="RB"/>
                    <lemma type="usually"/>
                    <dep head="9-29" type="advmod"/>
                </token>
                <token content="justify" id="9-29">
                    <pos type="VB"/>
                    <lemma type="justify"/>
                    <dep head="9-25" type="ccomp"/>
                </token>
                <token content="it" id="9-30">
                    <pos type="PRP"/>
                    <lemma type="it"/>
                    <dep head="9-29" type="dobj"/>
                </token>
                <token content="to" id="9-31"/>
                <token content="myself" id="9-32">
                    <pos type="PRP"/>
                    <lemma type="myself"/>
                    <dep head="9-29" type="prep"/>
                </token>
                <token content="." id="9-33"/>
            </sentence>
            <sentence id="10">
                <token content="So" id="10-1">
                    <pos type="RB"/>
                    <lemma type="so"/>
                    <dep head="10-4" type="advmod"/>
                </token>
                <token content="," id="10-2"/>
                <token content="we" id="10-3">
                    <pos type="PRP"/>
                    <lemma type="we"/>
                    <dep head="10-4" type="nsubj"/>
                </token>
                <token content="get" id="10-4">
                    <pos type="VBP"/>
                    <lemma type="get"/>
                </token>
                <token content="into" id="10-5"/>
                <token content="the" id="10-6">
                    <pos type="DT"/>
                    <lemma type="the"/>
                </token>
                <token content="check" id="10-7">
                    <pos type="NN"/>
                    <lemma type="check"/>
                    <dep head="10-4" type="prep"/>
                </token>
                <token content="out" id="10-8"/>
                <token content="line" id="10-9">
                    <pos type="NN"/>
                    <lemma type="line"/>
                    <dep head="10-4" type="prep"/>
                </token>
                <token content="and" id="10-10"/>
                <token content="of" id="10-11"/>
                <token content="course" id="10-12">
                    <pos type="NN"/>
                    <lemma type="course"/>
                    <dep head="10-14" type="prep"/>
                </token>
                <token content="I" id="10-13">
                    <pos type="PRP"/>
                    <lemma type="I"/>
                    <dep head="10-14" type="nsubj"/>
                </token>
                <token content="have" id="10-14">
                    <pos type="VBP"/>
                    <lemma type="have"/>
                    <dep head="10-4" type="conj"/>
                </token>
                <token content="to" id="10-15">
                    <pos type="TO"/>
                    <lemma type="to"/>
                    <dep head="10-16" type="aux"/>
                </token>
                <token content="tell" id="10-16">
                    <pos type="VB"/>
                    <lemma type="tell"/>
                    <dep head="10-14" type="xcomp"/>
                </token>
                <token content="my" id="10-17">
                    <pos type="PRP$"/>
                    <lemma type="my"/>
                </token>
                <token content="oldest" id="10-18">
                    <pos type="JJS"/>
                    <lemma type="oldest"/>
                </token>
                <token content="child" id="10-19">
                    <pos type="NN"/>
                    <lemma type="child"/>
                    <dep head="10-16" type="dobj"/>
                </token>
                <token content="we" id="10-20">
                    <pos type="PRP"/>
                    <lemma type="we"/>
                    <dep head="10-23" type="nsubj"/>
                </token>
                <token content="ca" id="10-21">
                    <pos type="MD"/>
                    <lemma type="can"/>
                    <dep head="10-23" type="aux"/>
                </token>
                <token content="n't" id="10-22">
                    <pos type="RB"/>
                    <lemma type="not"/>
                    <dep head="10-23" type="neg"/>
                </token>
                <token content="get" id="10-23">
                    <pos type="VB"/>
                    <lemma type="get"/>
                </token>
                <token content="every" id="10-24">
                    <pos type="DT"/>
                    <lemma type="every"/>
                </token>
                <token content="candy" id="10-25">
                    <pos type="NN"/>
                    <lemma type="candy"/>
                    <dep head="10-23" type="dobj"/>
                </token>
                <token content="he" id="10-26">
                    <pos type="PRP"/>
                    <lemma type="he"/>
                    <dep head="10-27" type="nsubj"/>
                </token>
                <token content="sees" id="10-27">
                    <pos type="VBZ"/>
                    <lemma type="see"/>
                </token>
                <token content="in" id="10-28"/>
                <token content="the" id="10-29">
                    <pos type="DT"/>
                    <lemma type="the"/>
                </token>
                <token content="aisle" id="10-30">
                    <pos type="NN"/>
                    <lemma type="aisle"/>
                    <dep head="10-27" type="prep"/>
                </token>
                <token content="while" id="10-31">
                    <pos type="IN"/>
                    <lemma type="while"/>
                    <dep head="10-34" type="mark"/>
                </token>
                <token content="we" id="10-32">
                    <pos type="PRP"/>
                    <lemma type="we"/>
                    <dep head="10-34" type="nsubj"/>
                </token>
                <token content="are" id="10-33">
                    <pos type="VBP"/>
                    <lemma type="be"/>
                    <dep head="10-34" type="aux"/>
                </token>
                <token content="waiting" id="10-34">
                    <pos type="VBG"/>
                    <lemma type="wait"/>
                    <dep head="10-27" type="advcl"/>
                </token>
                <token content="." id="10-35"/>
            </sentence>
            <sentence id="11">
                <token content="After" id="11-1">
                    <pos type="IN"/>
                    <lemma type="after"/>
                    <dep head="11-3" type="mark"/>
                </token>
                <token content="we" id="11-2">
                    <pos type="PRP"/>
                    <lemma type="we"/>
                    <dep head="11-3" type="nsubj"/>
                </token>
                <token content="check" id="11-3">
                    <pos type="VBP"/>
                    <lemma type="check"/>
                    <dep head="11-7" type="advcl"/>
                </token>
                <token content="out" id="11-4">
                    <pos type="RP"/>
                    <lemma type="out"/>
                    <dep head="11-3" type="prt"/>
                </token>
                <token content="," id="11-5"/>
                <token content="we" id="11-6">
                    <pos type="PRP"/>
                    <lemma type="we"/>
                    <dep head="11-7" type="nsubj"/>
                </token>
                <token content="go" id="11-7">
                    <pos type="VBP"/>
                    <lemma type="go"/>
                </token>
                <token content="outside" id="11-8">
                    <pos type="RB"/>
                    <lemma type="outside"/>
                    <dep head="11-7" type="advmod"/>
                </token>
                <token content="and" id="11-9"/>
                <token content="I" id="11-10">
                    <pos type="PRP"/>
                    <lemma type="I"/>
                    <dep head="11-11" type="nsubj"/>
                </token>
                <token content="get" id="11-11">
                    <pos type="VBP"/>
                    <lemma type="get"/>
                    <dep head="11-7" type="conj"/>
                </token>
                <token content="the" id="11-12">
                    <pos type="DT"/>
                    <lemma type="the"/>
                </token>
                <token content="kiddos" id="11-13">
                    <pos type="NNS"/>
                    <lemma type="kiddo"/>
                    <dep head="11-11" type="dobj"/>
                </token>
                <token content="in" id="11-14"/>
                <token content="first" id="11-15">
                    <pos type="JJ"/>
                    <lemma type="first"/>
                </token>
                <token content="." id="11-16"/>
            </sentence>
            <sentence id="12">
                <token content="Then" id="12-1">
                    <pos type="RB"/>
                    <lemma type="then"/>
                    <dep head="12-3" type="advmod"/>
                </token>
                <token content="to" id="12-2">
                    <pos type="TO"/>
                    <lemma type="to"/>
                    <dep head="12-3" type="aux"/>
                </token>
                <token content="bring" id="12-3">
                    <pos type="VB"/>
                    <lemma type="bring"/>
                    <dep head="12-12" type="advcl"/>
                </token>
                <token content="our" id="12-4">
                    <pos type="PRP$"/>
                    <lemma type="we"/>
                </token>
                <token content="shopping" id="12-5">
                    <pos type="NN"/>
                    <lemma type="shopping"/>
                </token>
                <token content="trip" id="12-6">
                    <pos type="NN"/>
                    <lemma type="trip"/>
                    <dep head="12-3" type="dobj"/>
                </token>
                <token content="to" id="12-7"/>
                <token content="an" id="12-8">
                    <pos type="DT"/>
                    <lemma type="a"/>
                </token>
                <token content="end" id="12-9">
                    <pos type="NN"/>
                    <lemma type="end"/>
                    <dep head="12-3" type="prep"/>
                </token>
                <token content="," id="12-10"/>
                <token content="I" id="12-11">
                    <pos type="PRP"/>
                    <lemma type="I"/>
                    <dep head="12-12" type="nsubj"/>
                </token>
                <token content="puzzle" id="12-12">
                    <pos type="VBD"/>
                    <lemma type="puzzle"/>
                </token>
                <token content="piece" id="12-13">
                    <pos type="NN"/>
                    <lemma type="piece"/>
                </token>
                <token content="everything" id="12-14">
                    <pos type="NN"/>
                    <lemma type="everything"/>
                    <dep head="12-12" type="dobj"/>
                </token>
                <token content="into" id="12-15"/>
                <token content="the" id="12-16">
                    <pos type="DT"/>
                    <lemma type="the"/>
                </token>
                <token content="back" id="12-17">
                    <pos type="NN"/>
                    <lemma type="back"/>
                    <dep head="12-12" type="prep"/>
                </token>
                <token content="of" id="12-18"/>
                <token content="our" id="12-19">
                    <pos type="PRP$"/>
                    <lemma type="we"/>
                </token>
                <token content="car" id="12-20">
                    <pos type="NN"/>
                    <lemma type="car"/>
                </token>
                <token content="and" id="12-21"/>
                <token content="return" id="12-22">
                    <pos type="VB"/>
                    <lemma type="return"/>
                    <dep head="12-12" type="conj"/>
                </token>
                <token content="the" id="12-23">
                    <pos type="DT"/>
                    <lemma type="the"/>
                </token>
                <token content="cart" id="12-24">
                    <pos type="NN"/>
                    <lemma type="cart"/>
                    <dep head="12-22" type="dobj"/>
                </token>
                <token content="." id="12-25"/>
            </sentence>
        </sentences>
    </text>
    <annotations>
        <participants>
            <label from="1-2" id="0" name="ScrPart_shopper" text="I" type="participant"/>
            <label from="1-4" id="1" name="ScrPart_groceries" text="grocery" type="participant"/>
            <label from="1-6" id="2" name="No_label" text="it" type="participant"/>
            <label from="2-3" id="3" name="ScrPart_shopper" text="I" type="participant"/>
            <label from="2-9" id="4" name="ScrPart_shopper" text="I" type="participant"/>
            <label from="2-14" id="5" name="NPart" text="ride" type="participant"/>
            <label from="3-1" id="6" name="ScrPart_shopper" text="I" type="participant"/>
            <label from="3-8" id="7" name="ScrPart_shopper" text="I" type="participant"/>
            <label from="3-10" id="8" name="NPart" text="someone" type="participant"/>
            <label from="3-14" id="9" name="ScrPart_vehicle" text="car" type="participant"/>
            <label from="3-15" id="10" name="ScrPart_vehicle" text="that" type="participant"/>
            <label from="3-16" id="11" name="ScrPart_shopper" text="my" type="participant"/>
            <label from="3-18" id="12" name="ScrPart_shopper" text="children" type="participant"/>
            <label from="4-6" id="13" name="NPart" text="way" type="participant"/>
            <label from="4-11" id="14" name="ScrPart_shopper" text="I" type="participant"/>
            <label from="4-14" id="15" name="ScrPart_shopping_cart/basket" text="cart" type="participant"/>
            <label from="4-19" id="16" name="ScrPart_shopper" text="my" type="participant"/>
            <label from="4-20" id="17" name="ScrPart_shopper" text="youngest" type="participant"/>
            <label from="4-23" id="18" name="ScrPart_other" text="seat" type="participant"/>
            <label from="5-10" id="19" name="ScrPart_shopping_cart/basket" text="car cart" to="5-11" type="participant"/>
            <label from="5-11" id="20" name="ScrPart_shopping_cart/basket" text="cart" type="participant"/>
            <label from="5-13" id="21" name="ScrPart_shopper" text="we" type="participant"/>
            <label from="5-18" id="22" name="ScrPart_shopping_cart/basket" text="one" type="participant"/>
            <label from="5-21" id="23" name="ScrPart_shopper" text="kids" type="participant"/>
            <label from="6-2" id="24" name="ScrPart_shopper" text="I" type="participant"/>
            <label from="6-6" id="25" name="ScrPart_shopper" text="my" type="participant"/>
            <label from="6-7" id="26" name="ScrPart_grocery_list" text="list" type="participant"/>
            <label from="6-9" id="27" name="ScrPart_shopper" text="I" type="participant"/>
            <label from="6-14" id="28" name="ScrPart_groceries" text="stuff" type="participant"/>
            <label from="6-16" id="29" name="ScrPart_grocery_list" text="it" type="participant"/>
            <label from="7-1" id="30" name="ScrPart_shopper" text="I" type="participant"/>
            <label from="7-5" id="31" name="ScrPart_groceries" text="things" type="participant"/>
            <label from="7-7" id="32" name="ScrPart_shopper" text="I" type="participant"/>
            <label from="7-9" id="33" name="ScrPart_groceries" text="them" type="participant"/>
            <label from="7-12" id="34" name="ScrPart_shopper" text="I" type="participant"/>
            <label from="7-14" id="35" name="ScrPart_groceries" text="them" type="participant"/>
            <label from="8-1" id="36" name="No_label" text="It" type="participant"/>
            <label from="8-6" id="37" name="NPart" text="thing" type="participant"/>
            <label from="8-11" id="38" name="NPart" text="thing" type="participant"/>
            <label from="9-1" id="39" name="ScrPart_shopper" text="We" type="participant"/>
            <label from="9-8" id="40" name="No_label" text="bit" type="participant"/>
            <label from="9-11" id="41" name="ScrPart_shopper" text="I" type="participant"/>
            <label from="9-16" id="42" name="ScrPart_shopper" text="I" type="participant"/>
            <label from="9-22" id="43" name="ScrPart_grocery_shop" text="store" type="participant"/>
            <label from="9-24" id="44" name="ScrPart_shopper" text="I" type="participant"/>
            <label from="9-27" id="45" name="ScrPart_shopper" text="I" type="participant"/>
            <label from="9-30" id="46" name="No_label" text="it" type="participant"/>
            <label from="9-32" id="47" name="ScrPart_shopper" text="myself" type="participant"/>
            <label from="10-3" id="48" name="ScrPart_shopper" text="we" type="participant"/>
            <label from="10-7" id="49" name="ScrPart_line" text="check out line" to="10-9" type="participant"/>
            <label from="10-9" id="50" name="ScrPart_line" text="line" type="participant"/>
            <label from="10-13" id="51" name="ScrPart_shopper" text="I" type="participant"/>
            <label from="10-17" id="52" name="ScrPart_shopper" text="my" type="participant"/>
            <label from="10-19" id="53" name="ScrPart_shopper" text="child" type="participant"/>
            <label from="10-20" id="54" name="ScrPart_shopper" text="we" type="participant"/>
            <label from="10-25" id="55" name="ScrPart_groceries" text="candy" type="participant"/>
            <label from="10-26" id="56" name="ScrPart_shopper" text="he" type="participant"/>
            <label from="10-30" id="57" name="ScrPart_section" text="aisle" type="participant"/>
            <label from="10-32" id="58" name="ScrPart_shopper" text="we" type="participant"/>
            <label from="11-2" id="59" name="ScrPart_shopper" text="we" type="participant"/>
            <label from="11-6" id="60" name="ScrPart_shopper" text="we" type="participant"/>
            <label from="11-10" id="61" name="ScrPart_shopper" text="I" type="participant"/>
            <label from="11-13" id="62" name="ScrPart_shopper" text="kiddos" type="participant"/>
            <label from="12-4" id="63" name="ScrPart_shopper" text="our" type="participant"/>
            <label from="12-5" id="64" name="ScrPart_other" text="shopping trip" to="12-6" type="participant"/>
            <label from="12-6" id="65" name="ScrPart_other" text="trip" type="participant"/>
            <label from="12-9" id="66" name="NPart" text="end" type="participant"/>
            <label from="12-11" id="67" name="ScrPart_shopper" text="I" type="participant"/>
            <label from="12-14" id="68" name="ScrPart_groceries" text="everything" type="participant"/>
            <label from="12-17" id="69" name="NPart" text="back" type="participant"/>
            <label from="12-19" id="70" name="ScrPart_shopper" text="our" type="participant"/>
            <label from="12-20" id="71" name="ScrPart_vehicle" text="car" type="participant"/>
            <label from="12-24" id="72" name="ScrPart_shopping_cart/basket" text="cart" type="participant"/>
        </participants>
        <events>
            <label from="1-3" id="73" name="Evoking" text="go grocery shopping" to="1-5" type="event"/>
            <label from="1-5" id="74" name="ScrEv_get_groceries" text="shopping" type="event"/>
            <label from="1-7" id="75" name="UnrelEv" text="is" type="event"/>
            <label from="2-6" id="76" name="UnrelEv" text="drive" type="event"/>
            <label from="2-12" id="77" name="UnrelEv" text="find" type="event"/>
            <label from="3-5" id="78" name="UnrelEv" text="make sure" to="3-6" type="event"/>
            <label from="3-9" id="79" name="UnrelEv" text="find" type="event"/>
            <label from="3-12" id="80" name="UnrelEv" text="has" type="event"/>
            <label from="3-20" id="81" name="UnrelEv" text="fit in" to="3-21" type="event"/>
            <label from="4-4" id="82" name="UnrelEv" text="finding" type="event"/>
            <label from="4-8" id="83" name="ScrEv_go_grocery" text="get there" to="4-9" type="event"/>
            <label from="4-12" id="84" name="UnrelEv" text="get" type="event"/>
            <label from="4-15" id="85" name="RelNScrEv" text="wiped down" to="4-16" type="event"/>
            <label from="4-18" id="86" name="RelNScrEv" text="put" type="event"/>
            <label from="5-6" id="87" name="UnrelEv" text="happens" type="event"/>
            <label from="5-8" id="88" name="UnrelEv" text="be" type="event"/>
            <label from="5-16" id="89" name="ScrEv_take_shop_cart" text="take" type="event"/>
            <label from="5-23" id="90" name="RelNScrEv" text="sit inside" to="5-24" type="event"/>
            <label from="6-3" id="91" name="UnrelEv" text="remembered" type="event"/>
            <label from="6-5" id="92" name="ScrEv_make_list" text="bring" type="event"/>
            <label from="6-10" id="93" name="ScrEv_get_groceries" text="get" type="event"/>
            <label from="7-3" id="94" name="ScrEv_get_groceries" text="grab" type="event"/>
            <label from="7-8" id="95" name="UnrelEv" text="see" type="event"/>
            <label from="7-11" id="96" name="UnrelEv" text="realize" type="event"/>
            <label from="7-13" id="97" name="RelNScrEv" text="need" type="event"/>
            <label from="8-3" id="98" name="UnrelEv" text="be" type="event"/>
            <label from="9-3" id="99" name="ScrEv_get_groceries" text="end up" to="9-4" type="event"/>
            <label from="9-12" id="100" name="ScrEv_make_list" text="intended" type="event"/>
            <label from="9-19" id="101" name="ScrEv_go_grocery" text="go" type="event"/>
            <label from="9-25" id="102" name="UnrelEv" text="want" type="event"/>
            <label from="9-29" id="103" name="UnrelEv" text="justify" type="event"/>
            <label from="10-4" id="104" name="ScrEv_wait" text="get into" to="10-5" type="event"/>
            <label from="10-16" id="105" name="RelNScrEv" text="tell" type="event"/>
            <label from="10-23" id="106" name="ScrEv_get_groceries" text="get" type="event"/>
            <label from="10-27" id="107" name="UnrelEv" text="sees" type="event"/>
            <label from="10-34" id="108" name="ScrEv_wait" text="waiting" type="event"/>
            <label from="11-3" id="109" name="ScrEv_pay" text="check out" to="11-4" type="event"/>
            <label from="11-7" id="110" name="ScrEv_leave" text="go outside" to="11-8" type="event"/>
            <label from="11-11" id="111" name="RelNScrEv" text="get" type="event"/>
            <label from="12-3" id="112" name="UnrelEv" text="bring" type="event"/>
            <label from="12-12" id="113" name="ScrEv_bring_vehicle" text="puzzle piece" to="12-13" type="event"/>
            <label from="12-22" id="114" name="ScrEv_return_shop_cart" text="return" type="event"/>
        </events>
        <chains>
            <chain elements="3 0 4 6 7 11 14 16 24 25 27 30 32 34 41 42 44 45 47 51 52 61 67"/>
            <chain elements="28 1 31 33 35 68"/>
            <chain elements="10 9 71"/>
            <chain elements="53 12" name="coref_older_child"/>
            <chain elements="23 12"/>
            <chain elements="21 12 16" name="coref_group_I_children"/>
            <chain elements="17 12" name="coref_younger_child"/>
            <chain elements="20 15 22 72"/>
            <chain elements="39 21 48 54 58 59 60 63 70"/>
            <chain elements="29 26"/>
            <chain elements="56 53"/>
        </chains>
    </annotations>
</story>
