<?xml version="1.0" encoding="UTF-8" standalone="no"?>
<!DOCTYPE story SYSTEM "../InScript.dtd">
<story id="022" scenario="grocery">
    <text>
        <content>Last Saturday I decided to go grocery shopping . 
We seemed to be out of a number of things in our house that we needed to cook with , so I sat down a made a list of items . 
It seemed to be really large , so I knew I would be gone for a while . 
I drove to the grocery store that I like the best , and parked my car . 
I got a large shopping cart instead of the smaller one , since I knew I had a lot of items to purchase . 
Very slowly , I went up and down each row in the grocery store . 
I checked my list on each row , and got the items that I needed . 
I made sure to cross the item off when I put it in my cart , so I knew that I did n't forget anything . 
Along the way , I saw some items that were on sale , and decided to purchase those as well , knowing we would use them . 
I bought the cold and frozen items last , so they would still be cold by the time I got home . 
When I had crossed off everything on my list , I went to the front of the store . 
I found an open cash register lane , and put my items on the conveyor belt . 
The cashier was very friendly and said hello . 
She began scanning each of my items , and even had to weigh some of them . 
A nice man was putting my groceries into bags for me , and putting them in my cart as he filled the bags . 
When they were done , I paid the cashier the amount due , and she gave me my change , which I put in my purse . 
The bagger walked with me out to my car and helped me put the groceries in the trunk of my car . 
I said thank you to him , and then drove home . 
When I got there , it took a while to bring all of the bags inside , but my children helped me . 
We all had fun putting the groceries away , and were glad the shelves were filled with what we needed again . </content>
        <sentences>
            <sentence id="1">
                <token content="Last" id="1-1">
                    <pos type="JJ"/>
                    <lemma type="last"/>
                </token>
                <token content="Saturday" id="1-2">
                    <pos type="NNP"/>
                    <lemma type="Saturday"/>
                    <dep head="1-4" type="tmod"/>
                </token>
                <token content="I" id="1-3">
                    <pos type="PRP"/>
                    <lemma type="I"/>
                    <dep head="1-4" type="nsubj"/>
                </token>
                <token content="decided" id="1-4">
                    <pos type="VBD"/>
                    <lemma type="decide"/>
                </token>
                <token content="to" id="1-5">
                    <pos type="TO"/>
                    <lemma type="to"/>
                    <dep head="1-6" type="aux"/>
                </token>
                <token content="go" id="1-6">
                    <pos type="VB"/>
                    <lemma type="go"/>
                    <dep head="1-4" type="xcomp"/>
                </token>
                <token content="grocery" id="1-7">
                    <pos type="NN"/>
                    <lemma type="grocery"/>
                </token>
                <token content="shopping" id="1-8">
                    <pos type="NN"/>
                    <lemma type="shopping"/>
                    <dep head="1-6" type="dobj"/>
                </token>
                <token content="." id="1-9"/>
            </sentence>
            <sentence id="2">
                <token content="We" id="2-1">
                    <pos type="PRP"/>
                    <lemma type="we"/>
                    <dep head="2-2" type="nsubj"/>
                </token>
                <token content="seemed" id="2-2">
                    <pos type="VBD"/>
                    <lemma type="seem"/>
                </token>
                <token content="to" id="2-3">
                    <pos type="TO"/>
                    <lemma type="to"/>
                </token>
                <token content="be" id="2-4">
                    <pos type="VB"/>
                    <lemma type="be"/>
                </token>
                <token content="out" id="2-5">
                    <pos type="IN"/>
                    <lemma type="out"/>
                    <dep head="2-2" type="xcomp"/>
                </token>
                <token content="of" id="2-6"/>
                <token content="a" id="2-7">
                    <pos type="DT"/>
                    <lemma type="a"/>
                </token>
                <token content="number" id="2-8">
                    <pos type="NN"/>
                    <lemma type="number"/>
                </token>
                <token content="of" id="2-9"/>
                <token content="things" id="2-10">
                    <pos type="NNS"/>
                    <lemma type="thing"/>
                </token>
                <token content="in" id="2-11"/>
                <token content="our" id="2-12">
                    <pos type="PRP$"/>
                    <lemma type="we"/>
                </token>
                <token content="house" id="2-13">
                    <pos type="NN"/>
                    <lemma type="house"/>
                </token>
                <token content="that" id="2-14">
                    <pos type="IN"/>
                    <lemma type="that"/>
                    <dep head="2-16" type="mark"/>
                </token>
                <token content="we" id="2-15">
                    <pos type="PRP"/>
                    <lemma type="we"/>
                    <dep head="2-16" type="nsubj"/>
                </token>
                <token content="needed" id="2-16">
                    <pos type="VBD"/>
                    <lemma type="need"/>
                </token>
                <token content="to" id="2-17">
                    <pos type="TO"/>
                    <lemma type="to"/>
                    <dep head="2-18" type="aux"/>
                </token>
                <token content="cook" id="2-18">
                    <pos type="VB"/>
                    <lemma type="cook"/>
                    <dep head="2-16" type="xcomp"/>
                </token>
                <token content="with" id="2-19">
                    <pos type="IN"/>
                    <lemma type="with"/>
                    <dep head="2-18" type="prep"/>
                </token>
                <token content="," id="2-20"/>
                <token content="so" id="2-21">
                    <pos type="IN"/>
                    <lemma type="so"/>
                    <dep head="2-2" type="dep"/>
                </token>
                <token content="I" id="2-22">
                    <pos type="PRP"/>
                    <lemma type="I"/>
                    <dep head="2-23" type="nsubj"/>
                </token>
                <token content="sat" id="2-23">
                    <pos type="VBD"/>
                    <lemma type="sit"/>
                    <dep head="2-2" type="parataxis"/>
                </token>
                <token content="down" id="2-24">
                    <pos type="IN"/>
                    <lemma type="down"/>
                </token>
                <token content="a" id="2-25">
                    <pos type="DT"/>
                    <lemma type="a"/>
                    <dep head="2-26" type="nsubj"/>
                </token>
                <token content="made" id="2-26">
                    <pos type="VBD"/>
                    <lemma type="make"/>
                    <dep head="2-23" type="ccomp"/>
                </token>
                <token content="a" id="2-27">
                    <pos type="DT"/>
                    <lemma type="a"/>
                </token>
                <token content="list" id="2-28">
                    <pos type="NN"/>
                    <lemma type="list"/>
                    <dep head="2-26" type="dobj"/>
                </token>
                <token content="of" id="2-29"/>
                <token content="items" id="2-30">
                    <pos type="NNS"/>
                    <lemma type="item"/>
                </token>
                <token content="." id="2-31"/>
            </sentence>
            <sentence id="3">
                <token content="It" id="3-1">
                    <pos type="PRP"/>
                    <lemma type="it"/>
                    <dep head="3-2" type="nsubj"/>
                </token>
                <token content="seemed" id="3-2">
                    <pos type="VBD"/>
                    <lemma type="seem"/>
                </token>
                <token content="to" id="3-3">
                    <pos type="TO"/>
                    <lemma type="to"/>
                </token>
                <token content="be" id="3-4">
                    <pos type="VB"/>
                    <lemma type="be"/>
                </token>
                <token content="really" id="3-5">
                    <pos type="RB"/>
                    <lemma type="really"/>
                </token>
                <token content="large" id="3-6">
                    <pos type="JJ"/>
                    <lemma type="large"/>
                    <dep head="3-2" type="xcomp"/>
                </token>
                <token content="," id="3-7"/>
                <token content="so" id="3-8">
                    <pos type="IN"/>
                    <lemma type="so"/>
                    <dep head="3-2" type="dep"/>
                </token>
                <token content="I" id="3-9">
                    <pos type="PRP"/>
                    <lemma type="I"/>
                    <dep head="3-10" type="nsubj"/>
                </token>
                <token content="knew" id="3-10">
                    <pos type="VBD"/>
                    <lemma type="know"/>
                    <dep head="3-2" type="parataxis"/>
                </token>
                <token content="I" id="3-11">
                    <pos type="PRP"/>
                    <lemma type="I"/>
                    <dep head="3-14" type="nsubjpass"/>
                </token>
                <token content="would" id="3-12">
                    <pos type="MD"/>
                    <lemma type="would"/>
                    <dep head="3-14" type="aux"/>
                </token>
                <token content="be" id="3-13">
                    <pos type="VB"/>
                    <lemma type="be"/>
                    <dep head="3-14" type="auxpass"/>
                </token>
                <token content="gone" id="3-14">
                    <pos type="VBN"/>
                    <lemma type="go"/>
                    <dep head="3-10" type="ccomp"/>
                </token>
                <token content="for" id="3-15"/>
                <token content="a" id="3-16">
                    <pos type="DT"/>
                    <lemma type="a"/>
                </token>
                <token content="while" id="3-17">
                    <pos type="NN"/>
                    <lemma type="while"/>
                    <dep head="3-14" type="prep"/>
                </token>
                <token content="." id="3-18"/>
            </sentence>
            <sentence id="4">
                <token content="I" id="4-1">
                    <pos type="PRP"/>
                    <lemma type="I"/>
                    <dep head="4-2" type="nsubj"/>
                </token>
                <token content="drove" id="4-2">
                    <pos type="VBD"/>
                    <lemma type="drive"/>
                </token>
                <token content="to" id="4-3"/>
                <token content="the" id="4-4">
                    <pos type="DT"/>
                    <lemma type="the"/>
                </token>
                <token content="grocery" id="4-5">
                    <pos type="NN"/>
                    <lemma type="grocery"/>
                </token>
                <token content="store" id="4-6">
                    <pos type="NN"/>
                    <lemma type="store"/>
                    <dep head="4-2" type="prep"/>
                </token>
                <token content="that" id="4-7">
                    <pos type="IN"/>
                    <lemma type="that"/>
                    <dep head="4-9" type="mark"/>
                </token>
                <token content="I" id="4-8">
                    <pos type="PRP"/>
                    <lemma type="I"/>
                    <dep head="4-9" type="nsubj"/>
                </token>
                <token content="like" id="4-9">
                    <pos type="VBP"/>
                    <lemma type="like"/>
                    <dep head="4-2" type="ccomp"/>
                </token>
                <token content="the" id="4-10">
                    <pos type="DT"/>
                    <lemma type="the"/>
                </token>
                <token content="best" id="4-11">
                    <pos type="JJS"/>
                    <lemma type="best"/>
                    <dep head="4-9" type="dobj"/>
                </token>
                <token content="," id="4-12"/>
                <token content="and" id="4-13"/>
                <token content="parked" id="4-14">
                    <pos type="VBD"/>
                    <lemma type="park"/>
                    <dep head="4-9" type="conj"/>
                </token>
                <token content="my" id="4-15">
                    <pos type="PRP$"/>
                    <lemma type="my"/>
                </token>
                <token content="car" id="4-16">
                    <pos type="NN"/>
                    <lemma type="car"/>
                    <dep head="4-14" type="dobj"/>
                </token>
                <token content="." id="4-17"/>
            </sentence>
            <sentence id="5">
                <token content="I" id="5-1">
                    <pos type="PRP"/>
                    <lemma type="I"/>
                    <dep head="5-2" type="nsubj"/>
                </token>
                <token content="got" id="5-2">
                    <pos type="VBD"/>
                    <lemma type="get"/>
                </token>
                <token content="a" id="5-3">
                    <pos type="DT"/>
                    <lemma type="a"/>
                </token>
                <token content="large" id="5-4">
                    <pos type="JJ"/>
                    <lemma type="large"/>
                </token>
                <token content="shopping" id="5-5">
                    <pos type="NN"/>
                    <lemma type="shopping"/>
                </token>
                <token content="cart" id="5-6">
                    <pos type="NN"/>
                    <lemma type="cart"/>
                    <dep head="5-2" type="dobj"/>
                </token>
                <token content="instead" id="5-7"/>
                <token content="of" id="5-8"/>
                <token content="the" id="5-9">
                    <pos type="DT"/>
                    <lemma type="the"/>
                </token>
                <token content="smaller" id="5-10">
                    <pos type="JJR"/>
                    <lemma type="smaller"/>
                </token>
                <token content="one" id="5-11">
                    <pos type="NN"/>
                    <lemma type="one"/>
                </token>
                <token content="," id="5-12"/>
                <token content="since" id="5-13">
                    <pos type="IN"/>
                    <lemma type="since"/>
                    <dep head="5-15" type="mark"/>
                </token>
                <token content="I" id="5-14">
                    <pos type="PRP"/>
                    <lemma type="I"/>
                    <dep head="5-15" type="nsubj"/>
                </token>
                <token content="knew" id="5-15">
                    <pos type="VBD"/>
                    <lemma type="know"/>
                    <dep head="5-2" type="advcl"/>
                </token>
                <token content="I" id="5-16">
                    <pos type="PRP"/>
                    <lemma type="I"/>
                    <dep head="5-17" type="nsubj"/>
                </token>
                <token content="had" id="5-17">
                    <pos type="VBD"/>
                    <lemma type="have"/>
                    <dep head="5-15" type="ccomp"/>
                </token>
                <token content="a" id="5-18">
                    <pos type="DT"/>
                    <lemma type="a"/>
                </token>
                <token content="lot" id="5-19">
                    <pos type="NN"/>
                    <lemma type="lot"/>
                    <dep head="5-17" type="dobj"/>
                </token>
                <token content="of" id="5-20"/>
                <token content="items" id="5-21">
                    <pos type="NNS"/>
                    <lemma type="item"/>
                </token>
                <token content="to" id="5-22"/>
                <token content="purchase" id="5-23">
                    <pos type="NN"/>
                    <lemma type="purchase"/>
                    <dep head="5-17" type="prep"/>
                </token>
                <token content="." id="5-24"/>
            </sentence>
            <sentence id="6">
                <token content="Very" id="6-1">
                    <pos type="RB"/>
                    <lemma type="very"/>
                    <dep head="6-5" type="advmod"/>
                </token>
                <token content="slowly" id="6-2">
                    <pos type="RB"/>
                    <lemma type="slowly"/>
                    <dep head="6-5" type="advmod"/>
                </token>
                <token content="," id="6-3"/>
                <token content="I" id="6-4">
                    <pos type="PRP"/>
                    <lemma type="I"/>
                    <dep head="6-5" type="nsubj"/>
                </token>
                <token content="went" id="6-5">
                    <pos type="VBD"/>
                    <lemma type="go"/>
                </token>
                <token content="up" id="6-6">
                    <pos type="RP"/>
                    <lemma type="up"/>
                    <dep head="6-5" type="prt"/>
                </token>
                <token content="and" id="6-7">
                    <pos type="CC"/>
                    <lemma type="and"/>
                </token>
                <token content="down" id="6-8">
                    <pos type="RP"/>
                    <lemma type="down"/>
                </token>
                <token content="each" id="6-9">
                    <pos type="DT"/>
                    <lemma type="each"/>
                </token>
                <token content="row" id="6-10">
                    <pos type="NN"/>
                    <lemma type="row"/>
                    <dep head="6-5" type="dobj"/>
                </token>
                <token content="in" id="6-11"/>
                <token content="the" id="6-12">
                    <pos type="DT"/>
                    <lemma type="the"/>
                </token>
                <token content="grocery" id="6-13">
                    <pos type="NN"/>
                    <lemma type="grocery"/>
                </token>
                <token content="store" id="6-14">
                    <pos type="NN"/>
                    <lemma type="store"/>
                </token>
                <token content="." id="6-15"/>
            </sentence>
            <sentence id="7">
                <token content="I" id="7-1">
                    <pos type="PRP"/>
                    <lemma type="I"/>
                    <dep head="7-2" type="nsubj"/>
                </token>
                <token content="checked" id="7-2">
                    <pos type="VBD"/>
                    <lemma type="check"/>
                </token>
                <token content="my" id="7-3">
                    <pos type="PRP$"/>
                    <lemma type="my"/>
                </token>
                <token content="list" id="7-4">
                    <pos type="NN"/>
                    <lemma type="list"/>
                    <dep head="7-2" type="dobj"/>
                </token>
                <token content="on" id="7-5"/>
                <token content="each" id="7-6">
                    <pos type="DT"/>
                    <lemma type="each"/>
                </token>
                <token content="row" id="7-7">
                    <pos type="NN"/>
                    <lemma type="row"/>
                    <dep head="7-2" type="prep"/>
                </token>
                <token content="," id="7-8"/>
                <token content="and" id="7-9"/>
                <token content="got" id="7-10">
                    <pos type="VBD"/>
                    <lemma type="get"/>
                    <dep head="7-2" type="conj"/>
                </token>
                <token content="the" id="7-11">
                    <pos type="DT"/>
                    <lemma type="the"/>
                </token>
                <token content="items" id="7-12">
                    <pos type="NNS"/>
                    <lemma type="item"/>
                    <dep head="7-10" type="dobj"/>
                </token>
                <token content="that" id="7-13">
                    <pos type="IN"/>
                    <lemma type="that"/>
                    <dep head="7-15" type="mark"/>
                </token>
                <token content="I" id="7-14">
                    <pos type="PRP"/>
                    <lemma type="I"/>
                    <dep head="7-15" type="nsubj"/>
                </token>
                <token content="needed" id="7-15">
                    <pos type="VBD"/>
                    <lemma type="need"/>
                    <dep head="7-10" type="ccomp"/>
                </token>
                <token content="." id="7-16"/>
            </sentence>
            <sentence id="8">
                <token content="I" id="8-1">
                    <pos type="PRP"/>
                    <lemma type="I"/>
                    <dep head="8-2" type="nsubj"/>
                </token>
                <token content="made" id="8-2">
                    <pos type="VBD"/>
                    <lemma type="make"/>
                </token>
                <token content="sure" id="8-3">
                    <pos type="JJ"/>
                    <lemma type="sure"/>
                    <dep head="8-2" type="acomp"/>
                </token>
                <token content="to" id="8-4">
                    <pos type="TO"/>
                    <lemma type="to"/>
                    <dep head="8-5" type="aux"/>
                </token>
                <token content="cross" id="8-5">
                    <pos type="VB"/>
                    <lemma type="cross"/>
                </token>
                <token content="the" id="8-6">
                    <pos type="DT"/>
                    <lemma type="the"/>
                </token>
                <token content="item" id="8-7">
                    <pos type="NN"/>
                    <lemma type="item"/>
                    <dep head="8-5" type="dobj"/>
                </token>
                <token content="off" id="8-8">
                    <pos type="RP"/>
                    <lemma type="off"/>
                    <dep head="8-5" type="prt"/>
                </token>
                <token content="when" id="8-9">
                    <pos type="WRB"/>
                    <lemma type="when"/>
                    <dep head="8-11" type="advmod"/>
                </token>
                <token content="I" id="8-10">
                    <pos type="PRP"/>
                    <lemma type="I"/>
                    <dep head="8-11" type="nsubj"/>
                </token>
                <token content="put" id="8-11">
                    <pos type="VBD"/>
                    <lemma type="put"/>
                    <dep head="8-2" type="advcl"/>
                </token>
                <token content="it" id="8-12">
                    <pos type="PRP"/>
                    <lemma type="it"/>
                    <dep head="8-11" type="dobj"/>
                </token>
                <token content="in" id="8-13"/>
                <token content="my" id="8-14">
                    <pos type="PRP$"/>
                    <lemma type="my"/>
                </token>
                <token content="cart" id="8-15">
                    <pos type="NN"/>
                    <lemma type="cart"/>
                    <dep head="8-11" type="prep"/>
                </token>
                <token content="," id="8-16"/>
                <token content="so" id="8-17">
                    <pos type="IN"/>
                    <lemma type="so"/>
                    <dep head="8-2" type="dep"/>
                </token>
                <token content="I" id="8-18">
                    <pos type="PRP"/>
                    <lemma type="I"/>
                    <dep head="8-19" type="nsubj"/>
                </token>
                <token content="knew" id="8-19">
                    <pos type="VBD"/>
                    <lemma type="know"/>
                    <dep head="8-2" type="parataxis"/>
                </token>
                <token content="that" id="8-20">
                    <pos type="IN"/>
                    <lemma type="that"/>
                    <dep head="8-24" type="mark"/>
                </token>
                <token content="I" id="8-21">
                    <pos type="PRP"/>
                    <lemma type="I"/>
                    <dep head="8-24" type="nsubj"/>
                </token>
                <token content="did" id="8-22">
                    <pos type="VBD"/>
                    <lemma type="do"/>
                    <dep head="8-24" type="aux"/>
                </token>
                <token content="n't" id="8-23">
                    <pos type="RB"/>
                    <lemma type="not"/>
                    <dep head="8-24" type="neg"/>
                </token>
                <token content="forget" id="8-24">
                    <pos type="VB"/>
                    <lemma type="forget"/>
                    <dep head="8-19" type="ccomp"/>
                </token>
                <token content="anything" id="8-25">
                    <pos type="NN"/>
                    <lemma type="anything"/>
                    <dep head="8-24" type="dobj"/>
                </token>
                <token content="." id="8-26"/>
            </sentence>
            <sentence id="9">
                <token content="Along" id="9-1"/>
                <token content="the" id="9-2">
                    <pos type="DT"/>
                    <lemma type="the"/>
                </token>
                <token content="way" id="9-3">
                    <pos type="NN"/>
                    <lemma type="way"/>
                    <dep head="9-6" type="prep"/>
                </token>
                <token content="," id="9-4"/>
                <token content="I" id="9-5">
                    <pos type="PRP"/>
                    <lemma type="I"/>
                    <dep head="9-6" type="nsubj"/>
                </token>
                <token content="saw" id="9-6">
                    <pos type="VBD"/>
                    <lemma type="see"/>
                </token>
                <token content="some" id="9-7">
                    <pos type="DT"/>
                    <lemma type="some"/>
                </token>
                <token content="items" id="9-8">
                    <pos type="NNS"/>
                    <lemma type="item"/>
                    <dep head="9-6" type="dobj"/>
                </token>
                <token content="that" id="9-9">
                    <pos type="WDT"/>
                    <lemma type="that"/>
                    <dep head="9-10" type="nsubj"/>
                </token>
                <token content="were" id="9-10">
                    <pos type="VBD"/>
                    <lemma type="be"/>
                </token>
                <token content="on" id="9-11"/>
                <token content="sale" id="9-12">
                    <pos type="NN"/>
                    <lemma type="sale"/>
                    <dep head="9-10" type="prep"/>
                </token>
                <token content="," id="9-13"/>
                <token content="and" id="9-14"/>
                <token content="decided" id="9-15">
                    <pos type="VBD"/>
                    <lemma type="decide"/>
                    <dep head="9-10" type="conj"/>
                </token>
                <token content="to" id="9-16">
                    <pos type="TO"/>
                    <lemma type="to"/>
                    <dep head="9-17" type="aux"/>
                </token>
                <token content="purchase" id="9-17">
                    <pos type="VB"/>
                    <lemma type="purchase"/>
                    <dep head="9-15" type="xcomp"/>
                </token>
                <token content="those" id="9-18">
                    <pos type="DT"/>
                    <lemma type="those"/>
                    <dep head="9-17" type="dobj"/>
                </token>
                <token content="as" id="9-19">
                    <pos type="RB"/>
                    <lemma type="as"/>
                </token>
                <token content="well" id="9-20">
                    <pos type="RB"/>
                    <lemma type="well"/>
                    <dep head="9-17" type="advmod"/>
                </token>
                <token content="," id="9-21"/>
                <token content="knowing" id="9-22">
                    <pos type="VBG"/>
                    <lemma type="know"/>
                    <dep head="9-6" type="vmod"/>
                </token>
                <token content="we" id="9-23">
                    <pos type="PRP"/>
                    <lemma type="we"/>
                    <dep head="9-25" type="nsubj"/>
                </token>
                <token content="would" id="9-24">
                    <pos type="MD"/>
                    <lemma type="would"/>
                    <dep head="9-25" type="aux"/>
                </token>
                <token content="use" id="9-25">
                    <pos type="VB"/>
                    <lemma type="use"/>
                    <dep head="9-22" type="ccomp"/>
                </token>
                <token content="them" id="9-26">
                    <pos type="PRP"/>
                    <lemma type="they"/>
                    <dep head="9-25" type="dobj"/>
                </token>
                <token content="." id="9-27"/>
            </sentence>
            <sentence id="10">
                <token content="I" id="10-1">
                    <pos type="PRP"/>
                    <lemma type="I"/>
                    <dep head="10-2" type="nsubj"/>
                </token>
                <token content="bought" id="10-2">
                    <pos type="VBD"/>
                    <lemma type="buy"/>
                </token>
                <token content="the" id="10-3">
                    <pos type="DT"/>
                    <lemma type="the"/>
                </token>
                <token content="cold" id="10-4">
                    <pos type="JJ"/>
                    <lemma type="cold"/>
                </token>
                <token content="and" id="10-5"/>
                <token content="frozen" id="10-6">
                    <pos type="JJ"/>
                    <lemma type="frozen"/>
                </token>
                <token content="items" id="10-7">
                    <pos type="NNS"/>
                    <lemma type="item"/>
                    <dep head="10-2" type="dobj"/>
                </token>
                <token content="last" id="10-8">
                    <pos type="RB"/>
                    <lemma type="last"/>
                    <dep head="10-2" type="advmod"/>
                </token>
                <token content="," id="10-9"/>
                <token content="so" id="10-10">
                    <pos type="IN"/>
                    <lemma type="so"/>
                    <dep head="10-2" type="dep"/>
                </token>
                <token content="they" id="10-11">
                    <pos type="PRP"/>
                    <lemma type="they"/>
                </token>
                <token content="would" id="10-12">
                    <pos type="MD"/>
                    <lemma type="would"/>
                </token>
                <token content="still" id="10-13">
                    <pos type="RB"/>
                    <lemma type="still"/>
                </token>
                <token content="be" id="10-14">
                    <pos type="VB"/>
                    <lemma type="be"/>
                </token>
                <token content="cold" id="10-15">
                    <pos type="JJ"/>
                    <lemma type="cold"/>
                    <dep head="10-2" type="parataxis"/>
                </token>
                <token content="by" id="10-16"/>
                <token content="the" id="10-17">
                    <pos type="DT"/>
                    <lemma type="the"/>
                </token>
                <token content="time" id="10-18">
                    <pos type="NN"/>
                    <lemma type="time"/>
                </token>
                <token content="I" id="10-19">
                    <pos type="PRP"/>
                    <lemma type="I"/>
                    <dep head="10-20" type="nsubj"/>
                </token>
                <token content="got" id="10-20">
                    <pos type="VBD"/>
                    <lemma type="get"/>
                </token>
                <token content="home" id="10-21">
                    <pos type="NN"/>
                    <lemma type="home"/>
                    <dep head="10-20" type="dobj"/>
                </token>
                <token content="." id="10-22"/>
            </sentence>
            <sentence id="11">
                <token content="When" id="11-1">
                    <pos type="WRB"/>
                    <lemma type="when"/>
                    <dep head="11-4" type="advmod"/>
                </token>
                <token content="I" id="11-2">
                    <pos type="PRP"/>
                    <lemma type="I"/>
                    <dep head="11-4" type="nsubj"/>
                </token>
                <token content="had" id="11-3">
                    <pos type="VBD"/>
                    <lemma type="have"/>
                    <dep head="11-4" type="aux"/>
                </token>
                <token content="crossed" id="11-4">
                    <pos type="VBN"/>
                    <lemma type="cross"/>
                    <dep head="11-12" type="advcl"/>
                </token>
                <token content="off" id="11-5">
                    <pos type="RP"/>
                    <lemma type="off"/>
                    <dep head="11-4" type="prt"/>
                </token>
                <token content="everything" id="11-6">
                    <pos type="NN"/>
                    <lemma type="everything"/>
                    <dep head="11-4" type="dobj"/>
                </token>
                <token content="on" id="11-7"/>
                <token content="my" id="11-8">
                    <pos type="PRP$"/>
                    <lemma type="my"/>
                </token>
                <token content="list" id="11-9">
                    <pos type="NN"/>
                    <lemma type="list"/>
                    <dep head="11-4" type="prep"/>
                </token>
                <token content="," id="11-10"/>
                <token content="I" id="11-11">
                    <pos type="PRP"/>
                    <lemma type="I"/>
                    <dep head="11-12" type="nsubj"/>
                </token>
                <token content="went" id="11-12">
                    <pos type="VBD"/>
                    <lemma type="go"/>
                </token>
                <token content="to" id="11-13"/>
                <token content="the" id="11-14">
                    <pos type="DT"/>
                    <lemma type="the"/>
                </token>
                <token content="front" id="11-15">
                    <pos type="NN"/>
                    <lemma type="front"/>
                    <dep head="11-12" type="prep"/>
                </token>
                <token content="of" id="11-16"/>
                <token content="the" id="11-17">
                    <pos type="DT"/>
                    <lemma type="the"/>
                </token>
                <token content="store" id="11-18">
                    <pos type="NN"/>
                    <lemma type="store"/>
                </token>
                <token content="." id="11-19"/>
            </sentence>
            <sentence id="12">
                <token content="I" id="12-1">
                    <pos type="PRP"/>
                    <lemma type="I"/>
                    <dep head="12-2" type="nsubj"/>
                </token>
                <token content="found" id="12-2">
                    <pos type="VBD"/>
                    <lemma type="find"/>
                </token>
                <token content="an" id="12-3">
                    <pos type="DT"/>
                    <lemma type="a"/>
                </token>
                <token content="open" id="12-4">
                    <pos type="JJ"/>
                    <lemma type="open"/>
                </token>
                <token content="cash" id="12-5">
                    <pos type="NN"/>
                    <lemma type="cash"/>
                    <dep head="12-6" type="nsubj"/>
                </token>
                <token content="register" id="12-6">
                    <pos type="VBP"/>
                    <lemma type="register"/>
                    <dep head="12-2" type="ccomp"/>
                </token>
                <token content="lane" id="12-7">
                    <pos type="NN"/>
                    <lemma type="lane"/>
                    <dep head="12-6" type="dobj"/>
                </token>
                <token content="," id="12-8"/>
                <token content="and" id="12-9"/>
                <token content="put" id="12-10">
                    <pos type="VBD"/>
                    <lemma type="put"/>
                    <dep head="12-6" type="conj"/>
                </token>
                <token content="my" id="12-11">
                    <pos type="PRP$"/>
                    <lemma type="my"/>
                </token>
                <token content="items" id="12-12">
                    <pos type="NNS"/>
                    <lemma type="item"/>
                    <dep head="12-10" type="dobj"/>
                </token>
                <token content="on" id="12-13"/>
                <token content="the" id="12-14">
                    <pos type="DT"/>
                    <lemma type="the"/>
                </token>
                <token content="conveyor" id="12-15">
                    <pos type="NN"/>
                    <lemma type="conveyor"/>
                </token>
                <token content="belt" id="12-16">
                    <pos type="NN"/>
                    <lemma type="belt"/>
                    <dep head="12-10" type="prep"/>
                </token>
                <token content="." id="12-17"/>
            </sentence>
            <sentence id="13">
                <token content="The" id="13-1">
                    <pos type="DT"/>
                    <lemma type="the"/>
                </token>
                <token content="cashier" id="13-2">
                    <pos type="NN"/>
                    <lemma type="cashier"/>
                </token>
                <token content="was" id="13-3">
                    <pos type="VBD"/>
                    <lemma type="be"/>
                </token>
                <token content="very" id="13-4">
                    <pos type="RB"/>
                    <lemma type="very"/>
                </token>
                <token content="friendly" id="13-5">
                    <pos type="JJ"/>
                    <lemma type="friendly"/>
                </token>
                <token content="and" id="13-6"/>
                <token content="said" id="13-7">
                    <pos type="VBD"/>
                    <lemma type="say"/>
                </token>
                <token content="hello" id="13-8">
                    <pos type="UH"/>
                    <lemma type="hello"/>
                    <dep head="13-7" type="dobj"/>
                </token>
                <token content="." id="13-9"/>
            </sentence>
            <sentence id="14">
                <token content="She" id="14-1">
                    <pos type="PRP"/>
                    <lemma type="she"/>
                    <dep head="14-2" type="nsubj"/>
                </token>
                <token content="began" id="14-2">
                    <pos type="VBD"/>
                    <lemma type="begin"/>
                </token>
                <token content="scanning" id="14-3">
                    <pos type="VBG"/>
                    <lemma type="scan"/>
                    <dep head="14-2" type="xcomp"/>
                </token>
                <token content="each" id="14-4">
                    <pos type="DT"/>
                    <lemma type="each"/>
                    <dep head="14-3" type="dobj"/>
                </token>
                <token content="of" id="14-5"/>
                <token content="my" id="14-6">
                    <pos type="PRP$"/>
                    <lemma type="my"/>
                </token>
                <token content="items" id="14-7">
                    <pos type="NNS"/>
                    <lemma type="item"/>
                </token>
                <token content="," id="14-8"/>
                <token content="and" id="14-9"/>
                <token content="even" id="14-10">
                    <pos type="RB"/>
                    <lemma type="even"/>
                    <dep head="14-11" type="advmod"/>
                </token>
                <token content="had" id="14-11">
                    <pos type="VBD"/>
                    <lemma type="have"/>
                    <dep head="14-2" type="conj"/>
                </token>
                <token content="to" id="14-12">
                    <pos type="TO"/>
                    <lemma type="to"/>
                    <dep head="14-13" type="aux"/>
                </token>
                <token content="weigh" id="14-13">
                    <pos type="VB"/>
                    <lemma type="weigh"/>
                    <dep head="14-11" type="xcomp"/>
                </token>
                <token content="some" id="14-14">
                    <pos type="DT"/>
                    <lemma type="some"/>
                    <dep head="14-13" type="dobj"/>
                </token>
                <token content="of" id="14-15"/>
                <token content="them" id="14-16">
                    <pos type="PRP"/>
                    <lemma type="they"/>
                </token>
                <token content="." id="14-17"/>
            </sentence>
            <sentence id="15">
                <token content="A" id="15-1">
                    <pos type="DT"/>
                    <lemma type="a"/>
                </token>
                <token content="nice" id="15-2">
                    <pos type="JJ"/>
                    <lemma type="nice"/>
                </token>
                <token content="man" id="15-3">
                    <pos type="NN"/>
                    <lemma type="man"/>
                    <dep head="15-5" type="nsubj"/>
                </token>
                <token content="was" id="15-4">
                    <pos type="VBD"/>
                    <lemma type="be"/>
                    <dep head="15-5" type="aux"/>
                </token>
                <token content="putting" id="15-5">
                    <pos type="VBG"/>
                    <lemma type="put"/>
                </token>
                <token content="my" id="15-6">
                    <pos type="PRP$"/>
                    <lemma type="my"/>
                </token>
                <token content="groceries" id="15-7">
                    <pos type="NNS"/>
                    <lemma type="grocery"/>
                    <dep head="15-5" type="dobj"/>
                </token>
                <token content="into" id="15-8"/>
                <token content="bags" id="15-9">
                    <pos type="NNS"/>
                    <lemma type="bag"/>
                    <dep head="15-5" type="prep"/>
                </token>
                <token content="for" id="15-10"/>
                <token content="me" id="15-11">
                    <pos type="PRP"/>
                    <lemma type="I"/>
                </token>
                <token content="," id="15-12"/>
                <token content="and" id="15-13"/>
                <token content="putting" id="15-14">
                    <pos type="VBG"/>
                    <lemma type="put"/>
                    <dep head="15-5" type="conj"/>
                </token>
                <token content="them" id="15-15">
                    <pos type="PRP"/>
                    <lemma type="they"/>
                    <dep head="15-14" type="dobj"/>
                </token>
                <token content="in" id="15-16"/>
                <token content="my" id="15-17">
                    <pos type="PRP$"/>
                    <lemma type="my"/>
                </token>
                <token content="cart" id="15-18">
                    <pos type="NN"/>
                    <lemma type="cart"/>
                    <dep head="15-14" type="prep"/>
                </token>
                <token content="as" id="15-19">
                    <pos type="IN"/>
                    <lemma type="as"/>
                    <dep head="15-21" type="mark"/>
                </token>
                <token content="he" id="15-20">
                    <pos type="PRP"/>
                    <lemma type="he"/>
                    <dep head="15-21" type="nsubj"/>
                </token>
                <token content="filled" id="15-21">
                    <pos type="VBD"/>
                    <lemma type="fill"/>
                    <dep head="15-14" type="advcl"/>
                </token>
                <token content="the" id="15-22">
                    <pos type="DT"/>
                    <lemma type="the"/>
                </token>
                <token content="bags" id="15-23">
                    <pos type="NNS"/>
                    <lemma type="bag"/>
                    <dep head="15-21" type="dobj"/>
                </token>
                <token content="." id="15-24"/>
            </sentence>
            <sentence id="16">
                <token content="When" id="16-1">
                    <pos type="WRB"/>
                    <lemma type="when"/>
                    <dep head="16-4" type="advmod"/>
                </token>
                <token content="they" id="16-2">
                    <pos type="PRP"/>
                    <lemma type="they"/>
                    <dep head="16-4" type="nsubjpass"/>
                </token>
                <token content="were" id="16-3">
                    <pos type="VBD"/>
                    <lemma type="be"/>
                    <dep head="16-4" type="auxpass"/>
                </token>
                <token content="done" id="16-4">
                    <pos type="VBN"/>
                    <lemma type="do"/>
                    <dep head="16-7" type="advcl"/>
                </token>
                <token content="," id="16-5"/>
                <token content="I" id="16-6">
                    <pos type="PRP"/>
                    <lemma type="I"/>
                    <dep head="16-7" type="nsubj"/>
                </token>
                <token content="paid" id="16-7">
                    <pos type="VBD"/>
                    <lemma type="pay"/>
                </token>
                <token content="the" id="16-8">
                    <pos type="DT"/>
                    <lemma type="the"/>
                </token>
                <token content="cashier" id="16-9">
                    <pos type="NN"/>
                    <lemma type="cashier"/>
                    <dep head="16-7" type="iobj"/>
                </token>
                <token content="the" id="16-10">
                    <pos type="DT"/>
                    <lemma type="the"/>
                </token>
                <token content="amount" id="16-11">
                    <pos type="NN"/>
                    <lemma type="amount"/>
                    <dep head="16-7" type="dobj"/>
                </token>
                <token content="due" id="16-12">
                    <pos type="JJ"/>
                    <lemma type="due"/>
                </token>
                <token content="," id="16-13"/>
                <token content="and" id="16-14"/>
                <token content="she" id="16-15">
                    <pos type="PRP"/>
                    <lemma type="she"/>
                    <dep head="16-16" type="nsubj"/>
                </token>
                <token content="gave" id="16-16">
                    <pos type="VBD"/>
                    <lemma type="give"/>
                    <dep head="16-7" type="conj"/>
                </token>
                <token content="me" id="16-17">
                    <pos type="PRP"/>
                    <lemma type="I"/>
                    <dep head="16-16" type="iobj"/>
                </token>
                <token content="my" id="16-18">
                    <pos type="PRP$"/>
                    <lemma type="my"/>
                </token>
                <token content="change" id="16-19">
                    <pos type="NN"/>
                    <lemma type="change"/>
                    <dep head="16-16" type="dobj"/>
                </token>
                <token content="," id="16-20"/>
                <token content="which" id="16-21">
                    <pos type="WDT"/>
                    <lemma type="which"/>
                    <dep head="16-23" type="dobj"/>
                </token>
                <token content="I" id="16-22">
                    <pos type="PRP"/>
                    <lemma type="I"/>
                    <dep head="16-23" type="nsubj"/>
                </token>
                <token content="put" id="16-23">
                    <pos type="VBD"/>
                    <lemma type="put"/>
                </token>
                <token content="in" id="16-24"/>
                <token content="my" id="16-25">
                    <pos type="PRP$"/>
                    <lemma type="my"/>
                </token>
                <token content="purse" id="16-26">
                    <pos type="NN"/>
                    <lemma type="purse"/>
                    <dep head="16-23" type="prep"/>
                </token>
                <token content="." id="16-27"/>
            </sentence>
            <sentence id="17">
                <token content="The" id="17-1">
                    <pos type="DT"/>
                    <lemma type="the"/>
                </token>
                <token content="bagger" id="17-2">
                    <pos type="NN"/>
                    <lemma type="bagger"/>
                    <dep head="17-3" type="nsubj"/>
                </token>
                <token content="walked" id="17-3">
                    <pos type="VBD"/>
                    <lemma type="walk"/>
                </token>
                <token content="with" id="17-4"/>
                <token content="me" id="17-5">
                    <pos type="PRP"/>
                    <lemma type="I"/>
                    <dep head="17-3" type="prep"/>
                </token>
                <token content="out" id="17-6">
                    <pos type="IN"/>
                    <lemma type="out"/>
                    <dep head="17-3" type="prep"/>
                </token>
                <token content="to" id="17-7">
                    <pos type="TO"/>
                    <lemma type="to"/>
                </token>
                <token content="my" id="17-8">
                    <pos type="PRP$"/>
                    <lemma type="my"/>
                </token>
                <token content="car" id="17-9">
                    <pos type="NN"/>
                    <lemma type="car"/>
                </token>
                <token content="and" id="17-10"/>
                <token content="helped" id="17-11">
                    <pos type="VBD"/>
                    <lemma type="help"/>
                    <dep head="17-3" type="conj"/>
                </token>
                <token content="me" id="17-12">
                    <pos type="PRP"/>
                    <lemma type="I"/>
                    <dep head="17-13" type="nsubj"/>
                </token>
                <token content="put" id="17-13">
                    <pos type="VBD"/>
                    <lemma type="put"/>
                    <dep head="17-11" type="ccomp"/>
                </token>
                <token content="the" id="17-14">
                    <pos type="DT"/>
                    <lemma type="the"/>
                </token>
                <token content="groceries" id="17-15">
                    <pos type="NNS"/>
                    <lemma type="grocery"/>
                    <dep head="17-13" type="dobj"/>
                </token>
                <token content="in" id="17-16"/>
                <token content="the" id="17-17">
                    <pos type="DT"/>
                    <lemma type="the"/>
                </token>
                <token content="trunk" id="17-18">
                    <pos type="NN"/>
                    <lemma type="trunk"/>
                    <dep head="17-13" type="prep"/>
                </token>
                <token content="of" id="17-19"/>
                <token content="my" id="17-20">
                    <pos type="PRP$"/>
                    <lemma type="my"/>
                </token>
                <token content="car" id="17-21">
                    <pos type="NN"/>
                    <lemma type="car"/>
                </token>
                <token content="." id="17-22"/>
            </sentence>
            <sentence id="18">
                <token content="I" id="18-1">
                    <pos type="PRP"/>
                    <lemma type="I"/>
                    <dep head="18-2" type="nsubj"/>
                </token>
                <token content="said" id="18-2">
                    <pos type="VBD"/>
                    <lemma type="say"/>
                </token>
                <token content="thank" id="18-3">
                    <pos type="VB"/>
                    <lemma type="thank"/>
                    <dep head="18-2" type="xcomp"/>
                </token>
                <token content="you" id="18-4">
                    <pos type="PRP"/>
                    <lemma type="you"/>
                    <dep head="18-3" type="dobj"/>
                </token>
                <token content="to" id="18-5"/>
                <token content="him" id="18-6">
                    <pos type="PRP"/>
                    <lemma type="he"/>
                    <dep head="18-3" type="prep"/>
                </token>
                <token content="," id="18-7"/>
                <token content="and" id="18-8"/>
                <token content="then" id="18-9">
                    <pos type="RB"/>
                    <lemma type="then"/>
                    <dep head="18-10" type="advmod"/>
                </token>
                <token content="drove" id="18-10">
                    <pos type="VBD"/>
                    <lemma type="drive"/>
                    <dep head="18-2" type="conj"/>
                </token>
                <token content="home" id="18-11">
                    <pos type="NN"/>
                    <lemma type="home"/>
                    <dep head="18-10" type="dobj"/>
                </token>
                <token content="." id="18-12"/>
            </sentence>
            <sentence id="19">
                <token content="When" id="19-1">
                    <pos type="WRB"/>
                    <lemma type="when"/>
                    <dep head="19-3" type="advmod"/>
                </token>
                <token content="I" id="19-2">
                    <pos type="PRP"/>
                    <lemma type="I"/>
                    <dep head="19-3" type="nsubj"/>
                </token>
                <token content="got" id="19-3">
                    <pos type="VBD"/>
                    <lemma type="get"/>
                    <dep head="19-7" type="advcl"/>
                </token>
                <token content="there" id="19-4">
                    <pos type="RB"/>
                    <lemma type="there"/>
                    <dep head="19-3" type="advmod"/>
                </token>
                <token content="," id="19-5"/>
                <token content="it" id="19-6">
                    <pos type="PRP"/>
                    <lemma type="it"/>
                    <dep head="19-7" type="nsubj"/>
                </token>
                <token content="took" id="19-7">
                    <pos type="VBD"/>
                    <lemma type="take"/>
                </token>
                <token content="a" id="19-8">
                    <pos type="DT"/>
                    <lemma type="a"/>
                </token>
                <token content="while" id="19-9">
                    <pos type="NN"/>
                    <lemma type="while"/>
                    <dep head="19-7" type="dobj"/>
                </token>
                <token content="to" id="19-10">
                    <pos type="TO"/>
                    <lemma type="to"/>
                    <dep head="19-11" type="aux"/>
                </token>
                <token content="bring" id="19-11">
                    <pos type="VB"/>
                    <lemma type="bring"/>
                </token>
                <token content="all" id="19-12">
                    <pos type="DT"/>
                    <lemma type="all"/>
                    <dep head="19-11" type="dobj"/>
                </token>
                <token content="of" id="19-13"/>
                <token content="the" id="19-14">
                    <pos type="DT"/>
                    <lemma type="the"/>
                </token>
                <token content="bags" id="19-15">
                    <pos type="NNS"/>
                    <lemma type="bag"/>
                </token>
                <token content="inside" id="19-16">
                    <pos type="RB"/>
                    <lemma type="inside"/>
                    <dep head="19-11" type="advmod"/>
                </token>
                <token content="," id="19-17"/>
                <token content="but" id="19-18"/>
                <token content="my" id="19-19">
                    <pos type="PRP$"/>
                    <lemma type="my"/>
                </token>
                <token content="children" id="19-20">
                    <pos type="NNS"/>
                    <lemma type="child"/>
                    <dep head="19-21" type="nsubj"/>
                </token>
                <token content="helped" id="19-21">
                    <pos type="VBD"/>
                    <lemma type="help"/>
                    <dep head="19-7" type="conj"/>
                </token>
                <token content="me" id="19-22">
                    <pos type="PRP"/>
                    <lemma type="I"/>
                    <dep head="19-21" type="dobj"/>
                </token>
                <token content="." id="19-23"/>
            </sentence>
            <sentence id="20">
                <token content="We" id="20-1">
                    <pos type="PRP"/>
                    <lemma type="we"/>
                    <dep head="20-3" type="nsubj"/>
                </token>
                <token content="all" id="20-2">
                    <pos type="DT"/>
                    <lemma type="all"/>
                    <dep head="20-3" type="advmod"/>
                </token>
                <token content="had" id="20-3">
                    <pos type="VBD"/>
                    <lemma type="have"/>
                </token>
                <token content="fun" id="20-4">
                    <pos type="NN"/>
                    <lemma type="fun"/>
                    <dep head="20-3" type="dobj"/>
                </token>
                <token content="putting" id="20-5">
                    <pos type="VBG"/>
                    <lemma type="put"/>
                </token>
                <token content="the" id="20-6">
                    <pos type="DT"/>
                    <lemma type="the"/>
                </token>
                <token content="groceries" id="20-7">
                    <pos type="NNS"/>
                    <lemma type="grocery"/>
                    <dep head="20-5" type="dobj"/>
                </token>
                <token content="away" id="20-8">
                    <pos type="RP"/>
                    <lemma type="away"/>
                    <dep head="20-5" type="prt"/>
                </token>
                <token content="," id="20-9"/>
                <token content="and" id="20-10"/>
                <token content="were" id="20-11">
                    <pos type="VBD"/>
                    <lemma type="be"/>
                </token>
                <token content="glad" id="20-12">
                    <pos type="JJ"/>
                    <lemma type="glad"/>
                    <dep head="20-3" type="conj"/>
                </token>
                <token content="the" id="20-13">
                    <pos type="DT"/>
                    <lemma type="the"/>
                </token>
                <token content="shelves" id="20-14">
                    <pos type="NNS"/>
                    <lemma type="shelf"/>
                    <dep head="20-16" type="nsubjpass"/>
                </token>
                <token content="were" id="20-15">
                    <pos type="VBD"/>
                    <lemma type="be"/>
                    <dep head="20-16" type="auxpass"/>
                </token>
                <token content="filled" id="20-16">
                    <pos type="VBN"/>
                    <lemma type="fill"/>
                </token>
                <token content="with" id="20-17"/>
                <token content="what" id="20-18">
                    <pos type="WP"/>
                    <lemma type="what"/>
                    <dep head="20-20" type="dobj"/>
                </token>
                <token content="we" id="20-19">
                    <pos type="PRP"/>
                    <lemma type="we"/>
                    <dep head="20-20" type="nsubj"/>
                </token>
                <token content="needed" id="20-20">
                    <pos type="VBD"/>
                    <lemma type="need"/>
                    <dep head="20-16" type="prepc"/>
                </token>
                <token content="again" id="20-21">
                    <pos type="RB"/>
                    <lemma type="again"/>
                    <dep head="20-20" type="advmod"/>
                </token>
                <token content="." id="20-22"/>
            </sentence>
        </sentences>
    </text>
    <annotations>
        <participants>
            <label from="1-2" id="0" name="NPart" text="Saturday" type="participant"/>
            <label from="1-3" id="1" name="ScrPart_shopper" text="I" type="participant"/>
            <label from="1-7" id="2" name="ScrPart_groceries" text="grocery" type="participant"/>
            <label from="2-1" id="3" name="ScrPart_shopper" text="We" type="participant"/>
            <label from="2-8" id="4" name="Head_of_Partitive" text="number" type="participant"/>
            <label from="2-10" id="5" name="ScrPart_groceries" text="things" type="participant"/>
            <label from="2-12" id="6" name="ScrPart_shopper" text="our" type="participant"/>
            <label from="2-13" id="7" name="NPart" text="house" type="participant"/>
            <label from="2-15" id="8" name="ScrPart_shopper" text="we" type="participant"/>
            <label from="2-22" id="9" name="ScrPart_shopper" text="I" type="participant"/>
            <label from="2-28" id="10" name="ScrPart_grocery_list" text="list" type="participant"/>
            <label from="2-30" id="11" name="ScrPart_groceries" text="items" type="participant"/>
            <label from="3-1" id="12" name="ScrPart_grocery_list" text="It" type="participant"/>
            <label from="3-9" id="13" name="ScrPart_shopper" text="I" type="participant"/>
            <label from="3-11" id="14" name="ScrPart_shopper" text="I" type="participant"/>
            <label from="3-17" id="15" name="No_label" text="while" type="participant"/>
            <label from="4-1" id="16" name="ScrPart_shopper" text="I" type="participant"/>
            <label from="4-5" id="17" name="ScrPart_grocery_shop" text="grocery store" to="4-6" type="participant"/>
            <label from="4-6" id="18" name="ScrPart_grocery_shop" text="store" type="participant"/>
            <label from="4-8" id="19" name="ScrPart_shopper" text="I" type="participant"/>
            <label from="4-15" id="20" name="ScrPart_shopper" text="my" type="participant"/>
            <label from="4-16" id="21" name="ScrPart_vehicle" text="car" type="participant"/>
            <label from="5-1" id="22" name="ScrPart_shopper" text="I" type="participant"/>
            <label from="5-5" id="23" name="ScrPart_shopping_cart/basket" text="shopping cart" to="5-6" type="participant"/>
            <label from="5-6" id="24" name="ScrPart_shopping_cart/basket" text="cart" type="participant"/>
            <label from="5-14" id="25" name="ScrPart_shopper" text="I" type="participant"/>
            <label from="5-16" id="26" name="ScrPart_shopper" text="I" type="participant"/>
            <label from="5-19" id="27" name="Head_of_Partitive" text="lot" type="participant"/>
            <label from="5-21" id="28" name="ScrPart_groceries" text="items" type="participant"/>
            <label from="6-4" id="29" name="ScrPart_shopper" text="I" type="participant"/>
            <label from="6-10" id="30" name="ScrPart_section" text="row" type="participant"/>
            <label from="6-13" id="31" name="ScrPart_grocery_shop" text="grocery store" to="6-14" type="participant"/>
            <label from="6-14" id="32" name="ScrPart_grocery_shop" text="store" type="participant"/>
            <label from="7-1" id="33" name="ScrPart_shopper" text="I" type="participant"/>
            <label from="7-3" id="34" name="ScrPart_shopper" text="my" type="participant"/>
            <label from="7-4" id="35" name="ScrPart_grocery_list" text="list" type="participant"/>
            <label from="7-7" id="36" name="ScrPart_section" text="row" type="participant"/>
            <label from="7-12" id="37" name="ScrPart_groceries" text="items" type="participant"/>
            <label from="7-14" id="38" name="ScrPart_shopper" text="I" type="participant"/>
            <label from="8-1" id="39" name="ScrPart_shopper" text="I" type="participant"/>
            <label from="8-7" id="40" name="ScrPart_groceries" text="item" type="participant"/>
            <label from="8-10" id="41" name="ScrPart_shopper" text="I" type="participant"/>
            <label from="8-12" id="42" name="ScrPart_groceries" text="it" type="participant"/>
            <label from="8-14" id="43" name="ScrPart_shopper" text="my" type="participant"/>
            <label from="8-15" id="44" name="ScrPart_shopping_cart/basket" text="cart" type="participant"/>
            <label from="8-18" id="45" name="ScrPart_shopper" text="I" type="participant"/>
            <label from="8-21" id="46" name="ScrPart_shopper" text="I" type="participant"/>
            <label from="8-25" id="47" name="No_label" text="anything" type="participant"/>
            <label from="9-3" id="48" name="No_label" text="way" type="participant"/>
            <label from="9-5" id="49" name="ScrPart_shopper" text="I" type="participant"/>
            <label from="9-8" id="50" name="ScrPart_groceries" text="items" type="participant"/>
            <label from="9-12" id="51" name="ScrPart_other" text="sale" type="participant"/>
            <label from="9-18" id="52" name="ScrPart_groceries" text="those" type="participant"/>
            <label from="9-23" id="53" name="ScrPart_shopper" text="we" type="participant"/>
            <label from="9-26" id="54" name="ScrPart_groceries" text="them" type="participant"/>
            <label from="10-1" id="55" name="ScrPart_shopper" text="I" type="participant"/>
            <label from="10-7" id="56" name="ScrPart_groceries" text="items" type="participant"/>
            <label from="10-11" id="57" name="ScrPart_groceries" text="they" type="participant"/>
            <label from="10-18" id="58" name="NPart" text="time" type="participant"/>
            <label from="10-19" id="59" name="ScrPart_shopper" text="I" type="participant"/>
            <label from="10-21" id="60" name="NPart" text="home" type="participant"/>
            <label from="11-2" id="61" name="ScrPart_shopper" text="I" type="participant"/>
            <label from="11-6" id="62" name="ScrPart_groceries" text="everything" type="participant"/>
            <label from="11-8" id="63" name="ScrPart_shopper" text="my" type="participant"/>
            <label from="11-9" id="64" name="ScrPart_grocery_list" text="list" type="participant"/>
            <label from="11-11" id="65" name="ScrPart_shopper" text="I" type="participant"/>
            <label from="11-15" id="66" name="ScrPart_section" text="front" type="participant"/>
            <label from="11-18" id="67" name="ScrPart_grocery_shop" text="store" type="participant"/>
            <label from="12-1" id="68" name="ScrPart_shopper" text="I" type="participant"/>
            <label from="12-5" id="69" name="Unclear" text="cash register lane" to="12-7" type="participant"/>
            <label from="12-7" id="70" name="Unclear" text="lane" type="participant"/>
            <label from="12-11" id="71" name="ScrPart_shopper" text="my" type="participant"/>
            <label from="12-12" id="72" name="ScrPart_groceries" text="items" type="participant"/>
            <label from="12-15" id="73" name="ScrPart_conveyor_belt" text="conveyor belt" to="12-16" type="participant"/>
            <label from="12-16" id="74" name="ScrPart_conveyor_belt" text="belt" type="participant"/>
            <label from="13-2" id="75" name="ScrPart_grocery_staff" text="cashier" type="participant"/>
            <label from="14-1" id="76" name="ScrPart_grocery_staff" text="She" type="participant"/>
            <label from="14-6" id="77" name="ScrPart_shopper" text="my" type="participant"/>
            <label from="14-7" id="78" name="ScrPart_groceries" text="items" type="participant"/>
            <label from="14-16" id="79" name="ScrPart_groceries" text="them" type="participant"/>
            <label from="15-3" id="80" name="ScrPart_grocery_staff" text="man" type="participant"/>
            <label from="15-6" id="81" name="ScrPart_shopper" text="my" type="participant"/>
            <label from="15-7" id="82" name="ScrPart_grocery_shop" text="groceries" type="participant"/>
            <label from="15-9" id="83" name="ScrPart_shopping_bags" text="bags" type="participant"/>
            <label from="15-11" id="84" name="ScrPart_shopper" text="me" type="participant"/>
            <label from="15-15" id="85" name="ScrPart_shopping_bags" text="them" type="participant"/>
            <label from="15-17" id="86" name="ScrPart_shopper" text="my" type="participant"/>
            <label from="15-18" id="87" name="ScrPart_shopping_cart/basket" text="cart" type="participant"/>
            <label from="15-20" id="88" name="ScrPart_grocery_staff" text="he" type="participant"/>
            <label from="15-23" id="89" name="ScrPart_shopping_bags" text="bags" type="participant"/>
            <label from="16-2" id="90" name="ScrPart_grocery_staff" text="they" type="participant"/>
            <label from="16-6" id="91" name="ScrPart_shopper" text="I" type="participant"/>
            <label from="16-9" id="92" name="ScrPart_grocery_staff" text="cashier" type="participant"/>
            <label from="16-11" id="93" name="ScrPart_price" text="amount" type="participant"/>
            <label from="16-15" id="94" name="ScrPart_grocery_staff" text="she" type="participant"/>
            <label from="16-17" id="95" name="ScrPart_shopper" text="me" type="participant"/>
            <label from="16-18" id="96" name="ScrPart_shopper" text="my" type="participant"/>
            <label from="16-19" id="97" name="ScrPart_payment_means" text="change" type="participant"/>
            <label from="16-22" id="98" name="ScrPart_shopper" text="I" type="participant"/>
            <label from="16-25" id="99" name="ScrPart_shopper" text="my" type="participant"/>
            <label from="16-26" id="100" name="NPart" text="purse" type="participant"/>
            <label from="17-2" id="101" name="ScrPart_grocery_staff" text="bagger" type="participant"/>
            <label from="17-5" id="102" name="ScrPart_shopper" text="me" type="participant"/>
            <label from="17-8" id="103" name="ScrPart_shopper" text="my" type="participant"/>
            <label from="17-9" id="104" name="ScrPart_vehicle" text="car" type="participant"/>
            <label from="17-12" id="105" name="ScrPart_shopper" text="me" type="participant"/>
            <label from="17-15" id="106" name="ScrPart_groceries" text="groceries" type="participant"/>
            <label from="17-18" id="107" name="NPart" text="trunk" type="participant"/>
            <label from="17-20" id="108" name="ScrPart_shopper" text="my" type="participant"/>
            <label from="17-21" id="109" name="ScrPart_vehicle" text="car" type="participant"/>
            <label from="18-1" id="110" name="ScrPart_shopper" text="I" type="participant"/>
            <label from="18-4" id="111" name="ScrPart_grocery_staff" text="you" type="participant"/>
            <label from="18-6" id="112" name="ScrPart_grocery_staff" text="him" type="participant"/>
            <label from="18-11" id="113" name="NPart" text="home" type="participant"/>
            <label from="19-2" id="114" name="ScrPart_shopper" text="I" type="participant"/>
            <label from="19-4" id="115" name="NPart" text="there" type="participant"/>
            <label from="19-6" id="116" name="No_label" text="it" type="participant"/>
            <label from="19-9" id="117" name="SuppVComp" text="while" type="participant"/>
            <label from="19-15" id="118" name="ScrPart_shopping_bags" text="bags" type="participant"/>
            <label from="19-19" id="119" name="ScrPart_shopper" text="my" type="participant"/>
            <label from="19-20" id="120" name="ScrPart_shopper" text="children" type="participant"/>
            <label from="19-22" id="121" name="ScrPart_shopper" text="me" type="participant"/>
            <label from="20-1" id="122" name="ScrPart_shopper" text="We" type="participant"/>
            <label from="20-4" id="123" name="SuppVComp" text="fun" type="participant"/>
            <label from="20-7" id="124" name="ScrPart_groceries" text="groceries" type="participant"/>
            <label from="20-14" id="125" name="NPart" text="shelves" type="participant"/>
            <label from="20-19" id="126" name="ScrPart_shopper" text="we" type="participant"/>
        </participants>
        <events>
            <label from="1-4" id="127" name="UnrelEv" text="decided" type="event"/>
            <label from="1-6" id="128" name="Evoking" text="go grocery shopping" to="1-8" type="event"/>
            <label from="1-8" id="129" name="ScrEv_get_groceries" text="shopping" type="event"/>
            <label from="2-4" id="130" name="UnrelEv" text="be" type="event"/>
            <label from="2-18" id="131" name="UnrelEv" text="cook" type="event"/>
            <label from="2-23" id="132" name="UnrelEv" text="sat down" to="2-24" type="event"/>
            <label from="2-26" id="133" name="ScrEv_make_list" text="made" type="event"/>
            <label from="3-4" id="134" name="UnrelEv" text="be" type="event"/>
            <label from="3-10" id="135" name="UnrelEv" text="knew" type="event"/>
            <label from="3-13" id="136" name="UnrelEv" text="be" type="event"/>
            <label from="4-2" id="137" name="ScrEv_go_grocery" text="drove" type="event"/>
            <label from="4-14" id="138" name="RelNScrEv" text="parked" type="event"/>
            <label from="5-2" id="139" name="ScrEv_take_shop_cart" text="got" type="event"/>
            <label from="5-15" id="140" name="UnrelEv" text="knew" type="event"/>
            <label from="5-17" id="141" name="UnrelEv" text="had" type="event"/>
            <label from="5-23" id="142" name="ScrEv_get_groceries" text="purchase" type="event"/>
            <label from="6-5" id="143" name="ScrEv_move_section" text="went" type="event"/>
            <label from="7-2" id="144" name="ScrEv_check_list" text="checked" type="event"/>
            <label from="7-10" id="145" name="ScrEv_get_groceries" text="got" type="event"/>
            <label from="7-15" id="146" name="UnrelEv" text="needed" type="event"/>
            <label from="8-5" id="147" name="ScrEv_check_off" text="cross" type="event"/>
            <label from="8-11" id="148" name="ScrEv_get_groceries" text="put" type="event"/>
            <label from="8-19" id="149" name="UnrelEv" text="knew" type="event"/>
            <label from="8-24" id="150" name="UnrelEv" text="forget" type="event"/>
            <label from="9-6" id="151" name="RelNScrEv" text="saw" type="event"/>
            <label from="9-10" id="152" name="UnrelEv" text="were" type="event"/>
            <label from="9-15" id="153" name="UnrelEv" text="decided" type="event"/>
            <label from="9-17" id="154" name="ScrEv_get_groceries" text="purchase" type="event"/>
            <label from="9-25" id="155" name="UnrelEv" text="use" type="event"/>
            <label from="10-2" id="156" name="ScrEv_get_groceries" text="bought" type="event"/>
            <label from="10-14" id="157" name="UnrelEv" text="be" type="event"/>
            <label from="10-20" id="158" name="ScrEv_leave" text="got" type="event"/>
            <label from="11-4" id="159" name="ScrEv_check_off" text="crossed off" to="11-5" type="event"/>
            <label from="11-12" id="160" name="ScrEv_go_checkout" text="went" type="event"/>
            <label from="12-2" id="161" name="RelNScrEv" text="found" type="event"/>
            <label from="12-10" id="162" name="ScrEv_put_conveyor" text="put" type="event"/>
            <label from="13-3" id="163" name="UnrelEv" text="was" type="event"/>
            <label from="13-7" id="164" name="RelNScrEv" text="said" type="event"/>
            <label from="14-3" id="165" name="ScrEv_cashier_scan/weight" text="scanning" type="event"/>
            <label from="14-13" id="166" name="ScrEv_cashier_scan/weight" text="weigh" type="event"/>
            <label from="15-5" id="167" name="ScrEv_pack_groceries" text="putting" type="event"/>
            <label from="15-14" id="168" name="RelNScrEv" text="putting" type="event"/>
            <label from="15-21" id="169" name="ScrEv_pack_groceries" text="filled" type="event"/>
            <label from="16-3" id="170" name="UnrelEv" text="were" type="event"/>
            <label from="16-7" id="171" name="ScrEv_pay" text="paid" type="event"/>
            <label from="16-16" id="172" name="RelNScrEv" text="gave" type="event"/>
            <label from="16-23" id="173" name="RelNScrEv" text="put" type="event"/>
            <label from="17-3" id="174" name="ScrEv_bring_vehicle" text="walked" type="event"/>
            <label from="17-11" id="175" name="UnrelEv" text="helped" type="event"/>
            <label from="17-13" id="176" name="ScrEv_bring_vehicle" text="put" type="event"/>
            <label from="18-2" id="177" name="RelNScrEv" text="said" type="event"/>
            <label from="18-10" id="178" name="ScrEv_leave" text="drove" type="event"/>
            <label from="19-3" id="179" name="ScrEv_leave" text="got" type="event"/>
            <label from="19-7" id="180" name="UnrelEv" text="took" type="event"/>
            <label from="19-11" id="181" name="RelNScrEv" text="bring" type="event"/>
            <label from="19-21" id="182" name="UnrelEv" text="helped" type="event"/>
            <label from="20-3" id="183" name="UnrelEv" text="had" type="event"/>
            <label from="20-5" id="184" name="RelNScrEv" text="putting" type="event"/>
            <label from="20-11" id="185" name="UnrelEv" text="were" type="event"/>
            <label from="20-15" id="186" name="UnrelEv" text="were" type="event"/>
            <label from="20-20" id="187" name="UnrelEv" text="needed" type="event"/>
        </events>
        <chains>
            <chain elements="3 1 120" name="group_I_children"/>
            <chain elements="3 8 53 122 126 6"/>
            <chain elements="1 9 13 14 16 19 20 22 25 26 29 33 34 38 39 41 43 45 46 49 55 59 61 63 65 68 71 77 81 84 86 91 95 96 98 99 102 103 105 108 110 114 119 121"/>
            <chain elements="5 11 28 37 40 42 62 72 78 79 82 106 124"/>
            <chain elements="10 12 35 64"/>
            <chain elements="18 32 67"/>
            <chain elements="24 44 87"/>
            <chain elements="50 52 54"/>
            <chain elements="56 57"/>
            <chain elements="90 75 80" name="group_cashier_bagger"/>
            <chain elements="75 76 92 94"/>
            <chain elements="83 85 89 118"/>
            <chain elements="80 88 101 112 111"/>
            <chain elements="21 104 109"/>
            <chain elements="113 115 60"/>
        </chains>
    </annotations>
</story>
