<?xml version="1.0" encoding="UTF-8" standalone="no"?>
<!DOCTYPE story SYSTEM "../InScript.dtd">
<story id="033" scenario="grocery">
    <text>
        <content>When I go grocery shopping I almost always take a list . 
So for me , the first step to shopping is list making . 
I list what I plan to cook this week , and also cleaning products and similar things . 
My favorite place to shop is a huge membership store , for its good prices . 
I pick up a shopping cart just outside the store . 
Then I enter , sometimes showing my membership card to the person at the door and sometimes getting in without showing it . 
I cruise past the impulse items just inside the door , and through the electronics and organic foods sections that come next . 
Next come many aisles with items like light bulbs and pillows . 
Finally I get to the food . 
There are usually people here offering samples of new food items . 
I often take some . 
I buy large packages of chicken or fish that can be frozen . 
Sometimes I buy fresh bread . 
I continue to the fresh fruit and vegetable section , where I try to restrain myself to what I can use . 
Next come the chiller and frozen foods , but I go past hem to pet food and paper goods . 
I get frozen food on the way back , and then a few canned food and dry goods . 
The last areas are pharmacy , which I mostly avoid , and the book section , where I 'm apt to linger . 
Then I wait in line for a while , pay , and leave the store . 
As I leave , someone checks my cart , to make sure what 's on my receipt matches the huge load I am carting home . </content>
        <sentences>
            <sentence id="1">
                <token content="When" id="1-1">
                    <pos type="WRB"/>
                    <lemma type="when"/>
                    <dep head="1-3" type="advmod"/>
                </token>
                <token content="I" id="1-2">
                    <pos type="PRP"/>
                    <lemma type="I"/>
                    <dep head="1-3" type="nsubj"/>
                </token>
                <token content="go" id="1-3">
                    <pos type="VBP"/>
                    <lemma type="go"/>
                    <dep head="1-9" type="advcl"/>
                </token>
                <token content="grocery" id="1-4">
                    <pos type="NN"/>
                    <lemma type="grocery"/>
                </token>
                <token content="shopping" id="1-5">
                    <pos type="NN"/>
                    <lemma type="shopping"/>
                    <dep head="1-3" type="dobj"/>
                </token>
                <token content="I" id="1-6">
                    <pos type="PRP"/>
                    <lemma type="I"/>
                    <dep head="1-9" type="nsubj"/>
                </token>
                <token content="almost" id="1-7">
                    <pos type="RB"/>
                    <lemma type="almost"/>
                </token>
                <token content="always" id="1-8">
                    <pos type="RB"/>
                    <lemma type="always"/>
                    <dep head="1-9" type="advmod"/>
                </token>
                <token content="take" id="1-9">
                    <pos type="VBP"/>
                    <lemma type="take"/>
                </token>
                <token content="a" id="1-10">
                    <pos type="DT"/>
                    <lemma type="a"/>
                </token>
                <token content="list" id="1-11">
                    <pos type="NN"/>
                    <lemma type="list"/>
                    <dep head="1-9" type="dobj"/>
                </token>
                <token content="." id="1-12"/>
            </sentence>
            <sentence id="2">
                <token content="So" id="2-1">
                    <pos type="IN"/>
                    <lemma type="so"/>
                </token>
                <token content="for" id="2-2"/>
                <token content="me" id="2-3">
                    <pos type="PRP"/>
                    <lemma type="I"/>
                </token>
                <token content="," id="2-4"/>
                <token content="the" id="2-5">
                    <pos type="DT"/>
                    <lemma type="the"/>
                </token>
                <token content="first" id="2-6">
                    <pos type="JJ"/>
                    <lemma type="first"/>
                </token>
                <token content="step" id="2-7">
                    <pos type="NN"/>
                    <lemma type="step"/>
                </token>
                <token content="to" id="2-8"/>
                <token content="shopping" id="2-9">
                    <pos type="NN"/>
                    <lemma type="shopping"/>
                </token>
                <token content="is" id="2-10">
                    <pos type="VBZ"/>
                    <lemma type="be"/>
                </token>
                <token content="list" id="2-11">
                    <pos type="NN"/>
                    <lemma type="list"/>
                </token>
                <token content="making" id="2-12">
                    <pos type="VBG"/>
                    <lemma type="make"/>
                </token>
                <token content="." id="2-13"/>
            </sentence>
            <sentence id="3">
                <token content="I" id="3-1">
                    <pos type="PRP"/>
                    <lemma type="I"/>
                    <dep head="3-2" type="nsubj"/>
                </token>
                <token content="list" id="3-2">
                    <pos type="VBP"/>
                    <lemma type="list"/>
                </token>
                <token content="what" id="3-3">
                    <pos type="WP"/>
                    <lemma type="what"/>
                    <dep head="3-5" type="dobj"/>
                </token>
                <token content="I" id="3-4">
                    <pos type="PRP"/>
                    <lemma type="I"/>
                    <dep head="3-5" type="nsubj"/>
                </token>
                <token content="plan" id="3-5">
                    <pos type="VBP"/>
                    <lemma type="plan"/>
                    <dep head="3-2" type="ccomp"/>
                </token>
                <token content="to" id="3-6">
                    <pos type="TO"/>
                    <lemma type="to"/>
                    <dep head="3-7" type="aux"/>
                </token>
                <token content="cook" id="3-7">
                    <pos type="VB"/>
                    <lemma type="cook"/>
                    <dep head="3-5" type="xcomp"/>
                </token>
                <token content="this" id="3-8">
                    <pos type="DT"/>
                    <lemma type="this"/>
                </token>
                <token content="week" id="3-9">
                    <pos type="NN"/>
                    <lemma type="week"/>
                    <dep head="3-7" type="dobj"/>
                </token>
                <token content="," id="3-10"/>
                <token content="and" id="3-11"/>
                <token content="also" id="3-12">
                    <pos type="RB"/>
                    <lemma type="also"/>
                </token>
                <token content="cleaning" id="3-13">
                    <pos type="NN"/>
                    <lemma type="cleaning"/>
                </token>
                <token content="products" id="3-14">
                    <pos type="NNS"/>
                    <lemma type="product"/>
                </token>
                <token content="and" id="3-15"/>
                <token content="similar" id="3-16">
                    <pos type="JJ"/>
                    <lemma type="similar"/>
                </token>
                <token content="things" id="3-17">
                    <pos type="NNS"/>
                    <lemma type="thing"/>
                </token>
                <token content="." id="3-18"/>
            </sentence>
            <sentence id="4">
                <token content="My" id="4-1">
                    <pos type="PRP$"/>
                    <lemma type="my"/>
                </token>
                <token content="favorite" id="4-2">
                    <pos type="JJ"/>
                    <lemma type="favorite"/>
                </token>
                <token content="place" id="4-3">
                    <pos type="NN"/>
                    <lemma type="place"/>
                </token>
                <token content="to" id="4-4"/>
                <token content="shop" id="4-5">
                    <pos type="NN"/>
                    <lemma type="shop"/>
                </token>
                <token content="is" id="4-6">
                    <pos type="VBZ"/>
                    <lemma type="be"/>
                </token>
                <token content="a" id="4-7">
                    <pos type="DT"/>
                    <lemma type="a"/>
                </token>
                <token content="huge" id="4-8">
                    <pos type="JJ"/>
                    <lemma type="huge"/>
                </token>
                <token content="membership" id="4-9">
                    <pos type="NN"/>
                    <lemma type="membership"/>
                </token>
                <token content="store" id="4-10">
                    <pos type="NN"/>
                    <lemma type="store"/>
                </token>
                <token content="," id="4-11"/>
                <token content="for" id="4-12"/>
                <token content="its" id="4-13">
                    <pos type="PRP$"/>
                    <lemma type="its"/>
                </token>
                <token content="good" id="4-14">
                    <pos type="JJ"/>
                    <lemma type="good"/>
                </token>
                <token content="prices" id="4-15">
                    <pos type="NNS"/>
                    <lemma type="price"/>
                </token>
                <token content="." id="4-16"/>
            </sentence>
            <sentence id="5">
                <token content="I" id="5-1">
                    <pos type="PRP"/>
                    <lemma type="I"/>
                    <dep head="5-2" type="nsubj"/>
                </token>
                <token content="pick" id="5-2">
                    <pos type="VBP"/>
                    <lemma type="pick"/>
                </token>
                <token content="up" id="5-3">
                    <pos type="RP"/>
                    <lemma type="up"/>
                    <dep head="5-2" type="prt"/>
                </token>
                <token content="a" id="5-4">
                    <pos type="DT"/>
                    <lemma type="a"/>
                </token>
                <token content="shopping" id="5-5">
                    <pos type="NN"/>
                    <lemma type="shopping"/>
                </token>
                <token content="cart" id="5-6">
                    <pos type="NN"/>
                    <lemma type="cart"/>
                    <dep head="5-2" type="dobj"/>
                </token>
                <token content="just" id="5-7">
                    <pos type="RB"/>
                    <lemma type="just"/>
                </token>
                <token content="outside" id="5-8"/>
                <token content="the" id="5-9">
                    <pos type="DT"/>
                    <lemma type="the"/>
                </token>
                <token content="store" id="5-10">
                    <pos type="NN"/>
                    <lemma type="store"/>
                </token>
                <token content="." id="5-11"/>
            </sentence>
            <sentence id="6">
                <token content="Then" id="6-1">
                    <pos type="RB"/>
                    <lemma type="then"/>
                    <dep head="6-3" type="advmod"/>
                </token>
                <token content="I" id="6-2">
                    <pos type="PRP"/>
                    <lemma type="I"/>
                    <dep head="6-3" type="nsubj"/>
                </token>
                <token content="enter" id="6-3">
                    <pos type="VBP"/>
                    <lemma type="enter"/>
                </token>
                <token content="," id="6-4"/>
                <token content="sometimes" id="6-5">
                    <pos type="RB"/>
                    <lemma type="sometimes"/>
                    <dep head="6-3" type="advmod"/>
                </token>
                <token content="showing" id="6-6">
                    <pos type="VBG"/>
                    <lemma type="show"/>
                    <dep head="6-3" type="ccomp"/>
                </token>
                <token content="my" id="6-7">
                    <pos type="PRP$"/>
                    <lemma type="my"/>
                </token>
                <token content="membership" id="6-8">
                    <pos type="NN"/>
                    <lemma type="membership"/>
                </token>
                <token content="card" id="6-9">
                    <pos type="NN"/>
                    <lemma type="card"/>
                    <dep head="6-6" type="dobj"/>
                </token>
                <token content="to" id="6-10"/>
                <token content="the" id="6-11">
                    <pos type="DT"/>
                    <lemma type="the"/>
                </token>
                <token content="person" id="6-12">
                    <pos type="NN"/>
                    <lemma type="person"/>
                    <dep head="6-6" type="prep"/>
                </token>
                <token content="at" id="6-13"/>
                <token content="the" id="6-14">
                    <pos type="DT"/>
                    <lemma type="the"/>
                </token>
                <token content="door" id="6-15">
                    <pos type="NN"/>
                    <lemma type="door"/>
                </token>
                <token content="and" id="6-16"/>
                <token content="sometimes" id="6-17">
                    <pos type="RB"/>
                    <lemma type="sometimes"/>
                    <dep head="6-18" type="advmod"/>
                </token>
                <token content="getting" id="6-18">
                    <pos type="VBG"/>
                    <lemma type="get"/>
                    <dep head="6-6" type="conj"/>
                </token>
                <token content="in" id="6-19">
                    <pos type="RP"/>
                    <lemma type="in"/>
                    <dep head="6-18" type="prt"/>
                </token>
                <token content="without" id="6-20"/>
                <token content="showing" id="6-21">
                    <pos type="VBG"/>
                    <lemma type="show"/>
                    <dep head="6-18" type="prepc"/>
                </token>
                <token content="it" id="6-22">
                    <pos type="PRP"/>
                    <lemma type="it"/>
                    <dep head="6-21" type="dobj"/>
                </token>
                <token content="." id="6-23"/>
            </sentence>
            <sentence id="7">
                <token content="I" id="7-1">
                    <pos type="PRP"/>
                    <lemma type="I"/>
                    <dep head="7-2" type="nsubj"/>
                </token>
                <token content="cruise" id="7-2">
                    <pos type="VBP"/>
                    <lemma type="cruise"/>
                </token>
                <token content="past" id="7-3">
                    <pos type="JJ"/>
                    <lemma type="past"/>
                </token>
                <token content="the" id="7-4">
                    <pos type="DT"/>
                    <lemma type="the"/>
                </token>
                <token content="impulse" id="7-5">
                    <pos type="NN"/>
                    <lemma type="impulse"/>
                </token>
                <token content="items" id="7-6">
                    <pos type="NNS"/>
                    <lemma type="item"/>
                </token>
                <token content="just" id="7-7">
                    <pos type="RB"/>
                    <lemma type="just"/>
                </token>
                <token content="inside" id="7-8"/>
                <token content="the" id="7-9">
                    <pos type="DT"/>
                    <lemma type="the"/>
                </token>
                <token content="door" id="7-10">
                    <pos type="NN"/>
                    <lemma type="door"/>
                </token>
                <token content="," id="7-11"/>
                <token content="and" id="7-12"/>
                <token content="through" id="7-13">
                    <pos type="IN"/>
                    <lemma type="through"/>
                </token>
                <token content="the" id="7-14">
                    <pos type="DT"/>
                    <lemma type="the"/>
                </token>
                <token content="electronics" id="7-15">
                    <pos type="NN"/>
                    <lemma type="electronics"/>
                </token>
                <token content="and" id="7-16"/>
                <token content="organic" id="7-17">
                    <pos type="JJ"/>
                    <lemma type="organic"/>
                </token>
                <token content="foods" id="7-18">
                    <pos type="NNS"/>
                    <lemma type="food"/>
                </token>
                <token content="sections" id="7-19">
                    <pos type="NNS"/>
                    <lemma type="section"/>
                    <dep head="7-2" type="dobj"/>
                </token>
                <token content="that" id="7-20">
                    <pos type="WDT"/>
                    <lemma type="that"/>
                    <dep head="7-21" type="nsubj"/>
                </token>
                <token content="come" id="7-21">
                    <pos type="VBP"/>
                    <lemma type="come"/>
                </token>
                <token content="next" id="7-22">
                    <pos type="JJ"/>
                    <lemma type="next"/>
                    <dep head="7-21" type="advmod"/>
                </token>
                <token content="." id="7-23"/>
            </sentence>
            <sentence id="8">
                <token content="Next" id="8-1">
                    <pos type="NNP"/>
                    <lemma type="Next"/>
                    <dep head="8-2" type="nsubj"/>
                </token>
                <token content="come" id="8-2">
                    <pos type="VBP"/>
                    <lemma type="come"/>
                </token>
                <token content="many" id="8-3">
                    <pos type="JJ"/>
                    <lemma type="many"/>
                </token>
                <token content="aisles" id="8-4">
                    <pos type="NNS"/>
                    <lemma type="aisle"/>
                    <dep head="8-2" type="dobj"/>
                </token>
                <token content="with" id="8-5"/>
                <token content="items" id="8-6">
                    <pos type="NNS"/>
                    <lemma type="item"/>
                    <dep head="8-2" type="prep"/>
                </token>
                <token content="like" id="8-7"/>
                <token content="light" id="8-8">
                    <pos type="JJ"/>
                    <lemma type="light"/>
                </token>
                <token content="bulbs" id="8-9">
                    <pos type="NNS"/>
                    <lemma type="bulb"/>
                </token>
                <token content="and" id="8-10"/>
                <token content="pillows" id="8-11">
                    <pos type="NNS"/>
                    <lemma type="pillow"/>
                </token>
                <token content="." id="8-12"/>
            </sentence>
            <sentence id="9">
                <token content="Finally" id="9-1">
                    <pos type="RB"/>
                    <lemma type="finally"/>
                    <dep head="9-3" type="advmod"/>
                </token>
                <token content="I" id="9-2">
                    <pos type="PRP"/>
                    <lemma type="I"/>
                    <dep head="9-3" type="nsubj"/>
                </token>
                <token content="get" id="9-3">
                    <pos type="VBP"/>
                    <lemma type="get"/>
                </token>
                <token content="to" id="9-4"/>
                <token content="the" id="9-5">
                    <pos type="DT"/>
                    <lemma type="the"/>
                </token>
                <token content="food" id="9-6">
                    <pos type="NN"/>
                    <lemma type="food"/>
                    <dep head="9-3" type="prep"/>
                </token>
                <token content="." id="9-7"/>
            </sentence>
            <sentence id="10">
                <token content="There" id="10-1">
                    <pos type="EX"/>
                    <lemma type="there"/>
                    <dep head="10-2" type="expl"/>
                </token>
                <token content="are" id="10-2">
                    <pos type="VBP"/>
                    <lemma type="be"/>
                </token>
                <token content="usually" id="10-3">
                    <pos type="RB"/>
                    <lemma type="usually"/>
                    <dep head="10-2" type="advmod"/>
                </token>
                <token content="people" id="10-4">
                    <pos type="NNS"/>
                    <lemma type="people"/>
                    <dep head="10-2" type="nsubj"/>
                </token>
                <token content="here" id="10-5">
                    <pos type="RB"/>
                    <lemma type="here"/>
                    <dep head="10-6" type="advmod"/>
                </token>
                <token content="offering" id="10-6">
                    <pos type="VBG"/>
                    <lemma type="offer"/>
                </token>
                <token content="samples" id="10-7">
                    <pos type="NNS"/>
                    <lemma type="sample"/>
                    <dep head="10-6" type="dobj"/>
                </token>
                <token content="of" id="10-8"/>
                <token content="new" id="10-9">
                    <pos type="JJ"/>
                    <lemma type="new"/>
                </token>
                <token content="food" id="10-10">
                    <pos type="NN"/>
                    <lemma type="food"/>
                </token>
                <token content="items" id="10-11">
                    <pos type="NNS"/>
                    <lemma type="item"/>
                </token>
                <token content="." id="10-12"/>
            </sentence>
            <sentence id="11">
                <token content="I" id="11-1">
                    <pos type="PRP"/>
                    <lemma type="I"/>
                    <dep head="11-3" type="nsubj"/>
                </token>
                <token content="often" id="11-2">
                    <pos type="RB"/>
                    <lemma type="often"/>
                    <dep head="11-3" type="advmod"/>
                </token>
                <token content="take" id="11-3">
                    <pos type="VBP"/>
                    <lemma type="take"/>
                </token>
                <token content="some" id="11-4">
                    <pos type="DT"/>
                    <lemma type="some"/>
                    <dep head="11-3" type="dobj"/>
                </token>
                <token content="." id="11-5"/>
            </sentence>
            <sentence id="12">
                <token content="I" id="12-1">
                    <pos type="PRP"/>
                    <lemma type="I"/>
                    <dep head="12-2" type="nsubj"/>
                </token>
                <token content="buy" id="12-2">
                    <pos type="VBP"/>
                    <lemma type="buy"/>
                </token>
                <token content="large" id="12-3">
                    <pos type="JJ"/>
                    <lemma type="large"/>
                </token>
                <token content="packages" id="12-4">
                    <pos type="NNS"/>
                    <lemma type="package"/>
                    <dep head="12-2" type="dobj"/>
                </token>
                <token content="of" id="12-5"/>
                <token content="chicken" id="12-6">
                    <pos type="NN"/>
                    <lemma type="chicken"/>
                </token>
                <token content="or" id="12-7"/>
                <token content="fish" id="12-8">
                    <pos type="NN"/>
                    <lemma type="fish"/>
                </token>
                <token content="that" id="12-9">
                    <pos type="WDT"/>
                    <lemma type="that"/>
                </token>
                <token content="can" id="12-10">
                    <pos type="MD"/>
                    <lemma type="can"/>
                </token>
                <token content="be" id="12-11">
                    <pos type="VB"/>
                    <lemma type="be"/>
                </token>
                <token content="frozen" id="12-12">
                    <pos type="JJ"/>
                    <lemma type="frozen"/>
                </token>
                <token content="." id="12-13"/>
            </sentence>
            <sentence id="13">
                <token content="Sometimes" id="13-1">
                    <pos type="RB"/>
                    <lemma type="sometimes"/>
                    <dep head="13-3" type="advmod"/>
                </token>
                <token content="I" id="13-2">
                    <pos type="PRP"/>
                    <lemma type="I"/>
                    <dep head="13-3" type="nsubj"/>
                </token>
                <token content="buy" id="13-3">
                    <pos type="VBP"/>
                    <lemma type="buy"/>
                </token>
                <token content="fresh" id="13-4">
                    <pos type="JJ"/>
                    <lemma type="fresh"/>
                </token>
                <token content="bread" id="13-5">
                    <pos type="NN"/>
                    <lemma type="bread"/>
                    <dep head="13-3" type="dobj"/>
                </token>
                <token content="." id="13-6"/>
            </sentence>
            <sentence id="14">
                <token content="I" id="14-1">
                    <pos type="PRP"/>
                    <lemma type="I"/>
                    <dep head="14-2" type="nsubj"/>
                </token>
                <token content="continue" id="14-2">
                    <pos type="VBP"/>
                    <lemma type="continue"/>
                </token>
                <token content="to" id="14-3"/>
                <token content="the" id="14-4">
                    <pos type="DT"/>
                    <lemma type="the"/>
                </token>
                <token content="fresh" id="14-5">
                    <pos type="JJ"/>
                    <lemma type="fresh"/>
                </token>
                <token content="fruit" id="14-6">
                    <pos type="NN"/>
                    <lemma type="fruit"/>
                    <dep head="14-2" type="prep"/>
                </token>
                <token content="and" id="14-7"/>
                <token content="vegetable" id="14-8">
                    <pos type="NN"/>
                    <lemma type="vegetable"/>
                </token>
                <token content="section" id="14-9">
                    <pos type="NN"/>
                    <lemma type="section"/>
                </token>
                <token content="," id="14-10"/>
                <token content="where" id="14-11">
                    <pos type="WRB"/>
                    <lemma type="where"/>
                    <dep head="14-13" type="advmod"/>
                </token>
                <token content="I" id="14-12">
                    <pos type="PRP"/>
                    <lemma type="I"/>
                    <dep head="14-13" type="nsubj"/>
                </token>
                <token content="try" id="14-13">
                    <pos type="VBP"/>
                    <lemma type="try"/>
                </token>
                <token content="to" id="14-14">
                    <pos type="TO"/>
                    <lemma type="to"/>
                    <dep head="14-15" type="aux"/>
                </token>
                <token content="restrain" id="14-15">
                    <pos type="VB"/>
                    <lemma type="restrain"/>
                    <dep head="14-13" type="xcomp"/>
                </token>
                <token content="myself" id="14-16">
                    <pos type="PRP"/>
                    <lemma type="myself"/>
                    <dep head="14-15" type="dobj"/>
                </token>
                <token content="to" id="14-17"/>
                <token content="what" id="14-18">
                    <pos type="WP"/>
                    <lemma type="what"/>
                    <dep head="14-21" type="dobj"/>
                </token>
                <token content="I" id="14-19">
                    <pos type="PRP"/>
                    <lemma type="I"/>
                    <dep head="14-21" type="nsubj"/>
                </token>
                <token content="can" id="14-20">
                    <pos type="MD"/>
                    <lemma type="can"/>
                    <dep head="14-21" type="aux"/>
                </token>
                <token content="use" id="14-21">
                    <pos type="VB"/>
                    <lemma type="use"/>
                    <dep head="14-15" type="prepc"/>
                </token>
                <token content="." id="14-22"/>
            </sentence>
            <sentence id="15">
                <token content="Next" id="15-1">
                    <pos type="NNP"/>
                    <lemma type="Next"/>
                    <dep head="15-2" type="nsubj"/>
                </token>
                <token content="come" id="15-2">
                    <pos type="VBP"/>
                    <lemma type="come"/>
                </token>
                <token content="the" id="15-3">
                    <pos type="DT"/>
                    <lemma type="the"/>
                </token>
                <token content="chiller" id="15-4">
                    <pos type="NN"/>
                    <lemma type="chiller"/>
                    <dep head="15-2" type="dobj"/>
                </token>
                <token content="and" id="15-5"/>
                <token content="frozen" id="15-6">
                    <pos type="VBN"/>
                    <lemma type="freeze"/>
                </token>
                <token content="foods" id="15-7">
                    <pos type="NNS"/>
                    <lemma type="food"/>
                </token>
                <token content="," id="15-8"/>
                <token content="but" id="15-9"/>
                <token content="I" id="15-10">
                    <pos type="PRP"/>
                    <lemma type="I"/>
                    <dep head="15-11" type="nsubj"/>
                </token>
                <token content="go" id="15-11">
                    <pos type="VBP"/>
                    <lemma type="go"/>
                    <dep head="15-2" type="conj"/>
                </token>
                <token content="past" id="15-12">
                    <pos type="JJ"/>
                    <lemma type="past"/>
                </token>
                <token content="hem" id="15-13">
                    <pos type="NN"/>
                    <lemma type="hem"/>
                    <dep head="15-11" type="dobj"/>
                </token>
                <token content="to" id="15-14"/>
                <token content="pet" id="15-15">
                    <pos type="JJ"/>
                    <lemma type="pet"/>
                </token>
                <token content="food" id="15-16">
                    <pos type="NN"/>
                    <lemma type="food"/>
                    <dep head="15-11" type="prep"/>
                </token>
                <token content="and" id="15-17"/>
                <token content="paper" id="15-18">
                    <pos type="NN"/>
                    <lemma type="paper"/>
                </token>
                <token content="goods" id="15-19">
                    <pos type="NNS"/>
                    <lemma type="goods"/>
                </token>
                <token content="." id="15-20"/>
            </sentence>
            <sentence id="16">
                <token content="I" id="16-1">
                    <pos type="PRP"/>
                    <lemma type="I"/>
                    <dep head="16-2" type="nsubj"/>
                </token>
                <token content="get" id="16-2">
                    <pos type="VBP"/>
                    <lemma type="get"/>
                </token>
                <token content="frozen" id="16-3">
                    <pos type="JJ"/>
                    <lemma type="frozen"/>
                </token>
                <token content="food" id="16-4">
                    <pos type="NN"/>
                    <lemma type="food"/>
                    <dep head="16-2" type="dobj"/>
                </token>
                <token content="on" id="16-5"/>
                <token content="the" id="16-6">
                    <pos type="DT"/>
                    <lemma type="the"/>
                </token>
                <token content="way" id="16-7">
                    <pos type="NN"/>
                    <lemma type="way"/>
                </token>
                <token content="back" id="16-8">
                    <pos type="RB"/>
                    <lemma type="back"/>
                </token>
                <token content="," id="16-9"/>
                <token content="and" id="16-10"/>
                <token content="then" id="16-11">
                    <pos type="RB"/>
                    <lemma type="then"/>
                </token>
                <token content="a" id="16-12">
                    <pos type="DT"/>
                    <lemma type="a"/>
                </token>
                <token content="few" id="16-13">
                    <pos type="JJ"/>
                    <lemma type="few"/>
                </token>
                <token content="canned" id="16-14">
                    <pos type="VBN"/>
                    <lemma type="can"/>
                </token>
                <token content="food" id="16-15">
                    <pos type="NN"/>
                    <lemma type="food"/>
                </token>
                <token content="and" id="16-16"/>
                <token content="dry" id="16-17">
                    <pos type="JJ"/>
                    <lemma type="dry"/>
                </token>
                <token content="goods" id="16-18">
                    <pos type="NNS"/>
                    <lemma type="goods"/>
                </token>
                <token content="." id="16-19"/>
            </sentence>
            <sentence id="17">
                <token content="The" id="17-1">
                    <pos type="DT"/>
                    <lemma type="the"/>
                </token>
                <token content="last" id="17-2">
                    <pos type="JJ"/>
                    <lemma type="last"/>
                </token>
                <token content="areas" id="17-3">
                    <pos type="NNS"/>
                    <lemma type="area"/>
                </token>
                <token content="are" id="17-4">
                    <pos type="VBP"/>
                    <lemma type="be"/>
                </token>
                <token content="pharmacy" id="17-5">
                    <pos type="NN"/>
                    <lemma type="pharmacy"/>
                </token>
                <token content="," id="17-6"/>
                <token content="which" id="17-7">
                    <pos type="WDT"/>
                    <lemma type="which"/>
                    <dep head="17-10" type="dobj"/>
                </token>
                <token content="I" id="17-8">
                    <pos type="PRP"/>
                    <lemma type="I"/>
                    <dep head="17-10" type="nsubj"/>
                </token>
                <token content="mostly" id="17-9">
                    <pos type="RB"/>
                    <lemma type="mostly"/>
                    <dep head="17-10" type="advmod"/>
                </token>
                <token content="avoid" id="17-10">
                    <pos type="VB"/>
                    <lemma type="avoid"/>
                </token>
                <token content="," id="17-11"/>
                <token content="and" id="17-12"/>
                <token content="the" id="17-13">
                    <pos type="DT"/>
                    <lemma type="the"/>
                </token>
                <token content="book" id="17-14">
                    <pos type="NN"/>
                    <lemma type="book"/>
                </token>
                <token content="section" id="17-15">
                    <pos type="NN"/>
                    <lemma type="section"/>
                </token>
                <token content="," id="17-16"/>
                <token content="where" id="17-17">
                    <pos type="WRB"/>
                    <lemma type="where"/>
                </token>
                <token content="I" id="17-18">
                    <pos type="PRP"/>
                    <lemma type="I"/>
                </token>
                <token content="'m" id="17-19">
                    <pos type="VBP"/>
                    <lemma type="be"/>
                </token>
                <token content="apt" id="17-20">
                    <pos type="JJ"/>
                    <lemma type="apt"/>
                </token>
                <token content="to" id="17-21">
                    <pos type="TO"/>
                    <lemma type="to"/>
                    <dep head="17-22" type="aux"/>
                </token>
                <token content="linger" id="17-22">
                    <pos type="VB"/>
                    <lemma type="linger"/>
                </token>
                <token content="." id="17-23"/>
            </sentence>
            <sentence id="18">
                <token content="Then" id="18-1">
                    <pos type="RB"/>
                    <lemma type="then"/>
                    <dep head="18-10" type="advmod"/>
                </token>
                <token content="I" id="18-2">
                    <pos type="PRP"/>
                    <lemma type="I"/>
                    <dep head="18-3" type="nsubj"/>
                </token>
                <token content="wait" id="18-3">
                    <pos type="VBP"/>
                    <lemma type="wait"/>
                    <dep head="18-10" type="parataxis"/>
                </token>
                <token content="in" id="18-4"/>
                <token content="line" id="18-5">
                    <pos type="NN"/>
                    <lemma type="line"/>
                    <dep head="18-3" type="prep"/>
                </token>
                <token content="for" id="18-6"/>
                <token content="a" id="18-7">
                    <pos type="DT"/>
                    <lemma type="a"/>
                </token>
                <token content="while" id="18-8">
                    <pos type="NN"/>
                    <lemma type="while"/>
                </token>
                <token content="," id="18-9"/>
                <token content="pay" id="18-10">
                    <pos type="VB"/>
                    <lemma type="pay"/>
                </token>
                <token content="," id="18-11"/>
                <token content="and" id="18-12"/>
                <token content="leave" id="18-13">
                    <pos type="VB"/>
                    <lemma type="leave"/>
                    <dep head="18-10" type="conj"/>
                </token>
                <token content="the" id="18-14">
                    <pos type="DT"/>
                    <lemma type="the"/>
                </token>
                <token content="store" id="18-15">
                    <pos type="NN"/>
                    <lemma type="store"/>
                    <dep head="18-13" type="dobj"/>
                </token>
                <token content="." id="18-16"/>
            </sentence>
            <sentence id="19">
                <token content="As" id="19-1">
                    <pos type="IN"/>
                    <lemma type="as"/>
                    <dep head="19-3" type="mark"/>
                </token>
                <token content="I" id="19-2">
                    <pos type="PRP"/>
                    <lemma type="I"/>
                    <dep head="19-3" type="nsubj"/>
                </token>
                <token content="leave" id="19-3">
                    <pos type="VBP"/>
                    <lemma type="leave"/>
                    <dep head="19-6" type="advcl"/>
                </token>
                <token content="," id="19-4"/>
                <token content="someone" id="19-5">
                    <pos type="NN"/>
                    <lemma type="someone"/>
                    <dep head="19-6" type="nsubj"/>
                </token>
                <token content="checks" id="19-6">
                    <pos type="VBZ"/>
                    <lemma type="check"/>
                </token>
                <token content="my" id="19-7">
                    <pos type="PRP$"/>
                    <lemma type="my"/>
                </token>
                <token content="cart" id="19-8">
                    <pos type="NN"/>
                    <lemma type="cart"/>
                    <dep head="19-6" type="dobj"/>
                </token>
                <token content="," id="19-9"/>
                <token content="to" id="19-10">
                    <pos type="TO"/>
                    <lemma type="to"/>
                    <dep head="19-11" type="aux"/>
                </token>
                <token content="make" id="19-11">
                    <pos type="VB"/>
                    <lemma type="make"/>
                    <dep head="19-6" type="vmod"/>
                </token>
                <token content="sure" id="19-12">
                    <pos type="JJ"/>
                    <lemma type="sure"/>
                    <dep head="19-11" type="acomp"/>
                </token>
                <token content="what" id="19-13">
                    <pos type="WP"/>
                    <lemma type="what"/>
                    <dep head="19-14" type="nsubj"/>
                </token>
                <token content="'s" id="19-14">
                    <pos type="VBZ"/>
                    <lemma type="be"/>
                </token>
                <token content="on" id="19-15"/>
                <token content="my" id="19-16">
                    <pos type="PRP$"/>
                    <lemma type="my"/>
                </token>
                <token content="receipt" id="19-17">
                    <pos type="NN"/>
                    <lemma type="receipt"/>
                    <dep head="19-14" type="prep"/>
                </token>
                <token content="matches" id="19-18">
                    <pos type="VBZ"/>
                    <lemma type="match"/>
                </token>
                <token content="the" id="19-19">
                    <pos type="DT"/>
                    <lemma type="the"/>
                </token>
                <token content="huge" id="19-20">
                    <pos type="JJ"/>
                    <lemma type="huge"/>
                </token>
                <token content="load" id="19-21">
                    <pos type="NN"/>
                    <lemma type="load"/>
                    <dep head="19-18" type="dobj"/>
                </token>
                <token content="I" id="19-22">
                    <pos type="PRP"/>
                    <lemma type="I"/>
                    <dep head="19-24" type="nsubj"/>
                </token>
                <token content="am" id="19-23">
                    <pos type="VBP"/>
                    <lemma type="be"/>
                    <dep head="19-24" type="aux"/>
                </token>
                <token content="carting" id="19-24">
                    <pos type="VBG"/>
                    <lemma type="cart"/>
                </token>
                <token content="home" id="19-25">
                    <pos type="NN"/>
                    <lemma type="home"/>
                    <dep head="19-24" type="dobj"/>
                </token>
                <token content="." id="19-26"/>
            </sentence>
        </sentences>
    </text>
    <annotations>
        <participants>
            <label from="1-2" id="0" name="ScrPart_shopper" text="I" type="participant"/>
            <label from="1-4" id="1" name="ScrPart_groceries" text="grocery" type="participant"/>
            <label from="1-6" id="2" name="ScrPart_shopper" text="I" type="participant"/>
            <label from="1-11" id="3" name="ScrPart_grocery_list" text="list" type="participant"/>
            <label from="2-3" id="4" name="ScrPart_shopper" text="me" type="participant"/>
            <label from="2-7" id="5" name="NPart" text="step" type="participant"/>
            <label from="2-11" id="6" name="ScrPart_grocery_list" text="list" type="participant"/>
            <label from="3-1" id="7" name="ScrPart_shopper" text="I" type="participant"/>
            <label from="3-3" id="8" name="Unclear" text="what" type="participant"/>
            <label from="3-4" id="9" name="ScrPart_shopper" text="I" type="participant"/>
            <label from="3-9" id="10" name="NPart" text="week" type="participant"/>
            <label from="3-13" id="11" name="ScrPart_groceries" text="cleaning products" to="3-14" type="participant"/>
            <label from="3-14" id="12" name="ScrPart_groceries" text="products" type="participant"/>
            <label from="3-17" id="13" name="ScrPart_groceries" text="things" type="participant"/>
            <label from="4-1" id="14" name="ScrPart_shopper" text="My" type="participant"/>
            <label from="4-3" id="15" name="ScrPart_grocery_shop" text="place" type="participant"/>
            <label from="4-9" id="16" name="ScrPart_grocery_shop" text="membership store" to="4-10" type="participant"/>
            <label from="4-10" id="17" name="ScrPart_grocery_shop" text="store" type="participant"/>
            <label from="4-13" id="18" name="ScrPart_grocery_shop" text="its" type="participant"/>
            <label from="4-15" id="19" name="ScrPart_price" text="prices" type="participant"/>
            <label from="5-1" id="20" name="ScrPart_shopper" text="I" type="participant"/>
            <label from="5-5" id="21" name="ScrPart_shopping_cart/basket" text="shopping cart" to="5-6" type="participant"/>
            <label from="5-6" id="22" name="ScrPart_shopping_cart/basket" text="cart" type="participant"/>
            <label from="5-10" id="23" name="ScrPart_grocery_shop" text="store" type="participant"/>
            <label from="6-2" id="24" name="ScrPart_shopper" text="I" type="participant"/>
            <label from="6-7" id="25" name="ScrPart_shopper" text="my" type="participant"/>
            <label from="6-8" id="26" name="NPart" text="membership card" to="6-9" type="participant"/>
            <label from="6-9" id="27" name="NPart" text="card" type="participant"/>
            <label from="6-12" id="28" name="ScrPart_grocery_staff" text="person" type="participant"/>
            <label from="6-15" id="29" name="NPart" text="door" type="participant"/>
            <label from="6-22" id="30" name="NPart" text="it" type="participant"/>
            <label from="7-1" id="31" name="ScrPart_shopper" text="I" type="participant"/>
            <label from="7-5" id="32" name="ScrPart_groceries" text="impulse items" to="7-6" type="participant"/>
            <label from="7-6" id="33" name="ScrPart_groceries" text="items" type="participant"/>
            <label from="7-10" id="34" name="NPart" text="door" type="participant"/>
            <label from="7-15" id="35" name="ScrPart_section" text="electronics" type="participant"/>
            <label from="7-17" id="36" name="ScrPart_section" text="organic foods sections" to="7-19" type="participant"/>
            <label from="7-19" id="37" name="ScrPart_section" text="sections" type="participant"/>
            <label from="7-20" id="38" name="ScrPart_section" text="that" type="participant"/>
            <label from="8-4" id="39" name="ScrPart_section" text="aisles" type="participant"/>
            <label from="8-6" id="40" name="ScrPart_groceries" text="items" type="participant"/>
            <label from="8-8" id="41" name="ScrPart_groceries" text="light bulbs" to="8-9" type="participant"/>
            <label from="8-9" id="42" name="ScrPart_groceries" text="bulbs" type="participant"/>
            <label from="8-11" id="43" name="ScrPart_groceries" text="pillows" type="participant"/>
            <label from="9-2" id="44" name="ScrPart_shopper" text="I" type="participant"/>
            <label from="9-6" id="45" name="ScrPart_groceries" text="food" type="participant"/>
            <label from="10-4" id="46" name="ScrPart_grocery_staff" text="people" type="participant"/>
            <label from="10-7" id="47" name="NPart" text="samples" type="participant"/>
            <label from="10-10" id="48" name="ScrPart_groceries" text="food items" to="10-11" type="participant"/>
            <label from="10-11" id="49" name="ScrPart_groceries" text="items" type="participant"/>
            <label from="11-1" id="50" name="ScrPart_shopper" text="I" type="participant"/>
            <label from="11-4" id="51" name="NPart" text="some" type="participant"/>
            <label from="12-1" id="52" name="ScrPart_shopper" text="I" type="participant"/>
            <label from="12-4" id="53" name="Head_of_Partitive" text="packages" type="participant"/>
            <label from="12-6" id="54" name="ScrPart_groceries" text="chicken" type="participant"/>
            <label from="12-8" id="55" name="ScrPart_groceries" text="fish" type="participant"/>
            <label from="13-2" id="56" name="ScrPart_shopper" text="I" type="participant"/>
            <label from="13-5" id="57" name="ScrPart_groceries" text="bread" type="participant"/>
            <label from="14-1" id="58" name="ScrPart_shopper" text="I" type="participant"/>
            <label from="14-5" id="59" name="ScrPart_section" text="fresh fruit and vegetable section" to="14-9" type="participant"/>
            <label from="14-9" id="60" name="ScrPart_section" text="section" type="participant"/>
            <label from="14-12" id="61" name="ScrPart_shopper" text="I" type="participant"/>
            <label from="14-16" id="62" name="ScrPart_shopper" text="myself" type="participant"/>
            <label from="14-18" id="63" name="ScrPart_groceries" text="what" type="participant"/>
            <label from="14-19" id="64" name="ScrPart_shopper" text="I" type="participant"/>
            <label from="15-4" id="65" name="ScrPart_section" text="chiller" type="participant"/>
            <label from="15-7" id="66" name="ScrPart_groceries" text="foods" type="participant"/>
            <label from="15-10" id="67" name="ScrPart_shopper" text="I" type="participant"/>
            <label from="15-13" id="68" name="ScrPart_section" text="hem" type="participant"/>
            <label from="15-15" id="69" name="ScrPart_groceries" text="pet food" to="15-16" type="participant"/>
            <label from="15-16" id="70" name="ScrPart_groceries" text="food" type="participant"/>
            <label from="15-18" id="71" name="ScrPart_groceries" text="paper goods" to="15-19" type="participant"/>
            <label from="15-19" id="72" name="ScrPart_groceries" text="goods" type="participant"/>
            <label from="16-1" id="73" name="ScrPart_shopper" text="I" type="participant"/>
            <label from="16-4" id="74" name="ScrPart_groceries" text="food" type="participant"/>
            <label from="16-7" id="75" name="NPart" text="way" type="participant"/>
            <label from="16-15" id="76" name="ScrPart_groceries" text="food" type="participant"/>
            <label from="16-18" id="77" name="ScrPart_groceries" text="goods" type="participant"/>
            <label from="17-3" id="78" name="ScrPart_section" text="areas" type="participant"/>
            <label from="17-5" id="79" name="ScrPart_section" text="pharmacy" type="participant"/>
            <label from="17-7" id="80" name="ScrPart_section" text="which" type="participant"/>
            <label from="17-8" id="81" name="ScrPart_shopper" text="I" type="participant"/>
            <label from="17-14" id="82" name="ScrPart_section" text="book section" to="17-15" type="participant"/>
            <label from="17-15" id="83" name="ScrPart_section" text="section" type="participant"/>
            <label from="17-18" id="84" name="ScrPart_shopper" text="I" type="participant"/>
            <label from="18-2" id="85" name="ScrPart_shopper" text="I" type="participant"/>
            <label from="18-5" id="86" name="ScrPart_line" text="line" type="participant"/>
            <label from="18-8" id="87" name="No_label" text="while" type="participant"/>
            <label from="18-15" id="88" name="ScrPart_grocery_shop" text="store" type="participant"/>
            <label from="19-2" id="89" name="ScrPart_shopper" text="I" type="participant"/>
            <label from="19-5" id="90" name="ScrPart_grocery_staff" text="someone" type="participant"/>
            <label from="19-7" id="91" name="ScrPart_shopper" text="my" type="participant"/>
            <label from="19-8" id="92" name="ScrPart_shopping_cart/basket" text="cart" type="participant"/>
            <label from="19-16" id="93" name="ScrPart_shopper" text="my" type="participant"/>
            <label from="19-17" id="94" name="ScrPart_receipt" text="receipt" type="participant"/>
            <label from="19-21" id="95" name="ScrPart_groceries" text="load" type="participant"/>
            <label from="19-22" id="96" name="ScrPart_shopper" text="I" type="participant"/>
            <label from="19-25" id="97" name="NPart" text="home" type="participant"/>
        </participants>
        <events>
            <label from="1-3" id="98" name="Evoking" text="go grocery shopping" to="1-5" type="event"/>
            <label from="1-5" id="99" name="ScrEv_get_groceries" text="shopping" type="event"/>
            <label from="1-9" id="100" name="ScrEv_make_list" text="take" type="event"/>
            <label from="2-9" id="101" name="ScrEv_get_groceries" text="shopping" type="event"/>
            <label from="2-10" id="102" name="UnrelEv" text="is" type="event"/>
            <label from="2-12" id="103" name="ScrEv_make_list" text="making" type="event"/>
            <label from="3-2" id="104" name="ScrEv_make_list" text="list" type="event"/>
            <label from="3-5" id="105" name="UnrelEv" text="plan" type="event"/>
            <label from="3-7" id="106" name="UnrelEv" text="cook" type="event"/>
            <label from="4-5" id="107" name="Evoking" text="shop" type="event"/>
            <label from="4-6" id="108" name="UnrelEv" text="is" type="event"/>
            <label from="5-2" id="109" name="ScrEv_take_shop_cart" text="pick up" to="5-3" type="event"/>
            <label from="6-3" id="110" name="ScrEv_enter" text="enter" type="event"/>
            <label from="6-6" id="111" name="RelNScrEv" text="showing" type="event"/>
            <label from="6-18" id="112" name="ScrEv_enter" text="getting in" to="6-19" type="event"/>
            <label from="6-21" id="113" name="RelNScrEv" text="showing" type="event"/>
            <label from="7-2" id="114" name="ScrEv_move_section" text="cruise past" to="7-3" type="event"/>
            <label from="7-21" id="115" name="ScrEv_move_section" text="come" type="event"/>
            <label from="8-2" id="116" name="ScrEv_move_section" text="come" type="event"/>
            <label from="9-3" id="117" name="ScrEv_move_section" text="get to" to="9-4" type="event"/>
            <label from="10-2" id="118" name="UnrelEv" text="are" type="event"/>
            <label from="10-6" id="119" name="RelNScrEv" text="offering" type="event"/>
            <label from="11-3" id="120" name="RelNScrEv" text="take" type="event"/>
            <label from="12-2" id="121" name="ScrEv_get_groceries" text="buy" type="event"/>
            <label from="12-12" id="122" name="UnrelEv" text="frozen" type="event"/>
            <label from="13-3" id="123" name="ScrEv_get_groceries" text="buy" type="event"/>
            <label from="14-2" id="124" name="ScrEv_move_section" text="continue" type="event"/>
            <label from="14-13" id="125" name="UnrelEv" text="try" type="event"/>
            <label from="14-15" id="126" name="RelNScrEv" text="restrain" type="event"/>
            <label from="14-21" id="127" name="RelNScrEv" text="use" type="event"/>
            <label from="15-2" id="128" name="ScrEv_move_section" text="come" type="event"/>
            <label from="15-11" id="129" name="ScrEv_move_section" text="go past" to="15-12" type="event"/>
            <label from="16-2" id="130" name="ScrEv_get_groceries" text="get" type="event"/>
            <label from="16-14" id="131" name="UnrelEv" text="canned" type="event"/>
            <label from="17-4" id="132" name="UnrelEv" text="are" type="event"/>
            <label from="17-10" id="133" name="UnrelEv" text="avoid" type="event"/>
            <label from="17-19" id="134" name="UnrelEv" text="'m apt" to="17-20" type="event"/>
            <label from="17-22" id="135" name="RelNScrEv" text="linger" type="event"/>
            <label from="18-3" id="136" name="ScrEv_wait" text="wait" type="event"/>
            <label from="18-10" id="137" name="ScrEv_pay" text="pay" type="event"/>
            <label from="18-13" id="138" name="ScrEv_leave" text="leave" type="event"/>
            <label from="19-3" id="139" name="ScrEv_leave" text="leave" type="event"/>
            <label from="19-6" id="140" name="RelNScrEv" text="checks" type="event"/>
            <label from="19-11" id="141" name="UnrelEv" text="make sure" to="19-12" type="event"/>
            <label from="19-14" id="142" name="UnrelEv" text="'s" type="event"/>
            <label from="19-18" id="143" name="RelNScrEv" text="matches" type="event"/>
            <label from="19-24" id="144" name="RelNScrEv" text="carting" type="event"/>
        </events>
        <chains>
            <chain elements="2 0 4 7 9 14 20 24 25 31 44 50 52 56 58 61 62 64 67 73 81 84 85 89 91 93 96"/>
            <chain elements="6 3"/>
            <chain elements="17 15 18 23 88"/>
            <chain elements="92 22"/>
            <chain elements="38 35 37"/>
            <chain elements="43 40 42"/>
            <chain elements="68 65"/>
            <chain elements="74 66"/>
            <chain elements="83 78 79 80"/>
            <chain elements="1 13"/>
        </chains>
    </annotations>
</story>
