<?xml version="1.0" encoding="UTF-8" standalone="no"?>
<!DOCTYPE story SYSTEM "../InScript.dtd">
<story id="011" scenario="grocery">
    <text>
        <content>Last Friday , I went grocery shopping as I do every Friday . 
The first thing I did was looked around the house to see what all I needed from the grocery store . 
I always make a list to make sure I do n't forget anything . 
I went to the grocery store about lunch time . 
When I got to the store , I made sure I had my list and money and got out of my car . 
I went in and got a buggy . 
As I went through the store , I got things on my list to last me through the week . 
I put things like fruit , milk , bread , eggs , and snacks in my buggy . 
I also got some things that I can make meals with , like meat , vegetables , and macaroni and cheese . 
When I was done getting everything on the list , I headed to the front of the store . 
There was a line at the cash register , so I got in line to wait my turn . 
Once it was my turn , I put all of my items onto the counter for the cashier to ring up . 
She was a very sweet young girl and made conversation while ringing up my groceries . 
After she rung up and scanned everything , I paid her and got my things back into my buggy . 
Then I was all done ! 
I headed to the car to put my groceries in the trunk and return the buggy . 
It was a nice and quick grocery trip . </content>
        <sentences>
            <sentence id="1">
                <token content="Last" id="1-1">
                    <pos type="JJ"/>
                    <lemma type="last"/>
                </token>
                <token content="Friday" id="1-2">
                    <pos type="NNP"/>
                    <lemma type="Friday"/>
                    <dep head="1-5" type="tmod"/>
                </token>
                <token content="," id="1-3"/>
                <token content="I" id="1-4">
                    <pos type="PRP"/>
                    <lemma type="I"/>
                    <dep head="1-5" type="nsubj"/>
                </token>
                <token content="went" id="1-5">
                    <pos type="VBD"/>
                    <lemma type="go"/>
                </token>
                <token content="grocery" id="1-6">
                    <pos type="NN"/>
                    <lemma type="grocery"/>
                </token>
                <token content="shopping" id="1-7">
                    <pos type="NN"/>
                    <lemma type="shopping"/>
                    <dep head="1-5" type="dobj"/>
                </token>
                <token content="as" id="1-8">
                    <pos type="IN"/>
                    <lemma type="as"/>
                    <dep head="1-10" type="mark"/>
                </token>
                <token content="I" id="1-9">
                    <pos type="PRP"/>
                    <lemma type="I"/>
                    <dep head="1-10" type="nsubj"/>
                </token>
                <token content="do" id="1-10">
                    <pos type="VBP"/>
                    <lemma type="do"/>
                    <dep head="1-5" type="advcl"/>
                </token>
                <token content="every" id="1-11">
                    <pos type="DT"/>
                    <lemma type="every"/>
                </token>
                <token content="Friday" id="1-12">
                    <pos type="NNP"/>
                    <lemma type="Friday"/>
                    <dep head="1-10" type="tmod"/>
                </token>
                <token content="." id="1-13"/>
            </sentence>
            <sentence id="2">
                <token content="The" id="2-1">
                    <pos type="DT"/>
                    <lemma type="the"/>
                </token>
                <token content="first" id="2-2">
                    <pos type="JJ"/>
                    <lemma type="first"/>
                </token>
                <token content="thing" id="2-3">
                    <pos type="NN"/>
                    <lemma type="thing"/>
                    <dep head="2-7" type="nsubjpass"/>
                </token>
                <token content="I" id="2-4">
                    <pos type="PRP"/>
                    <lemma type="I"/>
                    <dep head="2-5" type="nsubj"/>
                </token>
                <token content="did" id="2-5">
                    <pos type="VBD"/>
                    <lemma type="do"/>
                </token>
                <token content="was" id="2-6">
                    <pos type="VBD"/>
                    <lemma type="be"/>
                    <dep head="2-7" type="auxpass"/>
                </token>
                <token content="looked" id="2-7">
                    <pos type="VBN"/>
                    <lemma type="look"/>
                </token>
                <token content="around" id="2-8"/>
                <token content="the" id="2-9">
                    <pos type="DT"/>
                    <lemma type="the"/>
                </token>
                <token content="house" id="2-10">
                    <pos type="NN"/>
                    <lemma type="house"/>
                    <dep head="2-7" type="prep"/>
                </token>
                <token content="to" id="2-11">
                    <pos type="TO"/>
                    <lemma type="to"/>
                    <dep head="2-12" type="aux"/>
                </token>
                <token content="see" id="2-12">
                    <pos type="VB"/>
                    <lemma type="see"/>
                    <dep head="2-7" type="xcomp"/>
                </token>
                <token content="what" id="2-13">
                    <pos type="WP"/>
                    <lemma type="what"/>
                    <dep head="2-16" type="dobj"/>
                </token>
                <token content="all" id="2-14">
                    <pos type="RB"/>
                    <lemma type="all"/>
                    <dep head="2-16" type="advmod"/>
                </token>
                <token content="I" id="2-15">
                    <pos type="PRP"/>
                    <lemma type="I"/>
                    <dep head="2-16" type="nsubj"/>
                </token>
                <token content="needed" id="2-16">
                    <pos type="VBD"/>
                    <lemma type="need"/>
                    <dep head="2-12" type="ccomp"/>
                </token>
                <token content="from" id="2-17"/>
                <token content="the" id="2-18">
                    <pos type="DT"/>
                    <lemma type="the"/>
                </token>
                <token content="grocery" id="2-19">
                    <pos type="NN"/>
                    <lemma type="grocery"/>
                </token>
                <token content="store" id="2-20">
                    <pos type="NN"/>
                    <lemma type="store"/>
                    <dep head="2-16" type="prep"/>
                </token>
                <token content="." id="2-21"/>
            </sentence>
            <sentence id="3">
                <token content="I" id="3-1">
                    <pos type="PRP"/>
                    <lemma type="I"/>
                    <dep head="3-3" type="nsubj"/>
                </token>
                <token content="always" id="3-2">
                    <pos type="RB"/>
                    <lemma type="always"/>
                    <dep head="3-3" type="advmod"/>
                </token>
                <token content="make" id="3-3">
                    <pos type="VBP"/>
                    <lemma type="make"/>
                </token>
                <token content="a" id="3-4">
                    <pos type="DT"/>
                    <lemma type="a"/>
                </token>
                <token content="list" id="3-5">
                    <pos type="NN"/>
                    <lemma type="list"/>
                    <dep head="3-3" type="dobj"/>
                </token>
                <token content="to" id="3-6">
                    <pos type="TO"/>
                    <lemma type="to"/>
                    <dep head="3-7" type="aux"/>
                </token>
                <token content="make" id="3-7">
                    <pos type="VB"/>
                    <lemma type="make"/>
                    <dep head="3-3" type="xcomp"/>
                </token>
                <token content="sure" id="3-8">
                    <pos type="JJ"/>
                    <lemma type="sure"/>
                    <dep head="3-7" type="acomp"/>
                </token>
                <token content="I" id="3-9">
                    <pos type="PRP"/>
                    <lemma type="I"/>
                    <dep head="3-12" type="nsubj"/>
                </token>
                <token content="do" id="3-10">
                    <pos type="VBP"/>
                    <lemma type="do"/>
                    <dep head="3-12" type="aux"/>
                </token>
                <token content="n't" id="3-11">
                    <pos type="RB"/>
                    <lemma type="not"/>
                    <dep head="3-12" type="neg"/>
                </token>
                <token content="forget" id="3-12">
                    <pos type="VB"/>
                    <lemma type="forget"/>
                </token>
                <token content="anything" id="3-13">
                    <pos type="NN"/>
                    <lemma type="anything"/>
                    <dep head="3-12" type="dobj"/>
                </token>
                <token content="." id="3-14"/>
            </sentence>
            <sentence id="4">
                <token content="I" id="4-1">
                    <pos type="PRP"/>
                    <lemma type="I"/>
                    <dep head="4-2" type="nsubj"/>
                </token>
                <token content="went" id="4-2">
                    <pos type="VBD"/>
                    <lemma type="go"/>
                </token>
                <token content="to" id="4-3"/>
                <token content="the" id="4-4">
                    <pos type="DT"/>
                    <lemma type="the"/>
                </token>
                <token content="grocery" id="4-5">
                    <pos type="NN"/>
                    <lemma type="grocery"/>
                </token>
                <token content="store" id="4-6">
                    <pos type="NN"/>
                    <lemma type="store"/>
                    <dep head="4-2" type="prep"/>
                </token>
                <token content="about" id="4-7"/>
                <token content="lunch" id="4-8">
                    <pos type="NN"/>
                    <lemma type="lunch"/>
                </token>
                <token content="time" id="4-9">
                    <pos type="NN"/>
                    <lemma type="time"/>
                    <dep head="4-2" type="prep"/>
                </token>
                <token content="." id="4-10"/>
            </sentence>
            <sentence id="5">
                <token content="When" id="5-1">
                    <pos type="WRB"/>
                    <lemma type="when"/>
                    <dep head="5-3" type="advmod"/>
                </token>
                <token content="I" id="5-2">
                    <pos type="PRP"/>
                    <lemma type="I"/>
                    <dep head="5-3" type="nsubj"/>
                </token>
                <token content="got" id="5-3">
                    <pos type="VBD"/>
                    <lemma type="get"/>
                    <dep head="5-9" type="advcl"/>
                </token>
                <token content="to" id="5-4"/>
                <token content="the" id="5-5">
                    <pos type="DT"/>
                    <lemma type="the"/>
                </token>
                <token content="store" id="5-6">
                    <pos type="NN"/>
                    <lemma type="store"/>
                    <dep head="5-3" type="prep"/>
                </token>
                <token content="," id="5-7"/>
                <token content="I" id="5-8">
                    <pos type="PRP"/>
                    <lemma type="I"/>
                    <dep head="5-9" type="nsubj"/>
                </token>
                <token content="made" id="5-9">
                    <pos type="VBD"/>
                    <lemma type="make"/>
                </token>
                <token content="sure" id="5-10">
                    <pos type="JJ"/>
                    <lemma type="sure"/>
                    <dep head="5-9" type="acomp"/>
                </token>
                <token content="I" id="5-11">
                    <pos type="PRP"/>
                    <lemma type="I"/>
                    <dep head="5-12" type="nsubj"/>
                </token>
                <token content="had" id="5-12">
                    <pos type="VBD"/>
                    <lemma type="have"/>
                </token>
                <token content="my" id="5-13">
                    <pos type="PRP$"/>
                    <lemma type="my"/>
                </token>
                <token content="list" id="5-14">
                    <pos type="NN"/>
                    <lemma type="list"/>
                    <dep head="5-12" type="dobj"/>
                </token>
                <token content="and" id="5-15"/>
                <token content="money" id="5-16">
                    <pos type="NN"/>
                    <lemma type="money"/>
                </token>
                <token content="and" id="5-17"/>
                <token content="got" id="5-18">
                    <pos type="VBD"/>
                    <lemma type="get"/>
                    <dep head="5-12" type="conj"/>
                </token>
                <token content="out" id="5-19"/>
                <token content="of" id="5-20"/>
                <token content="my" id="5-21">
                    <pos type="PRP$"/>
                    <lemma type="my"/>
                </token>
                <token content="car" id="5-22">
                    <pos type="NN"/>
                    <lemma type="car"/>
                    <dep head="5-18" type="prep"/>
                </token>
                <token content="." id="5-23"/>
            </sentence>
            <sentence id="6">
                <token content="I" id="6-1">
                    <pos type="PRP"/>
                    <lemma type="I"/>
                    <dep head="6-2" type="nsubj"/>
                </token>
                <token content="went" id="6-2">
                    <pos type="VBD"/>
                    <lemma type="go"/>
                </token>
                <token content="in" id="6-3">
                    <pos type="RP"/>
                    <lemma type="in"/>
                    <dep head="6-2" type="prt"/>
                </token>
                <token content="and" id="6-4"/>
                <token content="got" id="6-5">
                    <pos type="VBD"/>
                    <lemma type="get"/>
                    <dep head="6-2" type="conj"/>
                </token>
                <token content="a" id="6-6">
                    <pos type="DT"/>
                    <lemma type="a"/>
                </token>
                <token content="buggy" id="6-7">
                    <pos type="NN"/>
                    <lemma type="buggy"/>
                    <dep head="6-5" type="dobj"/>
                </token>
                <token content="." id="6-8"/>
            </sentence>
            <sentence id="7">
                <token content="As" id="7-1">
                    <pos type="IN"/>
                    <lemma type="as"/>
                    <dep head="7-3" type="mark"/>
                </token>
                <token content="I" id="7-2">
                    <pos type="PRP"/>
                    <lemma type="I"/>
                    <dep head="7-3" type="nsubj"/>
                </token>
                <token content="went" id="7-3">
                    <pos type="VBD"/>
                    <lemma type="go"/>
                    <dep head="7-9" type="advcl"/>
                </token>
                <token content="through" id="7-4"/>
                <token content="the" id="7-5">
                    <pos type="DT"/>
                    <lemma type="the"/>
                </token>
                <token content="store" id="7-6">
                    <pos type="NN"/>
                    <lemma type="store"/>
                    <dep head="7-3" type="prep"/>
                </token>
                <token content="," id="7-7"/>
                <token content="I" id="7-8">
                    <pos type="PRP"/>
                    <lemma type="I"/>
                    <dep head="7-9" type="nsubj"/>
                </token>
                <token content="got" id="7-9">
                    <pos type="VBD"/>
                    <lemma type="get"/>
                </token>
                <token content="things" id="7-10">
                    <pos type="NNS"/>
                    <lemma type="thing"/>
                    <dep head="7-9" type="dobj"/>
                </token>
                <token content="on" id="7-11"/>
                <token content="my" id="7-12">
                    <pos type="PRP$"/>
                    <lemma type="my"/>
                </token>
                <token content="list" id="7-13">
                    <pos type="NN"/>
                    <lemma type="list"/>
                    <dep head="7-9" type="prep"/>
                </token>
                <token content="to" id="7-14">
                    <pos type="TO"/>
                    <lemma type="to"/>
                    <dep head="7-15" type="aux"/>
                </token>
                <token content="last" id="7-15">
                    <pos type="VB"/>
                    <lemma type="last"/>
                </token>
                <token content="me" id="7-16">
                    <pos type="PRP"/>
                    <lemma type="I"/>
                    <dep head="7-15" type="dobj"/>
                </token>
                <token content="through" id="7-17"/>
                <token content="the" id="7-18">
                    <pos type="DT"/>
                    <lemma type="the"/>
                </token>
                <token content="week" id="7-19">
                    <pos type="NN"/>
                    <lemma type="week"/>
                    <dep head="7-15" type="prep"/>
                </token>
                <token content="." id="7-20"/>
            </sentence>
            <sentence id="8">
                <token content="I" id="8-1">
                    <pos type="PRP"/>
                    <lemma type="I"/>
                    <dep head="8-2" type="nsubj"/>
                </token>
                <token content="put" id="8-2">
                    <pos type="VBD"/>
                    <lemma type="put"/>
                </token>
                <token content="things" id="8-3">
                    <pos type="NNS"/>
                    <lemma type="thing"/>
                    <dep head="8-2" type="dobj"/>
                </token>
                <token content="like" id="8-4"/>
                <token content="fruit" id="8-5">
                    <pos type="NN"/>
                    <lemma type="fruit"/>
                    <dep head="8-2" type="prep"/>
                </token>
                <token content="," id="8-6"/>
                <token content="milk" id="8-7">
                    <pos type="NN"/>
                    <lemma type="milk"/>
                </token>
                <token content="," id="8-8"/>
                <token content="bread" id="8-9">
                    <pos type="NN"/>
                    <lemma type="bread"/>
                </token>
                <token content="," id="8-10"/>
                <token content="eggs" id="8-11">
                    <pos type="NNS"/>
                    <lemma type="egg"/>
                </token>
                <token content="," id="8-12"/>
                <token content="and" id="8-13"/>
                <token content="snacks" id="8-14">
                    <pos type="NNS"/>
                    <lemma type="snack"/>
                </token>
                <token content="in" id="8-15"/>
                <token content="my" id="8-16">
                    <pos type="PRP$"/>
                    <lemma type="my"/>
                </token>
                <token content="buggy" id="8-17">
                    <pos type="NN"/>
                    <lemma type="buggy"/>
                    <dep head="8-2" type="prep"/>
                </token>
                <token content="." id="8-18"/>
            </sentence>
            <sentence id="9">
                <token content="I" id="9-1">
                    <pos type="PRP"/>
                    <lemma type="I"/>
                    <dep head="9-3" type="nsubj"/>
                </token>
                <token content="also" id="9-2">
                    <pos type="RB"/>
                    <lemma type="also"/>
                    <dep head="9-3" type="advmod"/>
                </token>
                <token content="got" id="9-3">
                    <pos type="VBD"/>
                    <lemma type="get"/>
                </token>
                <token content="some" id="9-4">
                    <pos type="DT"/>
                    <lemma type="some"/>
                </token>
                <token content="things" id="9-5">
                    <pos type="NNS"/>
                    <lemma type="thing"/>
                    <dep head="9-3" type="dobj"/>
                </token>
                <token content="that" id="9-6">
                    <pos type="IN"/>
                    <lemma type="that"/>
                    <dep head="9-9" type="mark"/>
                </token>
                <token content="I" id="9-7">
                    <pos type="PRP"/>
                    <lemma type="I"/>
                    <dep head="9-9" type="nsubj"/>
                </token>
                <token content="can" id="9-8">
                    <pos type="MD"/>
                    <lemma type="can"/>
                    <dep head="9-9" type="aux"/>
                </token>
                <token content="make" id="9-9">
                    <pos type="VB"/>
                    <lemma type="make"/>
                    <dep head="9-3" type="ccomp"/>
                </token>
                <token content="meals" id="9-10">
                    <pos type="NNS"/>
                    <lemma type="meal"/>
                    <dep head="9-9" type="dobj"/>
                </token>
                <token content="with" id="9-11">
                    <pos type="IN"/>
                    <lemma type="with"/>
                    <dep head="9-9" type="prep"/>
                </token>
                <token content="," id="9-12"/>
                <token content="like" id="9-13"/>
                <token content="meat" id="9-14">
                    <pos type="NN"/>
                    <lemma type="meat"/>
                    <dep head="9-9" type="prep"/>
                </token>
                <token content="," id="9-15"/>
                <token content="vegetables" id="9-16">
                    <pos type="NNS"/>
                    <lemma type="vegetable"/>
                </token>
                <token content="," id="9-17"/>
                <token content="and" id="9-18"/>
                <token content="macaroni" id="9-19">
                    <pos type="NN"/>
                    <lemma type="macaroni"/>
                </token>
                <token content="and" id="9-20"/>
                <token content="cheese" id="9-21">
                    <pos type="NN"/>
                    <lemma type="cheese"/>
                </token>
                <token content="." id="9-22"/>
            </sentence>
            <sentence id="10">
                <token content="When" id="10-1">
                    <pos type="WRB"/>
                    <lemma type="when"/>
                    <dep head="10-4" type="advmod"/>
                </token>
                <token content="I" id="10-2">
                    <pos type="PRP"/>
                    <lemma type="I"/>
                    <dep head="10-4" type="nsubjpass"/>
                </token>
                <token content="was" id="10-3">
                    <pos type="VBD"/>
                    <lemma type="be"/>
                    <dep head="10-4" type="auxpass"/>
                </token>
                <token content="done" id="10-4">
                    <pos type="VBN"/>
                    <lemma type="do"/>
                    <dep head="10-12" type="advcl"/>
                </token>
                <token content="getting" id="10-5">
                    <pos type="VBG"/>
                    <lemma type="get"/>
                    <dep head="10-4" type="xcomp"/>
                </token>
                <token content="everything" id="10-6">
                    <pos type="NN"/>
                    <lemma type="everything"/>
                    <dep head="10-5" type="dobj"/>
                </token>
                <token content="on" id="10-7"/>
                <token content="the" id="10-8">
                    <pos type="DT"/>
                    <lemma type="the"/>
                </token>
                <token content="list" id="10-9">
                    <pos type="NN"/>
                    <lemma type="list"/>
                    <dep head="10-5" type="prep"/>
                </token>
                <token content="," id="10-10"/>
                <token content="I" id="10-11">
                    <pos type="PRP"/>
                    <lemma type="I"/>
                    <dep head="10-12" type="nsubj"/>
                </token>
                <token content="headed" id="10-12">
                    <pos type="VBD"/>
                    <lemma type="head"/>
                </token>
                <token content="to" id="10-13"/>
                <token content="the" id="10-14">
                    <pos type="DT"/>
                    <lemma type="the"/>
                </token>
                <token content="front" id="10-15">
                    <pos type="NN"/>
                    <lemma type="front"/>
                    <dep head="10-12" type="prep"/>
                </token>
                <token content="of" id="10-16"/>
                <token content="the" id="10-17">
                    <pos type="DT"/>
                    <lemma type="the"/>
                </token>
                <token content="store" id="10-18">
                    <pos type="NN"/>
                    <lemma type="store"/>
                </token>
                <token content="." id="10-19"/>
            </sentence>
            <sentence id="11">
                <token content="There" id="11-1">
                    <pos type="EX"/>
                    <lemma type="there"/>
                    <dep head="11-2" type="expl"/>
                </token>
                <token content="was" id="11-2">
                    <pos type="VBD"/>
                    <lemma type="be"/>
                </token>
                <token content="a" id="11-3">
                    <pos type="DT"/>
                    <lemma type="a"/>
                </token>
                <token content="line" id="11-4">
                    <pos type="NN"/>
                    <lemma type="line"/>
                    <dep head="11-2" type="nsubj"/>
                </token>
                <token content="at" id="11-5"/>
                <token content="the" id="11-6">
                    <pos type="DT"/>
                    <lemma type="the"/>
                </token>
                <token content="cash" id="11-7">
                    <pos type="NN"/>
                    <lemma type="cash"/>
                </token>
                <token content="register" id="11-8">
                    <pos type="NN"/>
                    <lemma type="register"/>
                </token>
                <token content="," id="11-9"/>
                <token content="so" id="11-10">
                    <pos type="IN"/>
                    <lemma type="so"/>
                    <dep head="11-2" type="dep"/>
                </token>
                <token content="I" id="11-11">
                    <pos type="PRP"/>
                    <lemma type="I"/>
                    <dep head="11-12" type="nsubj"/>
                </token>
                <token content="got" id="11-12">
                    <pos type="VBD"/>
                    <lemma type="get"/>
                    <dep head="11-2" type="parataxis"/>
                </token>
                <token content="in" id="11-13"/>
                <token content="line" id="11-14">
                    <pos type="NN"/>
                    <lemma type="line"/>
                    <dep head="11-12" type="prep"/>
                </token>
                <token content="to" id="11-15">
                    <pos type="TO"/>
                    <lemma type="to"/>
                    <dep head="11-16" type="aux"/>
                </token>
                <token content="wait" id="11-16">
                    <pos type="VB"/>
                    <lemma type="wait"/>
                    <dep head="11-12" type="xcomp"/>
                </token>
                <token content="my" id="11-17">
                    <pos type="PRP$"/>
                    <lemma type="my"/>
                </token>
                <token content="turn" id="11-18">
                    <pos type="NN"/>
                    <lemma type="turn"/>
                    <dep head="11-16" type="dobj"/>
                </token>
                <token content="." id="11-19"/>
            </sentence>
            <sentence id="12">
                <token content="Once" id="12-1">
                    <pos type="IN"/>
                    <lemma type="once"/>
                </token>
                <token content="it" id="12-2">
                    <pos type="PRP"/>
                    <lemma type="it"/>
                </token>
                <token content="was" id="12-3">
                    <pos type="VBD"/>
                    <lemma type="be"/>
                </token>
                <token content="my" id="12-4">
                    <pos type="PRP$"/>
                    <lemma type="my"/>
                </token>
                <token content="turn" id="12-5">
                    <pos type="NN"/>
                    <lemma type="turn"/>
                    <dep head="12-8" type="advcl"/>
                </token>
                <token content="," id="12-6"/>
                <token content="I" id="12-7">
                    <pos type="PRP"/>
                    <lemma type="I"/>
                    <dep head="12-8" type="nsubj"/>
                </token>
                <token content="put" id="12-8">
                    <pos type="VBD"/>
                    <lemma type="put"/>
                </token>
                <token content="all" id="12-9">
                    <pos type="DT"/>
                    <lemma type="all"/>
                    <dep head="12-8" type="dobj"/>
                </token>
                <token content="of" id="12-10"/>
                <token content="my" id="12-11">
                    <pos type="PRP$"/>
                    <lemma type="my"/>
                </token>
                <token content="items" id="12-12">
                    <pos type="NNS"/>
                    <lemma type="item"/>
                </token>
                <token content="onto" id="12-13"/>
                <token content="the" id="12-14">
                    <pos type="DT"/>
                    <lemma type="the"/>
                </token>
                <token content="counter" id="12-15">
                    <pos type="NN"/>
                    <lemma type="counter"/>
                    <dep head="12-8" type="prep"/>
                </token>
                <token content="for" id="12-16"/>
                <token content="the" id="12-17">
                    <pos type="DT"/>
                    <lemma type="the"/>
                </token>
                <token content="cashier" id="12-18">
                    <pos type="NN"/>
                    <lemma type="cashier"/>
                </token>
                <token content="to" id="12-19">
                    <pos type="TO"/>
                    <lemma type="to"/>
                    <dep head="12-20" type="aux"/>
                </token>
                <token content="ring" id="12-20">
                    <pos type="VB"/>
                    <lemma type="ring"/>
                </token>
                <token content="up" id="12-21">
                    <pos type="RP"/>
                    <lemma type="up"/>
                    <dep head="12-20" type="prt"/>
                </token>
                <token content="." id="12-22"/>
            </sentence>
            <sentence id="13">
                <token content="She" id="13-1">
                    <pos type="PRP"/>
                    <lemma type="she"/>
                </token>
                <token content="was" id="13-2">
                    <pos type="VBD"/>
                    <lemma type="be"/>
                </token>
                <token content="a" id="13-3">
                    <pos type="DT"/>
                    <lemma type="a"/>
                </token>
                <token content="very" id="13-4">
                    <pos type="RB"/>
                    <lemma type="very"/>
                </token>
                <token content="sweet" id="13-5">
                    <pos type="JJ"/>
                    <lemma type="sweet"/>
                </token>
                <token content="young" id="13-6">
                    <pos type="JJ"/>
                    <lemma type="young"/>
                </token>
                <token content="girl" id="13-7">
                    <pos type="NN"/>
                    <lemma type="girl"/>
                </token>
                <token content="and" id="13-8"/>
                <token content="made" id="13-9">
                    <pos type="VBN"/>
                    <lemma type="make"/>
                </token>
                <token content="conversation" id="13-10">
                    <pos type="NN"/>
                    <lemma type="conversation"/>
                    <dep head="13-9" type="dobj"/>
                </token>
                <token content="while" id="13-11"/>
                <token content="ringing" id="13-12">
                    <pos type="VBG"/>
                    <lemma type="ring"/>
                    <dep head="13-9" type="prepc"/>
                </token>
                <token content="up" id="13-13">
                    <pos type="RP"/>
                    <lemma type="up"/>
                    <dep head="13-12" type="prt"/>
                </token>
                <token content="my" id="13-14">
                    <pos type="PRP$"/>
                    <lemma type="my"/>
                </token>
                <token content="groceries" id="13-15">
                    <pos type="NNS"/>
                    <lemma type="grocery"/>
                    <dep head="13-12" type="dobj"/>
                </token>
                <token content="." id="13-16"/>
            </sentence>
            <sentence id="14">
                <token content="After" id="14-1">
                    <pos type="IN"/>
                    <lemma type="after"/>
                    <dep head="14-3" type="mark"/>
                </token>
                <token content="she" id="14-2">
                    <pos type="PRP"/>
                    <lemma type="she"/>
                    <dep head="14-3" type="nsubj"/>
                </token>
                <token content="rung" id="14-3">
                    <pos type="VBN"/>
                    <lemma type="ring"/>
                    <dep head="14-10" type="advcl"/>
                </token>
                <token content="up" id="14-4">
                    <pos type="RP"/>
                    <lemma type="up"/>
                    <dep head="14-3" type="prt"/>
                </token>
                <token content="and" id="14-5"/>
                <token content="scanned" id="14-6">
                    <pos type="VBN"/>
                    <lemma type="scan"/>
                    <dep head="14-3" type="conj"/>
                </token>
                <token content="everything" id="14-7">
                    <pos type="NN"/>
                    <lemma type="everything"/>
                    <dep head="14-6" type="dobj"/>
                </token>
                <token content="," id="14-8"/>
                <token content="I" id="14-9">
                    <pos type="PRP"/>
                    <lemma type="I"/>
                    <dep head="14-10" type="nsubj"/>
                </token>
                <token content="paid" id="14-10">
                    <pos type="VBD"/>
                    <lemma type="pay"/>
                </token>
                <token content="her" id="14-11">
                    <pos type="PRP"/>
                    <lemma type="she"/>
                    <dep head="14-10" type="dobj"/>
                </token>
                <token content="and" id="14-12"/>
                <token content="got" id="14-13">
                    <pos type="VBD"/>
                    <lemma type="get"/>
                    <dep head="14-10" type="conj"/>
                </token>
                <token content="my" id="14-14">
                    <pos type="PRP$"/>
                    <lemma type="my"/>
                </token>
                <token content="things" id="14-15">
                    <pos type="NNS"/>
                    <lemma type="thing"/>
                    <dep head="14-13" type="dobj"/>
                </token>
                <token content="back" id="14-16">
                    <pos type="RP"/>
                    <lemma type="back"/>
                    <dep head="14-13" type="prt"/>
                </token>
                <token content="into" id="14-17"/>
                <token content="my" id="14-18">
                    <pos type="PRP$"/>
                    <lemma type="my"/>
                </token>
                <token content="buggy" id="14-19">
                    <pos type="NN"/>
                    <lemma type="buggy"/>
                    <dep head="14-13" type="prep"/>
                </token>
                <token content="." id="14-20"/>
            </sentence>
            <sentence id="15">
                <token content="Then" id="15-1">
                    <pos type="RB"/>
                    <lemma type="then"/>
                    <dep head="15-5" type="advmod"/>
                </token>
                <token content="I" id="15-2">
                    <pos type="PRP"/>
                    <lemma type="I"/>
                    <dep head="15-5" type="nsubjpass"/>
                </token>
                <token content="was" id="15-3">
                    <pos type="VBD"/>
                    <lemma type="be"/>
                    <dep head="15-5" type="auxpass"/>
                </token>
                <token content="all" id="15-4">
                    <pos type="RB"/>
                    <lemma type="all"/>
                    <dep head="15-5" type="advmod"/>
                </token>
                <token content="done" id="15-5">
                    <pos type="VBN"/>
                    <lemma type="do"/>
                </token>
                <token content="!" id="15-6"/>
            </sentence>
            <sentence id="16">
                <token content="I" id="16-1">
                    <pos type="PRP"/>
                    <lemma type="I"/>
                    <dep head="16-2" type="nsubj"/>
                </token>
                <token content="headed" id="16-2">
                    <pos type="VBD"/>
                    <lemma type="head"/>
                </token>
                <token content="to" id="16-3"/>
                <token content="the" id="16-4">
                    <pos type="DT"/>
                    <lemma type="the"/>
                </token>
                <token content="car" id="16-5">
                    <pos type="NN"/>
                    <lemma type="car"/>
                    <dep head="16-2" type="prep"/>
                </token>
                <token content="to" id="16-6">
                    <pos type="TO"/>
                    <lemma type="to"/>
                    <dep head="16-7" type="aux"/>
                </token>
                <token content="put" id="16-7">
                    <pos type="VB"/>
                    <lemma type="put"/>
                    <dep head="16-2" type="xcomp"/>
                </token>
                <token content="my" id="16-8">
                    <pos type="PRP$"/>
                    <lemma type="my"/>
                </token>
                <token content="groceries" id="16-9">
                    <pos type="NNS"/>
                    <lemma type="grocery"/>
                    <dep head="16-7" type="dobj"/>
                </token>
                <token content="in" id="16-10"/>
                <token content="the" id="16-11">
                    <pos type="DT"/>
                    <lemma type="the"/>
                </token>
                <token content="trunk" id="16-12">
                    <pos type="NN"/>
                    <lemma type="trunk"/>
                    <dep head="16-7" type="prep"/>
                </token>
                <token content="and" id="16-13"/>
                <token content="return" id="16-14">
                    <pos type="VB"/>
                    <lemma type="return"/>
                    <dep head="16-7" type="conj"/>
                </token>
                <token content="the" id="16-15">
                    <pos type="DT"/>
                    <lemma type="the"/>
                </token>
                <token content="buggy" id="16-16">
                    <pos type="NN"/>
                    <lemma type="buggy"/>
                    <dep head="16-14" type="dobj"/>
                </token>
                <token content="." id="16-17"/>
            </sentence>
            <sentence id="17">
                <token content="It" id="17-1">
                    <pos type="PRP"/>
                    <lemma type="it"/>
                </token>
                <token content="was" id="17-2">
                    <pos type="VBD"/>
                    <lemma type="be"/>
                </token>
                <token content="a" id="17-3">
                    <pos type="DT"/>
                    <lemma type="a"/>
                </token>
                <token content="nice" id="17-4">
                    <pos type="JJ"/>
                    <lemma type="nice"/>
                </token>
                <token content="and" id="17-5"/>
                <token content="quick" id="17-6">
                    <pos type="JJ"/>
                    <lemma type="quick"/>
                </token>
                <token content="grocery" id="17-7">
                    <pos type="NN"/>
                    <lemma type="grocery"/>
                </token>
                <token content="trip" id="17-8">
                    <pos type="NN"/>
                    <lemma type="trip"/>
                </token>
                <token content="." id="17-9"/>
            </sentence>
        </sentences>
    </text>
    <annotations>
        <participants>
            <label from="1-2" id="0" name="NPart" text="Friday" type="participant"/>
            <label from="1-4" id="1" name="ScrPart_shopper" text="I" type="participant"/>
            <label from="1-6" id="2" name="ScrPart_groceries" text="grocery" type="participant"/>
            <label from="1-9" id="3" name="ScrPart_shopper" text="I" type="participant"/>
            <label from="1-12" id="4" name="NPart" text="Friday" type="participant"/>
            <label from="2-3" id="5" name="No_label" text="thing" type="participant"/>
            <label from="2-4" id="6" name="ScrPart_shopper" text="I" type="participant"/>
            <label from="2-10" id="7" name="NPart" text="house" type="participant"/>
            <label from="2-15" id="8" name="ScrPart_shopper" text="I" type="participant"/>
            <label from="2-19" id="9" name="ScrPart_grocery_shop" text="grocery store" to="2-20" type="participant"/>
            <label from="2-20" id="10" name="ScrPart_grocery_shop" text="store" type="participant"/>
            <label from="3-1" id="11" name="ScrPart_shopper" text="I" type="participant"/>
            <label from="3-5" id="12" name="ScrPart_grocery_list" text="list" type="participant"/>
            <label from="3-9" id="13" name="ScrPart_shopper" text="I" type="participant"/>
            <label from="3-13" id="14" name="No_label" text="anything" type="participant"/>
            <label from="4-1" id="15" name="ScrPart_shopper" text="I" type="participant"/>
            <label from="4-5" id="16" name="ScrPart_grocery_shop" text="grocery store" to="4-6" type="participant"/>
            <label from="4-6" id="17" name="ScrPart_grocery_shop" text="store" type="participant"/>
            <label from="4-8" id="18" name="NPart" text="lunch time" to="4-9" type="participant"/>
            <label from="4-9" id="19" name="NPart" text="time" type="participant"/>
            <label from="5-2" id="20" name="ScrPart_shopper" text="I" type="participant"/>
            <label from="5-6" id="21" name="ScrPart_grocery_shop" text="store" type="participant"/>
            <label from="5-8" id="22" name="ScrPart_shopper" text="I" type="participant"/>
            <label from="5-11" id="23" name="ScrPart_shopper" text="I" type="participant"/>
            <label from="5-13" id="24" name="ScrPart_shopper" text="my" type="participant"/>
            <label from="5-14" id="25" name="ScrPart_grocery_list" text="list" type="participant"/>
            <label from="5-16" id="26" name="ScrPart_payment_means" text="money" type="participant"/>
            <label from="5-21" id="27" name="ScrPart_shopper" text="my" type="participant"/>
            <label from="5-22" id="28" name="ScrPart_vehicle" text="car" type="participant"/>
            <label from="6-1" id="29" name="ScrPart_shopper" text="I" type="participant"/>
            <label from="6-7" id="30" name="ScrPart_shopping_cart/basket" text="buggy" type="participant"/>
            <label from="7-2" id="31" name="ScrPart_shopper" text="I" type="participant"/>
            <label from="7-6" id="32" name="ScrPart_grocery_shop" text="store" type="participant"/>
            <label from="7-8" id="33" name="ScrPart_shopper" text="I" type="participant"/>
            <label from="7-10" id="34" name="ScrPart_groceries" text="things" type="participant"/>
            <label from="7-12" id="35" name="ScrPart_shopper" text="my" type="participant"/>
            <label from="7-13" id="36" name="ScrPart_grocery_list" text="list" type="participant"/>
            <label from="7-16" id="37" name="ScrPart_shopper" text="me" type="participant"/>
            <label from="7-19" id="38" name="NPart" text="week" type="participant"/>
            <label from="8-1" id="39" name="ScrPart_shopper" text="I" type="participant"/>
            <label from="8-3" id="40" name="ScrPart_groceries" text="things" type="participant"/>
            <label from="8-5" id="41" name="ScrPart_groceries" text="fruit" type="participant"/>
            <label from="8-7" id="42" name="ScrPart_groceries" text="milk" type="participant"/>
            <label from="8-9" id="43" name="ScrPart_groceries" text="bread" type="participant"/>
            <label from="8-11" id="44" name="ScrPart_groceries" text="eggs" type="participant"/>
            <label from="8-14" id="45" name="ScrPart_groceries" text="snacks" type="participant"/>
            <label from="8-16" id="46" name="ScrPart_shopper" text="my" type="participant"/>
            <label from="8-17" id="47" name="ScrPart_shopping_cart/basket" text="buggy" type="participant"/>
            <label from="9-1" id="48" name="ScrPart_shopper" text="I" type="participant"/>
            <label from="9-5" id="49" name="ScrPart_groceries" text="things" type="participant"/>
            <label from="9-7" id="50" name="ScrPart_shopper" text="I" type="participant"/>
            <label from="9-10" id="51" name="NPart" text="meals" type="participant"/>
            <label from="9-14" id="52" name="ScrPart_groceries" text="meat" type="participant"/>
            <label from="9-16" id="53" name="ScrPart_groceries" text="vegetables" type="participant"/>
            <label from="9-19" id="54" name="ScrPart_groceries" text="macaroni" type="participant"/>
            <label from="9-21" id="55" name="ScrPart_groceries" text="cheese" type="participant"/>
            <label from="10-2" id="56" name="ScrPart_shopper" text="I" type="participant"/>
            <label from="10-6" id="57" name="ScrPart_groceries" text="everything" type="participant"/>
            <label from="10-9" id="58" name="ScrPart_grocery_list" text="list" type="participant"/>
            <label from="10-11" id="59" name="ScrPart_shopper" text="I" type="participant"/>
            <label from="10-15" id="60" name="ScrPart_section" text="front" type="participant"/>
            <label from="10-18" id="61" name="ScrPart_grocery_shop" text="store" type="participant"/>
            <label from="11-4" id="62" name="ScrPart_line" text="line" type="participant"/>
            <label from="11-7" id="63" name="ScrPart_cash_desk" text="cash register" to="11-8" type="participant"/>
            <label from="11-8" id="64" name="ScrPart_cash_desk" text="register" type="participant"/>
            <label from="11-11" id="65" name="ScrPart_shopper" text="I" type="participant"/>
            <label from="11-14" id="66" name="ScrPart_line" text="line" type="participant"/>
            <label from="11-17" id="67" name="ScrPart_shopper" text="my" type="participant"/>
            <label from="11-18" id="68" name="SuppVComp" text="turn" type="participant"/>
            <label from="12-2" id="69" name="No_label" text="it" type="participant"/>
            <label from="12-4" id="70" name="ScrPart_shopper" text="my" type="participant"/>
            <label from="12-5" id="71" name="SuppVComp" text="turn" type="participant"/>
            <label from="12-7" id="72" name="ScrPart_shopper" text="I" type="participant"/>
            <label from="12-11" id="73" name="ScrPart_shopper" text="my" type="participant"/>
            <label from="12-12" id="74" name="ScrPart_groceries" text="items" type="participant"/>
            <label from="12-15" id="75" name="ScrPart_cash_desk" text="counter" type="participant"/>
            <label from="12-18" id="76" name="ScrPart_grocery_staff" text="cashier" type="participant"/>
            <label from="13-1" id="77" name="ScrPart_grocery_staff" text="She" type="participant"/>
            <label from="13-7" id="78" name="ScrPart_grocery_staff" text="girl" type="participant"/>
            <label from="13-10" id="79" name="SuppVComp" text="conversation" type="participant"/>
            <label from="13-14" id="80" name="ScrPart_shopper" text="my" type="participant"/>
            <label from="13-15" id="81" name="ScrPart_groceries" text="groceries" type="participant"/>
            <label from="14-2" id="82" name="ScrPart_grocery_staff" text="she" type="participant"/>
            <label from="14-7" id="83" name="ScrPart_groceries" text="everything" type="participant"/>
            <label from="14-9" id="84" name="ScrPart_shopper" text="I" type="participant"/>
            <label from="14-11" id="85" name="ScrPart_grocery_staff" text="her" type="participant"/>
            <label from="14-14" id="86" name="ScrPart_shopper" text="my" type="participant"/>
            <label from="14-15" id="87" name="ScrPart_groceries" text="things" type="participant"/>
            <label from="14-18" id="88" name="ScrPart_shopper" text="my" type="participant"/>
            <label from="14-19" id="89" name="ScrPart_shopping_cart/basket" text="buggy" type="participant"/>
            <label from="15-2" id="90" name="ScrPart_shopper" text="I" type="participant"/>
            <label from="16-1" id="91" name="ScrPart_shopper" text="I" type="participant"/>
            <label from="16-5" id="92" name="ScrPart_vehicle" text="car" type="participant"/>
            <label from="16-8" id="93" name="ScrPart_shopper" text="my" type="participant"/>
            <label from="16-9" id="94" name="ScrPart_groceries" text="groceries" type="participant"/>
            <label from="16-12" id="95" name="NPart" text="trunk" type="participant"/>
            <label from="16-16" id="96" name="ScrPart_shopping_cart/basket" text="buggy" type="participant"/>
            <label from="17-1" id="97" name="No_label" text="It" type="participant"/>
        </participants>
        <events>
            <label from="1-5" id="98" name="Evoking" text="went grocery shopping" to="1-7" type="event"/>
            <label from="1-7" id="99" name="ScrEv_get_groceries" text="shopping" type="event"/>
            <label from="1-10" id="100" name="UnrelEv" text="do" type="event"/>
            <label from="2-5" id="101" name="UnrelEv" text="did" type="event"/>
            <label from="2-7" id="102" name="RelNScrEv" text="looked" type="event"/>
            <label from="2-12" id="103" name="RelNScrEv" text="see" type="event"/>
            <label from="2-16" id="104" name="UnrelEv" text="needed" type="event"/>
            <label from="3-3" id="105" name="ScrEv_make_list" text="make" type="event"/>
            <label from="3-12" id="106" name="UnrelEv" text="forget" type="event"/>
            <label from="4-2" id="107" name="Evoking" text="went to the grocery store" to="4-6" type="event"/>
            <label from="5-3" id="108" name="ScrEv_go_grocery" text="got" type="event"/>
            <label from="5-12" id="109" name="UnrelEv" text="had" type="event"/>
            <label from="5-18" id="110" name="RelNScrEv" text="got" type="event"/>
            <label from="6-2" id="111" name="ScrEv_enter" text="went in" to="6-3" type="event"/>
            <label from="6-5" id="112" name="ScrEv_take_shop_cart" text="got" type="event"/>
            <label from="7-3" id="113" name="ScrEv_move_section" text="went" type="event"/>
            <label from="7-9" id="114" name="ScrEv_get_groceries" text="got" type="event"/>
            <label from="7-15" id="115" name="UnrelEv" text="last" type="event"/>
            <label from="8-2" id="116" name="ScrEv_get_groceries" text="put" type="event"/>
            <label from="9-3" id="117" name="ScrEv_get_groceries" text="got" type="event"/>
            <label from="9-9" id="118" name="UnrelEv" text="make" type="event"/>
            <label from="10-5" id="119" name="ScrEv_get_groceries" text="getting" type="event"/>
            <label from="10-12" id="120" name="ScrEv_go_checkout" text="headed" type="event"/>
            <label from="11-2" id="121" name="UnrelEv" text="was" type="event"/>
            <label from="11-12" id="122" name="ScrEv_go_checkout" text="got" type="event"/>
            <label from="11-16" id="123" name="ScrEv_wait" text="wait" type="event"/>
            <label from="12-3" id="124" name="UnrelEv" text="was" type="event"/>
            <label from="12-8" id="125" name="ScrEv_put_conveyor" text="put" type="event"/>
            <label from="12-20" id="126" name="ScrEv_cashier_scan/weight" text="ring up" to="12-21" type="event"/>
            <label from="13-2" id="127" name="UnrelEv" text="was" type="event"/>
            <label from="13-9" id="128" name="RelNScrEv" text="made" type="event"/>
            <label from="13-12" id="129" name="ScrEv_cashier_scan/weight" text="ringing up" to="13-13" type="event"/>
            <label from="14-3" id="130" name="ScrEv_cashier_scan/weight" text="rung up" to="14-4" type="event"/>
            <label from="14-6" id="131" name="ScrEv_cashier_scan/weight" text="scanned" type="event"/>
            <label from="14-10" id="132" name="ScrEv_pay" text="paid" type="event"/>
            <label from="14-13" id="133" name="RelNScrEv" text="got" type="event"/>
            <label from="15-3" id="134" name="UnrelEv" text="was" type="event"/>
            <label from="16-2" id="135" name="ScrEv_bring_vehicle" text="headed" type="event"/>
            <label from="16-7" id="136" name="ScrEv_bring_vehicle" text="put" type="event"/>
            <label from="16-14" id="137" name="RelNScrEv" text="return" type="event"/>
            <label from="17-2" id="138" name="UnrelEv" text="was" type="event"/>
            <label from="17-7" id="139" name="Evoking" text="grocery trip" to="17-8" type="event"/>
        </events>
        <chains>
            <chain elements="1 3 6 8 11 13 15 20 22 23 24 27 29 31 33 35 37 39 48 50 56 59 65 67 70 72 73 80 84 86 88 90 91 93 46"/>
            <chain elements="10 17 21 32 61"/>
            <chain elements="12 25 36 58"/>
            <chain elements="30 47 89 96"/>
            <chain elements="62 66"/>
            <chain elements="68 71"/>
            <chain elements="57 74 81 83 87 94"/>
            <chain elements="76 77 78 82 85"/>
            <chain elements="28 92"/>
            <chain elements="34 40"/>
        </chains>
    </annotations>
</story>
