<?xml version="1.0" encoding="UTF-8" standalone="no"?>
<!DOCTYPE story SYSTEM "../InScript.dtd">
<story id="014" scenario="grocery">
    <text>
        <content>Today I went grocery shopping . 
I do most of my grocery shopping at Wal-Mart . 
Unlike most people , I do n't make a list - I just grab my wallet and think about what I need , and run to the next bus and go ! 
Once I 'm there , I made sure I got the essentials : milk , cereal , meats , things to make meals with meats , et cetera . 
I had some leftover money as well , so I grabbed some fun stuff too : frozen pizza , ice cream for dessert , and a few big bottles of soda . 
After that , I got in line at self-checkout , scanned and bagged everything , and paid with my debit card . 
After that , I hauled my groceries outside to wait for the bus home , stopping to check the time . 
I played some hand-held video games for about 5 minutes at the bus stop and getting on . 
Once I was a block away from home , I got off the bus and carried my groceries in , putting cold things in the fridge , frozen things in the freezer , and everything else in the cabinets . 
Phew . 
What a chore ! </content>
        <sentences>
            <sentence id="1">
                <token content="Today" id="1-1">
                    <pos type="NN"/>
                    <lemma type="today"/>
                    <dep head="1-3" type="tmod"/>
                </token>
                <token content="I" id="1-2">
                    <pos type="PRP"/>
                    <lemma type="I"/>
                    <dep head="1-3" type="nsubj"/>
                </token>
                <token content="went" id="1-3">
                    <pos type="VBD"/>
                    <lemma type="go"/>
                </token>
                <token content="grocery" id="1-4">
                    <pos type="NN"/>
                    <lemma type="grocery"/>
                </token>
                <token content="shopping" id="1-5">
                    <pos type="NN"/>
                    <lemma type="shopping"/>
                    <dep head="1-3" type="dobj"/>
                </token>
                <token content="." id="1-6"/>
            </sentence>
            <sentence id="2">
                <token content="I" id="2-1">
                    <pos type="PRP"/>
                    <lemma type="I"/>
                    <dep head="2-2" type="nsubj"/>
                </token>
                <token content="do" id="2-2">
                    <pos type="VBP"/>
                    <lemma type="do"/>
                </token>
                <token content="most" id="2-3">
                    <pos type="JJS"/>
                    <lemma type="most"/>
                    <dep head="2-2" type="dobj"/>
                </token>
                <token content="of" id="2-4"/>
                <token content="my" id="2-5">
                    <pos type="PRP$"/>
                    <lemma type="my"/>
                </token>
                <token content="grocery" id="2-6">
                    <pos type="NN"/>
                    <lemma type="grocery"/>
                </token>
                <token content="shopping" id="2-7">
                    <pos type="NN"/>
                    <lemma type="shopping"/>
                </token>
                <token content="at" id="2-8"/>
                <token content="Wal-Mart" id="2-9">
                    <pos type="NNP"/>
                    <lemma type="Wal-Mart"/>
                    <dep head="2-2" type="prep"/>
                </token>
                <token content="." id="2-10"/>
            </sentence>
            <sentence id="3">
                <token content="Unlike" id="3-1"/>
                <token content="most" id="3-2">
                    <pos type="JJS"/>
                    <lemma type="most"/>
                </token>
                <token content="people" id="3-3">
                    <pos type="NNS"/>
                    <lemma type="people"/>
                    <dep head="3-8" type="prep"/>
                </token>
                <token content="," id="3-4"/>
                <token content="I" id="3-5">
                    <pos type="PRP"/>
                    <lemma type="I"/>
                    <dep head="3-8" type="nsubj"/>
                </token>
                <token content="do" id="3-6">
                    <pos type="VBP"/>
                    <lemma type="do"/>
                    <dep head="3-8" type="aux"/>
                </token>
                <token content="n't" id="3-7">
                    <pos type="RB"/>
                    <lemma type="not"/>
                    <dep head="3-8" type="neg"/>
                </token>
                <token content="make" id="3-8">
                    <pos type="VB"/>
                    <lemma type="make"/>
                </token>
                <token content="a" id="3-9">
                    <pos type="DT"/>
                    <lemma type="a"/>
                </token>
                <token content="list" id="3-10">
                    <pos type="NN"/>
                    <lemma type="list"/>
                    <dep head="3-8" type="dobj"/>
                </token>
                <token content="-" id="3-11"/>
                <token content="I" id="3-12">
                    <pos type="PRP"/>
                    <lemma type="I"/>
                    <dep head="3-14" type="nsubj"/>
                </token>
                <token content="just" id="3-13">
                    <pos type="RB"/>
                    <lemma type="just"/>
                    <dep head="3-14" type="advmod"/>
                </token>
                <token content="grab" id="3-14">
                    <pos type="VB"/>
                    <lemma type="grab"/>
                    <dep head="3-8" type="parataxis"/>
                </token>
                <token content="my" id="3-15">
                    <pos type="PRP$"/>
                    <lemma type="my"/>
                </token>
                <token content="wallet" id="3-16">
                    <pos type="NN"/>
                    <lemma type="wallet"/>
                    <dep head="3-14" type="dobj"/>
                </token>
                <token content="and" id="3-17"/>
                <token content="think" id="3-18">
                    <pos type="VB"/>
                    <lemma type="think"/>
                    <dep head="3-14" type="conj"/>
                </token>
                <token content="about" id="3-19"/>
                <token content="what" id="3-20">
                    <pos type="WP"/>
                    <lemma type="what"/>
                    <dep head="3-22" type="dobj"/>
                </token>
                <token content="I" id="3-21">
                    <pos type="PRP"/>
                    <lemma type="I"/>
                    <dep head="3-22" type="nsubj"/>
                </token>
                <token content="need" id="3-22">
                    <pos type="VBP"/>
                    <lemma type="need"/>
                    <dep head="3-18" type="prepc"/>
                </token>
                <token content="," id="3-23"/>
                <token content="and" id="3-24"/>
                <token content="run" id="3-25">
                    <pos type="VB"/>
                    <lemma type="run"/>
                    <dep head="3-14" type="conj"/>
                </token>
                <token content="to" id="3-26"/>
                <token content="the" id="3-27">
                    <pos type="DT"/>
                    <lemma type="the"/>
                </token>
                <token content="next" id="3-28">
                    <pos type="JJ"/>
                    <lemma type="next"/>
                </token>
                <token content="bus" id="3-29">
                    <pos type="NN"/>
                    <lemma type="bus"/>
                    <dep head="3-25" type="prep"/>
                </token>
                <token content="and" id="3-30"/>
                <token content="go" id="3-31">
                    <pos type="VB"/>
                    <lemma type="go"/>
                    <dep head="3-25" type="conj"/>
                </token>
                <token content="!" id="3-32"/>
            </sentence>
            <sentence id="4">
                <token content="Once" id="4-1">
                    <pos type="IN"/>
                    <lemma type="once"/>
                    <dep head="4-3" type="mark"/>
                </token>
                <token content="I" id="4-2">
                    <pos type="PRP"/>
                    <lemma type="I"/>
                    <dep head="4-3" type="nsubj"/>
                </token>
                <token content="'m" id="4-3">
                    <pos type="VBP"/>
                    <lemma type="be"/>
                    <dep head="4-7" type="advcl"/>
                </token>
                <token content="there" id="4-4">
                    <pos type="RB"/>
                    <lemma type="there"/>
                    <dep head="4-3" type="advmod"/>
                </token>
                <token content="," id="4-5"/>
                <token content="I" id="4-6">
                    <pos type="PRP"/>
                    <lemma type="I"/>
                    <dep head="4-7" type="nsubj"/>
                </token>
                <token content="made" id="4-7">
                    <pos type="VBD"/>
                    <lemma type="make"/>
                </token>
                <token content="sure" id="4-8">
                    <pos type="JJ"/>
                    <lemma type="sure"/>
                    <dep head="4-7" type="acomp"/>
                </token>
                <token content="I" id="4-9">
                    <pos type="PRP"/>
                    <lemma type="I"/>
                    <dep head="4-10" type="nsubj"/>
                </token>
                <token content="got" id="4-10">
                    <pos type="VBD"/>
                    <lemma type="get"/>
                </token>
                <token content="the" id="4-11">
                    <pos type="DT"/>
                    <lemma type="the"/>
                </token>
                <token content="essentials" id="4-12">
                    <pos type="NNS"/>
                    <lemma type="essential"/>
                    <dep head="4-10" type="dobj"/>
                </token>
                <token content=":" id="4-13"/>
                <token content="milk" id="4-14">
                    <pos type="NN"/>
                    <lemma type="milk"/>
                    <dep head="4-18" type="nsubj"/>
                </token>
                <token content="," id="4-15"/>
                <token content="cereal" id="4-16">
                    <pos type="NN"/>
                    <lemma type="cereal"/>
                </token>
                <token content="," id="4-17"/>
                <token content="meats" id="4-18">
                    <pos type="VBZ"/>
                    <lemma type="meat"/>
                    <dep head="4-7" type="parataxis"/>
                </token>
                <token content="," id="4-19"/>
                <token content="things" id="4-20">
                    <pos type="NNS"/>
                    <lemma type="thing"/>
                    <dep head="4-18" type="dobj"/>
                </token>
                <token content="to" id="4-21">
                    <pos type="TO"/>
                    <lemma type="to"/>
                    <dep head="4-22" type="aux"/>
                </token>
                <token content="make" id="4-22">
                    <pos type="VB"/>
                    <lemma type="make"/>
                    <dep head="4-18" type="xcomp"/>
                </token>
                <token content="meals" id="4-23">
                    <pos type="NNS"/>
                    <lemma type="meal"/>
                    <dep head="4-22" type="dobj"/>
                </token>
                <token content="with" id="4-24"/>
                <token content="meats" id="4-25">
                    <pos type="NNS"/>
                    <lemma type="meat"/>
                    <dep head="4-22" type="prep"/>
                </token>
                <token content="," id="4-26"/>
                <token content="et" id="4-27"/>
                <token content="cetera" id="4-28">
                    <pos type="NN"/>
                    <lemma type="cetera"/>
                </token>
                <token content="." id="4-29"/>
            </sentence>
            <sentence id="5">
                <token content="I" id="5-1">
                    <pos type="PRP"/>
                    <lemma type="I"/>
                    <dep head="5-2" type="nsubj"/>
                </token>
                <token content="had" id="5-2">
                    <pos type="VBD"/>
                    <lemma type="have"/>
                </token>
                <token content="some" id="5-3">
                    <pos type="DT"/>
                    <lemma type="some"/>
                </token>
                <token content="leftover" id="5-4">
                    <pos type="NN"/>
                    <lemma type="leftover"/>
                </token>
                <token content="money" id="5-5">
                    <pos type="NN"/>
                    <lemma type="money"/>
                    <dep head="5-2" type="dobj"/>
                </token>
                <token content="as" id="5-6">
                    <pos type="RB"/>
                    <lemma type="as"/>
                </token>
                <token content="well" id="5-7">
                    <pos type="RB"/>
                    <lemma type="well"/>
                    <dep head="5-2" type="advmod"/>
                </token>
                <token content="," id="5-8"/>
                <token content="so" id="5-9">
                    <pos type="IN"/>
                    <lemma type="so"/>
                    <dep head="5-2" type="dep"/>
                </token>
                <token content="I" id="5-10">
                    <pos type="PRP"/>
                    <lemma type="I"/>
                    <dep head="5-11" type="nsubj"/>
                </token>
                <token content="grabbed" id="5-11">
                    <pos type="VBD"/>
                    <lemma type="grab"/>
                    <dep head="5-2" type="parataxis"/>
                </token>
                <token content="some" id="5-12">
                    <pos type="DT"/>
                    <lemma type="some"/>
                </token>
                <token content="fun" id="5-13">
                    <pos type="NN"/>
                    <lemma type="fun"/>
                </token>
                <token content="stuff" id="5-14">
                    <pos type="NN"/>
                    <lemma type="stuff"/>
                    <dep head="5-11" type="dobj"/>
                </token>
                <token content="too" id="5-15">
                    <pos type="RB"/>
                    <lemma type="too"/>
                    <dep head="5-11" type="advmod"/>
                </token>
                <token content=":" id="5-16"/>
                <token content="frozen" id="5-17">
                    <pos type="VBN"/>
                    <lemma type="freeze"/>
                </token>
                <token content="pizza" id="5-18">
                    <pos type="NN"/>
                    <lemma type="pizza"/>
                    <dep head="5-11" type="dobj"/>
                </token>
                <token content="," id="5-19"/>
                <token content="ice" id="5-20">
                    <pos type="NN"/>
                    <lemma type="ice"/>
                </token>
                <token content="cream" id="5-21">
                    <pos type="NN"/>
                    <lemma type="cream"/>
                </token>
                <token content="for" id="5-22"/>
                <token content="dessert" id="5-23">
                    <pos type="NN"/>
                    <lemma type="dessert"/>
                </token>
                <token content="," id="5-24"/>
                <token content="and" id="5-25"/>
                <token content="a" id="5-26">
                    <pos type="DT"/>
                    <lemma type="a"/>
                </token>
                <token content="few" id="5-27">
                    <pos type="JJ"/>
                    <lemma type="few"/>
                </token>
                <token content="big" id="5-28">
                    <pos type="JJ"/>
                    <lemma type="big"/>
                </token>
                <token content="bottles" id="5-29">
                    <pos type="NNS"/>
                    <lemma type="bottle"/>
                </token>
                <token content="of" id="5-30"/>
                <token content="soda" id="5-31">
                    <pos type="NN"/>
                    <lemma type="soda"/>
                </token>
                <token content="." id="5-32"/>
            </sentence>
            <sentence id="6">
                <token content="After" id="6-1"/>
                <token content="that" id="6-2">
                    <pos type="DT"/>
                    <lemma type="that"/>
                    <dep head="6-5" type="prep"/>
                </token>
                <token content="," id="6-3"/>
                <token content="I" id="6-4">
                    <pos type="PRP"/>
                    <lemma type="I"/>
                    <dep head="6-5" type="nsubj"/>
                </token>
                <token content="got" id="6-5">
                    <pos type="VBD"/>
                    <lemma type="get"/>
                </token>
                <token content="in" id="6-6"/>
                <token content="line" id="6-7">
                    <pos type="NN"/>
                    <lemma type="line"/>
                    <dep head="6-5" type="prep"/>
                </token>
                <token content="at" id="6-8"/>
                <token content="self-checkout" id="6-9">
                    <pos type="JJ"/>
                    <lemma type="self-checkout"/>
                </token>
                <token content="," id="6-10"/>
                <token content="scanned" id="6-11">
                    <pos type="JJ"/>
                    <lemma type="scanned"/>
                </token>
                <token content="and" id="6-12"/>
                <token content="bagged" id="6-13">
                    <pos type="JJ"/>
                    <lemma type="bagged"/>
                </token>
                <token content="everything" id="6-14">
                    <pos type="NN"/>
                    <lemma type="everything"/>
                    <dep head="6-5" type="prep"/>
                </token>
                <token content="," id="6-15"/>
                <token content="and" id="6-16"/>
                <token content="paid" id="6-17">
                    <pos type="VBD"/>
                    <lemma type="pay"/>
                    <dep head="6-5" type="conj"/>
                </token>
                <token content="with" id="6-18"/>
                <token content="my" id="6-19">
                    <pos type="PRP$"/>
                    <lemma type="my"/>
                </token>
                <token content="debit" id="6-20">
                    <pos type="JJ"/>
                    <lemma type="debit"/>
                </token>
                <token content="card" id="6-21">
                    <pos type="NN"/>
                    <lemma type="card"/>
                    <dep head="6-17" type="prep"/>
                </token>
                <token content="." id="6-22"/>
            </sentence>
            <sentence id="7">
                <token content="After" id="7-1"/>
                <token content="that" id="7-2">
                    <pos type="DT"/>
                    <lemma type="that"/>
                    <dep head="7-5" type="prep"/>
                </token>
                <token content="," id="7-3"/>
                <token content="I" id="7-4">
                    <pos type="PRP"/>
                    <lemma type="I"/>
                    <dep head="7-5" type="nsubj"/>
                </token>
                <token content="hauled" id="7-5">
                    <pos type="VBD"/>
                    <lemma type="haul"/>
                </token>
                <token content="my" id="7-6">
                    <pos type="PRP$"/>
                    <lemma type="my"/>
                </token>
                <token content="groceries" id="7-7">
                    <pos type="NNS"/>
                    <lemma type="grocery"/>
                    <dep head="7-5" type="dobj"/>
                </token>
                <token content="outside" id="7-8"/>
                <token content="to" id="7-9">
                    <pos type="TO"/>
                    <lemma type="to"/>
                    <dep head="7-10" type="aux"/>
                </token>
                <token content="wait" id="7-10">
                    <pos type="VB"/>
                    <lemma type="wait"/>
                    <dep head="7-5" type="prep"/>
                </token>
                <token content="for" id="7-11"/>
                <token content="the" id="7-12">
                    <pos type="DT"/>
                    <lemma type="the"/>
                </token>
                <token content="bus" id="7-13">
                    <pos type="NN"/>
                    <lemma type="bus"/>
                </token>
                <token content="home" id="7-14">
                    <pos type="NN"/>
                    <lemma type="home"/>
                    <dep head="7-10" type="prep"/>
                </token>
                <token content="," id="7-15"/>
                <token content="stopping" id="7-16">
                    <pos type="VBG"/>
                    <lemma type="stop"/>
                    <dep head="7-5" type="vmod"/>
                </token>
                <token content="to" id="7-17">
                    <pos type="TO"/>
                    <lemma type="to"/>
                    <dep head="7-18" type="aux"/>
                </token>
                <token content="check" id="7-18">
                    <pos type="VB"/>
                    <lemma type="check"/>
                    <dep head="7-16" type="xcomp"/>
                </token>
                <token content="the" id="7-19">
                    <pos type="DT"/>
                    <lemma type="the"/>
                </token>
                <token content="time" id="7-20">
                    <pos type="NN"/>
                    <lemma type="time"/>
                    <dep head="7-18" type="dobj"/>
                </token>
                <token content="." id="7-21"/>
            </sentence>
            <sentence id="8">
                <token content="I" id="8-1">
                    <pos type="PRP"/>
                    <lemma type="I"/>
                    <dep head="8-2" type="nsubj"/>
                </token>
                <token content="played" id="8-2">
                    <pos type="VBD"/>
                    <lemma type="play"/>
                </token>
                <token content="some" id="8-3">
                    <pos type="DT"/>
                    <lemma type="some"/>
                </token>
                <token content="hand-held" id="8-4">
                    <pos type="JJ"/>
                    <lemma type="hand-held"/>
                </token>
                <token content="video" id="8-5">
                    <pos type="NN"/>
                    <lemma type="video"/>
                </token>
                <token content="games" id="8-6">
                    <pos type="NNS"/>
                    <lemma type="game"/>
                    <dep head="8-2" type="dobj"/>
                </token>
                <token content="for" id="8-7"/>
                <token content="about" id="8-8">
                    <pos type="RB"/>
                    <lemma type="about"/>
                </token>
                <token content="5" id="8-9">
                    <pos type="CD"/>
                    <lemma type="5"/>
                </token>
                <token content="minutes" id="8-10">
                    <pos type="NNS"/>
                    <lemma type="minute"/>
                    <dep head="8-2" type="prep"/>
                </token>
                <token content="at" id="8-11"/>
                <token content="the" id="8-12">
                    <pos type="DT"/>
                    <lemma type="the"/>
                </token>
                <token content="bus" id="8-13">
                    <pos type="NN"/>
                    <lemma type="bus"/>
                </token>
                <token content="stop" id="8-14">
                    <pos type="NN"/>
                    <lemma type="stop"/>
                    <dep head="8-2" type="prep"/>
                </token>
                <token content="and" id="8-15"/>
                <token content="getting" id="8-16">
                    <pos type="VBG"/>
                    <lemma type="get"/>
                    <dep head="8-2" type="conj"/>
                </token>
                <token content="on" id="8-17">
                    <pos type="RP"/>
                    <lemma type="on"/>
                    <dep head="8-16" type="prt"/>
                </token>
                <token content="." id="8-18"/>
            </sentence>
            <sentence id="9">
                <token content="Once" id="9-1">
                    <pos type="IN"/>
                    <lemma type="once"/>
                    <dep head="9-3" type="mark"/>
                </token>
                <token content="I" id="9-2">
                    <pos type="PRP"/>
                    <lemma type="I"/>
                    <dep head="9-3" type="nsubj"/>
                </token>
                <token content="was" id="9-3">
                    <pos type="VBD"/>
                    <lemma type="be"/>
                    <dep head="9-11" type="advcl"/>
                </token>
                <token content="a" id="9-4">
                    <pos type="DT"/>
                    <lemma type="a"/>
                </token>
                <token content="block" id="9-5">
                    <pos type="NN"/>
                    <lemma type="block"/>
                    <dep head="9-3" type="npadvmod"/>
                </token>
                <token content="away" id="9-6"/>
                <token content="from" id="9-7"/>
                <token content="home" id="9-8">
                    <pos type="NN"/>
                    <lemma type="home"/>
                    <dep head="9-3" type="prep"/>
                </token>
                <token content="," id="9-9"/>
                <token content="I" id="9-10">
                    <pos type="PRP"/>
                    <lemma type="I"/>
                    <dep head="9-11" type="nsubj"/>
                </token>
                <token content="got" id="9-11">
                    <pos type="VBD"/>
                    <lemma type="get"/>
                </token>
                <token content="off" id="9-12">
                    <pos type="RP"/>
                    <lemma type="off"/>
                    <dep head="9-11" type="prt"/>
                </token>
                <token content="the" id="9-13">
                    <pos type="DT"/>
                    <lemma type="the"/>
                </token>
                <token content="bus" id="9-14">
                    <pos type="NN"/>
                    <lemma type="bus"/>
                    <dep head="9-11" type="dobj"/>
                </token>
                <token content="and" id="9-15"/>
                <token content="carried" id="9-16">
                    <pos type="VBD"/>
                    <lemma type="carry"/>
                    <dep head="9-11" type="conj"/>
                </token>
                <token content="my" id="9-17">
                    <pos type="PRP$"/>
                    <lemma type="my"/>
                </token>
                <token content="groceries" id="9-18">
                    <pos type="NNS"/>
                    <lemma type="grocery"/>
                    <dep head="9-16" type="dobj"/>
                </token>
                <token content="in" id="9-19">
                    <pos type="IN"/>
                    <lemma type="in"/>
                    <dep head="9-16" type="prep"/>
                </token>
                <token content="," id="9-20"/>
                <token content="putting" id="9-21">
                    <pos type="VBG"/>
                    <lemma type="put"/>
                    <dep head="9-16" type="dep"/>
                </token>
                <token content="cold" id="9-22">
                    <pos type="JJ"/>
                    <lemma type="cold"/>
                </token>
                <token content="things" id="9-23">
                    <pos type="NNS"/>
                    <lemma type="thing"/>
                    <dep head="9-21" type="dobj"/>
                </token>
                <token content="in" id="9-24"/>
                <token content="the" id="9-25">
                    <pos type="DT"/>
                    <lemma type="the"/>
                </token>
                <token content="fridge" id="9-26">
                    <pos type="NN"/>
                    <lemma type="fridge"/>
                </token>
                <token content="," id="9-27"/>
                <token content="frozen" id="9-28">
                    <pos type="JJ"/>
                    <lemma type="frozen"/>
                </token>
                <token content="things" id="9-29">
                    <pos type="NNS"/>
                    <lemma type="thing"/>
                </token>
                <token content="in" id="9-30"/>
                <token content="the" id="9-31">
                    <pos type="DT"/>
                    <lemma type="the"/>
                </token>
                <token content="freezer" id="9-32">
                    <pos type="NN"/>
                    <lemma type="freezer"/>
                </token>
                <token content="," id="9-33"/>
                <token content="and" id="9-34"/>
                <token content="everything" id="9-35">
                    <pos type="NN"/>
                    <lemma type="everything"/>
                </token>
                <token content="else" id="9-36">
                    <pos type="RB"/>
                    <lemma type="else"/>
                </token>
                <token content="in" id="9-37"/>
                <token content="the" id="9-38">
                    <pos type="DT"/>
                    <lemma type="the"/>
                </token>
                <token content="cabinets" id="9-39">
                    <pos type="NNS"/>
                    <lemma type="cabinet"/>
                </token>
                <token content="." id="9-40"/>
            </sentence>
            <sentence id="10">
                <token content="Phew" id="10-1"/>
                <token content="." id="10-2"/>
            </sentence>
            <sentence id="11">
                <token content="What" id="11-1">
                    <pos type="WP"/>
                    <lemma type="what"/>
                </token>
                <token content="a" id="11-2">
                    <pos type="DT"/>
                    <lemma type="a"/>
                </token>
                <token content="chore" id="11-3">
                    <pos type="NN"/>
                    <lemma type="chore"/>
                </token>
                <token content="!" id="11-4"/>
            </sentence>
        </sentences>
    </text>
    <annotations>
        <participants>
            <label from="1-1" id="0" name="NPart" text="Today" type="participant"/>
            <label from="1-2" id="1" name="ScrPart_shopper" text="I" type="participant"/>
            <label from="1-4" id="2" name="ScrPart_groceries" text="grocery" type="participant"/>
            <label from="2-1" id="3" name="ScrPart_shopper" text="I" type="participant"/>
            <label from="2-5" id="4" name="ScrPart_shopper" text="my" type="participant"/>
            <label from="2-9" id="5" name="ScrPart_grocery_shop" text="Wal-Mart" type="participant"/>
            <label from="3-3" id="6" name="NPart" text="people" type="participant"/>
            <label from="3-5" id="7" name="ScrPart_grocery_shop" text="I" type="participant"/>
            <label from="3-10" id="8" name="ScrPart_grocery_list" text="list" type="participant"/>
            <label from="3-12" id="9" name="ScrPart_shopper" text="I" type="participant"/>
            <label from="3-15" id="10" name="ScrPart_shopper" text="my" type="participant"/>
            <label from="3-16" id="11" name="NPart" text="wallet" type="participant"/>
            <label from="3-21" id="12" name="ScrPart_shopper" text="I" type="participant"/>
            <label from="3-29" id="13" name="NPart" text="bus" type="participant"/>
            <label from="4-2" id="14" name="ScrPart_shopper" text="I" type="participant"/>
            <label from="4-4" id="15" name="ScrPart_grocery_shop" text="there" type="participant"/>
            <label from="4-6" id="16" name="ScrPart_shopper" text="I" type="participant"/>
            <label from="4-9" id="17" name="ScrPart_shopper" text="I" type="participant"/>
            <label from="4-12" id="18" name="ScrPart_groceries" text="essentials" type="participant"/>
            <label from="4-14" id="19" name="ScrPart_groceries" text="milk" type="participant"/>
            <label from="4-16" id="20" name="ScrPart_groceries" text="cereal" type="participant"/>
            <label from="4-18" id="21" name="ScrPart_groceries" text="meats" type="participant"/>
            <label from="4-20" id="22" name="ScrPart_groceries" text="things" type="participant"/>
            <label from="4-23" id="23" name="NPart" text="meals" type="participant"/>
            <label from="4-25" id="24" name="ScrPart_groceries" text="meats" type="participant"/>
            <label from="5-1" id="25" name="ScrPart_shopper" text="I" type="participant"/>
            <label from="5-5" id="26" name="ScrPart_payment_means" text="money" type="participant"/>
            <label from="5-10" id="27" name="ScrPart_shopper" text="I" type="participant"/>
            <label from="5-13" id="28" name="ScrPart_groceries" text="fun stuff" to="5-14" type="participant"/>
            <label from="5-14" id="29" name="ScrPart_groceries" text="stuff" type="participant"/>
            <label from="5-18" id="30" name="ScrPart_groceries" text="pizza" type="participant"/>
            <label from="5-20" id="31" name="ScrPart_groceries" text="ice cream" to="5-21" type="participant"/>
            <label from="5-23" id="32" name="NPart" text="dessert" type="participant"/>
            <label from="5-29" id="33" name="ScrPart_packing" text="bottles" type="participant"/>
            <label from="5-31" id="34" name="ScrPart_groceries" text="soda" type="participant"/>
            <label from="6-4" id="35" name="ScrPart_shopper" text="I" type="participant"/>
            <label from="6-7" id="36" name="ScrPart_line" text="line" type="participant"/>
            <label from="6-9" id="37" name="ScrPart_cash_desk" text="self-checkout" type="participant"/>
            <label from="6-14" id="38" name="ScrPart_groceries" text="everything" type="participant"/>
            <label from="6-19" id="39" name="ScrPart_shopper" text="my" type="participant"/>
            <label from="6-20" id="40" name="ScrPart_payment_means" text="debit card" to="6-21" type="participant"/>
            <label from="6-21" id="41" name="ScrPart_payment_means" text="card" type="participant"/>
            <label from="7-4" id="42" name="ScrPart_shopper" text="I" type="participant"/>
            <label from="7-6" id="43" name="ScrPart_shopper" text="my" type="participant"/>
            <label from="7-7" id="44" name="ScrPart_groceries" text="groceries" type="participant"/>
            <label from="7-13" id="45" name="NPart" text="bus" type="participant"/>
            <label from="7-14" id="46" name="NPart" text="home" type="participant"/>
            <label from="7-20" id="47" name="NPart" text="time" type="participant"/>
            <label from="8-1" id="48" name="ScrPart_shopper" text="I" type="participant"/>
            <label from="8-5" id="49" name="NPart" text="video games" to="8-6" type="participant"/>
            <label from="8-6" id="50" name="NPart" text="games" type="participant"/>
            <label from="8-10" id="51" name="NPart" text="minutes" type="participant"/>
            <label from="8-13" id="52" name="NPart" text="bus stop" to="8-14" type="participant"/>
            <label from="8-14" id="53" name="NPart" text="stop" type="participant"/>
            <label from="9-2" id="54" name="ScrPart_shopper" text="I" type="participant"/>
            <label from="9-5" id="55" name="NPart" text="block" type="participant"/>
            <label from="9-8" id="56" name="NPart" text="home" type="participant"/>
            <label from="9-10" id="57" name="ScrPart_shopper" text="I" type="participant"/>
            <label from="9-14" id="58" name="NPart" text="bus" type="participant"/>
            <label from="9-17" id="59" name="ScrPart_shopper" text="my" type="participant"/>
            <label from="9-18" id="60" name="ScrPart_groceries" text="groceries" type="participant"/>
            <label from="9-23" id="61" name="ScrPart_groceries" text="things" type="participant"/>
            <label from="9-26" id="62" name="NPart" text="fridge" type="participant"/>
            <label from="9-29" id="63" name="ScrPart_groceries" text="things" type="participant"/>
            <label from="9-32" id="64" name="NPart" text="freezer" type="participant"/>
            <label from="9-35" id="65" name="ScrPart_groceries" text="everything" type="participant"/>
            <label from="9-39" id="66" name="NPart" text="cabinets" type="participant"/>
            <label from="11-3" id="67" name="NPart" text="chore" type="participant"/>
        </participants>
        <events>
            <label from="1-3" id="68" name="Evoking" text="went grocery shopping" to="1-5" type="event"/>
            <label from="1-5" id="69" name="ScrEv_get_groceries" text="shopping" type="event"/>
            <label from="2-2" id="70" name="UnrelEv" text="do" type="event"/>
            <label from="2-6" id="71" name="Evoking" text="grocery shopping" to="2-7" type="event"/>
            <label from="3-8" id="72" name="ScrEv_make_list" text="make" type="event"/>
            <label from="3-14" id="73" name="RelNScrEv" text="grab" type="event"/>
            <label from="3-18" id="74" name="UnrelEv" text="think" type="event"/>
            <label from="3-22" id="75" name="UnrelEv" text="need" type="event"/>
            <label from="3-25" id="76" name="UnrelEv" text="run" type="event"/>
            <label from="3-31" id="77" name="ScrEv_go_grocery" text="go" type="event"/>
            <label from="4-3" id="78" name="UnrelEv" text="'m" type="event"/>
            <label from="4-10" id="79" name="ScrEv_get_groceries" text="got" type="event"/>
            <label from="4-22" id="80" name="UnrelEv" text="make" type="event"/>
            <label from="5-2" id="81" name="UnrelEv" text="had" type="event"/>
            <label from="5-11" id="82" name="ScrEv_get_groceries" text="grabbed" type="event"/>
            <label from="6-5" id="83" name="ScrEv_go_checkout" text="got" type="event"/>
            <label from="6-11" id="84" name="Unclear" text="scanned" type="event"/>
            <label from="6-13" id="85" name="ScrEv_pack_groceries" text="bagged" type="event"/>
            <label from="6-17" id="86" name="ScrEv_pay" text="paid" type="event"/>
            <label from="7-5" id="87" name="ScrEv_bring_vehicle" text="hauled" type="event"/>
            <label from="7-10" id="88" name="UnrelEv" text="wait" type="event"/>
            <label from="7-16" id="89" name="UnrelEv" text="stopping" type="event"/>
            <label from="7-18" id="90" name="UnrelEv" text="check" type="event"/>
            <label from="8-2" id="91" name="UnrelEv" text="played" type="event"/>
            <label from="8-16" id="92" name="UnrelEv" text="getting on" to="8-17" type="event"/>
            <label from="9-3" id="93" name="UnrelEv" text="was" type="event"/>
            <label from="9-11" id="94" name="UnrelEv" text="got off" to="9-12" type="event"/>
            <label from="9-16" id="95" name="RelNScrEv" text="carried" type="event"/>
            <label from="9-21" id="96" name="RelNScrEv" text="putting" type="event"/>
        </events>
        <chains>
            <chain elements="1 3 4 7 9 10 12 14 16 17 25 27 35 39 42 43 48 54 57 59"/>
            <chain elements="5 15"/>
            <chain elements="29 30 31 34" name="group_pizza_icecream_soda"/>
            <chain elements="38 44 60"/>
            <chain elements="21 24"/>
            <chain elements="46 56"/>
            <chain elements="45 58"/>
        </chains>
    </annotations>
</story>
