<?xml version="1.0" encoding="UTF-8" standalone="no"?>
<!DOCTYPE story SYSTEM "../InScript.dtd">
<story id="015" scenario="grocery">
    <text>
        <content>Yesterday I went grocery shopping . 
Before I left the house , I made sure I had my shopping list , my wallet , and my reusable shopping bags with me . 
I then walked to my local grocery store . 
When I entered the store , I picked up a shopping basket near the entrance . 
I then looked at my shopping list to see what I needed to buy . 
I walked through the aisles , selecting the items I had written on my shopping list and placing them in my shopping basket . 
When I had everything I needed , I lined up at the checkout . 
When it was my turn , I handed my shopping basket and my reusable shopping bags to the lady working at the checkout . 
She scanned my items , and another man placed all my items in my shopping bags . 
When everything had been scanned , the lady told me how much my groceries cost , and I handed her the correct amount of money . 
I then picked up my bags and left the store . </content>
        <sentences>
            <sentence id="1">
                <token content="Yesterday" id="1-1">
                    <pos type="NN"/>
                    <lemma type="yesterday"/>
                    <dep head="1-3" type="tmod"/>
                </token>
                <token content="I" id="1-2">
                    <pos type="PRP"/>
                    <lemma type="I"/>
                    <dep head="1-3" type="nsubj"/>
                </token>
                <token content="went" id="1-3">
                    <pos type="VBD"/>
                    <lemma type="go"/>
                </token>
                <token content="grocery" id="1-4">
                    <pos type="NN"/>
                    <lemma type="grocery"/>
                </token>
                <token content="shopping" id="1-5">
                    <pos type="NN"/>
                    <lemma type="shopping"/>
                    <dep head="1-3" type="dobj"/>
                </token>
                <token content="." id="1-6"/>
            </sentence>
            <sentence id="2">
                <token content="Before" id="2-1">
                    <pos type="IN"/>
                    <lemma type="before"/>
                    <dep head="2-3" type="mark"/>
                </token>
                <token content="I" id="2-2">
                    <pos type="PRP"/>
                    <lemma type="I"/>
                    <dep head="2-3" type="nsubj"/>
                </token>
                <token content="left" id="2-3">
                    <pos type="VBD"/>
                    <lemma type="leave"/>
                    <dep head="2-8" type="advcl"/>
                </token>
                <token content="the" id="2-4">
                    <pos type="DT"/>
                    <lemma type="the"/>
                </token>
                <token content="house" id="2-5">
                    <pos type="NN"/>
                    <lemma type="house"/>
                    <dep head="2-3" type="dobj"/>
                </token>
                <token content="," id="2-6"/>
                <token content="I" id="2-7">
                    <pos type="PRP"/>
                    <lemma type="I"/>
                    <dep head="2-8" type="nsubj"/>
                </token>
                <token content="made" id="2-8">
                    <pos type="VBD"/>
                    <lemma type="make"/>
                </token>
                <token content="sure" id="2-9">
                    <pos type="JJ"/>
                    <lemma type="sure"/>
                    <dep head="2-8" type="acomp"/>
                </token>
                <token content="I" id="2-10">
                    <pos type="PRP"/>
                    <lemma type="I"/>
                    <dep head="2-11" type="nsubj"/>
                </token>
                <token content="had" id="2-11">
                    <pos type="VBD"/>
                    <lemma type="have"/>
                </token>
                <token content="my" id="2-12">
                    <pos type="PRP$"/>
                    <lemma type="my"/>
                </token>
                <token content="shopping" id="2-13">
                    <pos type="NN"/>
                    <lemma type="shopping"/>
                </token>
                <token content="list" id="2-14">
                    <pos type="NN"/>
                    <lemma type="list"/>
                    <dep head="2-11" type="dobj"/>
                </token>
                <token content="," id="2-15"/>
                <token content="my" id="2-16">
                    <pos type="PRP$"/>
                    <lemma type="my"/>
                </token>
                <token content="wallet" id="2-17">
                    <pos type="NN"/>
                    <lemma type="wallet"/>
                </token>
                <token content="," id="2-18"/>
                <token content="and" id="2-19"/>
                <token content="my" id="2-20">
                    <pos type="PRP$"/>
                    <lemma type="my"/>
                </token>
                <token content="reusable" id="2-21">
                    <pos type="JJ"/>
                    <lemma type="reusable"/>
                </token>
                <token content="shopping" id="2-22">
                    <pos type="NN"/>
                    <lemma type="shopping"/>
                </token>
                <token content="bags" id="2-23">
                    <pos type="NNS"/>
                    <lemma type="bag"/>
                </token>
                <token content="with" id="2-24"/>
                <token content="me" id="2-25">
                    <pos type="PRP"/>
                    <lemma type="I"/>
                    <dep head="2-11" type="prep"/>
                </token>
                <token content="." id="2-26"/>
            </sentence>
            <sentence id="3">
                <token content="I" id="3-1">
                    <pos type="PRP"/>
                    <lemma type="I"/>
                    <dep head="3-3" type="nsubj"/>
                </token>
                <token content="then" id="3-2">
                    <pos type="RB"/>
                    <lemma type="then"/>
                    <dep head="3-3" type="advmod"/>
                </token>
                <token content="walked" id="3-3">
                    <pos type="VBD"/>
                    <lemma type="walk"/>
                </token>
                <token content="to" id="3-4"/>
                <token content="my" id="3-5">
                    <pos type="PRP$"/>
                    <lemma type="my"/>
                </token>
                <token content="local" id="3-6">
                    <pos type="JJ"/>
                    <lemma type="local"/>
                </token>
                <token content="grocery" id="3-7">
                    <pos type="NN"/>
                    <lemma type="grocery"/>
                </token>
                <token content="store" id="3-8">
                    <pos type="NN"/>
                    <lemma type="store"/>
                    <dep head="3-3" type="prep"/>
                </token>
                <token content="." id="3-9"/>
            </sentence>
            <sentence id="4">
                <token content="When" id="4-1">
                    <pos type="WRB"/>
                    <lemma type="when"/>
                    <dep head="4-3" type="advmod"/>
                </token>
                <token content="I" id="4-2">
                    <pos type="PRP"/>
                    <lemma type="I"/>
                    <dep head="4-3" type="nsubj"/>
                </token>
                <token content="entered" id="4-3">
                    <pos type="VBD"/>
                    <lemma type="enter"/>
                    <dep head="4-8" type="advcl"/>
                </token>
                <token content="the" id="4-4">
                    <pos type="DT"/>
                    <lemma type="the"/>
                </token>
                <token content="store" id="4-5">
                    <pos type="NN"/>
                    <lemma type="store"/>
                    <dep head="4-3" type="dobj"/>
                </token>
                <token content="," id="4-6"/>
                <token content="I" id="4-7">
                    <pos type="PRP"/>
                    <lemma type="I"/>
                    <dep head="4-8" type="nsubj"/>
                </token>
                <token content="picked" id="4-8">
                    <pos type="VBD"/>
                    <lemma type="pick"/>
                </token>
                <token content="up" id="4-9">
                    <pos type="RP"/>
                    <lemma type="up"/>
                    <dep head="4-8" type="prt"/>
                </token>
                <token content="a" id="4-10">
                    <pos type="DT"/>
                    <lemma type="a"/>
                </token>
                <token content="shopping" id="4-11">
                    <pos type="VBG"/>
                    <lemma type="shop"/>
                </token>
                <token content="basket" id="4-12">
                    <pos type="NN"/>
                    <lemma type="basket"/>
                    <dep head="4-8" type="dobj"/>
                </token>
                <token content="near" id="4-13"/>
                <token content="the" id="4-14">
                    <pos type="DT"/>
                    <lemma type="the"/>
                </token>
                <token content="entrance" id="4-15">
                    <pos type="NN"/>
                    <lemma type="entrance"/>
                </token>
                <token content="." id="4-16"/>
            </sentence>
            <sentence id="5">
                <token content="I" id="5-1">
                    <pos type="PRP"/>
                    <lemma type="I"/>
                    <dep head="5-3" type="nsubj"/>
                </token>
                <token content="then" id="5-2">
                    <pos type="RB"/>
                    <lemma type="then"/>
                    <dep head="5-3" type="advmod"/>
                </token>
                <token content="looked" id="5-3">
                    <pos type="VBD"/>
                    <lemma type="look"/>
                </token>
                <token content="at" id="5-4"/>
                <token content="my" id="5-5">
                    <pos type="PRP$"/>
                    <lemma type="my"/>
                </token>
                <token content="shopping" id="5-6">
                    <pos type="NN"/>
                    <lemma type="shopping"/>
                </token>
                <token content="list" id="5-7">
                    <pos type="NN"/>
                    <lemma type="list"/>
                    <dep head="5-3" type="prep"/>
                </token>
                <token content="to" id="5-8">
                    <pos type="TO"/>
                    <lemma type="to"/>
                    <dep head="5-9" type="aux"/>
                </token>
                <token content="see" id="5-9">
                    <pos type="VB"/>
                    <lemma type="see"/>
                    <dep head="5-3" type="xcomp"/>
                </token>
                <token content="what" id="5-10">
                    <pos type="WP"/>
                    <lemma type="what"/>
                    <dep head="5-12" type="dobj"/>
                </token>
                <token content="I" id="5-11">
                    <pos type="PRP"/>
                    <lemma type="I"/>
                    <dep head="5-12" type="nsubj"/>
                </token>
                <token content="needed" id="5-12">
                    <pos type="VBD"/>
                    <lemma type="need"/>
                    <dep head="5-9" type="ccomp"/>
                </token>
                <token content="to" id="5-13">
                    <pos type="TO"/>
                    <lemma type="to"/>
                    <dep head="5-14" type="aux"/>
                </token>
                <token content="buy" id="5-14">
                    <pos type="VB"/>
                    <lemma type="buy"/>
                    <dep head="5-12" type="xcomp"/>
                </token>
                <token content="." id="5-15"/>
            </sentence>
            <sentence id="6">
                <token content="I" id="6-1">
                    <pos type="PRP"/>
                    <lemma type="I"/>
                    <dep head="6-2" type="nsubj"/>
                </token>
                <token content="walked" id="6-2">
                    <pos type="VBD"/>
                    <lemma type="walk"/>
                </token>
                <token content="through" id="6-3"/>
                <token content="the" id="6-4">
                    <pos type="DT"/>
                    <lemma type="the"/>
                </token>
                <token content="aisles" id="6-5">
                    <pos type="NNS"/>
                    <lemma type="aisle"/>
                    <dep head="6-2" type="prep"/>
                </token>
                <token content="," id="6-6"/>
                <token content="selecting" id="6-7">
                    <pos type="VBG"/>
                    <lemma type="select"/>
                    <dep head="6-2" type="ccomp"/>
                </token>
                <token content="the" id="6-8">
                    <pos type="DT"/>
                    <lemma type="the"/>
                </token>
                <token content="items" id="6-9">
                    <pos type="NNS"/>
                    <lemma type="item"/>
                    <dep head="6-7" type="dobj"/>
                </token>
                <token content="I" id="6-10">
                    <pos type="PRP"/>
                    <lemma type="I"/>
                    <dep head="6-12" type="nsubj"/>
                </token>
                <token content="had" id="6-11">
                    <pos type="VBD"/>
                    <lemma type="have"/>
                    <dep head="6-12" type="aux"/>
                </token>
                <token content="written" id="6-12">
                    <pos type="VBN"/>
                    <lemma type="write"/>
                </token>
                <token content="on" id="6-13"/>
                <token content="my" id="6-14">
                    <pos type="PRP$"/>
                    <lemma type="my"/>
                </token>
                <token content="shopping" id="6-15">
                    <pos type="NN"/>
                    <lemma type="shopping"/>
                </token>
                <token content="list" id="6-16">
                    <pos type="NN"/>
                    <lemma type="list"/>
                    <dep head="6-12" type="prep"/>
                </token>
                <token content="and" id="6-17"/>
                <token content="placing" id="6-18">
                    <pos type="VBG"/>
                    <lemma type="place"/>
                    <dep head="6-7" type="conj"/>
                </token>
                <token content="them" id="6-19">
                    <pos type="PRP"/>
                    <lemma type="they"/>
                    <dep head="6-18" type="dobj"/>
                </token>
                <token content="in" id="6-20"/>
                <token content="my" id="6-21">
                    <pos type="PRP$"/>
                    <lemma type="my"/>
                </token>
                <token content="shopping" id="6-22">
                    <pos type="NN"/>
                    <lemma type="shopping"/>
                </token>
                <token content="basket" id="6-23">
                    <pos type="NN"/>
                    <lemma type="basket"/>
                    <dep head="6-18" type="prep"/>
                </token>
                <token content="." id="6-24"/>
            </sentence>
            <sentence id="7">
                <token content="When" id="7-1">
                    <pos type="WRB"/>
                    <lemma type="when"/>
                    <dep head="7-3" type="advmod"/>
                </token>
                <token content="I" id="7-2">
                    <pos type="PRP"/>
                    <lemma type="I"/>
                    <dep head="7-3" type="nsubj"/>
                </token>
                <token content="had" id="7-3">
                    <pos type="VBD"/>
                    <lemma type="have"/>
                    <dep head="7-9" type="advcl"/>
                </token>
                <token content="everything" id="7-4">
                    <pos type="NN"/>
                    <lemma type="everything"/>
                    <dep head="7-3" type="dobj"/>
                </token>
                <token content="I" id="7-5">
                    <pos type="PRP"/>
                    <lemma type="I"/>
                    <dep head="7-6" type="nsubj"/>
                </token>
                <token content="needed" id="7-6">
                    <pos type="VBD"/>
                    <lemma type="need"/>
                </token>
                <token content="," id="7-7"/>
                <token content="I" id="7-8">
                    <pos type="PRP"/>
                    <lemma type="I"/>
                    <dep head="7-9" type="nsubj"/>
                </token>
                <token content="lined" id="7-9">
                    <pos type="VBD"/>
                    <lemma type="line"/>
                </token>
                <token content="up" id="7-10">
                    <pos type="RP"/>
                    <lemma type="up"/>
                    <dep head="7-9" type="prt"/>
                </token>
                <token content="at" id="7-11"/>
                <token content="the" id="7-12">
                    <pos type="DT"/>
                    <lemma type="the"/>
                </token>
                <token content="checkout" id="7-13">
                    <pos type="NN"/>
                    <lemma type="checkout"/>
                    <dep head="7-9" type="prep"/>
                </token>
                <token content="." id="7-14"/>
            </sentence>
            <sentence id="8">
                <token content="When" id="8-1">
                    <pos type="WRB"/>
                    <lemma type="when"/>
                </token>
                <token content="it" id="8-2">
                    <pos type="PRP"/>
                    <lemma type="it"/>
                </token>
                <token content="was" id="8-3">
                    <pos type="VBD"/>
                    <lemma type="be"/>
                </token>
                <token content="my" id="8-4">
                    <pos type="PRP$"/>
                    <lemma type="my"/>
                </token>
                <token content="turn" id="8-5">
                    <pos type="NN"/>
                    <lemma type="turn"/>
                    <dep head="8-8" type="advcl"/>
                </token>
                <token content="," id="8-6"/>
                <token content="I" id="8-7">
                    <pos type="PRP"/>
                    <lemma type="I"/>
                    <dep head="8-8" type="nsubj"/>
                </token>
                <token content="handed" id="8-8">
                    <pos type="VBD"/>
                    <lemma type="hand"/>
                </token>
                <token content="my" id="8-9">
                    <pos type="PRP$"/>
                    <lemma type="my"/>
                </token>
                <token content="shopping" id="8-10">
                    <pos type="NN"/>
                    <lemma type="shopping"/>
                </token>
                <token content="basket" id="8-11">
                    <pos type="NN"/>
                    <lemma type="basket"/>
                    <dep head="8-8" type="iobj"/>
                </token>
                <token content="and" id="8-12"/>
                <token content="my" id="8-13">
                    <pos type="PRP$"/>
                    <lemma type="my"/>
                </token>
                <token content="reusable" id="8-14">
                    <pos type="JJ"/>
                    <lemma type="reusable"/>
                </token>
                <token content="shopping" id="8-15">
                    <pos type="NN"/>
                    <lemma type="shopping"/>
                </token>
                <token content="bags" id="8-16">
                    <pos type="NNS"/>
                    <lemma type="bag"/>
                    <dep head="8-8" type="dobj"/>
                </token>
                <token content="to" id="8-17"/>
                <token content="the" id="8-18">
                    <pos type="DT"/>
                    <lemma type="the"/>
                </token>
                <token content="lady" id="8-19">
                    <pos type="NN"/>
                    <lemma type="lady"/>
                </token>
                <token content="working" id="8-20">
                    <pos type="VBG"/>
                    <lemma type="work"/>
                </token>
                <token content="at" id="8-21"/>
                <token content="the" id="8-22">
                    <pos type="DT"/>
                    <lemma type="the"/>
                </token>
                <token content="checkout" id="8-23">
                    <pos type="NN"/>
                    <lemma type="checkout"/>
                    <dep head="8-20" type="prep"/>
                </token>
                <token content="." id="8-24"/>
            </sentence>
            <sentence id="9">
                <token content="She" id="9-1">
                    <pos type="PRP"/>
                    <lemma type="she"/>
                    <dep head="9-2" type="nsubj"/>
                </token>
                <token content="scanned" id="9-2">
                    <pos type="VBD"/>
                    <lemma type="scan"/>
                </token>
                <token content="my" id="9-3">
                    <pos type="PRP$"/>
                    <lemma type="my"/>
                </token>
                <token content="items" id="9-4">
                    <pos type="NNS"/>
                    <lemma type="item"/>
                    <dep head="9-2" type="dobj"/>
                </token>
                <token content="," id="9-5"/>
                <token content="and" id="9-6"/>
                <token content="another" id="9-7">
                    <pos type="DT"/>
                    <lemma type="another"/>
                </token>
                <token content="man" id="9-8">
                    <pos type="NN"/>
                    <lemma type="man"/>
                    <dep head="9-9" type="nsubj"/>
                </token>
                <token content="placed" id="9-9">
                    <pos type="VBD"/>
                    <lemma type="place"/>
                    <dep head="9-2" type="conj"/>
                </token>
                <token content="all" id="9-10">
                    <pos type="PDT"/>
                    <lemma type="all"/>
                </token>
                <token content="my" id="9-11">
                    <pos type="PRP$"/>
                    <lemma type="my"/>
                </token>
                <token content="items" id="9-12">
                    <pos type="NNS"/>
                    <lemma type="item"/>
                    <dep head="9-9" type="dobj"/>
                </token>
                <token content="in" id="9-13"/>
                <token content="my" id="9-14">
                    <pos type="PRP$"/>
                    <lemma type="my"/>
                </token>
                <token content="shopping" id="9-15">
                    <pos type="NN"/>
                    <lemma type="shopping"/>
                </token>
                <token content="bags" id="9-16">
                    <pos type="NNS"/>
                    <lemma type="bag"/>
                    <dep head="9-9" type="prep"/>
                </token>
                <token content="." id="9-17"/>
            </sentence>
            <sentence id="10">
                <token content="When" id="10-1">
                    <pos type="WRB"/>
                    <lemma type="when"/>
                    <dep head="10-5" type="advmod"/>
                </token>
                <token content="everything" id="10-2">
                    <pos type="NN"/>
                    <lemma type="everything"/>
                    <dep head="10-5" type="nsubjpass"/>
                </token>
                <token content="had" id="10-3">
                    <pos type="VBD"/>
                    <lemma type="have"/>
                    <dep head="10-5" type="aux"/>
                </token>
                <token content="been" id="10-4">
                    <pos type="VBN"/>
                    <lemma type="be"/>
                    <dep head="10-5" type="auxpass"/>
                </token>
                <token content="scanned" id="10-5">
                    <pos type="VBN"/>
                    <lemma type="scan"/>
                    <dep head="10-9" type="advcl"/>
                </token>
                <token content="," id="10-6"/>
                <token content="the" id="10-7">
                    <pos type="DT"/>
                    <lemma type="the"/>
                </token>
                <token content="lady" id="10-8">
                    <pos type="NN"/>
                    <lemma type="lady"/>
                    <dep head="10-9" type="nsubj"/>
                </token>
                <token content="told" id="10-9">
                    <pos type="VBD"/>
                    <lemma type="tell"/>
                </token>
                <token content="me" id="10-10">
                    <pos type="PRP"/>
                    <lemma type="I"/>
                    <dep head="10-9" type="dobj"/>
                </token>
                <token content="how" id="10-11">
                    <pos type="WRB"/>
                    <lemma type="how"/>
                </token>
                <token content="much" id="10-12">
                    <pos type="JJ"/>
                    <lemma type="much"/>
                    <dep head="10-15" type="dep"/>
                </token>
                <token content="my" id="10-13">
                    <pos type="PRP$"/>
                    <lemma type="my"/>
                </token>
                <token content="groceries" id="10-14">
                    <pos type="NNS"/>
                    <lemma type="grocery"/>
                    <dep head="10-15" type="nsubj"/>
                </token>
                <token content="cost" id="10-15">
                    <pos type="VBD"/>
                    <lemma type="cost"/>
                    <dep head="10-9" type="dep"/>
                </token>
                <token content="," id="10-16"/>
                <token content="and" id="10-17"/>
                <token content="I" id="10-18">
                    <pos type="PRP"/>
                    <lemma type="I"/>
                    <dep head="10-19" type="nsubj"/>
                </token>
                <token content="handed" id="10-19">
                    <pos type="VBD"/>
                    <lemma type="hand"/>
                    <dep head="10-9" type="conj"/>
                </token>
                <token content="her" id="10-20">
                    <pos type="PRP"/>
                    <lemma type="she"/>
                    <dep head="10-19" type="iobj"/>
                </token>
                <token content="the" id="10-21">
                    <pos type="DT"/>
                    <lemma type="the"/>
                </token>
                <token content="correct" id="10-22">
                    <pos type="JJ"/>
                    <lemma type="correct"/>
                </token>
                <token content="amount" id="10-23">
                    <pos type="NN"/>
                    <lemma type="amount"/>
                    <dep head="10-19" type="dobj"/>
                </token>
                <token content="of" id="10-24"/>
                <token content="money" id="10-25">
                    <pos type="NN"/>
                    <lemma type="money"/>
                </token>
                <token content="." id="10-26"/>
            </sentence>
            <sentence id="11">
                <token content="I" id="11-1">
                    <pos type="PRP"/>
                    <lemma type="I"/>
                    <dep head="11-3" type="nsubj"/>
                </token>
                <token content="then" id="11-2">
                    <pos type="RB"/>
                    <lemma type="then"/>
                    <dep head="11-3" type="advmod"/>
                </token>
                <token content="picked" id="11-3">
                    <pos type="VBD"/>
                    <lemma type="pick"/>
                </token>
                <token content="up" id="11-4">
                    <pos type="RP"/>
                    <lemma type="up"/>
                    <dep head="11-3" type="prt"/>
                </token>
                <token content="my" id="11-5">
                    <pos type="PRP$"/>
                    <lemma type="my"/>
                </token>
                <token content="bags" id="11-6">
                    <pos type="NNS"/>
                    <lemma type="bag"/>
                    <dep head="11-3" type="dobj"/>
                </token>
                <token content="and" id="11-7"/>
                <token content="left" id="11-8">
                    <pos type="VBD"/>
                    <lemma type="leave"/>
                    <dep head="11-3" type="conj"/>
                </token>
                <token content="the" id="11-9">
                    <pos type="DT"/>
                    <lemma type="the"/>
                </token>
                <token content="store" id="11-10">
                    <pos type="NN"/>
                    <lemma type="store"/>
                    <dep head="11-8" type="dobj"/>
                </token>
                <token content="." id="11-11"/>
            </sentence>
        </sentences>
    </text>
    <annotations>
        <participants>
            <label from="1-1" id="0" name="NPart" text="Yesterday" type="participant"/>
            <label from="1-2" id="1" name="ScrPart_shopper" text="I" type="participant"/>
            <label from="1-4" id="2" name="ScrPart_groceries" text="grocery" type="participant"/>
            <label from="2-2" id="3" name="ScrPart_shopper" text="I" type="participant"/>
            <label from="2-5" id="4" name="NPart" text="house" type="participant"/>
            <label from="2-7" id="5" name="ScrPart_shopper" text="I" type="participant"/>
            <label from="2-10" id="6" name="ScrPart_shopper" text="I" type="participant"/>
            <label from="2-12" id="7" name="ScrPart_shopper" text="my" type="participant"/>
            <label from="2-13" id="8" name="ScrPart_grocery_list" text="shopping list" to="2-14" type="participant"/>
            <label from="2-14" id="9" name="ScrPart_grocery_list" text="list" type="participant"/>
            <label from="2-16" id="10" name="ScrPart_shopper" text="my" type="participant"/>
            <label from="2-17" id="11" name="ScrPart_other" text="wallet" type="participant"/>
            <label from="2-20" id="12" name="ScrPart_shopper" text="my" type="participant"/>
            <label from="2-22" id="13" name="ScrPart_shopping_bags" text="shopping bags" to="2-23" type="participant"/>
            <label from="2-23" id="14" name="ScrPart_shopping_bags" text="bags" type="participant"/>
            <label from="2-25" id="15" name="ScrPart_shopper" text="me" type="participant"/>
            <label from="3-1" id="16" name="ScrPart_shopper" text="I" type="participant"/>
            <label from="3-5" id="17" name="ScrPart_shopper" text="my" type="participant"/>
            <label from="3-7" id="18" name="ScrPart_grocery_shop" text="grocery store" to="3-8" type="participant"/>
            <label from="3-8" id="19" name="ScrPart_grocery_shop" text="store" type="participant"/>
            <label from="4-2" id="20" name="ScrPart_shopper" text="I" type="participant"/>
            <label from="4-5" id="21" name="ScrPart_grocery_shop" text="store" type="participant"/>
            <label from="4-7" id="22" name="ScrPart_shopper" text="I" type="participant"/>
            <label from="4-11" id="23" name="ScrPart_shopping_cart/basket" text="shopping basket" to="4-12" type="participant"/>
            <label from="4-12" id="24" name="ScrPart_shopping_cart/basket" text="basket" type="participant"/>
            <label from="4-15" id="25" name="NPart" text="entrance" type="participant"/>
            <label from="5-1" id="26" name="ScrPart_shopper" text="I" type="participant"/>
            <label from="5-5" id="27" name="ScrPart_shopper" text="my" type="participant"/>
            <label from="5-6" id="28" name="ScrPart_grocery_list" text="shopping list" to="5-7" type="participant"/>
            <label from="5-7" id="29" name="ScrPart_grocery_list" text="list" type="participant"/>
            <label from="5-11" id="30" name="ScrPart_shopper" text="I" type="participant"/>
            <label from="6-1" id="31" name="ScrPart_shopper" text="I" type="participant"/>
            <label from="6-5" id="32" name="ScrPart_section" text="aisles" type="participant"/>
            <label from="6-9" id="33" name="ScrPart_groceries" text="items" type="participant"/>
            <label from="6-10" id="34" name="ScrPart_shopper" text="I" type="participant"/>
            <label from="6-14" id="35" name="ScrPart_shopper" text="my" type="participant"/>
            <label from="6-15" id="36" name="ScrPart_grocery_list" text="shopping list" to="6-16" type="participant"/>
            <label from="6-16" id="37" name="ScrPart_grocery_list" text="list" type="participant"/>
            <label from="6-19" id="38" name="ScrPart_groceries" text="them" type="participant"/>
            <label from="6-21" id="39" name="ScrPart_shopper" text="my" type="participant"/>
            <label from="6-22" id="40" name="ScrPart_shopping_cart/basket" text="shopping basket" to="6-23" type="participant"/>
            <label from="6-23" id="41" name="ScrPart_shopping_cart/basket" text="basket" type="participant"/>
            <label from="7-2" id="42" name="ScrPart_shopper" text="I" type="participant"/>
            <label from="7-4" id="43" name="ScrPart_groceries" text="everything" type="participant"/>
            <label from="7-5" id="44" name="ScrPart_shopper" text="I" type="participant"/>
            <label from="7-8" id="45" name="ScrPart_shopper" text="I" type="participant"/>
            <label from="7-13" id="46" name="ScrPart_cash_desk" text="checkout" type="participant"/>
            <label from="8-2" id="47" name="No_label" text="it" type="participant"/>
            <label from="8-4" id="48" name="ScrPart_shopper" text="my" type="participant"/>
            <label from="8-5" id="49" name="No_label" text="turn" type="participant"/>
            <label from="8-7" id="50" name="ScrPart_shopper" text="I" type="participant"/>
            <label from="8-9" id="51" name="ScrPart_shopper" text="my" type="participant"/>
            <label from="8-10" id="52" name="ScrPart_shopping_cart/basket" text="shopping basket" to="8-11" type="participant"/>
            <label from="8-11" id="53" name="ScrPart_shopping_cart/basket" text="basket" type="participant"/>
            <label from="8-13" id="54" name="ScrPart_shopper" text="my" type="participant"/>
            <label from="8-15" id="55" name="ScrPart_shopping_bags" text="shopping bags" to="8-16" type="participant"/>
            <label from="8-16" id="56" name="ScrPart_shopping_bags" text="bags" type="participant"/>
            <label from="8-19" id="57" name="ScrPart_grocery_staff" text="lady" type="participant"/>
            <label from="8-23" id="58" name="ScrPart_cash_desk" text="checkout" type="participant"/>
            <label from="9-1" id="59" name="ScrPart_grocery_staff" text="She" type="participant"/>
            <label from="9-3" id="60" name="ScrPart_shopper" text="my" type="participant"/>
            <label from="9-4" id="61" name="ScrPart_groceries" text="items" type="participant"/>
            <label from="9-8" id="62" name="ScrPart_grocery_staff" text="man" type="participant"/>
            <label from="9-11" id="63" name="ScrPart_shopper" text="my" type="participant"/>
            <label from="9-12" id="64" name="ScrPart_groceries" text="items" type="participant"/>
            <label from="9-14" id="65" name="ScrPart_shopper" text="my" type="participant"/>
            <label from="9-15" id="66" name="ScrPart_shopping_bags" text="shopping bags" to="9-16" type="participant"/>
            <label from="9-16" id="67" name="ScrPart_shopping_bags" text="bags" type="participant"/>
            <label from="10-2" id="68" name="ScrPart_groceries" text="everything" type="participant"/>
            <label from="10-8" id="69" name="ScrPart_grocery_staff" text="lady" type="participant"/>
            <label from="10-10" id="70" name="ScrPart_shopper" text="me" type="participant"/>
            <label from="10-13" id="71" name="ScrPart_shopper" text="my" type="participant"/>
            <label from="10-14" id="72" name="ScrPart_groceries" text="groceries" type="participant"/>
            <label from="10-18" id="73" name="ScrPart_shopper" text="I" type="participant"/>
            <label from="10-20" id="74" name="ScrPart_grocery_staff" text="her" type="participant"/>
            <label from="10-23" id="75" name="Head_of_Partitive" text="amount" type="participant"/>
            <label from="10-25" id="76" name="ScrPart_payment_means" text="money" type="participant"/>
            <label from="11-1" id="77" name="ScrPart_shopper" text="I" type="participant"/>
            <label from="11-5" id="78" name="ScrPart_shopper" text="my" type="participant"/>
            <label from="11-6" id="79" name="ScrPart_shopping_bags" text="bags" type="participant"/>
            <label from="11-10" id="80" name="ScrPart_grocery_shop" text="store" type="participant"/>
        </participants>
        <events>
            <label from="1-3" id="81" name="Evoking" text="went grocery shopping" to="1-5" type="event"/>
            <label from="1-5" id="82" name="ScrEv_get_groceries" text="shopping" type="event"/>
            <label from="2-3" id="83" name="RelNScrEv" text="left" type="event"/>
            <label from="2-11" id="84" name="UnrelEv" text="had" type="event"/>
            <label from="3-3" id="85" name="ScrEv_go_grocery" text="walked" type="event"/>
            <label from="4-3" id="86" name="ScrEv_enter" text="entered" type="event"/>
            <label from="4-8" id="87" name="ScrEv_take_shop_cart" text="picked up" to="4-9" type="event"/>
            <label from="5-3" id="88" name="ScrEv_check_list" text="looked" type="event"/>
            <label from="5-9" id="89" name="ScrEv_check_list" text="see" type="event"/>
            <label from="5-14" id="90" name="Unclear" text="buy" type="event"/>
            <label from="6-2" id="91" name="ScrEv_move_section" text="walked" type="event"/>
            <label from="6-7" id="92" name="ScrEv_get_groceries" text="selecting" type="event"/>
            <label from="6-12" id="93" name="ScrEv_make_list" text="written" type="event"/>
            <label from="6-18" id="94" name="ScrEv_get_groceries" text="placing" type="event"/>
            <label from="7-3" id="95" name="UnrelEv" text="had" type="event"/>
            <label from="7-6" id="96" name="UnrelEv" text="needed" type="event"/>
            <label from="7-9" id="97" name="ScrEv_wait" text="lined up" to="7-10" type="event"/>
            <label from="8-3" id="98" name="UnrelEv" text="was" type="event"/>
            <label from="8-8" id="99" name="RelNScrEv" text="handed" type="event"/>
            <label from="8-20" id="100" name="UnrelEv" text="working" type="event"/>
            <label from="9-2" id="101" name="ScrEv_cashier_scan/weight" text="scanned" type="event"/>
            <label from="9-9" id="102" name="ScrEv_pack_groceries" text="placed" type="event"/>
            <label from="10-5" id="103" name="ScrEv_cashier_scan/weight" text="scanned" type="event"/>
            <label from="10-9" id="104" name="RelNScrEv" text="told" type="event"/>
            <label from="10-15" id="105" name="RelNScrEv" text="cost" type="event"/>
            <label from="10-19" id="106" name="ScrEv_pay" text="handed" type="event"/>
            <label from="11-3" id="107" name="RelNScrEv" text="picked up" to="11-4" type="event"/>
            <label from="11-8" id="108" name="ScrEv_leave" text="left" type="event"/>
        </events>
        <chains>
            <chain elements="1 3 5 6 7 10 12 15 16 17 20 22 26 27 30 31 34 35 39 42 44 45 48 50 51 54 60 63 65 70 71 73 77 78"/>
            <chain elements="19 21 80"/>
            <chain elements="9 29 37"/>
            <chain elements="33 38 43 61 64 68 72"/>
            <chain elements="24 41 53"/>
            <chain elements="14 56 67 79"/>
            <chain elements="46 58"/>
            <chain elements="57 59 69 74"/>
        </chains>
    </annotations>
</story>
