<?xml version="1.0" encoding="UTF-8" standalone="no"?>
<!DOCTYPE story SYSTEM "../InScript.dtd">
<story id="038" scenario="bath">
    <text>
        <content>I love taking baths ! 
They are so relaxing after a long day . 
When I get home from work , often , the first thing I do is start to fill the bathtub . 
I set the water temperature to a nice warm setting . 
While the tub is filling , I will gather two fluffy towels and a face cloth . 
I also pour myself a glass of ice water to sip on while I 'm soaking . 
I go and grab the latest magazine that I 've been waiting to read and put it next to the tub . 
Once the tub is filled , I climb in . 
I start by washing my face and then my hair . 
After my hair is washed , I put a deep conditioner in my hair . 
Now , it 's time to relax . 
I let the conditioner sit while I read my magazine and sip some water . 
After 15 minutes , I rinse my hair out and then wash my body with soap . 
I rinse off and then give myself a few more minutes of soaking before I empty the tub . 
After I dry off , I rinse the tub out to make sure that I leave the tub clean and shiny for the next time I use it . </content>
        <sentences>
            <sentence id="1">
                <token content="I" id="1-1">
                    <pos type="PRP"/>
                    <lemma type="I"/>
                    <dep head="1-2" type="nsubj"/>
                </token>
                <token content="love" id="1-2">
                    <pos type="VBP"/>
                    <lemma type="love"/>
                </token>
                <token content="taking" id="1-3">
                    <pos type="VBG"/>
                    <lemma type="take"/>
                    <dep head="1-2" type="xcomp"/>
                </token>
                <token content="baths" id="1-4">
                    <pos type="NNS"/>
                    <lemma type="bath"/>
                    <dep head="1-3" type="dobj"/>
                </token>
                <token content="!" id="1-5"/>
            </sentence>
            <sentence id="2">
                <token content="They" id="2-1">
                    <pos type="PRP"/>
                    <lemma type="they"/>
                </token>
                <token content="are" id="2-2">
                    <pos type="VBP"/>
                    <lemma type="be"/>
                </token>
                <token content="so" id="2-3">
                    <pos type="RB"/>
                    <lemma type="so"/>
                </token>
                <token content="relaxing" id="2-4">
                    <pos type="JJ"/>
                    <lemma type="relaxing"/>
                </token>
                <token content="after" id="2-5"/>
                <token content="a" id="2-6">
                    <pos type="DT"/>
                    <lemma type="a"/>
                </token>
                <token content="long" id="2-7">
                    <pos type="JJ"/>
                    <lemma type="long"/>
                </token>
                <token content="day" id="2-8">
                    <pos type="NN"/>
                    <lemma type="day"/>
                </token>
                <token content="." id="2-9"/>
            </sentence>
            <sentence id="3">
                <token content="When" id="3-1">
                    <pos type="WRB"/>
                    <lemma type="when"/>
                    <dep head="3-3" type="advmod"/>
                </token>
                <token content="I" id="3-2">
                    <pos type="PRP"/>
                    <lemma type="I"/>
                    <dep head="3-3" type="nsubj"/>
                </token>
                <token content="get" id="3-3">
                    <pos type="VBP"/>
                    <lemma type="get"/>
                    <dep head="3-16" type="advcl"/>
                </token>
                <token content="home" id="3-4">
                    <pos type="NN"/>
                    <lemma type="home"/>
                    <dep head="3-3" type="dobj"/>
                </token>
                <token content="from" id="3-5"/>
                <token content="work" id="3-6">
                    <pos type="NN"/>
                    <lemma type="work"/>
                    <dep head="3-3" type="prep"/>
                </token>
                <token content="," id="3-7"/>
                <token content="often" id="3-8">
                    <pos type="RB"/>
                    <lemma type="often"/>
                    <dep head="3-16" type="advmod"/>
                </token>
                <token content="," id="3-9"/>
                <token content="the" id="3-10">
                    <pos type="DT"/>
                    <lemma type="the"/>
                </token>
                <token content="first" id="3-11">
                    <pos type="JJ"/>
                    <lemma type="first"/>
                </token>
                <token content="thing" id="3-12">
                    <pos type="NN"/>
                    <lemma type="thing"/>
                    <dep head="3-16" type="nsubj"/>
                </token>
                <token content="I" id="3-13">
                    <pos type="PRP"/>
                    <lemma type="I"/>
                    <dep head="3-14" type="nsubj"/>
                </token>
                <token content="do" id="3-14">
                    <pos type="VBP"/>
                    <lemma type="do"/>
                </token>
                <token content="is" id="3-15">
                    <pos type="VBZ"/>
                    <lemma type="be"/>
                    <dep head="3-16" type="aux"/>
                </token>
                <token content="start" id="3-16">
                    <pos type="VB"/>
                    <lemma type="start"/>
                </token>
                <token content="to" id="3-17">
                    <pos type="TO"/>
                    <lemma type="to"/>
                    <dep head="3-18" type="aux"/>
                </token>
                <token content="fill" id="3-18">
                    <pos type="VB"/>
                    <lemma type="fill"/>
                    <dep head="3-16" type="xcomp"/>
                </token>
                <token content="the" id="3-19">
                    <pos type="DT"/>
                    <lemma type="the"/>
                </token>
                <token content="bathtub" id="3-20">
                    <pos type="NN"/>
                    <lemma type="bathtub"/>
                    <dep head="3-18" type="dobj"/>
                </token>
                <token content="." id="3-21"/>
            </sentence>
            <sentence id="4">
                <token content="I" id="4-1">
                    <pos type="PRP"/>
                    <lemma type="I"/>
                    <dep head="4-2" type="nsubj"/>
                </token>
                <token content="set" id="4-2">
                    <pos type="VBD"/>
                    <lemma type="set"/>
                </token>
                <token content="the" id="4-3">
                    <pos type="DT"/>
                    <lemma type="the"/>
                </token>
                <token content="water" id="4-4">
                    <pos type="NN"/>
                    <lemma type="water"/>
                </token>
                <token content="temperature" id="4-5">
                    <pos type="NN"/>
                    <lemma type="temperature"/>
                    <dep head="4-2" type="dobj"/>
                </token>
                <token content="to" id="4-6"/>
                <token content="a" id="4-7">
                    <pos type="DT"/>
                    <lemma type="a"/>
                </token>
                <token content="nice" id="4-8">
                    <pos type="JJ"/>
                    <lemma type="nice"/>
                </token>
                <token content="warm" id="4-9">
                    <pos type="JJ"/>
                    <lemma type="warm"/>
                </token>
                <token content="setting" id="4-10">
                    <pos type="NN"/>
                    <lemma type="setting"/>
                    <dep head="4-2" type="prep"/>
                </token>
                <token content="." id="4-11"/>
            </sentence>
            <sentence id="5">
                <token content="While" id="5-1">
                    <pos type="IN"/>
                    <lemma type="while"/>
                    <dep head="5-5" type="mark"/>
                </token>
                <token content="the" id="5-2">
                    <pos type="DT"/>
                    <lemma type="the"/>
                </token>
                <token content="tub" id="5-3">
                    <pos type="NN"/>
                    <lemma type="tub"/>
                    <dep head="5-5" type="nsubj"/>
                </token>
                <token content="is" id="5-4">
                    <pos type="VBZ"/>
                    <lemma type="be"/>
                    <dep head="5-5" type="aux"/>
                </token>
                <token content="filling" id="5-5">
                    <pos type="VBG"/>
                    <lemma type="fill"/>
                    <dep head="5-9" type="advcl"/>
                </token>
                <token content="," id="5-6"/>
                <token content="I" id="5-7">
                    <pos type="PRP"/>
                    <lemma type="I"/>
                    <dep head="5-9" type="nsubj"/>
                </token>
                <token content="will" id="5-8">
                    <pos type="MD"/>
                    <lemma type="will"/>
                    <dep head="5-9" type="aux"/>
                </token>
                <token content="gather" id="5-9">
                    <pos type="VB"/>
                    <lemma type="gather"/>
                </token>
                <token content="two" id="5-10">
                    <pos type="CD"/>
                    <lemma type="two"/>
                </token>
                <token content="fluffy" id="5-11">
                    <pos type="JJ"/>
                    <lemma type="fluffy"/>
                </token>
                <token content="towels" id="5-12">
                    <pos type="NNS"/>
                    <lemma type="towel"/>
                    <dep head="5-9" type="dobj"/>
                </token>
                <token content="and" id="5-13"/>
                <token content="a" id="5-14">
                    <pos type="DT"/>
                    <lemma type="a"/>
                </token>
                <token content="face" id="5-15">
                    <pos type="NN"/>
                    <lemma type="face"/>
                </token>
                <token content="cloth" id="5-16">
                    <pos type="NN"/>
                    <lemma type="cloth"/>
                </token>
                <token content="." id="5-17"/>
            </sentence>
            <sentence id="6">
                <token content="I" id="6-1">
                    <pos type="PRP"/>
                    <lemma type="I"/>
                    <dep head="6-3" type="nsubj"/>
                </token>
                <token content="also" id="6-2">
                    <pos type="RB"/>
                    <lemma type="also"/>
                    <dep head="6-3" type="advmod"/>
                </token>
                <token content="pour" id="6-3">
                    <pos type="VBP"/>
                    <lemma type="pour"/>
                </token>
                <token content="myself" id="6-4">
                    <pos type="PRP"/>
                    <lemma type="myself"/>
                    <dep head="6-3" type="iobj"/>
                </token>
                <token content="a" id="6-5">
                    <pos type="DT"/>
                    <lemma type="a"/>
                </token>
                <token content="glass" id="6-6">
                    <pos type="NN"/>
                    <lemma type="glass"/>
                    <dep head="6-3" type="dobj"/>
                </token>
                <token content="of" id="6-7"/>
                <token content="ice" id="6-8">
                    <pos type="NN"/>
                    <lemma type="ice"/>
                </token>
                <token content="water" id="6-9">
                    <pos type="NN"/>
                    <lemma type="water"/>
                </token>
                <token content="to" id="6-10">
                    <pos type="TO"/>
                    <lemma type="to"/>
                    <dep head="6-11" type="aux"/>
                </token>
                <token content="sip" id="6-11">
                    <pos type="VB"/>
                    <lemma type="sip"/>
                </token>
                <token content="on" id="6-12">
                    <pos type="RP"/>
                    <lemma type="on"/>
                    <dep head="6-11" type="prt"/>
                </token>
                <token content="while" id="6-13">
                    <pos type="IN"/>
                    <lemma type="while"/>
                    <dep head="6-16" type="mark"/>
                </token>
                <token content="I" id="6-14">
                    <pos type="PRP"/>
                    <lemma type="I"/>
                    <dep head="6-16" type="nsubj"/>
                </token>
                <token content="'m" id="6-15">
                    <pos type="VBP"/>
                    <lemma type="be"/>
                    <dep head="6-16" type="aux"/>
                </token>
                <token content="soaking" id="6-16">
                    <pos type="VBG"/>
                    <lemma type="soak"/>
                    <dep head="6-11" type="advcl"/>
                </token>
                <token content="." id="6-17"/>
            </sentence>
            <sentence id="7">
                <token content="I" id="7-1">
                    <pos type="PRP"/>
                    <lemma type="I"/>
                    <dep head="7-2" type="nsubj"/>
                </token>
                <token content="go" id="7-2">
                    <pos type="VBP"/>
                    <lemma type="go"/>
                </token>
                <token content="and" id="7-3"/>
                <token content="grab" id="7-4">
                    <pos type="VBP"/>
                    <lemma type="grab"/>
                    <dep head="7-2" type="conj"/>
                </token>
                <token content="the" id="7-5">
                    <pos type="DT"/>
                    <lemma type="the"/>
                </token>
                <token content="latest" id="7-6">
                    <pos type="JJS"/>
                    <lemma type="latest"/>
                </token>
                <token content="magazine" id="7-7">
                    <pos type="NN"/>
                    <lemma type="magazine"/>
                    <dep head="7-2" type="dobj"/>
                </token>
                <token content="that" id="7-8">
                    <pos type="IN"/>
                    <lemma type="that"/>
                    <dep head="7-12" type="mark"/>
                </token>
                <token content="I" id="7-9">
                    <pos type="PRP"/>
                    <lemma type="I"/>
                    <dep head="7-12" type="nsubj"/>
                </token>
                <token content="'ve" id="7-10">
                    <pos type="VBP"/>
                    <lemma type="have"/>
                    <dep head="7-12" type="aux"/>
                </token>
                <token content="been" id="7-11">
                    <pos type="VBN"/>
                    <lemma type="be"/>
                    <dep head="7-12" type="aux"/>
                </token>
                <token content="waiting" id="7-12">
                    <pos type="VBG"/>
                    <lemma type="wait"/>
                </token>
                <token content="to" id="7-13">
                    <pos type="TO"/>
                    <lemma type="to"/>
                    <dep head="7-14" type="aux"/>
                </token>
                <token content="read" id="7-14">
                    <pos type="VB"/>
                    <lemma type="read"/>
                    <dep head="7-12" type="xcomp"/>
                </token>
                <token content="and" id="7-15"/>
                <token content="put" id="7-16">
                    <pos type="VB"/>
                    <lemma type="put"/>
                    <dep head="7-14" type="conj"/>
                </token>
                <token content="it" id="7-17">
                    <pos type="PRP"/>
                    <lemma type="it"/>
                    <dep head="7-14" type="dobj"/>
                </token>
                <token content="next" id="7-18"/>
                <token content="to" id="7-19"/>
                <token content="the" id="7-20">
                    <pos type="DT"/>
                    <lemma type="the"/>
                </token>
                <token content="tub" id="7-21">
                    <pos type="NN"/>
                    <lemma type="tub"/>
                    <dep head="7-14" type="prep"/>
                </token>
                <token content="." id="7-22"/>
            </sentence>
            <sentence id="8">
                <token content="Once" id="8-1">
                    <pos type="IN"/>
                    <lemma type="once"/>
                    <dep head="8-5" type="mark"/>
                </token>
                <token content="the" id="8-2">
                    <pos type="DT"/>
                    <lemma type="the"/>
                </token>
                <token content="tub" id="8-3">
                    <pos type="NN"/>
                    <lemma type="tub"/>
                    <dep head="8-5" type="nsubjpass"/>
                </token>
                <token content="is" id="8-4">
                    <pos type="VBZ"/>
                    <lemma type="be"/>
                    <dep head="8-5" type="auxpass"/>
                </token>
                <token content="filled" id="8-5">
                    <pos type="VBN"/>
                    <lemma type="fill"/>
                    <dep head="8-8" type="advcl"/>
                </token>
                <token content="," id="8-6"/>
                <token content="I" id="8-7">
                    <pos type="PRP"/>
                    <lemma type="I"/>
                    <dep head="8-8" type="nsubj"/>
                </token>
                <token content="climb" id="8-8">
                    <pos type="VB"/>
                    <lemma type="climb"/>
                </token>
                <token content="in" id="8-9">
                    <pos type="RP"/>
                    <lemma type="in"/>
                    <dep head="8-8" type="prt"/>
                </token>
                <token content="." id="8-10"/>
            </sentence>
            <sentence id="9">
                <token content="I" id="9-1">
                    <pos type="PRP"/>
                    <lemma type="I"/>
                    <dep head="9-2" type="nsubj"/>
                </token>
                <token content="start" id="9-2">
                    <pos type="VBP"/>
                    <lemma type="start"/>
                </token>
                <token content="by" id="9-3"/>
                <token content="washing" id="9-4">
                    <pos type="VBG"/>
                    <lemma type="wash"/>
                    <dep head="9-2" type="prepc"/>
                </token>
                <token content="my" id="9-5">
                    <pos type="PRP$"/>
                    <lemma type="my"/>
                </token>
                <token content="face" id="9-6">
                    <pos type="NN"/>
                    <lemma type="face"/>
                    <dep head="9-4" type="dobj"/>
                </token>
                <token content="and" id="9-7"/>
                <token content="then" id="9-8">
                    <pos type="RB"/>
                    <lemma type="then"/>
                </token>
                <token content="my" id="9-9">
                    <pos type="PRP$"/>
                    <lemma type="my"/>
                </token>
                <token content="hair" id="9-10">
                    <pos type="NN"/>
                    <lemma type="hair"/>
                </token>
                <token content="." id="9-11"/>
            </sentence>
            <sentence id="10">
                <token content="After" id="10-1">
                    <pos type="IN"/>
                    <lemma type="after"/>
                    <dep head="10-5" type="mark"/>
                </token>
                <token content="my" id="10-2">
                    <pos type="PRP$"/>
                    <lemma type="my"/>
                </token>
                <token content="hair" id="10-3">
                    <pos type="NN"/>
                    <lemma type="hair"/>
                    <dep head="10-5" type="nsubjpass"/>
                </token>
                <token content="is" id="10-4">
                    <pos type="VBZ"/>
                    <lemma type="be"/>
                    <dep head="10-5" type="auxpass"/>
                </token>
                <token content="washed" id="10-5">
                    <pos type="VBN"/>
                    <lemma type="wash"/>
                    <dep head="10-8" type="advcl"/>
                </token>
                <token content="," id="10-6"/>
                <token content="I" id="10-7">
                    <pos type="PRP"/>
                    <lemma type="I"/>
                    <dep head="10-8" type="nsubj"/>
                </token>
                <token content="put" id="10-8">
                    <pos type="VBD"/>
                    <lemma type="put"/>
                </token>
                <token content="a" id="10-9">
                    <pos type="DT"/>
                    <lemma type="a"/>
                </token>
                <token content="deep" id="10-10">
                    <pos type="JJ"/>
                    <lemma type="deep"/>
                </token>
                <token content="conditioner" id="10-11">
                    <pos type="NN"/>
                    <lemma type="conditioner"/>
                    <dep head="10-8" type="dobj"/>
                </token>
                <token content="in" id="10-12"/>
                <token content="my" id="10-13">
                    <pos type="PRP$"/>
                    <lemma type="my"/>
                </token>
                <token content="hair" id="10-14">
                    <pos type="NN"/>
                    <lemma type="hair"/>
                    <dep head="10-8" type="prep"/>
                </token>
                <token content="." id="10-15"/>
            </sentence>
            <sentence id="11">
                <token content="Now" id="11-1">
                    <pos type="RB"/>
                    <lemma type="now"/>
                </token>
                <token content="," id="11-2"/>
                <token content="it" id="11-3">
                    <pos type="PRP"/>
                    <lemma type="it"/>
                </token>
                <token content="'s" id="11-4">
                    <pos type="VBZ"/>
                    <lemma type="be"/>
                </token>
                <token content="time" id="11-5">
                    <pos type="NN"/>
                    <lemma type="time"/>
                </token>
                <token content="to" id="11-6">
                    <pos type="TO"/>
                    <lemma type="to"/>
                    <dep head="11-7" type="aux"/>
                </token>
                <token content="relax" id="11-7">
                    <pos type="VB"/>
                    <lemma type="relax"/>
                </token>
                <token content="." id="11-8"/>
            </sentence>
            <sentence id="12">
                <token content="I" id="12-1">
                    <pos type="PRP"/>
                    <lemma type="I"/>
                    <dep head="12-2" type="nsubj"/>
                </token>
                <token content="let" id="12-2">
                    <pos type="VBD"/>
                    <lemma type="let"/>
                </token>
                <token content="the" id="12-3">
                    <pos type="DT"/>
                    <lemma type="the"/>
                </token>
                <token content="conditioner" id="12-4">
                    <pos type="NN"/>
                    <lemma type="conditioner"/>
                    <dep head="12-5" type="nsubj"/>
                </token>
                <token content="sit" id="12-5">
                    <pos type="VBP"/>
                    <lemma type="sit"/>
                    <dep head="12-2" type="ccomp"/>
                </token>
                <token content="while" id="12-6">
                    <pos type="IN"/>
                    <lemma type="while"/>
                    <dep head="12-8" type="mark"/>
                </token>
                <token content="I" id="12-7">
                    <pos type="PRP"/>
                    <lemma type="I"/>
                    <dep head="12-8" type="nsubj"/>
                </token>
                <token content="read" id="12-8">
                    <pos type="VBD"/>
                    <lemma type="read"/>
                    <dep head="12-5" type="advcl"/>
                </token>
                <token content="my" id="12-9">
                    <pos type="PRP$"/>
                    <lemma type="my"/>
                </token>
                <token content="magazine" id="12-10">
                    <pos type="NN"/>
                    <lemma type="magazine"/>
                    <dep head="12-8" type="dobj"/>
                </token>
                <token content="and" id="12-11"/>
                <token content="sip" id="12-12">
                    <pos type="VBP"/>
                    <lemma type="sip"/>
                    <dep head="12-8" type="conj"/>
                </token>
                <token content="some" id="12-13">
                    <pos type="DT"/>
                    <lemma type="some"/>
                </token>
                <token content="water" id="12-14">
                    <pos type="NN"/>
                    <lemma type="water"/>
                    <dep head="12-12" type="dobj"/>
                </token>
                <token content="." id="12-15"/>
            </sentence>
            <sentence id="13">
                <token content="After" id="13-1"/>
                <token content="15" id="13-2">
                    <pos type="CD"/>
                    <lemma type="15"/>
                </token>
                <token content="minutes" id="13-3">
                    <pos type="NNS"/>
                    <lemma type="minute"/>
                    <dep head="13-6" type="prep"/>
                </token>
                <token content="," id="13-4"/>
                <token content="I" id="13-5">
                    <pos type="PRP"/>
                    <lemma type="I"/>
                    <dep head="13-6" type="nsubj"/>
                </token>
                <token content="rinse" id="13-6">
                    <pos type="VBP"/>
                    <lemma type="rinse"/>
                </token>
                <token content="my" id="13-7">
                    <pos type="PRP$"/>
                    <lemma type="my"/>
                </token>
                <token content="hair" id="13-8">
                    <pos type="NN"/>
                    <lemma type="hair"/>
                    <dep head="13-6" type="dobj"/>
                </token>
                <token content="out" id="13-9">
                    <pos type="RP"/>
                    <lemma type="out"/>
                    <dep head="13-6" type="prt"/>
                </token>
                <token content="and" id="13-10"/>
                <token content="then" id="13-11">
                    <pos type="RB"/>
                    <lemma type="then"/>
                    <dep head="13-12" type="advmod"/>
                </token>
                <token content="wash" id="13-12">
                    <pos type="VBP"/>
                    <lemma type="wash"/>
                    <dep head="13-6" type="conj"/>
                </token>
                <token content="my" id="13-13">
                    <pos type="PRP$"/>
                    <lemma type="my"/>
                </token>
                <token content="body" id="13-14">
                    <pos type="NN"/>
                    <lemma type="body"/>
                    <dep head="13-12" type="dobj"/>
                </token>
                <token content="with" id="13-15"/>
                <token content="soap" id="13-16">
                    <pos type="NN"/>
                    <lemma type="soap"/>
                </token>
                <token content="." id="13-17"/>
            </sentence>
            <sentence id="14">
                <token content="I" id="14-1">
                    <pos type="PRP"/>
                    <lemma type="I"/>
                    <dep head="14-2" type="nsubj"/>
                </token>
                <token content="rinse" id="14-2">
                    <pos type="VBP"/>
                    <lemma type="rinse"/>
                </token>
                <token content="off" id="14-3">
                    <pos type="RP"/>
                    <lemma type="off"/>
                    <dep head="14-2" type="prt"/>
                </token>
                <token content="and" id="14-4"/>
                <token content="then" id="14-5">
                    <pos type="RB"/>
                    <lemma type="then"/>
                    <dep head="14-6" type="advmod"/>
                </token>
                <token content="give" id="14-6">
                    <pos type="VB"/>
                    <lemma type="give"/>
                    <dep head="14-2" type="conj"/>
                </token>
                <token content="myself" id="14-7">
                    <pos type="PRP"/>
                    <lemma type="myself"/>
                    <dep head="14-6" type="iobj"/>
                </token>
                <token content="a" id="14-8">
                    <pos type="DT"/>
                    <lemma type="a"/>
                </token>
                <token content="few" id="14-9">
                    <pos type="JJ"/>
                    <lemma type="few"/>
                </token>
                <token content="more" id="14-10">
                    <pos type="JJR"/>
                    <lemma type="more"/>
                </token>
                <token content="minutes" id="14-11">
                    <pos type="NNS"/>
                    <lemma type="minute"/>
                    <dep head="14-6" type="dobj"/>
                </token>
                <token content="of" id="14-12"/>
                <token content="soaking" id="14-13">
                    <pos type="VBG"/>
                    <lemma type="soak"/>
                    <dep head="14-6" type="prepc"/>
                </token>
                <token content="before" id="14-14">
                    <pos type="IN"/>
                    <lemma type="before"/>
                    <dep head="14-16" type="mark"/>
                </token>
                <token content="I" id="14-15">
                    <pos type="PRP"/>
                    <lemma type="I"/>
                    <dep head="14-16" type="nsubj"/>
                </token>
                <token content="empty" id="14-16">
                    <pos type="VBP"/>
                    <lemma type="empty"/>
                    <dep head="14-13" type="advcl"/>
                </token>
                <token content="the" id="14-17">
                    <pos type="DT"/>
                    <lemma type="the"/>
                </token>
                <token content="tub" id="14-18">
                    <pos type="NN"/>
                    <lemma type="tub"/>
                    <dep head="14-16" type="dobj"/>
                </token>
                <token content="." id="14-19"/>
            </sentence>
            <sentence id="15">
                <token content="After" id="15-1">
                    <pos type="IN"/>
                    <lemma type="after"/>
                    <dep head="15-3" type="mark"/>
                </token>
                <token content="I" id="15-2">
                    <pos type="PRP"/>
                    <lemma type="I"/>
                    <dep head="15-3" type="nsubj"/>
                </token>
                <token content="dry" id="15-3">
                    <pos type="VB"/>
                    <lemma type="dry"/>
                    <dep head="15-7" type="advcl"/>
                </token>
                <token content="off" id="15-4">
                    <pos type="RP"/>
                    <lemma type="off"/>
                    <dep head="15-3" type="prt"/>
                </token>
                <token content="," id="15-5"/>
                <token content="I" id="15-6">
                    <pos type="PRP"/>
                    <lemma type="I"/>
                    <dep head="15-7" type="nsubj"/>
                </token>
                <token content="rinse" id="15-7">
                    <pos type="VBD"/>
                    <lemma type="rinse"/>
                </token>
                <token content="the" id="15-8">
                    <pos type="DT"/>
                    <lemma type="the"/>
                </token>
                <token content="tub" id="15-9">
                    <pos type="NN"/>
                    <lemma type="tub"/>
                    <dep head="15-7" type="dobj"/>
                </token>
                <token content="out" id="15-10">
                    <pos type="RP"/>
                    <lemma type="out"/>
                    <dep head="15-7" type="prt"/>
                </token>
                <token content="to" id="15-11">
                    <pos type="TO"/>
                    <lemma type="to"/>
                    <dep head="15-12" type="aux"/>
                </token>
                <token content="make" id="15-12">
                    <pos type="VB"/>
                    <lemma type="make"/>
                    <dep head="15-7" type="vmod"/>
                </token>
                <token content="sure" id="15-13">
                    <pos type="JJ"/>
                    <lemma type="sure"/>
                    <dep head="15-12" type="acomp"/>
                </token>
                <token content="that" id="15-14">
                    <pos type="IN"/>
                    <lemma type="that"/>
                    <dep head="15-16" type="mark"/>
                </token>
                <token content="I" id="15-15">
                    <pos type="PRP"/>
                    <lemma type="I"/>
                    <dep head="15-16" type="nsubj"/>
                </token>
                <token content="leave" id="15-16">
                    <pos type="VBP"/>
                    <lemma type="leave"/>
                    <dep head="15-7" type="ccomp"/>
                </token>
                <token content="the" id="15-17">
                    <pos type="DT"/>
                    <lemma type="the"/>
                </token>
                <token content="tub" id="15-18">
                    <pos type="JJ"/>
                    <lemma type="tub"/>
                </token>
                <token content="clean" id="15-19">
                    <pos type="JJ"/>
                    <lemma type="clean"/>
                    <dep head="15-16" type="dobj"/>
                </token>
                <token content="and" id="15-20"/>
                <token content="shiny" id="15-21">
                    <pos type="JJ"/>
                    <lemma type="shiny"/>
                </token>
                <token content="for" id="15-22"/>
                <token content="the" id="15-23">
                    <pos type="DT"/>
                    <lemma type="the"/>
                </token>
                <token content="next" id="15-24">
                    <pos type="JJ"/>
                    <lemma type="next"/>
                </token>
                <token content="time" id="15-25">
                    <pos type="NN"/>
                    <lemma type="time"/>
                    <dep head="15-16" type="prep"/>
                </token>
                <token content="I" id="15-26">
                    <pos type="PRP"/>
                    <lemma type="I"/>
                    <dep head="15-27" type="nsubj"/>
                </token>
                <token content="use" id="15-27">
                    <pos type="VBP"/>
                    <lemma type="use"/>
                </token>
                <token content="it" id="15-28">
                    <pos type="PRP"/>
                    <lemma type="it"/>
                    <dep head="15-27" type="dobj"/>
                </token>
                <token content="." id="15-29"/>
            </sentence>
        </sentences>
    </text>
    <annotations>
        <participants>
            <label from="1-1" id="0" name="ScrPart_bather" text="I" type="participant"/>
            <label from="1-4" id="1" name="SuppVComp" text="baths" type="participant"/>
            <label from="2-1" id="2" name="ScrPart_bath" text="They" type="participant"/>
            <label from="2-8" id="3" name="NPart" text="day" type="participant"/>
            <label from="3-2" id="4" name="ScrPart_bather" text="I" type="participant"/>
            <label from="3-4" id="5" name="NPart" text="home" type="participant"/>
            <label from="3-6" id="6" name="NPart" text="work" type="participant"/>
            <label from="3-12" id="7" name="No_label" text="thing" type="participant"/>
            <label from="3-13" id="8" name="ScrPart_bather" text="I" type="participant"/>
            <label from="3-20" id="9" name="ScrPart_bathtub" text="bathtub" type="participant"/>
            <label from="4-1" id="10" name="ScrPart_bather" text="I" type="participant"/>
            <label from="4-4" id="11" name="ScrPart_temperature" text="water temperature" to="4-5" type="participant"/>
            <label from="4-5" id="12" name="ScrPart_temperature" text="temperature" type="participant"/>
            <label from="4-10" id="13" name="NPart" text="setting" type="participant"/>
            <label from="5-3" id="14" name="ScrPart_bathtub" text="tub" type="participant"/>
            <label from="5-7" id="15" name="ScrPart_bather" text="I" type="participant"/>
            <label from="5-12" id="16" name="ScrPart_towel" text="towels" type="participant"/>
            <label from="5-15" id="17" name="ScrPart_washing_tools" text="face cloth" to="5-16" type="participant"/>
            <label from="5-16" id="18" name="ScrPart_washing_tools" text="cloth" type="participant"/>
            <label from="6-1" id="19" name="ScrPart_bather" text="I" type="participant"/>
            <label from="6-4" id="20" name="ScrPart_bather" text="myself" type="participant"/>
            <label from="6-6" id="21" name="Head_of_Partitive" text="glass" type="participant"/>
            <label from="6-8" id="22" name="ScrPart_in-bath_entertainment" text="ice water" to="6-9" type="participant"/>
            <label from="6-9" id="23" name="ScrPart_in-bath_entertainment" text="water" type="participant"/>
            <label from="6-14" id="24" name="ScrPart_bather" text="I" type="participant"/>
            <label from="7-1" id="25" name="ScrPart_bather" text="I" type="participant"/>
            <label from="7-7" id="26" name="ScrPart_in-bath_entertainment" text="magazine" type="participant"/>
            <label from="7-8" id="27" name="ScrPart_in-bath_entertainment" text="that" type="participant"/>
            <label from="7-9" id="28" name="ScrPart_bather" text="I" type="participant"/>
            <label from="7-17" id="29" name="ScrPart_in-bath_entertainment" text="it" type="participant"/>
            <label from="7-21" id="30" name="ScrPart_bathtub" text="tub" type="participant"/>
            <label from="8-3" id="31" name="ScrPart_bathtub" text="tub" type="participant"/>
            <label from="8-7" id="32" name="ScrPart_bather" text="I" type="participant"/>
            <label from="9-1" id="33" name="ScrPart_bather" text="I" type="participant"/>
            <label from="9-5" id="34" name="ScrPart_bather" text="my" type="participant"/>
            <label from="9-6" id="35" name="ScrPart_body_part" text="face" type="participant"/>
            <label from="9-9" id="36" name="ScrPart_bather" text="my" type="participant"/>
            <label from="9-10" id="37" name="ScrPart_hair" text="hair" type="participant"/>
            <label from="10-2" id="38" name="ScrPart_bather" text="my" type="participant"/>
            <label from="10-3" id="39" name="ScrPart_hair" text="hair" type="participant"/>
            <label from="10-7" id="40" name="ScrPart_bather" text="I" type="participant"/>
            <label from="10-11" id="41" name="ScrPart_washing_tools" text="conditioner" type="participant"/>
            <label from="10-13" id="42" name="ScrPart_bather" text="my" type="participant"/>
            <label from="10-14" id="43" name="ScrPart_hair" text="hair" type="participant"/>
            <label from="11-3" id="44" name="No_label" text="it" type="participant"/>
            <label from="11-5" id="45" name="No_label" text="time" type="participant"/>
            <label from="12-1" id="46" name="ScrPart_bather" text="I" type="participant"/>
            <label from="12-4" id="47" name="ScrPart_washing_tools" text="conditioner" type="participant"/>
            <label from="12-7" id="48" name="ScrPart_bather" text="I" type="participant"/>
            <label from="12-9" id="49" name="ScrPart_bather" text="my" type="participant"/>
            <label from="12-10" id="50" name="ScrPart_in-bath_entertainment" text="magazine" type="participant"/>
            <label from="12-14" id="51" name="ScrPart_in-bath_entertainment" text="water" type="participant"/>
            <label from="13-3" id="52" name="NPart" text="minutes" type="participant"/>
            <label from="13-5" id="53" name="ScrPart_bather" text="I" type="participant"/>
            <label from="13-7" id="54" name="ScrPart_bather" text="my" type="participant"/>
            <label from="13-8" id="55" name="ScrPart_hair" text="hair" type="participant"/>
            <label from="13-13" id="56" name="ScrPart_bather" text="my" type="participant"/>
            <label from="13-14" id="57" name="ScrPart_body_part" text="body" type="participant"/>
            <label from="13-16" id="58" name="ScrPart_washing_tools" text="soap" type="participant"/>
            <label from="14-1" id="59" name="ScrPart_bather" text="I" type="participant"/>
            <label from="14-7" id="60" name="ScrPart_bather" text="myself" type="participant"/>
            <label from="14-11" id="61" name="No_label" text="minutes" type="participant"/>
            <label from="14-15" id="62" name="ScrPart_bather" text="I" type="participant"/>
            <label from="14-18" id="63" name="ScrPart_bathtub" text="tub" type="participant"/>
            <label from="15-2" id="64" name="ScrPart_bather" text="I" type="participant"/>
            <label from="15-6" id="65" name="ScrPart_bather" text="I" type="participant"/>
            <label from="15-9" id="66" name="ScrPart_bathtub" text="tub" type="participant"/>
            <label from="15-15" id="67" name="ScrPart_bather" text="I" type="participant"/>
            <label from="15-18" id="68" name="ScrPart_bathtub" text="tub" type="participant"/>
            <label from="15-25" id="69" name="No_label" text="time" type="participant"/>
            <label from="15-26" id="70" name="ScrPart_bather" text="I" type="participant"/>
            <label from="15-28" id="71" name="ScrPart_bathtub" text="it" type="participant"/>
        </participants>
        <events>
            <label from="1-2" id="72" name="UnrelEv" text="love" type="event"/>
            <label from="1-3" id="73" name="Evoking" text="taking baths" to="1-4" type="event"/>
            <label from="2-2" id="74" name="UnrelEv" text="are" type="event"/>
            <label from="2-4" id="75" name="ScrEv_relax" text="relaxing" type="event"/>
            <label from="3-3" id="76" name="UnrelEv" text="get" type="event"/>
            <label from="3-14" id="77" name="UnrelEv" text="do" type="event"/>
            <label from="3-15" id="78" name="UnrelEv" text="is" type="event"/>
            <label from="3-16" id="79" name="UnrelEv" text="start" type="event"/>
            <label from="3-18" id="80" name="ScrEv_fill_water/wait" text="fill" type="event"/>
            <label from="4-2" id="81" name="ScrEv_check_temp" text="set" type="event"/>
            <label from="5-5" id="82" name="ScrEv_fill_water/wait" text="filling" type="event"/>
            <label from="5-9" id="83" name="ScrEv_prepare_bath" text="gather" type="event"/>
            <label from="6-3" id="84" name="ScrEv_prepare_bath" text="pour" type="event"/>
            <label from="6-11" id="85" name="RelNScrEv" text="sip" type="event"/>
            <label from="6-16" id="86" name="ScrEv_relax" text="soaking" type="event"/>
            <label from="7-2" id="87" name="UnrelEv" text="go" type="event"/>
            <label from="7-4" id="88" name="ScrEv_prepare_bath" text="grab" type="event"/>
            <label from="7-12" id="89" name="UnrelEv" text="waiting" type="event"/>
            <label from="7-14" id="90" name="UnrelEv" text="read" type="event"/>
            <label from="7-16" id="91" name="ScrEv_prepare_bath" text="put" type="event"/>
            <label from="8-5" id="92" name="ScrEv_fill_water/wait" text="filled" type="event"/>
            <label from="8-8" id="93" name="ScrEv_sink_water" text="climb in" to="8-9" type="event"/>
            <label from="9-2" id="94" name="UnrelEv" text="start" type="event"/>
            <label from="9-4" id="95" name="ScrEv_wash" text="washing" type="event"/>
            <label from="10-5" id="96" name="ScrEv_wash" text="washed" type="event"/>
            <label from="10-8" id="97" name="Unclear" text="put" type="event"/>
            <label from="11-4" id="98" name="UnrelEv" text="'s" type="event"/>
            <label from="11-7" id="99" name="ScrEv_relax" text="relax" type="event"/>
            <label from="12-2" id="100" name="UnrelEv" text="let" type="event"/>
            <label from="12-5" id="101" name="RelNScrEv" text="sit" type="event"/>
            <label from="12-8" id="102" name="RelNScrEv" text="read" type="event"/>
            <label from="12-12" id="103" name="RelNScrEv" text="sip" type="event"/>
            <label from="13-6" id="104" name="ScrEv_wash" text="rinse" type="event"/>
            <label from="13-12" id="105" name="ScrEv_wash" text="wash" type="event"/>
            <label from="14-2" id="106" name="ScrEv_wash" text="rinse off" to="14-3" type="event"/>
            <label from="14-6" id="107" name="UnrelEv" text="give" type="event"/>
            <label from="14-13" id="108" name="ScrEv_relax" text="soaking" type="event"/>
            <label from="14-16" id="109" name="ScrEv_open_drain" text="empty" type="event"/>
            <label from="15-3" id="110" name="ScrEv_dry" text="dry off" to="15-4" type="event"/>
            <label from="15-7" id="111" name="ScrEv_other" text="rinse" type="event"/>
            <label from="15-12" id="112" name="UnrelEv" text="make sure" to="15-13" type="event"/>
            <label from="15-16" id="113" name="RelNScrEv" text="leave" type="event"/>
            <label from="15-27" id="114" name="Evoking" text="use it" to="15-28" type="event"/>
        </events>
        <chains>
            <chain elements="0 4 8 10 15 19 20 24 25 28 32 33 34 36 38 40 42 46 48 49 53 54 56 59 60 62 64 65 67 70"/>
            <chain elements="9 14 30 31 63 66 68 71"/>
            <chain elements="26 27 29 50"/>
            <chain elements="37 39 43 55"/>
            <chain elements="41 47"/>
            <chain elements="23 51"/>
        </chains>
    </annotations>
</story>
