<?xml version="1.0" encoding="UTF-8" standalone="no"?>
<!DOCTYPE story SYSTEM "../InScript.dtd">
<story id="003" scenario="bath">
    <text>
        <content>How you take a bath varies a bit with what type of bathing facilities you have . 
I 'm going to describe the typical definition of a bath . 
Go to your tub and take the shower curtain out of the tub if it is inside it . 
You do n't want it to get wet ! 
Before you close the drain you should turn on the water and let it run for a little bit so you can get it to the right temperature before you start filling the tub . 
If you have somewhere to store the water you can place a bucket under the warming water and use it for another purpose . 
Conservation ! 
Once the water coming from the tap is at the temperature you like you can place the stopper in the drain and start filling the tub . 
Make sure you do n't fill the tub all the way to the top because the water will displace once you get into the tub . 
You can also get in as the tub is filling so you can make a better judgment about when to turn off the water . 
While you are in the tub you should take a wash cloth and soap or bodywash to give yourself a good scrub down . 
If you need to wash your hair it is often better to do it after your bath . 
You can put the shampoo in your hair and as the tub empties place your head under the faucet to rinse out the soap . 
Enjoy your bath ! 
, This one was a little tough . 
I was n't sure how much detail to go into about taking the bath versus setting up the bath </content>
        <sentences>
            <sentence id="1">
                <token content="How" id="1-1">
                    <pos type="WRB"/>
                    <lemma type="how"/>
                    <dep head="1-3" type="advmod"/>
                </token>
                <token content="you" id="1-2">
                    <pos type="PRP"/>
                    <lemma type="you"/>
                    <dep head="1-3" type="nsubj"/>
                </token>
                <token content="take" id="1-3">
                    <pos type="VBP"/>
                    <lemma type="take"/>
                    <dep head="1-16" type="advcl"/>
                </token>
                <token content="a" id="1-4">
                    <pos type="DT"/>
                    <lemma type="a"/>
                </token>
                <token content="bath" id="1-5">
                    <pos type="NN"/>
                    <lemma type="bath"/>
                    <dep head="1-6" type="nsubj"/>
                </token>
                <token content="varies" id="1-6">
                    <pos type="VBZ"/>
                    <lemma type="vary"/>
                    <dep head="1-3" type="ccomp"/>
                </token>
                <token content="a" id="1-7">
                    <pos type="DT"/>
                    <lemma type="a"/>
                </token>
                <token content="bit" id="1-8">
                    <pos type="NN"/>
                    <lemma type="bit"/>
                    <dep head="1-6" type="dobj"/>
                </token>
                <token content="with" id="1-9"/>
                <token content="what" id="1-10">
                    <pos type="WP"/>
                    <lemma type="what"/>
                </token>
                <token content="type" id="1-11">
                    <pos type="NN"/>
                    <lemma type="type"/>
                    <dep head="1-6" type="prep"/>
                </token>
                <token content="of" id="1-12"/>
                <token content="bathing" id="1-13">
                    <pos type="NN"/>
                    <lemma type="bathing"/>
                </token>
                <token content="facilities" id="1-14">
                    <pos type="NNS"/>
                    <lemma type="facility"/>
                </token>
                <token content="you" id="1-15">
                    <pos type="PRP"/>
                    <lemma type="you"/>
                    <dep head="1-16" type="nsubj"/>
                </token>
                <token content="have" id="1-16">
                    <pos type="VBP"/>
                    <lemma type="have"/>
                </token>
                <token content="." id="1-17"/>
            </sentence>
            <sentence id="2">
                <token content="I" id="2-1">
                    <pos type="PRP"/>
                    <lemma type="I"/>
                    <dep head="2-3" type="nsubj"/>
                </token>
                <token content="'m" id="2-2">
                    <pos type="VBP"/>
                    <lemma type="be"/>
                    <dep head="2-3" type="aux"/>
                </token>
                <token content="going" id="2-3">
                    <pos type="VBG"/>
                    <lemma type="go"/>
                </token>
                <token content="to" id="2-4">
                    <pos type="TO"/>
                    <lemma type="to"/>
                    <dep head="2-5" type="aux"/>
                </token>
                <token content="describe" id="2-5">
                    <pos type="VB"/>
                    <lemma type="describe"/>
                    <dep head="2-3" type="xcomp"/>
                </token>
                <token content="the" id="2-6">
                    <pos type="DT"/>
                    <lemma type="the"/>
                </token>
                <token content="typical" id="2-7">
                    <pos type="JJ"/>
                    <lemma type="typical"/>
                </token>
                <token content="definition" id="2-8">
                    <pos type="NN"/>
                    <lemma type="definition"/>
                    <dep head="2-5" type="dobj"/>
                </token>
                <token content="of" id="2-9"/>
                <token content="a" id="2-10">
                    <pos type="DT"/>
                    <lemma type="a"/>
                </token>
                <token content="bath" id="2-11">
                    <pos type="NN"/>
                    <lemma type="bath"/>
                </token>
                <token content="." id="2-12"/>
            </sentence>
            <sentence id="3">
                <token content="Go" id="3-1">
                    <pos type="VB"/>
                    <lemma type="go"/>
                </token>
                <token content="to" id="3-2"/>
                <token content="your" id="3-3">
                    <pos type="PRP$"/>
                    <lemma type="you"/>
                </token>
                <token content="tub" id="3-4">
                    <pos type="NN"/>
                    <lemma type="tub"/>
                    <dep head="3-1" type="prep"/>
                </token>
                <token content="and" id="3-5"/>
                <token content="take" id="3-6">
                    <pos type="VB"/>
                    <lemma type="take"/>
                    <dep head="3-1" type="conj"/>
                </token>
                <token content="the" id="3-7">
                    <pos type="DT"/>
                    <lemma type="the"/>
                </token>
                <token content="shower" id="3-8">
                    <pos type="NN"/>
                    <lemma type="shower"/>
                </token>
                <token content="curtain" id="3-9">
                    <pos type="NN"/>
                    <lemma type="curtain"/>
                    <dep head="3-6" type="dobj"/>
                </token>
                <token content="out" id="3-10"/>
                <token content="of" id="3-11"/>
                <token content="the" id="3-12">
                    <pos type="DT"/>
                    <lemma type="the"/>
                </token>
                <token content="tub" id="3-13">
                    <pos type="NN"/>
                    <lemma type="tub"/>
                    <dep head="3-6" type="prep"/>
                </token>
                <token content="if" id="3-14">
                    <pos type="IN"/>
                    <lemma type="if"/>
                </token>
                <token content="it" id="3-15">
                    <pos type="PRP"/>
                    <lemma type="it"/>
                </token>
                <token content="is" id="3-16">
                    <pos type="VBZ"/>
                    <lemma type="be"/>
                </token>
                <token content="inside" id="3-17">
                    <pos type="RB"/>
                    <lemma type="inside"/>
                </token>
                <token content="it" id="3-18">
                    <pos type="PRP"/>
                    <lemma type="it"/>
                    <dep head="3-6" type="advcl"/>
                </token>
                <token content="." id="3-19"/>
            </sentence>
            <sentence id="4">
                <token content="You" id="4-1">
                    <pos type="PRP"/>
                    <lemma type="you"/>
                    <dep head="4-4" type="nsubj"/>
                </token>
                <token content="do" id="4-2">
                    <pos type="VBP"/>
                    <lemma type="do"/>
                    <dep head="4-4" type="aux"/>
                </token>
                <token content="n't" id="4-3">
                    <pos type="RB"/>
                    <lemma type="not"/>
                    <dep head="4-4" type="neg"/>
                </token>
                <token content="want" id="4-4">
                    <pos type="VB"/>
                    <lemma type="want"/>
                </token>
                <token content="it" id="4-5">
                    <pos type="PRP"/>
                    <lemma type="it"/>
                    <dep head="4-4" type="dobj"/>
                </token>
                <token content="to" id="4-6">
                    <pos type="TO"/>
                    <lemma type="to"/>
                </token>
                <token content="get" id="4-7">
                    <pos type="VB"/>
                    <lemma type="get"/>
                </token>
                <token content="wet" id="4-8">
                    <pos type="JJ"/>
                    <lemma type="wet"/>
                    <dep head="4-4" type="xcomp"/>
                </token>
                <token content="!" id="4-9"/>
            </sentence>
            <sentence id="5">
                <token content="Before" id="5-1">
                    <pos type="IN"/>
                    <lemma type="before"/>
                    <dep head="5-3" type="mark"/>
                </token>
                <token content="you" id="5-2">
                    <pos type="PRP"/>
                    <lemma type="you"/>
                    <dep head="5-3" type="nsubj"/>
                </token>
                <token content="close" id="5-3">
                    <pos type="VB"/>
                    <lemma type="close"/>
                    <dep head="5-8" type="advcl"/>
                </token>
                <token content="the" id="5-4">
                    <pos type="DT"/>
                    <lemma type="the"/>
                </token>
                <token content="drain" id="5-5">
                    <pos type="NN"/>
                    <lemma type="drain"/>
                    <dep head="5-3" type="dobj"/>
                </token>
                <token content="you" id="5-6">
                    <pos type="PRP"/>
                    <lemma type="you"/>
                    <dep head="5-8" type="nsubj"/>
                </token>
                <token content="should" id="5-7">
                    <pos type="MD"/>
                    <lemma type="should"/>
                    <dep head="5-8" type="aux"/>
                </token>
                <token content="turn" id="5-8">
                    <pos type="VB"/>
                    <lemma type="turn"/>
                </token>
                <token content="on" id="5-9"/>
                <token content="the" id="5-10">
                    <pos type="DT"/>
                    <lemma type="the"/>
                </token>
                <token content="water" id="5-11">
                    <pos type="NN"/>
                    <lemma type="water"/>
                    <dep head="5-8" type="prep"/>
                </token>
                <token content="and" id="5-12"/>
                <token content="let" id="5-13">
                    <pos type="VB"/>
                    <lemma type="let"/>
                    <dep head="5-8" type="conj"/>
                </token>
                <token content="it" id="5-14">
                    <pos type="PRP"/>
                    <lemma type="it"/>
                    <dep head="5-15" type="nsubj"/>
                </token>
                <token content="run" id="5-15">
                    <pos type="VB"/>
                    <lemma type="run"/>
                    <dep head="5-13" type="ccomp"/>
                </token>
                <token content="for" id="5-16"/>
                <token content="a" id="5-17">
                    <pos type="DT"/>
                    <lemma type="a"/>
                </token>
                <token content="little" id="5-18">
                    <pos type="JJ"/>
                    <lemma type="little"/>
                </token>
                <token content="bit" id="5-19">
                    <pos type="NN"/>
                    <lemma type="bit"/>
                    <dep head="5-15" type="prep"/>
                </token>
                <token content="so" id="5-20">
                    <pos type="IN"/>
                    <lemma type="so"/>
                    <dep head="5-23" type="mark"/>
                </token>
                <token content="you" id="5-21">
                    <pos type="PRP"/>
                    <lemma type="you"/>
                    <dep head="5-23" type="nsubj"/>
                </token>
                <token content="can" id="5-22">
                    <pos type="MD"/>
                    <lemma type="can"/>
                    <dep head="5-23" type="aux"/>
                </token>
                <token content="get" id="5-23">
                    <pos type="VB"/>
                    <lemma type="get"/>
                    <dep head="5-15" type="advcl"/>
                </token>
                <token content="it" id="5-24">
                    <pos type="PRP"/>
                    <lemma type="it"/>
                    <dep head="5-23" type="dobj"/>
                </token>
                <token content="to" id="5-25"/>
                <token content="the" id="5-26">
                    <pos type="DT"/>
                    <lemma type="the"/>
                </token>
                <token content="right" id="5-27">
                    <pos type="JJ"/>
                    <lemma type="right"/>
                </token>
                <token content="temperature" id="5-28">
                    <pos type="NN"/>
                    <lemma type="temperature"/>
                    <dep head="5-23" type="prep"/>
                </token>
                <token content="before" id="5-29">
                    <pos type="IN"/>
                    <lemma type="before"/>
                    <dep head="5-31" type="mark"/>
                </token>
                <token content="you" id="5-30">
                    <pos type="PRP"/>
                    <lemma type="you"/>
                    <dep head="5-31" type="nsubj"/>
                </token>
                <token content="start" id="5-31">
                    <pos type="VBP"/>
                    <lemma type="start"/>
                    <dep head="5-23" type="advcl"/>
                </token>
                <token content="filling" id="5-32">
                    <pos type="VBG"/>
                    <lemma type="fill"/>
                    <dep head="5-31" type="xcomp"/>
                </token>
                <token content="the" id="5-33">
                    <pos type="DT"/>
                    <lemma type="the"/>
                </token>
                <token content="tub" id="5-34">
                    <pos type="NN"/>
                    <lemma type="tub"/>
                    <dep head="5-32" type="dobj"/>
                </token>
                <token content="." id="5-35"/>
            </sentence>
            <sentence id="6">
                <token content="If" id="6-1">
                    <pos type="IN"/>
                    <lemma type="if"/>
                    <dep head="6-3" type="mark"/>
                </token>
                <token content="you" id="6-2">
                    <pos type="PRP"/>
                    <lemma type="you"/>
                    <dep head="6-3" type="nsubj"/>
                </token>
                <token content="have" id="6-3">
                    <pos type="VBP"/>
                    <lemma type="have"/>
                    <dep head="6-11" type="advcl"/>
                </token>
                <token content="somewhere" id="6-4">
                    <pos type="RB"/>
                    <lemma type="somewhere"/>
                    <dep head="6-3" type="advmod"/>
                </token>
                <token content="to" id="6-5">
                    <pos type="TO"/>
                    <lemma type="to"/>
                    <dep head="6-6" type="aux"/>
                </token>
                <token content="store" id="6-6">
                    <pos type="VB"/>
                    <lemma type="store"/>
                    <dep head="6-3" type="xcomp"/>
                </token>
                <token content="the" id="6-7">
                    <pos type="DT"/>
                    <lemma type="the"/>
                </token>
                <token content="water" id="6-8">
                    <pos type="NN"/>
                    <lemma type="water"/>
                    <dep head="6-6" type="dobj"/>
                </token>
                <token content="you" id="6-9">
                    <pos type="PRP"/>
                    <lemma type="you"/>
                    <dep head="6-11" type="nsubj"/>
                </token>
                <token content="can" id="6-10">
                    <pos type="MD"/>
                    <lemma type="can"/>
                    <dep head="6-11" type="aux"/>
                </token>
                <token content="place" id="6-11">
                    <pos type="VB"/>
                    <lemma type="place"/>
                </token>
                <token content="a" id="6-12">
                    <pos type="DT"/>
                    <lemma type="a"/>
                </token>
                <token content="bucket" id="6-13">
                    <pos type="NN"/>
                    <lemma type="bucket"/>
                    <dep head="6-11" type="dobj"/>
                </token>
                <token content="under" id="6-14"/>
                <token content="the" id="6-15">
                    <pos type="DT"/>
                    <lemma type="the"/>
                </token>
                <token content="warming" id="6-16">
                    <pos type="NN"/>
                    <lemma type="warming"/>
                </token>
                <token content="water" id="6-17">
                    <pos type="NN"/>
                    <lemma type="water"/>
                    <dep head="6-11" type="prep"/>
                </token>
                <token content="and" id="6-18"/>
                <token content="use" id="6-19">
                    <pos type="VB"/>
                    <lemma type="use"/>
                    <dep head="6-11" type="conj"/>
                </token>
                <token content="it" id="6-20">
                    <pos type="PRP"/>
                    <lemma type="it"/>
                    <dep head="6-19" type="dobj"/>
                </token>
                <token content="for" id="6-21"/>
                <token content="another" id="6-22">
                    <pos type="DT"/>
                    <lemma type="another"/>
                </token>
                <token content="purpose" id="6-23">
                    <pos type="NN"/>
                    <lemma type="purpose"/>
                    <dep head="6-19" type="prep"/>
                </token>
                <token content="." id="6-24"/>
            </sentence>
            <sentence id="7">
                <token content="Conservation" id="7-1"/>
                <token content="!" id="7-2"/>
            </sentence>
            <sentence id="8">
                <token content="Once" id="8-1">
                    <pos type="IN"/>
                    <lemma type="once"/>
                    <dep head="8-8" type="mark"/>
                </token>
                <token content="the" id="8-2">
                    <pos type="DT"/>
                    <lemma type="the"/>
                </token>
                <token content="water" id="8-3">
                    <pos type="NN"/>
                    <lemma type="water"/>
                    <dep head="8-8" type="nsubj"/>
                </token>
                <token content="coming" id="8-4">
                    <pos type="VBG"/>
                    <lemma type="come"/>
                </token>
                <token content="from" id="8-5"/>
                <token content="the" id="8-6">
                    <pos type="DT"/>
                    <lemma type="the"/>
                </token>
                <token content="tap" id="8-7">
                    <pos type="NN"/>
                    <lemma type="tap"/>
                    <dep head="8-4" type="prep"/>
                </token>
                <token content="is" id="8-8">
                    <pos type="VBZ"/>
                    <lemma type="be"/>
                    <dep head="8-13" type="advcl"/>
                </token>
                <token content="at" id="8-9"/>
                <token content="the" id="8-10">
                    <pos type="DT"/>
                    <lemma type="the"/>
                </token>
                <token content="temperature" id="8-11">
                    <pos type="NN"/>
                    <lemma type="temperature"/>
                    <dep head="8-8" type="prep"/>
                </token>
                <token content="you" id="8-12">
                    <pos type="PRP"/>
                    <lemma type="you"/>
                    <dep head="8-13" type="nsubj"/>
                </token>
                <token content="like" id="8-13">
                    <pos type="VBP"/>
                    <lemma type="like"/>
                </token>
                <token content="you" id="8-14">
                    <pos type="PRP"/>
                    <lemma type="you"/>
                    <dep head="8-16" type="nsubj"/>
                </token>
                <token content="can" id="8-15">
                    <pos type="MD"/>
                    <lemma type="can"/>
                    <dep head="8-16" type="aux"/>
                </token>
                <token content="place" id="8-16">
                    <pos type="VB"/>
                    <lemma type="place"/>
                    <dep head="8-13" type="ccomp"/>
                </token>
                <token content="the" id="8-17">
                    <pos type="DT"/>
                    <lemma type="the"/>
                </token>
                <token content="stopper" id="8-18">
                    <pos type="NN"/>
                    <lemma type="stopper"/>
                    <dep head="8-16" type="dobj"/>
                </token>
                <token content="in" id="8-19"/>
                <token content="the" id="8-20">
                    <pos type="DT"/>
                    <lemma type="the"/>
                </token>
                <token content="drain" id="8-21">
                    <pos type="NN"/>
                    <lemma type="drain"/>
                </token>
                <token content="and" id="8-22"/>
                <token content="start" id="8-23">
                    <pos type="VB"/>
                    <lemma type="start"/>
                    <dep head="8-16" type="conj"/>
                </token>
                <token content="filling" id="8-24">
                    <pos type="VBG"/>
                    <lemma type="fill"/>
                    <dep head="8-23" type="xcomp"/>
                </token>
                <token content="the" id="8-25">
                    <pos type="DT"/>
                    <lemma type="the"/>
                </token>
                <token content="tub" id="8-26">
                    <pos type="NN"/>
                    <lemma type="tub"/>
                    <dep head="8-24" type="dobj"/>
                </token>
                <token content="." id="8-27"/>
            </sentence>
            <sentence id="9">
                <token content="Make" id="9-1">
                    <pos type="VB"/>
                    <lemma type="make"/>
                </token>
                <token content="sure" id="9-2">
                    <pos type="JJ"/>
                    <lemma type="sure"/>
                    <dep head="9-1" type="acomp"/>
                </token>
                <token content="you" id="9-3">
                    <pos type="PRP"/>
                    <lemma type="you"/>
                    <dep head="9-6" type="nsubj"/>
                </token>
                <token content="do" id="9-4">
                    <pos type="VBP"/>
                    <lemma type="do"/>
                    <dep head="9-6" type="aux"/>
                </token>
                <token content="n't" id="9-5">
                    <pos type="RB"/>
                    <lemma type="not"/>
                    <dep head="9-6" type="neg"/>
                </token>
                <token content="fill" id="9-6">
                    <pos type="VB"/>
                    <lemma type="fill"/>
                </token>
                <token content="the" id="9-7">
                    <pos type="DT"/>
                    <lemma type="the"/>
                </token>
                <token content="tub" id="9-8">
                    <pos type="NN"/>
                    <lemma type="tub"/>
                    <dep head="9-6" type="dobj"/>
                </token>
                <token content="all" id="9-9">
                    <pos type="RB"/>
                    <lemma type="all"/>
                    <dep head="9-6" type="advmod"/>
                </token>
                <token content="the" id="9-10">
                    <pos type="DT"/>
                    <lemma type="the"/>
                </token>
                <token content="way" id="9-11">
                    <pos type="NN"/>
                    <lemma type="way"/>
                </token>
                <token content="to" id="9-12"/>
                <token content="the" id="9-13">
                    <pos type="DT"/>
                    <lemma type="the"/>
                </token>
                <token content="top" id="9-14">
                    <pos type="NN"/>
                    <lemma type="top"/>
                </token>
                <token content="because" id="9-15">
                    <pos type="IN"/>
                    <lemma type="because"/>
                    <dep head="9-19" type="mark"/>
                </token>
                <token content="the" id="9-16">
                    <pos type="DT"/>
                    <lemma type="the"/>
                </token>
                <token content="water" id="9-17">
                    <pos type="NN"/>
                    <lemma type="water"/>
                    <dep head="9-19" type="nsubj"/>
                </token>
                <token content="will" id="9-18">
                    <pos type="MD"/>
                    <lemma type="will"/>
                    <dep head="9-19" type="aux"/>
                </token>
                <token content="displace" id="9-19">
                    <pos type="VB"/>
                    <lemma type="displace"/>
                    <dep head="9-6" type="advcl"/>
                </token>
                <token content="once" id="9-20">
                    <pos type="IN"/>
                    <lemma type="once"/>
                    <dep head="9-22" type="mark"/>
                </token>
                <token content="you" id="9-21">
                    <pos type="PRP"/>
                    <lemma type="you"/>
                    <dep head="9-22" type="nsubj"/>
                </token>
                <token content="get" id="9-22">
                    <pos type="VBP"/>
                    <lemma type="get"/>
                    <dep head="9-19" type="advcl"/>
                </token>
                <token content="into" id="9-23"/>
                <token content="the" id="9-24">
                    <pos type="DT"/>
                    <lemma type="the"/>
                </token>
                <token content="tub" id="9-25">
                    <pos type="NN"/>
                    <lemma type="tub"/>
                    <dep head="9-22" type="prep"/>
                </token>
                <token content="." id="9-26"/>
            </sentence>
            <sentence id="10">
                <token content="You" id="10-1">
                    <pos type="PRP"/>
                    <lemma type="you"/>
                    <dep head="10-4" type="nsubj"/>
                </token>
                <token content="can" id="10-2">
                    <pos type="MD"/>
                    <lemma type="can"/>
                    <dep head="10-4" type="aux"/>
                </token>
                <token content="also" id="10-3">
                    <pos type="RB"/>
                    <lemma type="also"/>
                    <dep head="10-4" type="advmod"/>
                </token>
                <token content="get" id="10-4">
                    <pos type="VB"/>
                    <lemma type="get"/>
                </token>
                <token content="in" id="10-5">
                    <pos type="RP"/>
                    <lemma type="in"/>
                    <dep head="10-4" type="prt"/>
                </token>
                <token content="as" id="10-6">
                    <pos type="IN"/>
                    <lemma type="as"/>
                    <dep head="10-10" type="mark"/>
                </token>
                <token content="the" id="10-7">
                    <pos type="DT"/>
                    <lemma type="the"/>
                </token>
                <token content="tub" id="10-8">
                    <pos type="NN"/>
                    <lemma type="tub"/>
                    <dep head="10-10" type="nsubj"/>
                </token>
                <token content="is" id="10-9">
                    <pos type="VBZ"/>
                    <lemma type="be"/>
                    <dep head="10-10" type="aux"/>
                </token>
                <token content="filling" id="10-10">
                    <pos type="VBG"/>
                    <lemma type="fill"/>
                    <dep head="10-4" type="advcl"/>
                </token>
                <token content="so" id="10-11">
                    <pos type="IN"/>
                    <lemma type="so"/>
                    <dep head="10-14" type="mark"/>
                </token>
                <token content="you" id="10-12">
                    <pos type="PRP"/>
                    <lemma type="you"/>
                    <dep head="10-14" type="nsubj"/>
                </token>
                <token content="can" id="10-13">
                    <pos type="MD"/>
                    <lemma type="can"/>
                    <dep head="10-14" type="aux"/>
                </token>
                <token content="make" id="10-14">
                    <pos type="VB"/>
                    <lemma type="make"/>
                    <dep head="10-10" type="advcl"/>
                </token>
                <token content="a" id="10-15">
                    <pos type="DT"/>
                    <lemma type="a"/>
                </token>
                <token content="better" id="10-16">
                    <pos type="JJR"/>
                    <lemma type="better"/>
                </token>
                <token content="judgment" id="10-17">
                    <pos type="NN"/>
                    <lemma type="judgment"/>
                    <dep head="10-14" type="dobj"/>
                </token>
                <token content="about" id="10-18"/>
                <token content="when" id="10-19">
                    <pos type="WRB"/>
                    <lemma type="when"/>
                    <dep head="10-21" type="advmod"/>
                </token>
                <token content="to" id="10-20">
                    <pos type="TO"/>
                    <lemma type="to"/>
                    <dep head="10-21" type="aux"/>
                </token>
                <token content="turn" id="10-21">
                    <pos type="VB"/>
                    <lemma type="turn"/>
                    <dep head="10-14" type="prepc"/>
                </token>
                <token content="off" id="10-22">
                    <pos type="RP"/>
                    <lemma type="off"/>
                    <dep head="10-21" type="prt"/>
                </token>
                <token content="the" id="10-23">
                    <pos type="DT"/>
                    <lemma type="the"/>
                </token>
                <token content="water" id="10-24">
                    <pos type="NN"/>
                    <lemma type="water"/>
                    <dep head="10-21" type="dobj"/>
                </token>
                <token content="." id="10-25"/>
            </sentence>
            <sentence id="11">
                <token content="While" id="11-1">
                    <pos type="IN"/>
                    <lemma type="while"/>
                    <dep head="11-3" type="mark"/>
                </token>
                <token content="you" id="11-2">
                    <pos type="PRP"/>
                    <lemma type="you"/>
                    <dep head="11-3" type="nsubj"/>
                </token>
                <token content="are" id="11-3">
                    <pos type="VBP"/>
                    <lemma type="be"/>
                    <dep head="11-9" type="advcl"/>
                </token>
                <token content="in" id="11-4"/>
                <token content="the" id="11-5">
                    <pos type="DT"/>
                    <lemma type="the"/>
                </token>
                <token content="tub" id="11-6">
                    <pos type="NN"/>
                    <lemma type="tub"/>
                    <dep head="11-3" type="prep"/>
                </token>
                <token content="you" id="11-7">
                    <pos type="PRP"/>
                    <lemma type="you"/>
                    <dep head="11-9" type="nsubj"/>
                </token>
                <token content="should" id="11-8">
                    <pos type="MD"/>
                    <lemma type="should"/>
                    <dep head="11-9" type="aux"/>
                </token>
                <token content="take" id="11-9">
                    <pos type="VB"/>
                    <lemma type="take"/>
                </token>
                <token content="a" id="11-10">
                    <pos type="DT"/>
                    <lemma type="a"/>
                </token>
                <token content="wash" id="11-11">
                    <pos type="NN"/>
                    <lemma type="wash"/>
                </token>
                <token content="cloth" id="11-12">
                    <pos type="NN"/>
                    <lemma type="cloth"/>
                    <dep head="11-9" type="dobj"/>
                </token>
                <token content="and" id="11-13"/>
                <token content="soap" id="11-14">
                    <pos type="NN"/>
                    <lemma type="soap"/>
                </token>
                <token content="or" id="11-15"/>
                <token content="bodywash" id="11-16">
                    <pos type="VB"/>
                    <lemma type="bodywash"/>
                    <dep head="11-9" type="conj"/>
                </token>
                <token content="to" id="11-17">
                    <pos type="TO"/>
                    <lemma type="to"/>
                    <dep head="11-18" type="aux"/>
                </token>
                <token content="give" id="11-18">
                    <pos type="VB"/>
                    <lemma type="give"/>
                    <dep head="11-16" type="xcomp"/>
                </token>
                <token content="yourself" id="11-19">
                    <pos type="PRP"/>
                    <lemma type="yourself"/>
                    <dep head="11-18" type="iobj"/>
                </token>
                <token content="a" id="11-20">
                    <pos type="DT"/>
                    <lemma type="a"/>
                </token>
                <token content="good" id="11-21">
                    <pos type="JJ"/>
                    <lemma type="good"/>
                </token>
                <token content="scrub" id="11-22">
                    <pos type="NN"/>
                    <lemma type="scrub"/>
                    <dep head="11-18" type="dobj"/>
                </token>
                <token content="down" id="11-23">
                    <pos type="RP"/>
                    <lemma type="down"/>
                </token>
                <token content="." id="11-24"/>
            </sentence>
            <sentence id="12">
                <token content="If" id="12-1">
                    <pos type="IN"/>
                    <lemma type="if"/>
                    <dep head="12-3" type="mark"/>
                </token>
                <token content="you" id="12-2">
                    <pos type="PRP"/>
                    <lemma type="you"/>
                    <dep head="12-3" type="nsubj"/>
                </token>
                <token content="need" id="12-3">
                    <pos type="VBP"/>
                    <lemma type="need"/>
                </token>
                <token content="to" id="12-4">
                    <pos type="TO"/>
                    <lemma type="to"/>
                    <dep head="12-5" type="aux"/>
                </token>
                <token content="wash" id="12-5">
                    <pos type="VB"/>
                    <lemma type="wash"/>
                    <dep head="12-3" type="xcomp"/>
                </token>
                <token content="your" id="12-6">
                    <pos type="PRP$"/>
                    <lemma type="you"/>
                </token>
                <token content="hair" id="12-7">
                    <pos type="NN"/>
                    <lemma type="hair"/>
                    <dep head="12-5" type="dobj"/>
                </token>
                <token content="it" id="12-8">
                    <pos type="PRP"/>
                    <lemma type="it"/>
                </token>
                <token content="is" id="12-9">
                    <pos type="VBZ"/>
                    <lemma type="be"/>
                </token>
                <token content="often" id="12-10">
                    <pos type="RB"/>
                    <lemma type="often"/>
                </token>
                <token content="better" id="12-11">
                    <pos type="JJR"/>
                    <lemma type="better"/>
                </token>
                <token content="to" id="12-12">
                    <pos type="TO"/>
                    <lemma type="to"/>
                    <dep head="12-13" type="aux"/>
                </token>
                <token content="do" id="12-13">
                    <pos type="VB"/>
                    <lemma type="do"/>
                </token>
                <token content="it" id="12-14">
                    <pos type="PRP"/>
                    <lemma type="it"/>
                    <dep head="12-13" type="dobj"/>
                </token>
                <token content="after" id="12-15"/>
                <token content="your" id="12-16">
                    <pos type="PRP$"/>
                    <lemma type="you"/>
                </token>
                <token content="bath" id="12-17">
                    <pos type="NN"/>
                    <lemma type="bath"/>
                    <dep head="12-13" type="prep"/>
                </token>
                <token content="." id="12-18"/>
            </sentence>
            <sentence id="13">
                <token content="You" id="13-1">
                    <pos type="PRP"/>
                    <lemma type="you"/>
                    <dep head="13-3" type="nsubj"/>
                </token>
                <token content="can" id="13-2">
                    <pos type="MD"/>
                    <lemma type="can"/>
                    <dep head="13-3" type="aux"/>
                </token>
                <token content="put" id="13-3">
                    <pos type="VB"/>
                    <lemma type="put"/>
                    <dep head="13-3" type="conj"/>
                </token>
                <token content="the" id="13-4">
                    <pos type="DT"/>
                    <lemma type="the"/>
                </token>
                <token content="shampoo" id="13-5">
                    <pos type="NN"/>
                    <lemma type="shampoo"/>
                    <dep head="13-3" type="dobj"/>
                </token>
                <token content="in" id="13-6"/>
                <token content="your" id="13-7">
                    <pos type="PRP$"/>
                    <lemma type="you"/>
                </token>
                <token content="hair" id="13-8">
                    <pos type="NN"/>
                    <lemma type="hair"/>
                    <dep head="13-3" type="prep"/>
                </token>
                <token content="and" id="13-9"/>
                <token content="as" id="13-10"/>
                <token content="the" id="13-11">
                    <pos type="DT"/>
                    <lemma type="the"/>
                </token>
                <token content="tub" id="13-12">
                    <pos type="NN"/>
                    <lemma type="tub"/>
                </token>
                <token content="empties" id="13-13">
                    <pos type="NNS"/>
                    <lemma type="empty"/>
                </token>
                <token content="place" id="13-14">
                    <pos type="NN"/>
                    <lemma type="place"/>
                    <dep head="13-3" type="prep"/>
                </token>
                <token content="your" id="13-15">
                    <pos type="PRP$"/>
                    <lemma type="you"/>
                </token>
                <token content="head" id="13-16">
                    <pos type="NN"/>
                    <lemma type="head"/>
                    <dep head="13-3" type="pobj"/>
                </token>
                <token content="under" id="13-17"/>
                <token content="the" id="13-18">
                    <pos type="DT"/>
                    <lemma type="the"/>
                </token>
                <token content="faucet" id="13-19">
                    <pos type="NN"/>
                    <lemma type="faucet"/>
                    <dep head="13-3" type="prep"/>
                </token>
                <token content="to" id="13-20">
                    <pos type="TO"/>
                    <lemma type="to"/>
                    <dep head="13-21" type="aux"/>
                </token>
                <token content="rinse" id="13-21">
                    <pos type="VB"/>
                    <lemma type="rinse"/>
                </token>
                <token content="out" id="13-22">
                    <pos type="RP"/>
                    <lemma type="out"/>
                    <dep head="13-21" type="prt"/>
                </token>
                <token content="the" id="13-23">
                    <pos type="DT"/>
                    <lemma type="the"/>
                </token>
                <token content="soap" id="13-24">
                    <pos type="NN"/>
                    <lemma type="soap"/>
                    <dep head="13-21" type="dobj"/>
                </token>
                <token content="." id="13-25"/>
            </sentence>
            <sentence id="14">
                <token content="Enjoy" id="14-1">
                    <pos type="RB"/>
                    <lemma type="enjoy"/>
                </token>
                <token content="your" id="14-2">
                    <pos type="PRP$"/>
                    <lemma type="you"/>
                </token>
                <token content="bath" id="14-3">
                    <pos type="NN"/>
                    <lemma type="bath"/>
                </token>
                <token content="!" id="14-4"/>
            </sentence>
            <sentence id="15">
                <token content="," id="15-1"/>
                <token content="This" id="15-2">
                    <pos type="DT"/>
                    <lemma type="this"/>
                </token>
                <token content="one" id="15-3">
                    <pos type="PRP"/>
                    <lemma type="one"/>
                </token>
                <token content="was" id="15-4">
                    <pos type="VBD"/>
                    <lemma type="be"/>
                </token>
                <token content="a" id="15-5">
                    <pos type="DT"/>
                    <lemma type="a"/>
                </token>
                <token content="little" id="15-6">
                    <pos type="RB"/>
                    <lemma type="little"/>
                </token>
                <token content="tough" id="15-7">
                    <pos type="JJ"/>
                    <lemma type="tough"/>
                </token>
                <token content="." id="15-8"/>
            </sentence>
            <sentence id="16">
                <token content="I" id="16-1">
                    <pos type="PRP"/>
                    <lemma type="I"/>
                </token>
                <token content="was" id="16-2">
                    <pos type="VBD"/>
                    <lemma type="be"/>
                </token>
                <token content="n't" id="16-3">
                    <pos type="RB"/>
                    <lemma type="not"/>
                </token>
                <token content="sure" id="16-4">
                    <pos type="JJ"/>
                    <lemma type="sure"/>
                </token>
                <token content="how" id="16-5">
                    <pos type="WRB"/>
                    <lemma type="how"/>
                </token>
                <token content="much" id="16-6">
                    <pos type="JJ"/>
                    <lemma type="much"/>
                </token>
                <token content="detail" id="16-7">
                    <pos type="NN"/>
                    <lemma type="detail"/>
                </token>
                <token content="to" id="16-8">
                    <pos type="TO"/>
                    <lemma type="to"/>
                    <dep head="16-9" type="aux"/>
                </token>
                <token content="go" id="16-9">
                    <pos type="VB"/>
                    <lemma type="go"/>
                </token>
                <token content="into" id="16-10">
                    <pos type="IN"/>
                    <lemma type="into"/>
                    <dep head="16-9" type="prep"/>
                </token>
                <token content="about" id="16-11">
                    <pos type="IN"/>
                    <lemma type="about"/>
                </token>
                <token content="taking" id="16-12">
                    <pos type="VBG"/>
                    <lemma type="take"/>
                </token>
                <token content="the" id="16-13">
                    <pos type="DT"/>
                    <lemma type="the"/>
                </token>
                <token content="bath" id="16-14">
                    <pos type="NN"/>
                    <lemma type="bath"/>
                    <dep head="16-12" type="dobj"/>
                </token>
                <token content="versus" id="16-15"/>
                <token content="setting" id="16-16">
                    <pos type="VBG"/>
                    <lemma type="set"/>
                </token>
                <token content="up" id="16-17">
                    <pos type="RP"/>
                    <lemma type="up"/>
                    <dep head="16-16" type="prt"/>
                </token>
                <token content="the" id="16-18">
                    <pos type="DT"/>
                    <lemma type="the"/>
                </token>
                <token content="bath" id="16-19">
                    <pos type="NN"/>
                    <lemma type="bath"/>
                    <dep head="16-16" type="dobj"/>
                </token>
            </sentence>
        </sentences>
    </text>
    <annotations>
        <participants>
            <label from="1-2" id="0" name="ScrPart_bather" text="you" type="participant"/>
            <label from="1-5" id="1" name="ScrPart_bath" text="bath" type="participant"/>
            <label from="1-8" id="2" name="No_label" text="bit" type="participant"/>
            <label from="1-11" id="3" name="Head_of_Partitive" text="type" type="participant"/>
            <label from="1-13" id="4" name="ScrPart_bathtub" text="bathing facilities" to="1-14" type="participant"/>
            <label from="1-14" id="5" name="ScrPart_bathtub" text="facilities" type="participant"/>
            <label from="1-15" id="6" name="ScrPart_bather" text="you" type="participant"/>
            <label from="2-1" id="7" name="ScrPart_bather" text="I" type="participant"/>
            <label from="2-8" id="8" name="Head_of_Partitive" text="definition" type="participant"/>
            <label from="2-11" id="9" name="ScrPart_bath" text="bath" type="participant"/>
            <label from="3-3" id="10" name="ScrPart_bather" text="your" type="participant"/>
            <label from="3-4" id="11" name="ScrPart_bathtub" text="tub" type="participant"/>
            <label from="3-8" id="12" name="ScrPart_other" text="shower curtain" to="3-9" type="participant"/>
            <label from="3-13" id="13" name="ScrPart_bathtub" text="tub" type="participant"/>
            <label from="3-15" id="14" name="ScrPart_other" text="it" type="participant"/>
            <label from="3-18" id="15" name="ScrPart_bathtub" text="it" type="participant"/>
            <label from="4-1" id="16" name="ScrPart_bather" text="You" type="participant"/>
            <label from="4-5" id="17" name="ScrPart_other" text="it" type="participant"/>
            <label from="5-2" id="18" name="ScrPart_bather" text="you" type="participant"/>
            <label from="5-5" id="19" name="ScrPart_drain" text="drain" type="participant"/>
            <label from="5-6" id="20" name="ScrPart_bather" text="you" type="participant"/>
            <label from="5-11" id="21" name="ScrPart_water" text="water" type="participant"/>
            <label from="5-14" id="22" name="ScrPart_water" text="it" type="participant"/>
            <label from="5-19" id="23" name="No_label" text="bit" type="participant"/>
            <label from="5-21" id="24" name="ScrPart_bather" text="you" type="participant"/>
            <label from="5-24" id="25" name="ScrPart_water" text="it" type="participant"/>
            <label from="5-28" id="26" name="ScrPart_temperature" text="temperature" type="participant"/>
            <label from="5-30" id="27" name="ScrPart_bather" text="you" type="participant"/>
            <label from="5-34" id="28" name="ScrPart_bathtub" text="tub" type="participant"/>
            <label from="6-2" id="29" name="ScrPart_bather" text="you" type="participant"/>
            <label from="6-8" id="30" name="ScrPart_water" text="water" type="participant"/>
            <label from="6-9" id="31" name="ScrPart_bather" text="you" type="participant"/>
            <label from="6-13" id="32" name="NPart" text="bucket" type="participant"/>
            <label from="6-17" id="33" name="ScrPart_water" text="water" type="participant"/>
            <label from="6-20" id="34" name="ScrPart_water" text="it" type="participant"/>
            <label from="6-23" id="35" name="NPart" text="purpose" type="participant"/>
            <label from="7-1" id="36" name="NPart" text="Conservation" type="participant"/>
            <label from="8-3" id="37" name="ScrPart_water" text="water" type="participant"/>
            <label from="8-7" id="38" name="ScrPart_tap" text="tap" type="participant"/>
            <label from="8-11" id="39" name="ScrPart_temperature" text="temperature" type="participant"/>
            <label from="8-12" id="40" name="ScrPart_bather" text="you" type="participant"/>
            <label from="8-14" id="41" name="ScrPart_bather" text="you" type="participant"/>
            <label from="8-18" id="42" name="ScrPart_plug" text="stopper" type="participant"/>
            <label from="8-21" id="43" name="ScrPart_drain" text="drain" type="participant"/>
            <label from="8-26" id="44" name="ScrPart_bathtub" text="tub" type="participant"/>
            <label from="9-3" id="45" name="ScrPart_bather" text="you" type="participant"/>
            <label from="9-8" id="46" name="ScrPart_bathtub" text="tub" type="participant"/>
            <label from="9-11" id="47" name="No_label" text="way" type="participant"/>
            <label from="9-14" id="48" name="NPart" text="top" type="participant"/>
            <label from="9-17" id="49" name="ScrPart_water" text="water" type="participant"/>
            <label from="9-21" id="50" name="ScrPart_bather" text="you" type="participant"/>
            <label from="9-25" id="51" name="ScrPart_bathtub" text="tub" type="participant"/>
            <label from="10-1" id="52" name="ScrPart_bather" text="You" type="participant"/>
            <label from="10-8" id="53" name="ScrPart_bathtub" text="tub" type="participant"/>
            <label from="10-12" id="54" name="ScrPart_bather" text="you" type="participant"/>
            <label from="10-17" id="55" name="SuppVComp" text="judgment" type="participant"/>
            <label from="10-24" id="56" name="ScrPart_water" text="water" type="participant"/>
            <label from="11-2" id="57" name="ScrPart_bather" text="you" type="participant"/>
            <label from="11-6" id="58" name="ScrPart_bathtub" text="tub" type="participant"/>
            <label from="11-7" id="59" name="ScrPart_bather" text="you" type="participant"/>
            <label from="11-11" id="60" name="ScrPart_washing_tools" text="wash cloth" to="11-12" type="participant"/>
            <label from="11-12" id="61" name="ScrPart_washing_tools" text="cloth" type="participant"/>
            <label from="11-14" id="62" name="ScrPart_washing_tools" text="soap" type="participant"/>
            <label from="11-16" id="63" name="ScrPart_washing_tools" text="bodywash" type="participant"/>
            <label from="11-19" id="64" name="ScrPart_bather" text="yourself" type="participant"/>
            <label from="11-22" id="65" name="SuppVComp" text="scrub down" to="11-23" type="participant"/>
            <label from="12-2" id="66" name="ScrPart_bather" text="you" type="participant"/>
            <label from="12-6" id="67" name="ScrPart_bather" text="your" type="participant"/>
            <label from="12-7" id="68" name="ScrPart_hair" text="hair" type="participant"/>
            <label from="12-8" id="69" name="No_label" text="it" type="participant"/>
            <label from="12-14" id="70" name="No_label" text="it" type="participant"/>
            <label from="12-16" id="71" name="ScrPart_bather" text="your" type="participant"/>
            <label from="12-17" id="72" name="ScrPart_bath" text="bath" type="participant"/>
            <label from="13-1" id="73" name="ScrPart_bather" text="You" type="participant"/>
            <label from="13-5" id="74" name="ScrPart_washing_tools" text="shampoo" type="participant"/>
            <label from="13-7" id="75" name="ScrPart_bather" text="your" type="participant"/>
            <label from="13-8" id="76" name="ScrPart_hair" text="hair" type="participant"/>
            <label from="13-12" id="77" name="ScrPart_bathtub" text="tub" type="participant"/>
            <label from="13-15" id="78" name="ScrPart_bather" text="your" type="participant"/>
            <label from="13-16" id="79" name="ScrPart_body_part" text="head" type="participant"/>
            <label from="13-19" id="80" name="ScrPart_tap" text="faucet" type="participant"/>
            <label from="13-24" id="81" name="ScrPart_washing_tools" text="soap" type="participant"/>
            <label from="14-2" id="82" name="ScrPart_bather" text="your" type="participant"/>
            <label from="14-3" id="83" name="ScrPart_bath" text="bath" type="participant"/>
            <label from="15-3" id="84" name="No_label" text="one" type="participant"/>
            <label from="16-1" id="85" name="ScrPart_bather" text="I" type="participant"/>
            <label from="16-7" id="86" name="NPart" text="detail" type="participant"/>
            <label from="16-14" id="87" name="ScrPart_bath" text="bath" type="participant"/>
            <label from="16-19" id="88" name="ScrPart_bath" text="bath" type="participant"/>
        </participants>
        <events>
            <label from="1-3" id="89" name="Evoking" text="take a bath" to="1-5" type="event"/>
            <label from="1-6" id="90" name="UnrelEv" text="varies" type="event"/>
            <label from="1-16" id="91" name="UnrelEv" text="have" type="event"/>
            <label from="2-5" id="92" name="UnrelEv" text="describe" type="event"/>
            <label from="3-1" id="93" name="ScrEv_enter_bathroom" text="Go" type="event"/>
            <label from="3-6" id="94" name="UnrelEv" text="take" type="event"/>
            <label from="3-16" id="95" name="UnrelEv" text="is" type="event"/>
            <label from="4-7" id="96" name="UnrelEv" text="get" type="event"/>
            <label from="5-3" id="97" name="ScrEv_close_drain" text="close" type="event"/>
            <label from="5-8" id="98" name="ScrEv_turn_water_on" text="turn on" to="5-9" type="event"/>
            <label from="5-13" id="99" name="UnrelEv" text="let" type="event"/>
            <label from="5-15" id="100" name="RelNScrEv" text="run" type="event"/>
            <label from="5-23" id="101" name="RelNScrEv" text="get" type="event"/>
            <label from="5-32" id="102" name="ScrEv_fill_water/wait" text="filling" type="event"/>
            <label from="6-3" id="103" name="UnrelEv" text="have" type="event"/>
            <label from="6-6" id="104" name="UnrelEv" text="store" type="event"/>
            <label from="6-11" id="105" name="UnrelEv" text="place" type="event"/>
            <label from="6-16" id="106" name="UnrelEv" text="warming" type="event"/>
            <label from="6-19" id="107" name="UnrelEv" text="use" type="event"/>
            <label from="8-4" id="108" name="UnrelEv" text="coming" type="event"/>
            <label from="8-8" id="109" name="UnrelEv" text="is" type="event"/>
            <label from="8-13" id="110" name="UnrelEv" text="like" type="event"/>
            <label from="8-16" id="111" name="ScrEv_close_drain" text="place" type="event"/>
            <label from="8-23" id="112" name="UnrelEv" text="start" type="event"/>
            <label from="8-24" id="113" name="ScrEv_fill_water/wait" text="filling" type="event"/>
            <label from="9-1" id="114" name="UnrelEv" text="Make sure" to="9-2" type="event"/>
            <label from="9-6" id="115" name="ScrEv_fill_water/wait" text="fill" type="event"/>
            <label from="9-19" id="116" name="UnrelEv" text="displace" type="event"/>
            <label from="9-22" id="117" name="ScrEv_sink_water" text="get" type="event"/>
            <label from="10-4" id="118" name="ScrEv_sink_water" text="get in" to="10-5" type="event"/>
            <label from="10-10" id="119" name="ScrEv_fill_water/wait" text="filling" type="event"/>
            <label from="10-14" id="120" name="UnrelEv" text="make" type="event"/>
            <label from="10-21" id="121" name="ScrEv_turn_water_off" text="turn off" to="10-22" type="event"/>
            <label from="11-3" id="122" name="UnrelEv" text="are" type="event"/>
            <label from="11-9" id="123" name="RelNScrEv" text="take" type="event"/>
            <label from="11-18" id="124" name="ScrEv_wash" text="give" type="event"/>
            <label from="12-5" id="125" name="ScrEv_wash" text="wash" type="event"/>
            <label from="12-9" id="126" name="UnrelEv" text="is" type="event"/>
            <label from="12-13" id="127" name="UnrelEv" text="do" type="event"/>
            <label from="13-3" id="128" name="ScrEv_wash" text="put" type="event"/>
            <label from="13-13" id="129" name="RelNScrEv" text="empties" type="event"/>
            <label from="13-14" id="130" name="UnrelEv" text="place" type="event"/>
            <label from="13-21" id="131" name="RelNScrEv" text="rinse out" to="13-22" type="event"/>
            <label from="14-1" id="132" name="UnrelEv" text="Enjoy" type="event"/>
            <label from="15-4" id="133" name="UnrelEv" text="was" type="event"/>
            <label from="16-2" id="134" name="UnrelEv" text="was" type="event"/>
            <label from="16-9" id="135" name="UnrelEv" text="go" type="event"/>
            <label from="16-12" id="136" name="Evoking" text="taking the bath" to="16-14" type="event"/>
            <label from="16-16" id="137" name="ScrEv_prepare_bath" text="setting up" to="16-17" type="event"/>
        </events>
        <chains>
            <chain elements="0 6 7 10 16 18 20 24 27 29 31 40 41 45 50 52 54 57 59 64 66 67 71 73 75 78 82 85"/>
            <chain elements="5 11" name="group_bathing_facilities"/>
            <chain elements="11 13 28 44 46 51 53 58 77 15"/>
            <chain elements="21 22 25 30 33 34 37 49 56"/>
            <chain elements="26 39"/>
            <chain elements="19 43"/>
            <chain elements="68 76"/>
            <chain elements="38 80"/>
            <chain elements="62 81"/>
            <chain elements="1 9 72 83 87 88"/>
            <chain elements="12 14 17"/>
        </chains>
    </annotations>
</story>
