<?xml version="1.0" encoding="UTF-8" standalone="no"?>
<!DOCTYPE story SYSTEM "../InScript.dtd">
<story id="052" scenario="bath">
    <text>
        <content>I had been out working in the garden and was quite dirty , so I decided to take a bath . 
I went into the bathroom and plugged the hole , so the water would fill up . 
I turned on the hot water and I turned on the cold water until it was a pleasant temperature . 
I added some bubble bath to the water and let the tub fill all the way up . 
I got undressed and stepped into the bath tub . 
I used soap and a washcloth to clean myself . 
I used shampoo to clean my hair then I put conditioner in , so that my hair would be soft and silky . 
I let the conditioner soak in for awhile and then I rinsed it out . 
I rinsed off the soap from my body and got out of the tub . 
I grabbed a towel and dried off . 
Then I got dressed and went about my day . </content>
        <sentences>
            <sentence id="1">
                <token content="I" id="1-1">
                    <pos type="PRP"/>
                    <lemma type="I"/>
                    <dep head="1-5" type="nsubj"/>
                </token>
                <token content="had" id="1-2">
                    <pos type="VBD"/>
                    <lemma type="have"/>
                    <dep head="1-5" type="aux"/>
                </token>
                <token content="been" id="1-3">
                    <pos type="VBN"/>
                    <lemma type="be"/>
                    <dep head="1-5" type="aux"/>
                </token>
                <token content="out" id="1-4">
                    <pos type="RB"/>
                    <lemma type="out"/>
                    <dep head="1-5" type="advmod"/>
                </token>
                <token content="working" id="1-5">
                    <pos type="VBG"/>
                    <lemma type="work"/>
                </token>
                <token content="in" id="1-6"/>
                <token content="the" id="1-7">
                    <pos type="DT"/>
                    <lemma type="the"/>
                </token>
                <token content="garden" id="1-8">
                    <pos type="NN"/>
                    <lemma type="garden"/>
                    <dep head="1-5" type="prep"/>
                </token>
                <token content="and" id="1-9"/>
                <token content="was" id="1-10">
                    <pos type="VBD"/>
                    <lemma type="be"/>
                </token>
                <token content="quite" id="1-11">
                    <pos type="RB"/>
                    <lemma type="quite"/>
                </token>
                <token content="dirty" id="1-12">
                    <pos type="JJ"/>
                    <lemma type="dirty"/>
                    <dep head="1-5" type="conj"/>
                </token>
                <token content="," id="1-13"/>
                <token content="so" id="1-14">
                    <pos type="IN"/>
                    <lemma type="so"/>
                    <dep head="1-5" type="dep"/>
                </token>
                <token content="I" id="1-15">
                    <pos type="PRP"/>
                    <lemma type="I"/>
                    <dep head="1-16" type="nsubj"/>
                </token>
                <token content="decided" id="1-16">
                    <pos type="VBD"/>
                    <lemma type="decide"/>
                    <dep head="1-5" type="parataxis"/>
                </token>
                <token content="to" id="1-17">
                    <pos type="TO"/>
                    <lemma type="to"/>
                    <dep head="1-18" type="aux"/>
                </token>
                <token content="take" id="1-18">
                    <pos type="VB"/>
                    <lemma type="take"/>
                    <dep head="1-16" type="xcomp"/>
                </token>
                <token content="a" id="1-19">
                    <pos type="DT"/>
                    <lemma type="a"/>
                </token>
                <token content="bath" id="1-20">
                    <pos type="NN"/>
                    <lemma type="bath"/>
                    <dep head="1-18" type="dobj"/>
                </token>
                <token content="." id="1-21"/>
            </sentence>
            <sentence id="2">
                <token content="I" id="2-1">
                    <pos type="PRP"/>
                    <lemma type="I"/>
                    <dep head="2-2" type="nsubj"/>
                </token>
                <token content="went" id="2-2">
                    <pos type="VBD"/>
                    <lemma type="go"/>
                </token>
                <token content="into" id="2-3"/>
                <token content="the" id="2-4">
                    <pos type="DT"/>
                    <lemma type="the"/>
                </token>
                <token content="bathroom" id="2-5">
                    <pos type="NN"/>
                    <lemma type="bathroom"/>
                    <dep head="2-2" type="prep"/>
                </token>
                <token content="and" id="2-6"/>
                <token content="plugged" id="2-7">
                    <pos type="VBD"/>
                    <lemma type="plug"/>
                    <dep head="2-2" type="conj"/>
                </token>
                <token content="the" id="2-8">
                    <pos type="DT"/>
                    <lemma type="the"/>
                </token>
                <token content="hole" id="2-9">
                    <pos type="NN"/>
                    <lemma type="hole"/>
                    <dep head="2-7" type="dobj"/>
                </token>
                <token content="," id="2-10"/>
                <token content="so" id="2-11">
                    <pos type="IN"/>
                    <lemma type="so"/>
                    <dep head="2-2" type="dep"/>
                </token>
                <token content="the" id="2-12">
                    <pos type="DT"/>
                    <lemma type="the"/>
                </token>
                <token content="water" id="2-13">
                    <pos type="NN"/>
                    <lemma type="water"/>
                    <dep head="2-15" type="nsubj"/>
                </token>
                <token content="would" id="2-14">
                    <pos type="MD"/>
                    <lemma type="would"/>
                    <dep head="2-15" type="aux"/>
                </token>
                <token content="fill" id="2-15">
                    <pos type="VB"/>
                    <lemma type="fill"/>
                    <dep head="2-2" type="parataxis"/>
                </token>
                <token content="up" id="2-16">
                    <pos type="RP"/>
                    <lemma type="up"/>
                    <dep head="2-15" type="prt"/>
                </token>
                <token content="." id="2-17"/>
            </sentence>
            <sentence id="3">
                <token content="I" id="3-1">
                    <pos type="PRP"/>
                    <lemma type="I"/>
                    <dep head="3-2" type="nsubj"/>
                </token>
                <token content="turned" id="3-2">
                    <pos type="VBD"/>
                    <lemma type="turn"/>
                </token>
                <token content="on" id="3-3"/>
                <token content="the" id="3-4">
                    <pos type="DT"/>
                    <lemma type="the"/>
                </token>
                <token content="hot" id="3-5">
                    <pos type="JJ"/>
                    <lemma type="hot"/>
                </token>
                <token content="water" id="3-6">
                    <pos type="NN"/>
                    <lemma type="water"/>
                    <dep head="3-2" type="prep"/>
                </token>
                <token content="and" id="3-7"/>
                <token content="I" id="3-8">
                    <pos type="PRP"/>
                    <lemma type="I"/>
                    <dep head="3-9" type="nsubj"/>
                </token>
                <token content="turned" id="3-9">
                    <pos type="VBD"/>
                    <lemma type="turn"/>
                    <dep head="3-2" type="conj"/>
                </token>
                <token content="on" id="3-10"/>
                <token content="the" id="3-11">
                    <pos type="DT"/>
                    <lemma type="the"/>
                </token>
                <token content="cold" id="3-12">
                    <pos type="JJ"/>
                    <lemma type="cold"/>
                </token>
                <token content="water" id="3-13">
                    <pos type="NN"/>
                    <lemma type="water"/>
                    <dep head="3-9" type="prep"/>
                </token>
                <token content="until" id="3-14">
                    <pos type="IN"/>
                    <lemma type="until"/>
                </token>
                <token content="it" id="3-15">
                    <pos type="PRP"/>
                    <lemma type="it"/>
                </token>
                <token content="was" id="3-16">
                    <pos type="VBD"/>
                    <lemma type="be"/>
                </token>
                <token content="a" id="3-17">
                    <pos type="DT"/>
                    <lemma type="a"/>
                </token>
                <token content="pleasant" id="3-18">
                    <pos type="JJ"/>
                    <lemma type="pleasant"/>
                </token>
                <token content="temperature" id="3-19">
                    <pos type="NN"/>
                    <lemma type="temperature"/>
                    <dep head="3-9" type="advcl"/>
                </token>
                <token content="." id="3-20"/>
            </sentence>
            <sentence id="4">
                <token content="I" id="4-1">
                    <pos type="PRP"/>
                    <lemma type="I"/>
                    <dep head="4-2" type="nsubj"/>
                </token>
                <token content="added" id="4-2">
                    <pos type="VBD"/>
                    <lemma type="add"/>
                </token>
                <token content="some" id="4-3">
                    <pos type="DT"/>
                    <lemma type="some"/>
                </token>
                <token content="bubble" id="4-4">
                    <pos type="NN"/>
                    <lemma type="bubble"/>
                </token>
                <token content="bath" id="4-5">
                    <pos type="NN"/>
                    <lemma type="bath"/>
                    <dep head="4-2" type="dobj"/>
                </token>
                <token content="to" id="4-6"/>
                <token content="the" id="4-7">
                    <pos type="DT"/>
                    <lemma type="the"/>
                </token>
                <token content="water" id="4-8">
                    <pos type="NN"/>
                    <lemma type="water"/>
                    <dep head="4-2" type="prep"/>
                </token>
                <token content="and" id="4-9"/>
                <token content="let" id="4-10">
                    <pos type="VBD"/>
                    <lemma type="let"/>
                    <dep head="4-2" type="conj"/>
                </token>
                <token content="the" id="4-11">
                    <pos type="DT"/>
                    <lemma type="the"/>
                </token>
                <token content="tub" id="4-12">
                    <pos type="NN"/>
                    <lemma type="tub"/>
                    <dep head="4-13" type="nsubj"/>
                </token>
                <token content="fill" id="4-13">
                    <pos type="VB"/>
                    <lemma type="fill"/>
                    <dep head="4-10" type="ccomp"/>
                </token>
                <token content="all" id="4-14">
                    <pos type="PDT"/>
                    <lemma type="all"/>
                </token>
                <token content="the" id="4-15">
                    <pos type="DT"/>
                    <lemma type="the"/>
                </token>
                <token content="way" id="4-16">
                    <pos type="NN"/>
                    <lemma type="way"/>
                    <dep head="4-13" type="dobj"/>
                </token>
                <token content="up" id="4-17">
                    <pos type="RP"/>
                    <lemma type="up"/>
                    <dep head="4-13" type="prt"/>
                </token>
                <token content="." id="4-18"/>
            </sentence>
            <sentence id="5">
                <token content="I" id="5-1">
                    <pos type="PRP"/>
                    <lemma type="I"/>
                    <dep head="5-3" type="nsubjpass"/>
                </token>
                <token content="got" id="5-2">
                    <pos type="VBD"/>
                    <lemma type="get"/>
                    <dep head="5-3" type="auxpass"/>
                </token>
                <token content="undressed" id="5-3">
                    <pos type="VBN"/>
                    <lemma type="undress"/>
                </token>
                <token content="and" id="5-4"/>
                <token content="stepped" id="5-5">
                    <pos type="VBN"/>
                    <lemma type="step"/>
                    <dep head="5-3" type="conj"/>
                </token>
                <token content="into" id="5-6"/>
                <token content="the" id="5-7">
                    <pos type="DT"/>
                    <lemma type="the"/>
                </token>
                <token content="bath" id="5-8">
                    <pos type="NN"/>
                    <lemma type="bath"/>
                </token>
                <token content="tub" id="5-9">
                    <pos type="NN"/>
                    <lemma type="tub"/>
                    <dep head="5-3" type="prep"/>
                </token>
                <token content="." id="5-10"/>
            </sentence>
            <sentence id="6">
                <token content="I" id="6-1">
                    <pos type="PRP"/>
                    <lemma type="I"/>
                    <dep head="6-2" type="nsubj"/>
                </token>
                <token content="used" id="6-2">
                    <pos type="VBD"/>
                    <lemma type="use"/>
                </token>
                <token content="soap" id="6-3">
                    <pos type="NN"/>
                    <lemma type="soap"/>
                    <dep head="6-2" type="dobj"/>
                </token>
                <token content="and" id="6-4"/>
                <token content="a" id="6-5">
                    <pos type="DT"/>
                    <lemma type="a"/>
                </token>
                <token content="washcloth" id="6-6">
                    <pos type="NN"/>
                    <lemma type="washcloth"/>
                </token>
                <token content="to" id="6-7">
                    <pos type="TO"/>
                    <lemma type="to"/>
                    <dep head="6-8" type="aux"/>
                </token>
                <token content="clean" id="6-8">
                    <pos type="VB"/>
                    <lemma type="clean"/>
                    <dep head="6-2" type="xcomp"/>
                </token>
                <token content="myself" id="6-9">
                    <pos type="PRP"/>
                    <lemma type="myself"/>
                    <dep head="6-8" type="dobj"/>
                </token>
                <token content="." id="6-10"/>
            </sentence>
            <sentence id="7">
                <token content="I" id="7-1">
                    <pos type="PRP"/>
                    <lemma type="I"/>
                    <dep head="7-2" type="nsubj"/>
                </token>
                <token content="used" id="7-2">
                    <pos type="VBD"/>
                    <lemma type="use"/>
                </token>
                <token content="shampoo" id="7-3">
                    <pos type="NN"/>
                    <lemma type="shampoo"/>
                    <dep head="7-2" type="dobj"/>
                </token>
                <token content="to" id="7-4">
                    <pos type="TO"/>
                    <lemma type="to"/>
                    <dep head="7-5" type="aux"/>
                </token>
                <token content="clean" id="7-5">
                    <pos type="VB"/>
                    <lemma type="clean"/>
                    <dep head="7-2" type="vmod"/>
                </token>
                <token content="my" id="7-6">
                    <pos type="PRP$"/>
                    <lemma type="my"/>
                </token>
                <token content="hair" id="7-7">
                    <pos type="NN"/>
                    <lemma type="hair"/>
                    <dep head="7-5" type="dobj"/>
                </token>
                <token content="then" id="7-8">
                    <pos type="RB"/>
                    <lemma type="then"/>
                    <dep head="7-5" type="advmod"/>
                </token>
                <token content="I" id="7-9">
                    <pos type="PRP"/>
                    <lemma type="I"/>
                    <dep head="7-10" type="nsubj"/>
                </token>
                <token content="put" id="7-10">
                    <pos type="VBD"/>
                    <lemma type="put"/>
                    <dep head="7-5" type="ccomp"/>
                </token>
                <token content="conditioner" id="7-11">
                    <pos type="NN"/>
                    <lemma type="conditioner"/>
                    <dep head="7-10" type="dobj"/>
                </token>
                <token content="in" id="7-12">
                    <pos type="IN"/>
                    <lemma type="in"/>
                    <dep head="7-10" type="prep"/>
                </token>
                <token content="," id="7-13"/>
                <token content="so" id="7-14"/>
                <token content="that" id="7-15">
                    <pos type="IN"/>
                    <lemma type="that"/>
                </token>
                <token content="my" id="7-16">
                    <pos type="PRP$"/>
                    <lemma type="my"/>
                </token>
                <token content="hair" id="7-17">
                    <pos type="NN"/>
                    <lemma type="hair"/>
                </token>
                <token content="would" id="7-18">
                    <pos type="MD"/>
                    <lemma type="would"/>
                </token>
                <token content="be" id="7-19">
                    <pos type="VB"/>
                    <lemma type="be"/>
                </token>
                <token content="soft" id="7-20">
                    <pos type="JJ"/>
                    <lemma type="soft"/>
                    <dep head="7-10" type="conj"/>
                </token>
                <token content="and" id="7-21"/>
                <token content="silky" id="7-22">
                    <pos type="JJ"/>
                    <lemma type="silky"/>
                </token>
                <token content="." id="7-23"/>
            </sentence>
            <sentence id="8">
                <token content="I" id="8-1">
                    <pos type="PRP"/>
                    <lemma type="I"/>
                    <dep head="8-2" type="nsubj"/>
                </token>
                <token content="let" id="8-2">
                    <pos type="VBP"/>
                    <lemma type="let"/>
                </token>
                <token content="the" id="8-3">
                    <pos type="DT"/>
                    <lemma type="the"/>
                </token>
                <token content="conditioner" id="8-4">
                    <pos type="NN"/>
                    <lemma type="conditioner"/>
                    <dep head="8-5" type="nsubj"/>
                </token>
                <token content="soak" id="8-5">
                    <pos type="VB"/>
                    <lemma type="soak"/>
                    <dep head="8-2" type="ccomp"/>
                </token>
                <token content="in" id="8-6">
                    <pos type="RP"/>
                    <lemma type="in"/>
                    <dep head="8-5" type="prt"/>
                </token>
                <token content="for" id="8-7">
                    <pos type="IN"/>
                    <lemma type="for"/>
                    <dep head="8-5" type="prep"/>
                </token>
                <token content="awhile" id="8-8">
                    <pos type="RB"/>
                    <lemma type="awhile"/>
                </token>
                <token content="and" id="8-9"/>
                <token content="then" id="8-10">
                    <pos type="RB"/>
                    <lemma type="then"/>
                    <dep head="8-12" type="advmod"/>
                </token>
                <token content="I" id="8-11">
                    <pos type="PRP"/>
                    <lemma type="I"/>
                    <dep head="8-12" type="nsubj"/>
                </token>
                <token content="rinsed" id="8-12">
                    <pos type="VBD"/>
                    <lemma type="rinse"/>
                    <dep head="8-2" type="conj"/>
                </token>
                <token content="it" id="8-13">
                    <pos type="PRP"/>
                    <lemma type="it"/>
                    <dep head="8-12" type="dobj"/>
                </token>
                <token content="out" id="8-14">
                    <pos type="RP"/>
                    <lemma type="out"/>
                    <dep head="8-12" type="prt"/>
                </token>
                <token content="." id="8-15"/>
            </sentence>
            <sentence id="9">
                <token content="I" id="9-1">
                    <pos type="PRP"/>
                    <lemma type="I"/>
                    <dep head="9-2" type="nsubj"/>
                </token>
                <token content="rinsed" id="9-2">
                    <pos type="VBD"/>
                    <lemma type="rinse"/>
                </token>
                <token content="off" id="9-3">
                    <pos type="RP"/>
                    <lemma type="off"/>
                    <dep head="9-2" type="prt"/>
                </token>
                <token content="the" id="9-4">
                    <pos type="DT"/>
                    <lemma type="the"/>
                </token>
                <token content="soap" id="9-5">
                    <pos type="NN"/>
                    <lemma type="soap"/>
                    <dep head="9-2" type="dobj"/>
                </token>
                <token content="from" id="9-6"/>
                <token content="my" id="9-7">
                    <pos type="PRP$"/>
                    <lemma type="my"/>
                </token>
                <token content="body" id="9-8">
                    <pos type="NN"/>
                    <lemma type="body"/>
                    <dep head="9-2" type="prep"/>
                </token>
                <token content="and" id="9-9"/>
                <token content="got" id="9-10">
                    <pos type="VBD"/>
                    <lemma type="get"/>
                    <dep head="9-2" type="conj"/>
                </token>
                <token content="out" id="9-11"/>
                <token content="of" id="9-12"/>
                <token content="the" id="9-13">
                    <pos type="DT"/>
                    <lemma type="the"/>
                </token>
                <token content="tub" id="9-14">
                    <pos type="NN"/>
                    <lemma type="tub"/>
                    <dep head="9-10" type="prep"/>
                </token>
                <token content="." id="9-15"/>
            </sentence>
            <sentence id="10">
                <token content="I" id="10-1">
                    <pos type="PRP"/>
                    <lemma type="I"/>
                    <dep head="10-2" type="nsubj"/>
                </token>
                <token content="grabbed" id="10-2">
                    <pos type="VBD"/>
                    <lemma type="grab"/>
                </token>
                <token content="a" id="10-3">
                    <pos type="DT"/>
                    <lemma type="a"/>
                </token>
                <token content="towel" id="10-4">
                    <pos type="NN"/>
                    <lemma type="towel"/>
                    <dep head="10-2" type="dobj"/>
                </token>
                <token content="and" id="10-5"/>
                <token content="dried" id="10-6">
                    <pos type="VBD"/>
                    <lemma type="dry"/>
                    <dep head="10-2" type="conj"/>
                </token>
                <token content="off" id="10-7">
                    <pos type="RP"/>
                    <lemma type="off"/>
                    <dep head="10-6" type="prt"/>
                </token>
                <token content="." id="10-8"/>
            </sentence>
            <sentence id="11">
                <token content="Then" id="11-1">
                    <pos type="RB"/>
                    <lemma type="then"/>
                    <dep head="11-4" type="advmod"/>
                </token>
                <token content="I" id="11-2">
                    <pos type="PRP"/>
                    <lemma type="I"/>
                    <dep head="11-4" type="nsubjpass"/>
                </token>
                <token content="got" id="11-3">
                    <pos type="VBD"/>
                    <lemma type="get"/>
                    <dep head="11-4" type="auxpass"/>
                </token>
                <token content="dressed" id="11-4">
                    <pos type="VBN"/>
                    <lemma type="dress"/>
                </token>
                <token content="and" id="11-5"/>
                <token content="went" id="11-6">
                    <pos type="VBD"/>
                    <lemma type="go"/>
                    <dep head="11-4" type="conj"/>
                </token>
                <token content="about" id="11-7"/>
                <token content="my" id="11-8">
                    <pos type="PRP$"/>
                    <lemma type="my"/>
                </token>
                <token content="day" id="11-9">
                    <pos type="NN"/>
                    <lemma type="day"/>
                    <dep head="11-6" type="prep"/>
                </token>
                <token content="." id="11-10"/>
            </sentence>
        </sentences>
    </text>
    <annotations>
        <participants>
            <label from="1-1" id="0" name="ScrPart_bather" text="I" type="participant"/>
            <label from="1-8" id="1" name="NPart" text="garden" type="participant"/>
            <label from="1-15" id="2" name="ScrPart_bather" text="I" type="participant"/>
            <label from="1-20" id="3" name="SuppVComp" text="bath" type="participant"/>
            <label from="2-1" id="4" name="ScrPart_bather" text="I" type="participant"/>
            <label from="2-5" id="5" name="ScrPart_bathroom" text="bathroom" type="participant"/>
            <label from="2-9" id="6" name="ScrPart_drain" text="hole" type="participant"/>
            <label from="2-13" id="7" name="ScrPart_water" text="water" type="participant"/>
            <label from="3-1" id="8" name="ScrPart_bather" text="I" type="participant"/>
            <label from="3-6" id="9" name="ScrPart_water" text="water" type="participant"/>
            <label from="3-8" id="10" name="ScrPart_bather" text="I" type="participant"/>
            <label from="3-13" id="11" name="ScrPart_water" text="water" type="participant"/>
            <label from="3-15" id="12" name="ScrPart_water" text="it" type="participant"/>
            <label from="3-19" id="13" name="ScrPart_temperature" text="temperature" type="participant"/>
            <label from="4-1" id="14" name="ScrPart_bather" text="I" type="participant"/>
            <label from="4-4" id="15" name="ScrPart_bath_means" text="bubble bath" to="4-5" type="participant"/>
            <label from="4-5" id="16" name="ScrPart_bath_means" text="bath" type="participant"/>
            <label from="4-8" id="17" name="ScrPart_water" text="water" type="participant"/>
            <label from="4-12" id="18" name="ScrPart_bathtub" text="tub" type="participant"/>
            <label from="4-16" id="19" name="No_label" text="way" type="participant"/>
            <label from="5-1" id="20" name="ScrPart_bather" text="I" type="participant"/>
            <label from="5-8" id="21" name="ScrPart_bathtub" text="bath tub" to="5-9" type="participant"/>
            <label from="5-9" id="22" name="ScrPart_bathtub" text="tub" type="participant"/>
            <label from="6-1" id="23" name="ScrPart_bather" text="I" type="participant"/>
            <label from="6-3" id="24" name="ScrPart_washing_tools" text="soap" type="participant"/>
            <label from="6-6" id="25" name="ScrPart_washing_tools" text="washcloth" type="participant"/>
            <label from="6-9" id="26" name="ScrPart_bather" text="myself" type="participant"/>
            <label from="7-1" id="27" name="ScrPart_bather" text="I" type="participant"/>
            <label from="7-3" id="28" name="ScrPart_washing_tools" text="shampoo" type="participant"/>
            <label from="7-6" id="29" name="ScrPart_bather" text="my" type="participant"/>
            <label from="7-7" id="30" name="ScrPart_hair" text="hair" type="participant"/>
            <label from="7-9" id="31" name="ScrPart_bather" text="I" type="participant"/>
            <label from="7-11" id="32" name="ScrPart_washing_tools" text="conditioner" type="participant"/>
            <label from="7-16" id="33" name="ScrPart_bather" text="my" type="participant"/>
            <label from="7-17" id="34" name="ScrPart_hair" text="hair" type="participant"/>
            <label from="8-1" id="35" name="ScrPart_bather" text="I" type="participant"/>
            <label from="8-4" id="36" name="ScrPart_washing_tools" text="conditioner" type="participant"/>
            <label from="8-11" id="37" name="ScrPart_bather" text="I" type="participant"/>
            <label from="8-13" id="38" name="ScrPart_washing_tools" text="it" type="participant"/>
            <label from="9-1" id="39" name="ScrPart_bather" text="I" type="participant"/>
            <label from="9-5" id="40" name="ScrPart_washing_tools" text="soap" type="participant"/>
            <label from="9-7" id="41" name="ScrPart_bather" text="my" type="participant"/>
            <label from="9-8" id="42" name="ScrPart_body_part" text="body" type="participant"/>
            <label from="9-14" id="43" name="ScrPart_bathtub" text="tub" type="participant"/>
            <label from="10-1" id="44" name="ScrPart_bather" text="I" type="participant"/>
            <label from="10-4" id="45" name="ScrPart_towel" text="towel" type="participant"/>
            <label from="11-2" id="46" name="ScrPart_bather" text="I" type="participant"/>
            <label from="11-8" id="47" name="ScrPart_bather" text="my" type="participant"/>
            <label from="11-9" id="48" name="No_label" text="day" type="participant"/>
        </participants>
        <events>
            <label from="1-3" id="49" name="UnrelEv" text="been" type="event"/>
            <label from="1-5" id="50" name="UnrelEv" text="working" type="event"/>
            <label from="1-10" id="51" name="UnrelEv" text="was" type="event"/>
            <label from="1-16" id="52" name="UnrelEv" text="decided" type="event"/>
            <label from="1-18" id="53" name="Evoking" text="take a bath" to="1-20" type="event"/>
            <label from="2-2" id="54" name="ScrEv_enter_bathroom" text="went" type="event"/>
            <label from="2-7" id="55" name="ScrEv_close_drain" text="plugged" type="event"/>
            <label from="2-15" id="56" name="ScrEv_fill_water/wait" text="fill up" to="2-16" type="event"/>
            <label from="3-2" id="57" name="ScrEv_turn_water_on" text="turned on" to="3-3" type="event"/>
            <label from="3-9" id="58" name="ScrEv_turn_water_on" text="turned on" to="3-10" type="event"/>
            <label from="3-16" id="59" name="ScrEv_check_temp" text="was" type="event"/>
            <label from="4-2" id="60" name="ScrEv_put_bubble_bath_scent" text="added" type="event"/>
            <label from="4-10" id="61" name="UnrelEv" text="let" type="event"/>
            <label from="4-13" id="62" name="ScrEv_fill_water/wait" text="fill" type="event"/>
            <label from="5-2" id="63" name="UnrelEv" text="got" type="event"/>
            <label from="5-3" id="64" name="ScrEv_undress" text="undressed" type="event"/>
            <label from="5-5" id="65" name="ScrEv_sink_water" text="stepped" type="event"/>
            <label from="6-2" id="66" name="RelNScrEv" text="used" type="event"/>
            <label from="6-8" id="67" name="ScrEv_wash" text="clean" type="event"/>
            <label from="7-2" id="68" name="RelNScrEv" text="used" type="event"/>
            <label from="7-5" id="69" name="ScrEv_wash" text="clean" type="event"/>
            <label from="7-10" id="70" name="ScrEv_wash" text="put" type="event"/>
            <label from="7-19" id="71" name="UnrelEv" text="be" type="event"/>
            <label from="8-2" id="72" name="UnrelEv" text="let" type="event"/>
            <label from="8-5" id="73" name="RelNScrEv" text="soak in" to="8-6" type="event"/>
            <label from="8-12" id="74" name="ScrEv_wash" text="rinsed" type="event"/>
            <label from="9-2" id="75" name="RelNScrEv" text="rinsed off" to="9-3" type="event"/>
            <label from="9-10" id="76" name="ScrEv_get_out_bath" text="got out" to="9-11" type="event"/>
            <label from="10-2" id="77" name="ScrEv_get_towel" text="grabbed" type="event"/>
            <label from="10-6" id="78" name="ScrEv_dry" text="dried off" to="10-7" type="event"/>
            <label from="11-3" id="79" name="UnrelEv" text="got" type="event"/>
            <label from="11-4" id="80" name="ScrEv_get_dressed" text="dressed" type="event"/>
            <label from="11-6" id="81" name="UnrelEv" text="went" type="event"/>
        </events>
        <chains>
            <chain elements="0 2 4 8 10 14 20 23 26 27 29 31 33 35 37 39 41 44 46 47"/>
            <chain elements="7 9 11 12 17"/>
            <chain elements="18 22 43"/>
            <chain elements="30 34"/>
            <chain elements="32 36 38"/>
            <chain elements="24 40"/>
        </chains>
    </annotations>
</story>
