<?xml version="1.0" encoding="UTF-8" standalone="no"?>
<!DOCTYPE story SYSTEM "../InScript.dtd">
<story id="076" scenario="bath">
    <text>
        <content>I went inside the bathroom with my change of clothes and a towel . 
I put in the bath plug and turned on the hot water faucet to start filling up the bathtub . 
I waited a few minutes for the tub to fill up , and then added bath soap to the tub . 
I undressed , and stepped into the bathtub which was filled with bubbles . 
I laid down in the tub and relaxed for a few minutes and thought about my day . 
Then , I used a loofah to scrub all over my body until I was clean . 
I turned on the hot water again and filled up a cup with the hot water and poured it onto my hair . 
I used one squirt of shampoo and rubbed it into my hair until I made suds . 
Then I rinsed my hair out again with a cup of hot water . 
I removed the plug from the bottom of the tub and stood up while the water drained . 
I rinsed my body off with a few more cups of hot water until I was n't soapy anymore . 
Then I grabbed my towel off of a shelf next to the tub and used it to dry myself off . 
I stepped out of the tub onto the bath room carpet and changed into my clothes . </content>
        <sentences>
            <sentence id="1">
                <token content="I" id="1-1">
                    <pos type="PRP"/>
                    <lemma type="I"/>
                    <dep head="1-2" type="nsubj"/>
                </token>
                <token content="went" id="1-2">
                    <pos type="VBD"/>
                    <lemma type="go"/>
                </token>
                <token content="inside" id="1-3"/>
                <token content="the" id="1-4">
                    <pos type="DT"/>
                    <lemma type="the"/>
                </token>
                <token content="bathroom" id="1-5">
                    <pos type="NN"/>
                    <lemma type="bathroom"/>
                    <dep head="1-2" type="prep"/>
                </token>
                <token content="with" id="1-6"/>
                <token content="my" id="1-7">
                    <pos type="PRP$"/>
                    <lemma type="my"/>
                </token>
                <token content="change" id="1-8">
                    <pos type="NN"/>
                    <lemma type="change"/>
                    <dep head="1-2" type="prep"/>
                </token>
                <token content="of" id="1-9"/>
                <token content="clothes" id="1-10">
                    <pos type="NNS"/>
                    <lemma type="clothes"/>
                </token>
                <token content="and" id="1-11"/>
                <token content="a" id="1-12">
                    <pos type="DT"/>
                    <lemma type="a"/>
                </token>
                <token content="towel" id="1-13">
                    <pos type="NN"/>
                    <lemma type="towel"/>
                </token>
                <token content="." id="1-14"/>
            </sentence>
            <sentence id="2">
                <token content="I" id="2-1">
                    <pos type="PRP"/>
                    <lemma type="I"/>
                    <dep head="2-2" type="nsubj"/>
                </token>
                <token content="put" id="2-2">
                    <pos type="VBD"/>
                    <lemma type="put"/>
                </token>
                <token content="in" id="2-3"/>
                <token content="the" id="2-4">
                    <pos type="DT"/>
                    <lemma type="the"/>
                </token>
                <token content="bath" id="2-5">
                    <pos type="NN"/>
                    <lemma type="bath"/>
                </token>
                <token content="plug" id="2-6">
                    <pos type="NN"/>
                    <lemma type="plug"/>
                    <dep head="2-2" type="prep"/>
                </token>
                <token content="and" id="2-7"/>
                <token content="turned" id="2-8">
                    <pos type="VBD"/>
                    <lemma type="turn"/>
                    <dep head="2-2" type="conj"/>
                </token>
                <token content="on" id="2-9"/>
                <token content="the" id="2-10">
                    <pos type="DT"/>
                    <lemma type="the"/>
                </token>
                <token content="hot" id="2-11">
                    <pos type="JJ"/>
                    <lemma type="hot"/>
                </token>
                <token content="water" id="2-12">
                    <pos type="NN"/>
                    <lemma type="water"/>
                </token>
                <token content="faucet" id="2-13">
                    <pos type="NN"/>
                    <lemma type="faucet"/>
                    <dep head="2-8" type="prep"/>
                </token>
                <token content="to" id="2-14">
                    <pos type="TO"/>
                    <lemma type="to"/>
                    <dep head="2-15" type="aux"/>
                </token>
                <token content="start" id="2-15">
                    <pos type="VB"/>
                    <lemma type="start"/>
                    <dep head="2-8" type="xcomp"/>
                </token>
                <token content="filling" id="2-16">
                    <pos type="VBG"/>
                    <lemma type="fill"/>
                    <dep head="2-15" type="xcomp"/>
                </token>
                <token content="up" id="2-17">
                    <pos type="RP"/>
                    <lemma type="up"/>
                    <dep head="2-16" type="prt"/>
                </token>
                <token content="the" id="2-18">
                    <pos type="DT"/>
                    <lemma type="the"/>
                </token>
                <token content="bathtub" id="2-19">
                    <pos type="NN"/>
                    <lemma type="bathtub"/>
                    <dep head="2-16" type="dobj"/>
                </token>
                <token content="." id="2-20"/>
            </sentence>
            <sentence id="3">
                <token content="I" id="3-1">
                    <pos type="PRP"/>
                    <lemma type="I"/>
                    <dep head="3-2" type="nsubj"/>
                </token>
                <token content="waited" id="3-2">
                    <pos type="VBD"/>
                    <lemma type="wait"/>
                </token>
                <token content="a" id="3-3">
                    <pos type="DT"/>
                    <lemma type="a"/>
                </token>
                <token content="few" id="3-4">
                    <pos type="JJ"/>
                    <lemma type="few"/>
                </token>
                <token content="minutes" id="3-5">
                    <pos type="NNS"/>
                    <lemma type="minute"/>
                    <dep head="3-2" type="dobj"/>
                </token>
                <token content="for" id="3-6"/>
                <token content="the" id="3-7">
                    <pos type="DT"/>
                    <lemma type="the"/>
                </token>
                <token content="tub" id="3-8">
                    <pos type="NN"/>
                    <lemma type="tub"/>
                </token>
                <token content="to" id="3-9">
                    <pos type="TO"/>
                    <lemma type="to"/>
                    <dep head="3-10" type="aux"/>
                </token>
                <token content="fill" id="3-10">
                    <pos type="VB"/>
                    <lemma type="fill"/>
                    <dep head="3-2" type="vmod"/>
                </token>
                <token content="up" id="3-11">
                    <pos type="RP"/>
                    <lemma type="up"/>
                    <dep head="3-10" type="prt"/>
                </token>
                <token content="," id="3-12"/>
                <token content="and" id="3-13"/>
                <token content="then" id="3-14">
                    <pos type="RB"/>
                    <lemma type="then"/>
                    <dep head="3-15" type="advmod"/>
                </token>
                <token content="added" id="3-15">
                    <pos type="VBD"/>
                    <lemma type="add"/>
                    <dep head="3-2" type="conj"/>
                </token>
                <token content="bath" id="3-16">
                    <pos type="NN"/>
                    <lemma type="bath"/>
                </token>
                <token content="soap" id="3-17">
                    <pos type="NN"/>
                    <lemma type="soap"/>
                    <dep head="3-15" type="dobj"/>
                </token>
                <token content="to" id="3-18"/>
                <token content="the" id="3-19">
                    <pos type="DT"/>
                    <lemma type="the"/>
                </token>
                <token content="tub" id="3-20">
                    <pos type="NN"/>
                    <lemma type="tub"/>
                    <dep head="3-15" type="prep"/>
                </token>
                <token content="." id="3-21"/>
            </sentence>
            <sentence id="4">
                <token content="I" id="4-1">
                    <pos type="PRP"/>
                    <lemma type="I"/>
                    <dep head="4-2" type="nsubj"/>
                </token>
                <token content="undressed" id="4-2">
                    <pos type="VBD"/>
                    <lemma type="undress"/>
                </token>
                <token content="," id="4-3"/>
                <token content="and" id="4-4"/>
                <token content="stepped" id="4-5">
                    <pos type="VBD"/>
                    <lemma type="step"/>
                    <dep head="4-2" type="conj"/>
                </token>
                <token content="into" id="4-6"/>
                <token content="the" id="4-7">
                    <pos type="DT"/>
                    <lemma type="the"/>
                </token>
                <token content="bathtub" id="4-8">
                    <pos type="NN"/>
                    <lemma type="bathtub"/>
                    <dep head="4-5" type="prep"/>
                </token>
                <token content="which" id="4-9">
                    <pos type="WDT"/>
                    <lemma type="which"/>
                    <dep head="4-11" type="nsubjpass"/>
                </token>
                <token content="was" id="4-10">
                    <pos type="VBD"/>
                    <lemma type="be"/>
                    <dep head="4-11" type="auxpass"/>
                </token>
                <token content="filled" id="4-11">
                    <pos type="VBN"/>
                    <lemma type="fill"/>
                </token>
                <token content="with" id="4-12"/>
                <token content="bubbles" id="4-13">
                    <pos type="NNS"/>
                    <lemma type="bubble"/>
                    <dep head="4-11" type="prep"/>
                </token>
                <token content="." id="4-14"/>
            </sentence>
            <sentence id="5">
                <token content="I" id="5-1">
                    <pos type="PRP"/>
                    <lemma type="I"/>
                    <dep head="5-2" type="nsubj"/>
                </token>
                <token content="laid" id="5-2">
                    <pos type="VBN"/>
                    <lemma type="lay"/>
                </token>
                <token content="down" id="5-3">
                    <pos type="RP"/>
                    <lemma type="down"/>
                    <dep head="5-2" type="prt"/>
                </token>
                <token content="in" id="5-4"/>
                <token content="the" id="5-5">
                    <pos type="DT"/>
                    <lemma type="the"/>
                </token>
                <token content="tub" id="5-6">
                    <pos type="NN"/>
                    <lemma type="tub"/>
                    <dep head="5-2" type="prep"/>
                </token>
                <token content="and" id="5-7"/>
                <token content="relaxed" id="5-8">
                    <pos type="VBN"/>
                    <lemma type="relax"/>
                    <dep head="5-2" type="conj"/>
                </token>
                <token content="for" id="5-9"/>
                <token content="a" id="5-10">
                    <pos type="DT"/>
                    <lemma type="a"/>
                </token>
                <token content="few" id="5-11">
                    <pos type="JJ"/>
                    <lemma type="few"/>
                </token>
                <token content="minutes" id="5-12">
                    <pos type="NNS"/>
                    <lemma type="minute"/>
                    <dep head="5-8" type="prep"/>
                </token>
                <token content="and" id="5-13"/>
                <token content="thought" id="5-14">
                    <pos type="VBN"/>
                    <lemma type="think"/>
                    <dep head="5-2" type="conj"/>
                </token>
                <token content="about" id="5-15"/>
                <token content="my" id="5-16">
                    <pos type="PRP$"/>
                    <lemma type="my"/>
                </token>
                <token content="day" id="5-17">
                    <pos type="NN"/>
                    <lemma type="day"/>
                    <dep head="5-14" type="prep"/>
                </token>
                <token content="." id="5-18"/>
            </sentence>
            <sentence id="6">
                <token content="Then" id="6-1">
                    <pos type="RB"/>
                    <lemma type="then"/>
                    <dep head="6-4" type="advmod"/>
                </token>
                <token content="," id="6-2"/>
                <token content="I" id="6-3">
                    <pos type="PRP"/>
                    <lemma type="I"/>
                    <dep head="6-4" type="nsubj"/>
                </token>
                <token content="used" id="6-4">
                    <pos type="VBD"/>
                    <lemma type="use"/>
                </token>
                <token content="a" id="6-5">
                    <pos type="DT"/>
                    <lemma type="a"/>
                </token>
                <token content="loofah" id="6-6">
                    <pos type="NN"/>
                    <lemma type="loofah"/>
                    <dep head="6-4" type="dobj"/>
                </token>
                <token content="to" id="6-7">
                    <pos type="TO"/>
                    <lemma type="to"/>
                    <dep head="6-8" type="aux"/>
                </token>
                <token content="scrub" id="6-8">
                    <pos type="VB"/>
                    <lemma type="scrub"/>
                </token>
                <token content="all" id="6-9">
                    <pos type="DT"/>
                    <lemma type="all"/>
                    <dep head="6-8" type="dobj"/>
                </token>
                <token content="over" id="6-10"/>
                <token content="my" id="6-11">
                    <pos type="PRP$"/>
                    <lemma type="my"/>
                </token>
                <token content="body" id="6-12">
                    <pos type="NN"/>
                    <lemma type="body"/>
                </token>
                <token content="until" id="6-13">
                    <pos type="IN"/>
                    <lemma type="until"/>
                </token>
                <token content="I" id="6-14">
                    <pos type="PRP"/>
                    <lemma type="I"/>
                </token>
                <token content="was" id="6-15">
                    <pos type="VBD"/>
                    <lemma type="be"/>
                </token>
                <token content="clean" id="6-16">
                    <pos type="JJ"/>
                    <lemma type="clean"/>
                    <dep head="6-8" type="advcl"/>
                </token>
                <token content="." id="6-17"/>
            </sentence>
            <sentence id="7">
                <token content="I" id="7-1">
                    <pos type="PRP"/>
                    <lemma type="I"/>
                    <dep head="7-2" type="nsubj"/>
                </token>
                <token content="turned" id="7-2">
                    <pos type="VBN"/>
                    <lemma type="turn"/>
                </token>
                <token content="on" id="7-3"/>
                <token content="the" id="7-4">
                    <pos type="DT"/>
                    <lemma type="the"/>
                </token>
                <token content="hot" id="7-5">
                    <pos type="JJ"/>
                    <lemma type="hot"/>
                </token>
                <token content="water" id="7-6">
                    <pos type="NN"/>
                    <lemma type="water"/>
                    <dep head="7-2" type="prep"/>
                </token>
                <token content="again" id="7-7">
                    <pos type="RB"/>
                    <lemma type="again"/>
                    <dep head="7-2" type="advmod"/>
                </token>
                <token content="and" id="7-8"/>
                <token content="filled" id="7-9">
                    <pos type="VBN"/>
                    <lemma type="fill"/>
                    <dep head="7-2" type="conj"/>
                </token>
                <token content="up" id="7-10">
                    <pos type="RP"/>
                    <lemma type="up"/>
                    <dep head="7-9" type="prt"/>
                </token>
                <token content="a" id="7-11">
                    <pos type="DT"/>
                    <lemma type="a"/>
                </token>
                <token content="cup" id="7-12">
                    <pos type="NN"/>
                    <lemma type="cup"/>
                    <dep head="7-9" type="dobj"/>
                </token>
                <token content="with" id="7-13"/>
                <token content="the" id="7-14">
                    <pos type="DT"/>
                    <lemma type="the"/>
                </token>
                <token content="hot" id="7-15">
                    <pos type="JJ"/>
                    <lemma type="hot"/>
                </token>
                <token content="water" id="7-16">
                    <pos type="NN"/>
                    <lemma type="water"/>
                    <dep head="7-9" type="prep"/>
                </token>
                <token content="and" id="7-17"/>
                <token content="poured" id="7-18">
                    <pos type="VBD"/>
                    <lemma type="pour"/>
                    <dep head="7-2" type="conj"/>
                </token>
                <token content="it" id="7-19">
                    <pos type="PRP"/>
                    <lemma type="it"/>
                    <dep head="7-18" type="dobj"/>
                </token>
                <token content="onto" id="7-20"/>
                <token content="my" id="7-21">
                    <pos type="PRP$"/>
                    <lemma type="my"/>
                </token>
                <token content="hair" id="7-22">
                    <pos type="NN"/>
                    <lemma type="hair"/>
                    <dep head="7-18" type="prep"/>
                </token>
                <token content="." id="7-23"/>
            </sentence>
            <sentence id="8">
                <token content="I" id="8-1">
                    <pos type="PRP"/>
                    <lemma type="I"/>
                    <dep head="8-2" type="nsubj"/>
                </token>
                <token content="used" id="8-2">
                    <pos type="VBD"/>
                    <lemma type="use"/>
                </token>
                <token content="one" id="8-3">
                    <pos type="CD"/>
                    <lemma type="one"/>
                </token>
                <token content="squirt" id="8-4">
                    <pos type="NN"/>
                    <lemma type="squirt"/>
                    <dep head="8-2" type="dobj"/>
                </token>
                <token content="of" id="8-5"/>
                <token content="shampoo" id="8-6">
                    <pos type="NN"/>
                    <lemma type="shampoo"/>
                </token>
                <token content="and" id="8-7"/>
                <token content="rubbed" id="8-8">
                    <pos type="VBD"/>
                    <lemma type="rub"/>
                    <dep head="8-2" type="conj"/>
                </token>
                <token content="it" id="8-9">
                    <pos type="PRP"/>
                    <lemma type="it"/>
                    <dep head="8-8" type="dobj"/>
                </token>
                <token content="into" id="8-10"/>
                <token content="my" id="8-11">
                    <pos type="PRP$"/>
                    <lemma type="my"/>
                </token>
                <token content="hair" id="8-12">
                    <pos type="NN"/>
                    <lemma type="hair"/>
                    <dep head="8-8" type="prep"/>
                </token>
                <token content="until" id="8-13">
                    <pos type="IN"/>
                    <lemma type="until"/>
                    <dep head="8-15" type="mark"/>
                </token>
                <token content="I" id="8-14">
                    <pos type="PRP"/>
                    <lemma type="I"/>
                    <dep head="8-15" type="nsubj"/>
                </token>
                <token content="made" id="8-15">
                    <pos type="VBD"/>
                    <lemma type="make"/>
                    <dep head="8-8" type="advcl"/>
                </token>
                <token content="suds" id="8-16">
                    <pos type="NNS"/>
                    <lemma type="suds"/>
                    <dep head="8-15" type="dobj"/>
                </token>
                <token content="." id="8-17"/>
            </sentence>
            <sentence id="9">
                <token content="Then" id="9-1">
                    <pos type="RB"/>
                    <lemma type="then"/>
                    <dep head="9-3" type="advmod"/>
                </token>
                <token content="I" id="9-2">
                    <pos type="PRP"/>
                    <lemma type="I"/>
                    <dep head="9-3" type="nsubj"/>
                </token>
                <token content="rinsed" id="9-3">
                    <pos type="VBD"/>
                    <lemma type="rinse"/>
                </token>
                <token content="my" id="9-4">
                    <pos type="PRP$"/>
                    <lemma type="my"/>
                </token>
                <token content="hair" id="9-5">
                    <pos type="NN"/>
                    <lemma type="hair"/>
                    <dep head="9-3" type="dobj"/>
                </token>
                <token content="out" id="9-6">
                    <pos type="RP"/>
                    <lemma type="out"/>
                    <dep head="9-3" type="prt"/>
                </token>
                <token content="again" id="9-7">
                    <pos type="RB"/>
                    <lemma type="again"/>
                    <dep head="9-3" type="advmod"/>
                </token>
                <token content="with" id="9-8"/>
                <token content="a" id="9-9">
                    <pos type="DT"/>
                    <lemma type="a"/>
                </token>
                <token content="cup" id="9-10">
                    <pos type="NN"/>
                    <lemma type="cup"/>
                    <dep head="9-3" type="prep"/>
                </token>
                <token content="of" id="9-11"/>
                <token content="hot" id="9-12">
                    <pos type="JJ"/>
                    <lemma type="hot"/>
                </token>
                <token content="water" id="9-13">
                    <pos type="NN"/>
                    <lemma type="water"/>
                </token>
                <token content="." id="9-14"/>
            </sentence>
            <sentence id="10">
                <token content="I" id="10-1">
                    <pos type="PRP"/>
                    <lemma type="I"/>
                    <dep head="10-2" type="nsubj"/>
                </token>
                <token content="removed" id="10-2">
                    <pos type="VBD"/>
                    <lemma type="remove"/>
                </token>
                <token content="the" id="10-3">
                    <pos type="DT"/>
                    <lemma type="the"/>
                </token>
                <token content="plug" id="10-4">
                    <pos type="NN"/>
                    <lemma type="plug"/>
                    <dep head="10-2" type="dobj"/>
                </token>
                <token content="from" id="10-5"/>
                <token content="the" id="10-6">
                    <pos type="DT"/>
                    <lemma type="the"/>
                </token>
                <token content="bottom" id="10-7">
                    <pos type="NN"/>
                    <lemma type="bottom"/>
                    <dep head="10-2" type="prep"/>
                </token>
                <token content="of" id="10-8"/>
                <token content="the" id="10-9">
                    <pos type="DT"/>
                    <lemma type="the"/>
                </token>
                <token content="tub" id="10-10">
                    <pos type="NN"/>
                    <lemma type="tub"/>
                </token>
                <token content="and" id="10-11"/>
                <token content="stood" id="10-12">
                    <pos type="VBD"/>
                    <lemma type="stand"/>
                    <dep head="10-2" type="conj"/>
                </token>
                <token content="up" id="10-13">
                    <pos type="RP"/>
                    <lemma type="up"/>
                    <dep head="10-12" type="prt"/>
                </token>
                <token content="while" id="10-14"/>
                <token content="the" id="10-15">
                    <pos type="DT"/>
                    <lemma type="the"/>
                </token>
                <token content="water" id="10-16">
                    <pos type="NN"/>
                    <lemma type="water"/>
                    <dep head="10-12" type="prep"/>
                </token>
                <token content="drained" id="10-17">
                    <pos type="VBN"/>
                    <lemma type="drain"/>
                </token>
                <token content="." id="10-18"/>
            </sentence>
            <sentence id="11">
                <token content="I" id="11-1">
                    <pos type="PRP"/>
                    <lemma type="I"/>
                    <dep head="11-2" type="nsubj"/>
                </token>
                <token content="rinsed" id="11-2">
                    <pos type="VBD"/>
                    <lemma type="rinse"/>
                </token>
                <token content="my" id="11-3">
                    <pos type="PRP$"/>
                    <lemma type="my"/>
                </token>
                <token content="body" id="11-4">
                    <pos type="NN"/>
                    <lemma type="body"/>
                    <dep head="11-2" type="dobj"/>
                </token>
                <token content="off" id="11-5">
                    <pos type="RP"/>
                    <lemma type="off"/>
                    <dep head="11-2" type="prt"/>
                </token>
                <token content="with" id="11-6"/>
                <token content="a" id="11-7">
                    <pos type="DT"/>
                    <lemma type="a"/>
                </token>
                <token content="few" id="11-8">
                    <pos type="JJ"/>
                    <lemma type="few"/>
                </token>
                <token content="more" id="11-9">
                    <pos type="JJR"/>
                    <lemma type="more"/>
                </token>
                <token content="cups" id="11-10">
                    <pos type="NNS"/>
                    <lemma type="cup"/>
                    <dep head="11-2" type="prep"/>
                </token>
                <token content="of" id="11-11"/>
                <token content="hot" id="11-12">
                    <pos type="JJ"/>
                    <lemma type="hot"/>
                </token>
                <token content="water" id="11-13">
                    <pos type="NN"/>
                    <lemma type="water"/>
                </token>
                <token content="until" id="11-14">
                    <pos type="IN"/>
                    <lemma type="until"/>
                </token>
                <token content="I" id="11-15">
                    <pos type="PRP"/>
                    <lemma type="I"/>
                </token>
                <token content="was" id="11-16">
                    <pos type="VBD"/>
                    <lemma type="be"/>
                </token>
                <token content="n't" id="11-17">
                    <pos type="RB"/>
                    <lemma type="not"/>
                </token>
                <token content="soapy" id="11-18">
                    <pos type="RB"/>
                    <lemma type="soapy"/>
                </token>
                <token content="anymore" id="11-19">
                    <pos type="JJ"/>
                    <lemma type="anymore"/>
                    <dep head="11-2" type="advcl"/>
                </token>
                <token content="." id="11-20"/>
            </sentence>
            <sentence id="12">
                <token content="Then" id="12-1">
                    <pos type="RB"/>
                    <lemma type="then"/>
                    <dep head="12-3" type="advmod"/>
                </token>
                <token content="I" id="12-2">
                    <pos type="PRP"/>
                    <lemma type="I"/>
                    <dep head="12-3" type="nsubj"/>
                </token>
                <token content="grabbed" id="12-3">
                    <pos type="VBD"/>
                    <lemma type="grab"/>
                </token>
                <token content="my" id="12-4">
                    <pos type="PRP$"/>
                    <lemma type="my"/>
                </token>
                <token content="towel" id="12-5">
                    <pos type="NN"/>
                    <lemma type="towel"/>
                    <dep head="12-3" type="dobj"/>
                </token>
                <token content="off" id="12-6">
                    <pos type="RP"/>
                    <lemma type="off"/>
                    <dep head="12-3" type="prt"/>
                </token>
                <token content="of" id="12-7"/>
                <token content="a" id="12-8">
                    <pos type="DT"/>
                    <lemma type="a"/>
                </token>
                <token content="shelf" id="12-9">
                    <pos type="NN"/>
                    <lemma type="shelf"/>
                    <dep head="12-3" type="prep"/>
                </token>
                <token content="next" id="12-10"/>
                <token content="to" id="12-11"/>
                <token content="the" id="12-12">
                    <pos type="DT"/>
                    <lemma type="the"/>
                </token>
                <token content="tub" id="12-13">
                    <pos type="NN"/>
                    <lemma type="tub"/>
                </token>
                <token content="and" id="12-14"/>
                <token content="used" id="12-15">
                    <pos type="VBD"/>
                    <lemma type="use"/>
                    <dep head="12-3" type="conj"/>
                </token>
                <token content="it" id="12-16">
                    <pos type="PRP"/>
                    <lemma type="it"/>
                    <dep head="12-15" type="dobj"/>
                </token>
                <token content="to" id="12-17">
                    <pos type="TO"/>
                    <lemma type="to"/>
                    <dep head="12-18" type="aux"/>
                </token>
                <token content="dry" id="12-18">
                    <pos type="VB"/>
                    <lemma type="dry"/>
                    <dep head="12-15" type="xcomp"/>
                </token>
                <token content="myself" id="12-19">
                    <pos type="PRP"/>
                    <lemma type="myself"/>
                    <dep head="12-18" type="dobj"/>
                </token>
                <token content="off" id="12-20">
                    <pos type="RP"/>
                    <lemma type="off"/>
                    <dep head="12-18" type="prt"/>
                </token>
                <token content="." id="12-21"/>
            </sentence>
            <sentence id="13">
                <token content="I" id="13-1">
                    <pos type="PRP"/>
                    <lemma type="I"/>
                    <dep head="13-2" type="nsubj"/>
                </token>
                <token content="stepped" id="13-2">
                    <pos type="VBD"/>
                    <lemma type="step"/>
                </token>
                <token content="out" id="13-3"/>
                <token content="of" id="13-4"/>
                <token content="the" id="13-5">
                    <pos type="DT"/>
                    <lemma type="the"/>
                </token>
                <token content="tub" id="13-6">
                    <pos type="NN"/>
                    <lemma type="tub"/>
                    <dep head="13-2" type="prep"/>
                </token>
                <token content="onto" id="13-7"/>
                <token content="the" id="13-8">
                    <pos type="DT"/>
                    <lemma type="the"/>
                </token>
                <token content="bath" id="13-9">
                    <pos type="NN"/>
                    <lemma type="bath"/>
                </token>
                <token content="room" id="13-10">
                    <pos type="NN"/>
                    <lemma type="room"/>
                </token>
                <token content="carpet" id="13-11">
                    <pos type="NN"/>
                    <lemma type="carpet"/>
                    <dep head="13-2" type="prep"/>
                </token>
                <token content="and" id="13-12"/>
                <token content="changed" id="13-13">
                    <pos type="VBD"/>
                    <lemma type="change"/>
                    <dep head="13-2" type="conj"/>
                </token>
                <token content="into" id="13-14"/>
                <token content="my" id="13-15">
                    <pos type="PRP$"/>
                    <lemma type="my"/>
                </token>
                <token content="clothes" id="13-16">
                    <pos type="NNS"/>
                    <lemma type="clothes"/>
                    <dep head="13-13" type="prep"/>
                </token>
                <token content="." id="13-17"/>
            </sentence>
        </sentences>
    </text>
    <annotations>
        <participants>
            <label from="1-1" id="0" name="ScrPart_bather" text="I" type="participant"/>
            <label from="1-5" id="1" name="ScrPart_bathroom" text="bathroom" type="participant"/>
            <label from="1-7" id="2" name="ScrPart_bather" text="my" type="participant"/>
            <label from="1-8" id="3" name="Head_of_Partitive" text="change" type="participant"/>
            <label from="1-10" id="4" name="ScrPart_clothes" text="clothes" type="participant"/>
            <label from="1-13" id="5" name="ScrPart_towel" text="towel" type="participant"/>
            <label from="2-1" id="6" name="ScrPart_bather" text="I" type="participant"/>
            <label from="2-5" id="7" name="ScrPart_plug" text="bath plug" to="2-6" type="participant"/>
            <label from="2-6" id="8" name="ScrPart_plug" text="plug" type="participant"/>
            <label from="2-12" id="9" name="ScrPart_tap" text="water faucet" to="2-13" type="participant"/>
            <label from="2-13" id="10" name="ScrPart_tap" text="faucet" type="participant"/>
            <label from="2-19" id="11" name="ScrPart_bathtub" text="bathtub" type="participant"/>
            <label from="3-1" id="12" name="ScrPart_bather" text="I" type="participant"/>
            <label from="3-5" id="13" name="NPart" text="minutes" type="participant"/>
            <label from="3-8" id="14" name="ScrPart_bathtub" text="tub" type="participant"/>
            <label from="3-16" id="15" name="ScrPart_bath" text="bath" type="participant"/>
            <label from="3-17" id="16" name="ScrPart_washing_tools" text="soap" type="participant"/>
            <label from="3-20" id="17" name="ScrPart_bathtub" text="tub" type="participant"/>
            <label from="4-1" id="18" name="ScrPart_bather" text="I" type="participant"/>
            <label from="4-8" id="19" name="ScrPart_bathtub" text="bathtub" type="participant"/>
            <label from="4-13" id="20" name="ScrPart_bath_means" text="bubbles" type="participant"/>
            <label from="5-1" id="21" name="ScrPart_bather" text="I" type="participant"/>
            <label from="5-6" id="22" name="ScrPart_bathtub" text="tub" type="participant"/>
            <label from="5-12" id="23" name="NPart" text="minutes" type="participant"/>
            <label from="5-16" id="24" name="ScrPart_bather" text="my" type="participant"/>
            <label from="5-17" id="25" name="NPart" text="day" type="participant"/>
            <label from="6-3" id="26" name="ScrPart_bather" text="I" type="participant"/>
            <label from="6-6" id="27" name="ScrPart_washing_tools" text="loofah" type="participant"/>
            <label from="6-11" id="28" name="ScrPart_bather" text="my" type="participant"/>
            <label from="6-12" id="29" name="ScrPart_body_part" text="body" type="participant"/>
            <label from="6-14" id="30" name="ScrPart_bather" text="I" type="participant"/>
            <label from="7-1" id="31" name="ScrPart_bather" text="I" type="participant"/>
            <label from="7-6" id="32" name="ScrPart_water" text="water" type="participant"/>
            <label from="7-12" id="33" name="Head_of_Partitive" text="cup" type="participant"/>
            <label from="7-16" id="34" name="ScrPart_water" text="water" type="participant"/>
            <label from="7-19" id="35" name="ScrPart_water" text="it" type="participant"/>
            <label from="7-21" id="36" name="ScrPart_bather" text="my" type="participant"/>
            <label from="7-22" id="37" name="ScrPart_body_part" text="hair" type="participant"/>
            <label from="8-1" id="38" name="ScrPart_bather" text="I" type="participant"/>
            <label from="8-4" id="39" name="Head_of_Partitive" text="squirt" type="participant"/>
            <label from="8-6" id="40" name="ScrPart_bath_means" text="shampoo" type="participant"/>
            <label from="8-9" id="41" name="ScrPart_bath_means" text="it" type="participant"/>
            <label from="8-11" id="42" name="ScrPart_bather" text="my" type="participant"/>
            <label from="8-12" id="43" name="ScrPart_body_part" text="hair" type="participant"/>
            <label from="8-14" id="44" name="ScrPart_bather" text="I" type="participant"/>
            <label from="8-16" id="45" name="ScrPart_other" text="suds" type="participant"/>
            <label from="9-2" id="46" name="ScrPart_bather" text="I" type="participant"/>
            <label from="9-4" id="47" name="ScrPart_bather" text="my" type="participant"/>
            <label from="9-5" id="48" name="ScrPart_body_part" text="hair" type="participant"/>
            <label from="9-10" id="49" name="Head_of_Partitive" text="cup" type="participant"/>
            <label from="9-13" id="50" name="ScrPart_water" text="water" type="participant"/>
            <label from="10-1" id="51" name="ScrPart_bather" text="I" type="participant"/>
            <label from="10-4" id="52" name="ScrPart_plug" text="plug" type="participant"/>
            <label from="10-7" id="53" name="NPart" text="bottom of" to="10-8" type="participant"/>
            <label from="10-10" id="54" name="ScrPart_bathtub" text="tub" type="participant"/>
            <label from="10-16" id="55" name="ScrPart_water" text="water" type="participant"/>
            <label from="11-1" id="56" name="ScrPart_bather" text="I" type="participant"/>
            <label from="11-3" id="57" name="ScrPart_bather" text="my" type="participant"/>
            <label from="11-4" id="58" name="ScrPart_body_part" text="body" type="participant"/>
            <label from="11-10" id="59" name="Head_of_Partitive" text="cups" type="participant"/>
            <label from="11-13" id="60" name="ScrPart_water" text="water" type="participant"/>
            <label from="11-15" id="61" name="ScrPart_bather" text="I" type="participant"/>
            <label from="12-2" id="62" name="ScrPart_bather" text="I" type="participant"/>
            <label from="12-4" id="63" name="ScrPart_bather" text="my" type="participant"/>
            <label from="12-5" id="64" name="ScrPart_towel" text="towel" type="participant"/>
            <label from="12-9" id="65" name="NPart" text="shelf" type="participant"/>
            <label from="12-13" id="66" name="ScrPart_bathtub" text="tub" type="participant"/>
            <label from="12-16" id="67" name="ScrPart_towel" text="it" type="participant"/>
            <label from="12-19" id="68" name="ScrPart_bather" text="myself" type="participant"/>
            <label from="13-1" id="69" name="ScrPart_bather" text="I" type="participant"/>
            <label from="13-6" id="70" name="ScrPart_bathtub" text="tub" type="participant"/>
            <label from="13-11" id="71" name="NPart" text="carpet" type="participant"/>
            <label from="13-15" id="72" name="ScrPart_bather" text="my" type="participant"/>
            <label from="13-16" id="73" name="ScrPart_clothes" text="clothes" type="participant"/>
        </participants>
        <events>
            <label from="1-2" id="74" name="ScrEv_enter_bathroom" text="went" type="event"/>
            <label from="2-2" id="75" name="ScrEv_close_drain" text="put in" to="2-3" type="event"/>
            <label from="2-2" id="76" name="ScrEv_close_drain" text="put" type="event"/>
            <label from="2-8" id="77" name="ScrEv_turn_water_on" text="turned on" to="2-9" type="event"/>
            <label from="2-8" id="78" name="ScrEv_turn_water_on" text="turned" type="event"/>
            <label from="2-16" id="79" name="ScrEv_fill_water/wait" text="filling up" to="2-17" type="event"/>
            <label from="2-16" id="80" name="ScrEv_fill_water/wait" text="filling" type="event"/>
            <label from="3-2" id="81" name="ScrEv_fill_water/wait" text="waited" type="event"/>
            <label from="3-10" id="82" name="ScrEv_fill_water/wait" text="fill up" to="3-11" type="event"/>
            <label from="3-10" id="83" name="ScrEv_fill_water/wait" text="fill" type="event"/>
            <label from="3-15" id="84" name="ScrEv_put_bubble_bath_scent" text="added" type="event"/>
            <label from="4-2" id="85" name="ScrEv_undress" text="undressed" type="event"/>
            <label from="4-5" id="86" name="ScrEv_sink_water" text="stepped into" to="4-6" type="event"/>
            <label from="4-5" id="87" name="ScrEv_sink_water" text="stepped" type="event"/>
            <label from="4-11" id="88" name="RelNScrEv" text="filled" type="event"/>
            <label from="5-2" id="89" name="ScrEv_sink_water" text="laid down" to="5-3" type="event"/>
            <label from="5-2" id="90" name="ScrEv_sink_water" text="laid" type="event"/>
            <label from="5-8" id="91" name="ScrEv_relax" text="relaxed" type="event"/>
            <label from="5-14" id="92" name="UnrelEv" text="thought" type="event"/>
            <label from="6-4" id="93" name="ScrEv_wash" text="used" type="event"/>
            <label from="6-8" id="94" name="RelNScrEv" text="scrub" type="event"/>
            <label from="6-15" id="95" name="UnrelEv" text="was" type="event"/>
            <label from="7-2" id="96" name="ScrEv_turn_water_on" text="turned on" to="7-3" type="event"/>
            <label from="7-2" id="97" name="ScrEv_turn_water_on" text="turned" type="event"/>
            <label from="7-9" id="98" name="ScrEv_other" text="filled up" to="7-10" type="event"/>
            <label from="7-9" id="99" name="ScrEv_other" text="filled" type="event"/>
            <label from="7-18" id="100" name="ScrEv_wash" text="poured" type="event"/>
            <label from="8-2" id="101" name="UnrelEv" text="used" type="event"/>
            <label from="8-8" id="102" name="ScrEv_other" text="rubbed" type="event"/>
            <label from="8-15" id="103" name="UnrelEv" text="made" type="event"/>
            <label from="9-3" id="104" name="ScrEv_wash" text="rinsed" type="event"/>
            <label from="10-2" id="105" name="ScrEv_open_drain" text="removed" type="event"/>
            <label from="10-12" id="106" name="UnrelEv" text="stood up" to="10-13" type="event"/>
            <label from="10-12" id="107" name="UnrelEv" text="stood" type="event"/>
            <label from="10-17" id="108" name="RelNScrEv" text="drained" type="event"/>
            <label from="11-2" id="109" name="ScrEv_wash" text="rinsed" type="event"/>
            <label from="11-16" id="110" name="UnrelEv" text="was" type="event"/>
            <label from="12-3" id="111" name="ScrEv_get_towel" text="grabbed" type="event"/>
            <label from="12-15" id="112" name="UnrelEv" text="used" type="event"/>
            <label from="12-18" id="113" name="ScrEv_dry" text="dry" type="event"/>
            <label from="13-2" id="114" name="ScrEv_get_out_bath" text="stepped out" to="13-3" type="event"/>
            <label from="13-2" id="115" name="ScrEv_get_out_bath" text="stepped" type="event"/>
            <label from="13-13" id="116" name="ScrEv_get_dressed" text="changed" type="event"/>
        </events>
        <chains>
            <chain elements="0 2 6 12 18 21 24 26 28 30 31 36 38 42 44 46 47 51 56 57 61 62 63 68 69 72"/>
            <chain elements="11 14 17 19 22 54 66"/>
            <chain elements="32 34 35 50 55 60"/>
            <chain elements="37 43 48"/>
            <chain elements="8 52"/>
            <chain elements="29 58"/>
            <chain elements="33 59"/>
            <chain elements="5 64 67"/>
            <chain elements="40 41"/>
        </chains>
    </annotations>
</story>
