<?xml version="1.0" encoding="UTF-8" standalone="no"?>
<!DOCTYPE story SYSTEM "../InScript.dtd">
<story id="075" scenario="bath">
    <text>
        <content>The Long Awaited Bath I had been outside working in my garden all day . 
It was warm and humid outside so besides being caked in dirt , I also had sweated a lot and did not smell very good . 
I wanted to get everything done in one day so I had worked very hard for a very long time . 
However , when I went inside to clean up , I realized from an automated message in my voice mail that the water had been shut off temporarily for emergency repairs , it would be on again in a few hours . 
I was frustrated , but I decided that I was hungry as well so I made myself a sandwich and cut up some fruit to eat . 
I took off my dirty clothes and put them in the hamper and put on a clean t-shirt and shorts and then put down an old blanket on my couch before I sat on it so I would not get it dirty . 
I watched part of a baseball game until I could not stand my own stench any more . 
I went to try the water in my bath tub and was extremely glad when it worked . 
I ran myself a hot bath and put some bubble bath soap in it . 
I got in and found it very relaxing . 
I was so glad to finally take a bath , get cleaned up , and relax after a long , hard , productive day . </content>
        <sentences>
            <sentence id="1">
                <token content="The" id="1-1">
                    <pos type="DT"/>
                    <lemma type="the"/>
                </token>
                <token content="Long" id="1-2">
                    <pos type="NNP"/>
                    <lemma type="Long"/>
                </token>
                <token content="Awaited" id="1-3">
                    <pos type="NNP"/>
                    <lemma type="Awaited"/>
                    <dep head="1-4" type="nsubj"/>
                </token>
                <token content="Bath" id="1-4">
                    <pos type="VBP"/>
                    <lemma type="bath"/>
                </token>
                <token content="I" id="1-5">
                    <pos type="PRP"/>
                    <lemma type="I"/>
                    <dep head="1-9" type="nsubj"/>
                </token>
                <token content="had" id="1-6">
                    <pos type="VBD"/>
                    <lemma type="have"/>
                    <dep head="1-9" type="aux"/>
                </token>
                <token content="been" id="1-7">
                    <pos type="VBN"/>
                    <lemma type="be"/>
                    <dep head="1-9" type="aux"/>
                </token>
                <token content="outside" id="1-8">
                    <pos type="RB"/>
                    <lemma type="outside"/>
                    <dep head="1-9" type="advmod"/>
                </token>
                <token content="working" id="1-9">
                    <pos type="VBG"/>
                    <lemma type="work"/>
                    <dep head="1-4" type="ccomp"/>
                </token>
                <token content="in" id="1-10"/>
                <token content="my" id="1-11">
                    <pos type="PRP$"/>
                    <lemma type="my"/>
                </token>
                <token content="garden" id="1-12">
                    <pos type="NN"/>
                    <lemma type="garden"/>
                    <dep head="1-9" type="prep"/>
                </token>
                <token content="all" id="1-13">
                    <pos type="DT"/>
                    <lemma type="all"/>
                </token>
                <token content="day" id="1-14">
                    <pos type="NN"/>
                    <lemma type="day"/>
                </token>
                <token content="." id="1-15"/>
            </sentence>
            <sentence id="2">
                <token content="It" id="2-1">
                    <pos type="PRP"/>
                    <lemma type="it"/>
                </token>
                <token content="was" id="2-2">
                    <pos type="VBD"/>
                    <lemma type="be"/>
                </token>
                <token content="warm" id="2-3">
                    <pos type="JJ"/>
                    <lemma type="warm"/>
                </token>
                <token content="and" id="2-4"/>
                <token content="humid" id="2-5">
                    <pos type="JJ"/>
                    <lemma type="humid"/>
                </token>
                <token content="outside" id="2-6"/>
                <token content="so" id="2-7">
                    <pos type="IN"/>
                    <lemma type="so"/>
                    <dep head="2-17" type="mark"/>
                </token>
                <token content="besides" id="2-8"/>
                <token content="being" id="2-9">
                    <pos type="VBG"/>
                    <lemma type="be"/>
                    <dep head="2-10" type="auxpass"/>
                </token>
                <token content="caked" id="2-10">
                    <pos type="VBD"/>
                    <lemma type="cake"/>
                    <dep head="2-17" type="prepc"/>
                </token>
                <token content="in" id="2-11"/>
                <token content="dirt" id="2-12">
                    <pos type="NN"/>
                    <lemma type="dirt"/>
                    <dep head="2-10" type="prep"/>
                </token>
                <token content="," id="2-13"/>
                <token content="I" id="2-14">
                    <pos type="PRP"/>
                    <lemma type="I"/>
                    <dep head="2-17" type="nsubj"/>
                </token>
                <token content="also" id="2-15">
                    <pos type="RB"/>
                    <lemma type="also"/>
                    <dep head="2-17" type="advmod"/>
                </token>
                <token content="had" id="2-16">
                    <pos type="VBD"/>
                    <lemma type="have"/>
                    <dep head="2-17" type="aux"/>
                </token>
                <token content="sweated" id="2-17">
                    <pos type="VBN"/>
                    <lemma type="sweat"/>
                </token>
                <token content="a" id="2-18">
                    <pos type="DT"/>
                    <lemma type="a"/>
                </token>
                <token content="lot" id="2-19">
                    <pos type="NN"/>
                    <lemma type="lot"/>
                    <dep head="2-17" type="dobj"/>
                </token>
                <token content="and" id="2-20"/>
                <token content="did" id="2-21">
                    <pos type="VBD"/>
                    <lemma type="do"/>
                    <dep head="2-23" type="aux"/>
                </token>
                <token content="not" id="2-22">
                    <pos type="RB"/>
                    <lemma type="not"/>
                    <dep head="2-23" type="neg"/>
                </token>
                <token content="smell" id="2-23">
                    <pos type="VB"/>
                    <lemma type="smell"/>
                </token>
                <token content="very" id="2-24">
                    <pos type="RB"/>
                    <lemma type="very"/>
                </token>
                <token content="good" id="2-25">
                    <pos type="JJ"/>
                    <lemma type="good"/>
                    <dep head="2-23" type="acomp"/>
                </token>
                <token content="." id="2-26"/>
            </sentence>
            <sentence id="3">
                <token content="I" id="3-1">
                    <pos type="PRP"/>
                    <lemma type="I"/>
                    <dep head="3-2" type="nsubj"/>
                </token>
                <token content="wanted" id="3-2">
                    <pos type="VBD"/>
                    <lemma type="want"/>
                </token>
                <token content="to" id="3-3">
                    <pos type="TO"/>
                    <lemma type="to"/>
                    <dep head="3-4" type="aux"/>
                </token>
                <token content="get" id="3-4">
                    <pos type="VB"/>
                    <lemma type="get"/>
                    <dep head="3-2" type="xcomp"/>
                </token>
                <token content="everything" id="3-5">
                    <pos type="NN"/>
                    <lemma type="everything"/>
                    <dep head="3-4" type="dobj"/>
                </token>
                <token content="done" id="3-6">
                    <pos type="VBN"/>
                    <lemma type="do"/>
                </token>
                <token content="in" id="3-7"/>
                <token content="one" id="3-8">
                    <pos type="CD"/>
                    <lemma type="one"/>
                    <dep head="3-6" type="prep"/>
                </token>
                <token content="day" id="3-9">
                    <pos type="NN"/>
                    <lemma type="day"/>
                    <dep head="3-6" type="tmod"/>
                </token>
                <token content="so" id="3-10">
                    <pos type="IN"/>
                    <lemma type="so"/>
                    <dep head="3-13" type="mark"/>
                </token>
                <token content="I" id="3-11">
                    <pos type="PRP"/>
                    <lemma type="I"/>
                    <dep head="3-13" type="nsubj"/>
                </token>
                <token content="had" id="3-12">
                    <pos type="VBD"/>
                    <lemma type="have"/>
                    <dep head="3-13" type="aux"/>
                </token>
                <token content="worked" id="3-13">
                    <pos type="VBN"/>
                    <lemma type="work"/>
                    <dep head="3-6" type="advcl"/>
                </token>
                <token content="very" id="3-14">
                    <pos type="RB"/>
                    <lemma type="very"/>
                </token>
                <token content="hard" id="3-15">
                    <pos type="JJ"/>
                    <lemma type="hard"/>
                    <dep head="3-13" type="acomp"/>
                </token>
                <token content="for" id="3-16"/>
                <token content="a" id="3-17">
                    <pos type="DT"/>
                    <lemma type="a"/>
                </token>
                <token content="very" id="3-18">
                    <pos type="RB"/>
                    <lemma type="very"/>
                </token>
                <token content="long" id="3-19">
                    <pos type="JJ"/>
                    <lemma type="long"/>
                </token>
                <token content="time" id="3-20">
                    <pos type="NN"/>
                    <lemma type="time"/>
                    <dep head="3-13" type="prep"/>
                </token>
                <token content="." id="3-21"/>
            </sentence>
            <sentence id="4">
                <token content="However" id="4-1">
                    <pos type="RB"/>
                    <lemma type="however"/>
                    <dep head="4-12" type="advmod"/>
                </token>
                <token content="," id="4-2"/>
                <token content="when" id="4-3">
                    <pos type="WRB"/>
                    <lemma type="when"/>
                    <dep head="4-5" type="advmod"/>
                </token>
                <token content="I" id="4-4">
                    <pos type="PRP"/>
                    <lemma type="I"/>
                    <dep head="4-5" type="nsubj"/>
                </token>
                <token content="went" id="4-5">
                    <pos type="VBD"/>
                    <lemma type="go"/>
                    <dep head="4-12" type="advcl"/>
                </token>
                <token content="inside" id="4-6">
                    <pos type="RB"/>
                    <lemma type="inside"/>
                    <dep head="4-5" type="advmod"/>
                </token>
                <token content="to" id="4-7">
                    <pos type="TO"/>
                    <lemma type="to"/>
                    <dep head="4-8" type="aux"/>
                </token>
                <token content="clean" id="4-8">
                    <pos type="VB"/>
                    <lemma type="clean"/>
                    <dep head="4-5" type="xcomp"/>
                </token>
                <token content="up" id="4-9">
                    <pos type="RP"/>
                    <lemma type="up"/>
                    <dep head="4-8" type="prt"/>
                </token>
                <token content="," id="4-10"/>
                <token content="I" id="4-11">
                    <pos type="PRP"/>
                    <lemma type="I"/>
                    <dep head="4-12" type="nsubj"/>
                </token>
                <token content="realized" id="4-12">
                    <pos type="VBD"/>
                    <lemma type="realize"/>
                    <dep head="4-35" type="ccomp"/>
                </token>
                <token content="from" id="4-13"/>
                <token content="an" id="4-14">
                    <pos type="DT"/>
                    <lemma type="a"/>
                </token>
                <token content="automated" id="4-15">
                    <pos type="JJ"/>
                    <lemma type="automated"/>
                </token>
                <token content="message" id="4-16">
                    <pos type="NN"/>
                    <lemma type="message"/>
                    <dep head="4-12" type="prep"/>
                </token>
                <token content="in" id="4-17"/>
                <token content="my" id="4-18">
                    <pos type="PRP$"/>
                    <lemma type="my"/>
                </token>
                <token content="voice" id="4-19">
                    <pos type="NN"/>
                    <lemma type="voice"/>
                </token>
                <token content="mail" id="4-20">
                    <pos type="NN"/>
                    <lemma type="mail"/>
                </token>
                <token content="that" id="4-21">
                    <pos type="IN"/>
                    <lemma type="that"/>
                    <dep head="4-26" type="mark"/>
                </token>
                <token content="the" id="4-22">
                    <pos type="DT"/>
                    <lemma type="the"/>
                </token>
                <token content="water" id="4-23">
                    <pos type="NN"/>
                    <lemma type="water"/>
                    <dep head="4-26" type="nsubjpass"/>
                </token>
                <token content="had" id="4-24">
                    <pos type="VBD"/>
                    <lemma type="have"/>
                    <dep head="4-26" type="aux"/>
                </token>
                <token content="been" id="4-25">
                    <pos type="VBN"/>
                    <lemma type="be"/>
                    <dep head="4-26" type="auxpass"/>
                </token>
                <token content="shut" id="4-26">
                    <pos type="VBN"/>
                    <lemma type="shut"/>
                    <dep head="4-12" type="ccomp"/>
                </token>
                <token content="off" id="4-27">
                    <pos type="RP"/>
                    <lemma type="off"/>
                    <dep head="4-26" type="prt"/>
                </token>
                <token content="temporarily" id="4-28">
                    <pos type="RB"/>
                    <lemma type="temporarily"/>
                    <dep head="4-26" type="advmod"/>
                </token>
                <token content="for" id="4-29"/>
                <token content="emergency" id="4-30">
                    <pos type="NN"/>
                    <lemma type="emergency"/>
                </token>
                <token content="repairs" id="4-31">
                    <pos type="NNS"/>
                    <lemma type="repair"/>
                    <dep head="4-26" type="prep"/>
                </token>
                <token content="," id="4-32"/>
                <token content="it" id="4-33">
                    <pos type="PRP"/>
                    <lemma type="it"/>
                    <dep head="4-35" type="nsubj"/>
                </token>
                <token content="would" id="4-34">
                    <pos type="MD"/>
                    <lemma type="would"/>
                    <dep head="4-35" type="aux"/>
                </token>
                <token content="be" id="4-35">
                    <pos type="VB"/>
                    <lemma type="be"/>
                </token>
                <token content="on" id="4-36">
                    <pos type="IN"/>
                    <lemma type="on"/>
                    <dep head="4-35" type="prep"/>
                </token>
                <token content="again" id="4-37">
                    <pos type="RB"/>
                    <lemma type="again"/>
                </token>
                <token content="in" id="4-38"/>
                <token content="a" id="4-39">
                    <pos type="DT"/>
                    <lemma type="a"/>
                </token>
                <token content="few" id="4-40">
                    <pos type="JJ"/>
                    <lemma type="few"/>
                </token>
                <token content="hours" id="4-41">
                    <pos type="NNS"/>
                    <lemma type="hour"/>
                    <dep head="4-35" type="prep"/>
                </token>
                <token content="." id="4-42"/>
            </sentence>
            <sentence id="5">
                <token content="I" id="5-1">
                    <pos type="PRP"/>
                    <lemma type="I"/>
                    <dep head="5-3" type="nsubjpass"/>
                </token>
                <token content="was" id="5-2">
                    <pos type="VBD"/>
                    <lemma type="be"/>
                    <dep head="5-3" type="auxpass"/>
                </token>
                <token content="frustrated" id="5-3">
                    <pos type="VBN"/>
                    <lemma type="frustrate"/>
                </token>
                <token content="," id="5-4"/>
                <token content="but" id="5-5"/>
                <token content="I" id="5-6">
                    <pos type="PRP"/>
                    <lemma type="I"/>
                    <dep head="5-7" type="nsubj"/>
                </token>
                <token content="decided" id="5-7">
                    <pos type="VBD"/>
                    <lemma type="decide"/>
                    <dep head="5-3" type="conj"/>
                </token>
                <token content="that" id="5-8">
                    <pos type="IN"/>
                    <lemma type="that"/>
                </token>
                <token content="I" id="5-9">
                    <pos type="PRP"/>
                    <lemma type="I"/>
                </token>
                <token content="was" id="5-10">
                    <pos type="VBD"/>
                    <lemma type="be"/>
                </token>
                <token content="hungry" id="5-11">
                    <pos type="JJ"/>
                    <lemma type="hungry"/>
                    <dep head="5-7" type="dobj"/>
                </token>
                <token content="as" id="5-12"/>
                <token content="well" id="5-13"/>
                <token content="so" id="5-14">
                    <pos type="IN"/>
                    <lemma type="so"/>
                    <dep head="5-16" type="mark"/>
                </token>
                <token content="I" id="5-15">
                    <pos type="PRP"/>
                    <lemma type="I"/>
                    <dep head="5-16" type="nsubj"/>
                </token>
                <token content="made" id="5-16">
                    <pos type="VBD"/>
                    <lemma type="make"/>
                </token>
                <token content="myself" id="5-17">
                    <pos type="PRP"/>
                    <lemma type="myself"/>
                </token>
                <token content="a" id="5-18">
                    <pos type="DT"/>
                    <lemma type="a"/>
                </token>
                <token content="sandwich" id="5-19">
                    <pos type="NN"/>
                    <lemma type="sandwich"/>
                    <dep head="5-16" type="xcomp"/>
                </token>
                <token content="and" id="5-20"/>
                <token content="cut" id="5-21">
                    <pos type="VBD"/>
                    <lemma type="cut"/>
                    <dep head="5-16" type="conj"/>
                </token>
                <token content="up" id="5-22">
                    <pos type="RP"/>
                    <lemma type="up"/>
                    <dep head="5-21" type="prt"/>
                </token>
                <token content="some" id="5-23">
                    <pos type="DT"/>
                    <lemma type="some"/>
                </token>
                <token content="fruit" id="5-24">
                    <pos type="NN"/>
                    <lemma type="fruit"/>
                    <dep head="5-21" type="dobj"/>
                </token>
                <token content="to" id="5-25">
                    <pos type="TO"/>
                    <lemma type="to"/>
                    <dep head="5-26" type="aux"/>
                </token>
                <token content="eat" id="5-26">
                    <pos type="VB"/>
                    <lemma type="eat"/>
                    <dep head="5-7" type="vmod"/>
                </token>
                <token content="." id="5-27"/>
            </sentence>
            <sentence id="6">
                <token content="I" id="6-1">
                    <pos type="PRP"/>
                    <lemma type="I"/>
                    <dep head="6-2" type="nsubj"/>
                </token>
                <token content="took" id="6-2">
                    <pos type="VBD"/>
                    <lemma type="take"/>
                </token>
                <token content="off" id="6-3">
                    <pos type="RP"/>
                    <lemma type="off"/>
                    <dep head="6-2" type="prt"/>
                </token>
                <token content="my" id="6-4">
                    <pos type="PRP$"/>
                    <lemma type="my"/>
                </token>
                <token content="dirty" id="6-5">
                    <pos type="JJ"/>
                    <lemma type="dirty"/>
                </token>
                <token content="clothes" id="6-6">
                    <pos type="NNS"/>
                    <lemma type="clothes"/>
                    <dep head="6-2" type="dobj"/>
                </token>
                <token content="and" id="6-7"/>
                <token content="put" id="6-8">
                    <pos type="VB"/>
                    <lemma type="put"/>
                    <dep head="6-2" type="conj"/>
                </token>
                <token content="them" id="6-9">
                    <pos type="PRP"/>
                    <lemma type="they"/>
                    <dep head="6-8" type="dobj"/>
                </token>
                <token content="in" id="6-10"/>
                <token content="the" id="6-11">
                    <pos type="DT"/>
                    <lemma type="the"/>
                </token>
                <token content="hamper" id="6-12">
                    <pos type="NN"/>
                    <lemma type="hamper"/>
                    <dep head="6-8" type="prep"/>
                </token>
                <token content="and" id="6-13"/>
                <token content="put" id="6-14">
                    <pos type="VB"/>
                    <lemma type="put"/>
                    <dep head="6-8" type="conj"/>
                </token>
                <token content="on" id="6-15"/>
                <token content="a" id="6-16">
                    <pos type="DT"/>
                    <lemma type="a"/>
                </token>
                <token content="clean" id="6-17">
                    <pos type="JJ"/>
                    <lemma type="clean"/>
                </token>
                <token content="t-shirt" id="6-18">
                    <pos type="NN"/>
                    <lemma type="t-shirt"/>
                    <dep head="6-14" type="prep"/>
                </token>
                <token content="and" id="6-19"/>
                <token content="shorts" id="6-20">
                    <pos type="NNS"/>
                    <lemma type="shorts"/>
                </token>
                <token content="and" id="6-21"/>
                <token content="then" id="6-22">
                    <pos type="RB"/>
                    <lemma type="then"/>
                    <dep head="6-23" type="advmod"/>
                </token>
                <token content="put" id="6-23">
                    <pos type="VB"/>
                    <lemma type="put"/>
                    <dep head="6-8" type="conj"/>
                </token>
                <token content="down" id="6-24">
                    <pos type="RP"/>
                    <lemma type="down"/>
                    <dep head="6-23" type="prt"/>
                </token>
                <token content="an" id="6-25">
                    <pos type="DT"/>
                    <lemma type="a"/>
                </token>
                <token content="old" id="6-26">
                    <pos type="JJ"/>
                    <lemma type="old"/>
                </token>
                <token content="blanket" id="6-27">
                    <pos type="NN"/>
                    <lemma type="blanket"/>
                    <dep head="6-23" type="dobj"/>
                </token>
                <token content="on" id="6-28"/>
                <token content="my" id="6-29">
                    <pos type="PRP$"/>
                    <lemma type="my"/>
                </token>
                <token content="couch" id="6-30">
                    <pos type="NN"/>
                    <lemma type="couch"/>
                </token>
                <token content="before" id="6-31">
                    <pos type="IN"/>
                    <lemma type="before"/>
                    <dep head="6-33" type="mark"/>
                </token>
                <token content="I" id="6-32">
                    <pos type="PRP"/>
                    <lemma type="I"/>
                    <dep head="6-33" type="nsubj"/>
                </token>
                <token content="sat" id="6-33">
                    <pos type="VBD"/>
                    <lemma type="sit"/>
                    <dep head="6-23" type="advcl"/>
                </token>
                <token content="on" id="6-34"/>
                <token content="it" id="6-35">
                    <pos type="PRP"/>
                    <lemma type="it"/>
                    <dep head="6-33" type="prep"/>
                </token>
                <token content="so" id="6-36">
                    <pos type="IN"/>
                    <lemma type="so"/>
                    <dep head="6-40" type="mark"/>
                </token>
                <token content="I" id="6-37">
                    <pos type="PRP"/>
                    <lemma type="I"/>
                    <dep head="6-40" type="nsubj"/>
                </token>
                <token content="would" id="6-38">
                    <pos type="MD"/>
                    <lemma type="would"/>
                    <dep head="6-40" type="aux"/>
                </token>
                <token content="not" id="6-39">
                    <pos type="RB"/>
                    <lemma type="not"/>
                    <dep head="6-40" type="neg"/>
                </token>
                <token content="get" id="6-40">
                    <pos type="VB"/>
                    <lemma type="get"/>
                    <dep head="6-33" type="advcl"/>
                </token>
                <token content="it" id="6-41">
                    <pos type="PRP"/>
                    <lemma type="it"/>
                </token>
                <token content="dirty" id="6-42">
                    <pos type="JJ"/>
                    <lemma type="dirty"/>
                    <dep head="6-40" type="xcomp"/>
                </token>
                <token content="." id="6-43"/>
            </sentence>
            <sentence id="7">
                <token content="I" id="7-1">
                    <pos type="PRP"/>
                    <lemma type="I"/>
                    <dep head="7-2" type="nsubj"/>
                </token>
                <token content="watched" id="7-2">
                    <pos type="VBD"/>
                    <lemma type="watch"/>
                </token>
                <token content="part" id="7-3">
                    <pos type="NN"/>
                    <lemma type="part"/>
                    <dep head="7-2" type="dobj"/>
                </token>
                <token content="of" id="7-4"/>
                <token content="a" id="7-5">
                    <pos type="DT"/>
                    <lemma type="a"/>
                </token>
                <token content="baseball" id="7-6">
                    <pos type="NN"/>
                    <lemma type="baseball"/>
                </token>
                <token content="game" id="7-7">
                    <pos type="NN"/>
                    <lemma type="game"/>
                </token>
                <token content="until" id="7-8">
                    <pos type="IN"/>
                    <lemma type="until"/>
                    <dep head="7-12" type="mark"/>
                </token>
                <token content="I" id="7-9">
                    <pos type="PRP"/>
                    <lemma type="I"/>
                    <dep head="7-12" type="nsubj"/>
                </token>
                <token content="could" id="7-10">
                    <pos type="MD"/>
                    <lemma type="could"/>
                    <dep head="7-12" type="aux"/>
                </token>
                <token content="not" id="7-11">
                    <pos type="RB"/>
                    <lemma type="not"/>
                    <dep head="7-12" type="neg"/>
                </token>
                <token content="stand" id="7-12">
                    <pos type="VB"/>
                    <lemma type="stand"/>
                    <dep head="7-2" type="advcl"/>
                </token>
                <token content="my" id="7-13">
                    <pos type="PRP$"/>
                    <lemma type="my"/>
                </token>
                <token content="own" id="7-14">
                    <pos type="JJ"/>
                    <lemma type="own"/>
                </token>
                <token content="stench" id="7-15">
                    <pos type="NN"/>
                    <lemma type="stench"/>
                    <dep head="7-12" type="dobj"/>
                </token>
                <token content="any" id="7-16">
                    <pos type="DT"/>
                    <lemma type="any"/>
                </token>
                <token content="more" id="7-17">
                    <pos type="RBR"/>
                    <lemma type="more"/>
                    <dep head="7-12" type="advmod"/>
                </token>
                <token content="." id="7-18"/>
            </sentence>
            <sentence id="8">
                <token content="I" id="8-1">
                    <pos type="PRP"/>
                    <lemma type="I"/>
                    <dep head="8-2" type="nsubj"/>
                </token>
                <token content="went" id="8-2">
                    <pos type="VBD"/>
                    <lemma type="go"/>
                </token>
                <token content="to" id="8-3">
                    <pos type="TO"/>
                    <lemma type="to"/>
                    <dep head="8-4" type="aux"/>
                </token>
                <token content="try" id="8-4">
                    <pos type="VB"/>
                    <lemma type="try"/>
                    <dep head="8-2" type="xcomp"/>
                </token>
                <token content="the" id="8-5">
                    <pos type="DT"/>
                    <lemma type="the"/>
                </token>
                <token content="water" id="8-6">
                    <pos type="NN"/>
                    <lemma type="water"/>
                    <dep head="8-4" type="dobj"/>
                </token>
                <token content="in" id="8-7"/>
                <token content="my" id="8-8">
                    <pos type="PRP$"/>
                    <lemma type="my"/>
                </token>
                <token content="bath" id="8-9">
                    <pos type="NN"/>
                    <lemma type="bath"/>
                </token>
                <token content="tub" id="8-10">
                    <pos type="NN"/>
                    <lemma type="tub"/>
                </token>
                <token content="and" id="8-11"/>
                <token content="was" id="8-12">
                    <pos type="VBD"/>
                    <lemma type="be"/>
                </token>
                <token content="extremely" id="8-13">
                    <pos type="RB"/>
                    <lemma type="extremely"/>
                </token>
                <token content="glad" id="8-14">
                    <pos type="JJ"/>
                    <lemma type="glad"/>
                    <dep head="8-2" type="conj"/>
                </token>
                <token content="when" id="8-15">
                    <pos type="WRB"/>
                    <lemma type="when"/>
                    <dep head="8-17" type="advmod"/>
                </token>
                <token content="it" id="8-16">
                    <pos type="PRP"/>
                    <lemma type="it"/>
                    <dep head="8-17" type="nsubj"/>
                </token>
                <token content="worked" id="8-17">
                    <pos type="VBD"/>
                    <lemma type="work"/>
                </token>
                <token content="." id="8-18"/>
            </sentence>
            <sentence id="9">
                <token content="I" id="9-1">
                    <pos type="PRP"/>
                    <lemma type="I"/>
                    <dep head="9-2" type="nsubj"/>
                </token>
                <token content="ran" id="9-2">
                    <pos type="VBD"/>
                    <lemma type="run"/>
                </token>
                <token content="myself" id="9-3">
                    <pos type="PRP"/>
                    <lemma type="myself"/>
                    <dep head="9-2" type="iobj"/>
                </token>
                <token content="a" id="9-4">
                    <pos type="DT"/>
                    <lemma type="a"/>
                </token>
                <token content="hot" id="9-5">
                    <pos type="JJ"/>
                    <lemma type="hot"/>
                </token>
                <token content="bath" id="9-6">
                    <pos type="NN"/>
                    <lemma type="bath"/>
                    <dep head="9-2" type="dobj"/>
                </token>
                <token content="and" id="9-7"/>
                <token content="put" id="9-8">
                    <pos type="VBD"/>
                    <lemma type="put"/>
                    <dep head="9-2" type="conj"/>
                </token>
                <token content="some" id="9-9">
                    <pos type="DT"/>
                    <lemma type="some"/>
                </token>
                <token content="bubble" id="9-10">
                    <pos type="NN"/>
                    <lemma type="bubble"/>
                </token>
                <token content="bath" id="9-11">
                    <pos type="NN"/>
                    <lemma type="bath"/>
                </token>
                <token content="soap" id="9-12">
                    <pos type="NN"/>
                    <lemma type="soap"/>
                    <dep head="9-8" type="dobj"/>
                </token>
                <token content="in" id="9-13"/>
                <token content="it" id="9-14">
                    <pos type="PRP"/>
                    <lemma type="it"/>
                    <dep head="9-8" type="prep"/>
                </token>
                <token content="." id="9-15"/>
            </sentence>
            <sentence id="10">
                <token content="I" id="10-1">
                    <pos type="PRP"/>
                    <lemma type="I"/>
                    <dep head="10-2" type="nsubj"/>
                </token>
                <token content="got" id="10-2">
                    <pos type="VBD"/>
                    <lemma type="get"/>
                </token>
                <token content="in" id="10-3">
                    <pos type="RP"/>
                    <lemma type="in"/>
                    <dep head="10-2" type="prt"/>
                </token>
                <token content="and" id="10-4"/>
                <token content="found" id="10-5">
                    <pos type="VBD"/>
                    <lemma type="find"/>
                    <dep head="10-2" type="conj"/>
                </token>
                <token content="it" id="10-6">
                    <pos type="PRP"/>
                    <lemma type="it"/>
                </token>
                <token content="very" id="10-7">
                    <pos type="RB"/>
                    <lemma type="very"/>
                </token>
                <token content="relaxing" id="10-8">
                    <pos type="JJ"/>
                    <lemma type="relaxing"/>
                    <dep head="10-5" type="xcomp"/>
                </token>
                <token content="." id="10-9"/>
            </sentence>
            <sentence id="11">
                <token content="I" id="11-1">
                    <pos type="PRP"/>
                    <lemma type="I"/>
                </token>
                <token content="was" id="11-2">
                    <pos type="VBD"/>
                    <lemma type="be"/>
                </token>
                <token content="so" id="11-3">
                    <pos type="RB"/>
                    <lemma type="so"/>
                </token>
                <token content="glad" id="11-4">
                    <pos type="JJ"/>
                    <lemma type="glad"/>
                </token>
                <token content="to" id="11-5">
                    <pos type="TO"/>
                    <lemma type="to"/>
                    <dep head="11-7" type="aux"/>
                </token>
                <token content="finally" id="11-6">
                    <pos type="RB"/>
                    <lemma type="finally"/>
                    <dep head="11-7" type="advmod"/>
                </token>
                <token content="take" id="11-7">
                    <pos type="VB"/>
                    <lemma type="take"/>
                </token>
                <token content="a" id="11-8">
                    <pos type="DT"/>
                    <lemma type="a"/>
                </token>
                <token content="bath" id="11-9">
                    <pos type="NN"/>
                    <lemma type="bath"/>
                    <dep head="11-7" type="dobj"/>
                </token>
                <token content="," id="11-10"/>
                <token content="get" id="11-11">
                    <pos type="VB"/>
                    <lemma type="get"/>
                    <dep head="11-12" type="auxpass"/>
                </token>
                <token content="cleaned" id="11-12">
                    <pos type="VBN"/>
                    <lemma type="clean"/>
                    <dep head="11-7" type="conj"/>
                </token>
                <token content="up" id="11-13">
                    <pos type="RP"/>
                    <lemma type="up"/>
                    <dep head="11-12" type="prt"/>
                </token>
                <token content="," id="11-14"/>
                <token content="and" id="11-15"/>
                <token content="relax" id="11-16">
                    <pos type="VB"/>
                    <lemma type="relax"/>
                    <dep head="11-7" type="conj"/>
                </token>
                <token content="after" id="11-17"/>
                <token content="a" id="11-18">
                    <pos type="DT"/>
                    <lemma type="a"/>
                </token>
                <token content="long" id="11-19">
                    <pos type="JJ"/>
                    <lemma type="long"/>
                </token>
                <token content="," id="11-20"/>
                <token content="hard" id="11-21">
                    <pos type="JJ"/>
                    <lemma type="hard"/>
                </token>
                <token content="," id="11-22"/>
                <token content="productive" id="11-23">
                    <pos type="JJ"/>
                    <lemma type="productive"/>
                </token>
                <token content="day" id="11-24">
                    <pos type="NN"/>
                    <lemma type="day"/>
                    <dep head="11-16" type="prep"/>
                </token>
                <token content="." id="11-25"/>
            </sentence>
        </sentences>
    </text>
    <annotations>
        <participants>
            <label from="1-4" id="0" name="ScrPart_bath" text="Bath" type="participant"/>
            <label from="1-5" id="1" name="ScrPart_bather" text="I" type="participant"/>
            <label from="1-11" id="2" name="ScrPart_bather" text="my" type="participant"/>
            <label from="1-12" id="3" name="NPart" text="garden" type="participant"/>
            <label from="1-14" id="4" name="No_label" text="day" type="participant"/>
            <label from="2-1" id="5" name="NPart" text="It" type="participant"/>
            <label from="2-12" id="6" name="NPart" text="dirt" type="participant"/>
            <label from="2-14" id="7" name="ScrPart_bather" text="I" type="participant"/>
            <label from="2-19" id="8" name="No_label" text="lot" type="participant"/>
            <label from="3-1" id="9" name="ScrPart_bather" text="I" type="participant"/>
            <label from="3-5" id="10" name="No_label" text="everything" type="participant"/>
            <label from="3-9" id="11" name="NPart" text="day" type="participant"/>
            <label from="3-11" id="12" name="ScrPart_bather" text="I" type="participant"/>
            <label from="3-20" id="13" name="No_label" text="time" type="participant"/>
            <label from="4-4" id="14" name="ScrPart_bather" text="I" type="participant"/>
            <label from="4-11" id="15" name="ScrPart_bather" text="I" type="participant"/>
            <label from="4-16" id="16" name="NPart" text="message" type="participant"/>
            <label from="4-18" id="17" name="ScrPart_bather" text="my" type="participant"/>
            <label from="4-19" id="18" name="NPart" text="voice mail" to="4-20" type="participant"/>
            <label from="4-23" id="19" name="ScrPart_water" text="water" type="participant"/>
            <label from="4-30" id="20" name="NPart" text="emergency repairs" to="4-31" type="participant"/>
            <label from="4-33" id="21" name="ScrPart_water" text="it" type="participant"/>
            <label from="4-41" id="22" name="NPart" text="hours" type="participant"/>
            <label from="5-1" id="23" name="ScrPart_bather" text="I" type="participant"/>
            <label from="5-6" id="24" name="ScrPart_bather" text="I" type="participant"/>
            <label from="5-9" id="25" name="ScrPart_bather" text="I" type="participant"/>
            <label from="5-15" id="26" name="ScrPart_bather" text="I" type="participant"/>
            <label from="5-17" id="27" name="ScrPart_bather" text="myself" type="participant"/>
            <label from="5-19" id="28" name="NPart" text="sandwich" type="participant"/>
            <label from="5-24" id="29" name="NPart" text="fruit" type="participant"/>
            <label from="6-1" id="30" name="ScrPart_bather" text="I" type="participant"/>
            <label from="6-4" id="31" name="ScrPart_bather" text="my" type="participant"/>
            <label from="6-6" id="32" name="ScrPart_clothes" text="clothes" type="participant"/>
            <label from="6-9" id="33" name="ScrPart_clothes" text="them" type="participant"/>
            <label from="6-12" id="34" name="ScrPart_hamper" text="hamper" type="participant"/>
            <label from="6-18" id="35" name="ScrPart_clothes" text="t-shirt" type="participant"/>
            <label from="6-20" id="36" name="ScrPart_clothes" text="shorts" type="participant"/>
            <label from="6-27" id="37" name="NPart" text="blanket" type="participant"/>
            <label from="6-29" id="38" name="ScrPart_bather" text="my" type="participant"/>
            <label from="6-30" id="39" name="NPart" text="couch" type="participant"/>
            <label from="6-32" id="40" name="ScrPart_bather" text="I" type="participant"/>
            <label from="6-35" id="41" name="NPart" text="it" type="participant"/>
            <label from="6-37" id="42" name="ScrPart_bather" text="I" type="participant"/>
            <label from="6-41" id="43" name="NPart" text="it" type="participant"/>
            <label from="7-1" id="44" name="ScrPart_bather" text="I" type="participant"/>
            <label from="7-3" id="45" name="Head_of_Partitive" text="part" type="participant"/>
            <label from="7-6" id="46" name="NPart" text="baseball game" to="7-7" type="participant"/>
            <label from="7-9" id="47" name="ScrPart_bather" text="I" type="participant"/>
            <label from="7-13" id="48" name="ScrPart_bather" text="my" type="participant"/>
            <label from="7-15" id="49" name="NPart" text="stench" type="participant"/>
            <label from="8-1" id="50" name="ScrPart_bather" text="I" type="participant"/>
            <label from="8-6" id="51" name="ScrPart_water" text="water" type="participant"/>
            <label from="8-8" id="52" name="ScrPart_bather" text="my" type="participant"/>
            <label from="8-9" id="53" name="ScrPart_bathtub" text="bath tub" to="8-10" type="participant"/>
            <label from="8-10" id="54" name="ScrPart_bathtub" text="tub" type="participant"/>
            <label from="8-16" id="55" name="No_label" text="it" type="participant"/>
            <label from="9-1" id="56" name="ScrPart_bather" text="I" type="participant"/>
            <label from="9-3" id="57" name="ScrPart_bather" text="myself" type="participant"/>
            <label from="9-6" id="58" name="ScrPart_bath" text="bath" type="participant"/>
            <label from="9-10" id="59" name="ScrPart_bath_means" text="bubble bath soap" to="9-12" type="participant"/>
            <label from="9-12" id="60" name="ScrPart_bath_means" text="soap" type="participant"/>
            <label from="9-14" id="61" name="ScrPart_bathtub" text="it" type="participant"/>
            <label from="10-1" id="62" name="ScrPart_bather" text="I" type="participant"/>
            <label from="10-6" id="63" name="No_label" text="it" type="participant"/>
            <label from="11-1" id="64" name="ScrPart_bather" text="I" type="participant"/>
            <label from="11-9" id="65" name="ScrPart_bath" text="bath" type="participant"/>
            <label from="11-24" id="66" name="NPart" text="day" type="participant"/>
        </participants>
        <events>
            <label from="1-3" id="67" name="UnrelEv" text="Awaited" type="event"/>
            <label from="1-7" id="68" name="UnrelEv" text="been" type="event"/>
            <label from="1-9" id="69" name="UnrelEv" text="working" type="event"/>
            <label from="2-2" id="70" name="UnrelEv" text="was" type="event"/>
            <label from="2-10" id="71" name="UnrelEv" text="caked" type="event"/>
            <label from="2-17" id="72" name="UnrelEv" text="sweated" type="event"/>
            <label from="2-23" id="73" name="UnrelEv" text="smell" type="event"/>
            <label from="3-2" id="74" name="UnrelEv" text="wanted" type="event"/>
            <label from="3-6" id="75" name="UnrelEv" text="done" type="event"/>
            <label from="3-13" id="76" name="UnrelEv" text="worked" type="event"/>
            <label from="4-5" id="77" name="UnrelEv" text="went" type="event"/>
            <label from="4-8" id="78" name="Evoking" text="clean up" to="4-9" type="event"/>
            <label from="4-12" id="79" name="UnrelEv" text="realized" type="event"/>
            <label from="4-15" id="80" name="UnrelEv" text="automated" type="event"/>
            <label from="4-26" id="81" name="UnrelEv" text="shut off" to="4-27" type="event"/>
            <label from="4-26" id="82" name="UnrelEv" text="shut" type="event"/>
            <label from="4-35" id="83" name="UnrelEv" text="be on" to="4-36" type="event"/>
            <label from="4-35" id="84" name="UnrelEv" text="be" type="event"/>
            <label from="5-3" id="85" name="UnrelEv" text="frustrated" type="event"/>
            <label from="5-7" id="86" name="UnrelEv" text="decided" type="event"/>
            <label from="5-10" id="87" name="UnrelEv" text="was" type="event"/>
            <label from="5-16" id="88" name="UnrelEv" text="made" type="event"/>
            <label from="5-21" id="89" name="UnrelEv" text="cut up" to="5-22" type="event"/>
            <label from="5-21" id="90" name="UnrelEv" text="cut" type="event"/>
            <label from="5-26" id="91" name="UnrelEv" text="eat" type="event"/>
            <label from="6-2" id="92" name="ScrEv_undress" text="took off" to="6-3" type="event"/>
            <label from="6-2" id="93" name="ScrEv_undress" text="took" type="event"/>
            <label from="6-8" id="94" name="ScrEv_other" text="put" type="event"/>
            <label from="6-23" id="95" name="UnrelEv" text="put down" to="6-24" type="event"/>
            <label from="6-23" id="96" name="UnrelEv" text="put" type="event"/>
            <label from="6-33" id="97" name="UnrelEv" text="sat" type="event"/>
            <label from="6-40" id="98" name="UnrelEv" text="get" type="event"/>
            <label from="7-2" id="99" name="UnrelEv" text="watched" type="event"/>
            <label from="7-12" id="100" name="UnrelEv" text="stand" type="event"/>
            <label from="8-2" id="101" name="UnrelEv" text="went" type="event"/>
            <label from="8-4" id="102" name="UnrelEv" text="try" type="event"/>
            <label from="8-12" id="103" name="UnrelEv" text="was" type="event"/>
            <label from="8-17" id="104" name="UnrelEv" text="worked" type="event"/>
            <label from="9-2" id="105" name="ScrEv_turn_water_on" text="ran" type="event"/>
            <label from="9-8" id="106" name="ScrEv_put_bubble_bath_scent" text="put" type="event"/>
            <label from="10-2" id="107" name="ScrEv_sink_water" text="got in" to="10-3" type="event"/>
            <label from="10-2" id="108" name="ScrEv_sink_water" text="got" type="event"/>
            <label from="10-5" id="109" name="UnrelEv" text="found" type="event"/>
            <label from="10-8" id="110" name="ScrEv_relax" text="relaxing" type="event"/>
            <label from="11-2" id="111" name="UnrelEv" text="was" type="event"/>
            <label from="11-7" id="112" name="Evoking" text="take a bath" to="11-9" type="event"/>
            <label from="11-12" id="113" name="RelNScrEv" text="cleaned up" to="11-13" type="event"/>
            <label from="11-12" id="114" name="RelNScrEv" text="cleaned" type="event"/>
            <label from="11-16" id="115" name="ScrEv_relax" text="relax" type="event"/>
        </events>
        <chains>
            <chain elements="1 2 7 9 12 14 15 17 23 24 25 26 27 30 31 38 40 42 44 47 48 50 52 56 57 62 64"/>
            <chain elements="19 21 51"/>
            <chain elements="32 33"/>
            <chain elements="0 58 63 65"/>
            <chain elements="54 61"/>
        </chains>
    </annotations>
</story>
