<?xml version="1.0" encoding="UTF-8" standalone="no"?>
<!DOCTYPE story SYSTEM "../InScript.dtd">
<story id="099" scenario="bath">
    <text>
        <content>Last night , I decided to take a bath . 
I usually take a shower instead , but my muscles felt sore and I thought I could use a bath with some epsom salt . 
The epsom salt bath is really good at soothing sore muscles , plus it is very relaxing . 
I ran a very hot bath and poured some epsom salt in so it could dissolve . 
While the bath was running , I grabbed a towel and a book I was reading . 
I set it all up next to the tub and undressed . 
I slid into the hot water and felt the salt granules prickling my skin , as my muscles finally relaxed . 
After some time , the water cooled , so I added some more hot water . 
I stayed in the bathtub for about 45 minutes , until my muscles felt better . 
When I was finally done , I drained the cooled water , toweled off , and got dressed . </content>
        <sentences>
            <sentence id="1">
                <token content="Last" id="1-1">
                    <pos type="JJ"/>
                    <lemma type="last"/>
                </token>
                <token content="night" id="1-2">
                    <pos type="NN"/>
                    <lemma type="night"/>
                    <dep head="1-5" type="tmod"/>
                </token>
                <token content="," id="1-3"/>
                <token content="I" id="1-4">
                    <pos type="PRP"/>
                    <lemma type="I"/>
                    <dep head="1-5" type="nsubj"/>
                </token>
                <token content="decided" id="1-5">
                    <pos type="VBD"/>
                    <lemma type="decide"/>
                </token>
                <token content="to" id="1-6">
                    <pos type="TO"/>
                    <lemma type="to"/>
                    <dep head="1-7" type="aux"/>
                </token>
                <token content="take" id="1-7">
                    <pos type="VB"/>
                    <lemma type="take"/>
                    <dep head="1-5" type="xcomp"/>
                </token>
                <token content="a" id="1-8">
                    <pos type="DT"/>
                    <lemma type="a"/>
                </token>
                <token content="bath" id="1-9">
                    <pos type="NN"/>
                    <lemma type="bath"/>
                    <dep head="1-7" type="dobj"/>
                </token>
                <token content="." id="1-10"/>
            </sentence>
            <sentence id="2">
                <token content="I" id="2-1">
                    <pos type="PRP"/>
                    <lemma type="I"/>
                    <dep head="2-3" type="nsubj"/>
                </token>
                <token content="usually" id="2-2">
                    <pos type="RB"/>
                    <lemma type="usually"/>
                    <dep head="2-3" type="advmod"/>
                </token>
                <token content="take" id="2-3">
                    <pos type="VB"/>
                    <lemma type="take"/>
                </token>
                <token content="a" id="2-4">
                    <pos type="DT"/>
                    <lemma type="a"/>
                </token>
                <token content="shower" id="2-5">
                    <pos type="NN"/>
                    <lemma type="shower"/>
                    <dep head="2-3" type="dobj"/>
                </token>
                <token content="instead" id="2-6">
                    <pos type="RB"/>
                    <lemma type="instead"/>
                    <dep head="2-3" type="advmod"/>
                </token>
                <token content="," id="2-7"/>
                <token content="but" id="2-8"/>
                <token content="my" id="2-9">
                    <pos type="PRP$"/>
                    <lemma type="my"/>
                </token>
                <token content="muscles" id="2-10">
                    <pos type="NNS"/>
                    <lemma type="muscle"/>
                    <dep head="2-11" type="nsubj"/>
                </token>
                <token content="felt" id="2-11">
                    <pos type="VBD"/>
                    <lemma type="feel"/>
                    <dep head="2-3" type="conj"/>
                </token>
                <token content="sore" id="2-12">
                    <pos type="JJ"/>
                    <lemma type="sore"/>
                    <dep head="2-11" type="dobj"/>
                </token>
                <token content="and" id="2-13"/>
                <token content="I" id="2-14">
                    <pos type="PRP"/>
                    <lemma type="I"/>
                    <dep head="2-15" type="nsubj"/>
                </token>
                <token content="thought" id="2-15">
                    <pos type="VBD"/>
                    <lemma type="think"/>
                    <dep head="2-11" type="conj"/>
                </token>
                <token content="I" id="2-16">
                    <pos type="PRP"/>
                    <lemma type="I"/>
                    <dep head="2-18" type="nsubj"/>
                </token>
                <token content="could" id="2-17">
                    <pos type="MD"/>
                    <lemma type="could"/>
                    <dep head="2-18" type="aux"/>
                </token>
                <token content="use" id="2-18">
                    <pos type="VB"/>
                    <lemma type="use"/>
                    <dep head="2-15" type="ccomp"/>
                </token>
                <token content="a" id="2-19">
                    <pos type="DT"/>
                    <lemma type="a"/>
                </token>
                <token content="bath" id="2-20">
                    <pos type="NN"/>
                    <lemma type="bath"/>
                    <dep head="2-18" type="dobj"/>
                </token>
                <token content="with" id="2-21"/>
                <token content="some" id="2-22">
                    <pos type="DT"/>
                    <lemma type="some"/>
                </token>
                <token content="epsom" id="2-23">
                    <pos type="NN"/>
                    <lemma type="epsom"/>
                </token>
                <token content="salt" id="2-24">
                    <pos type="NN"/>
                    <lemma type="salt"/>
                    <dep head="2-18" type="prep"/>
                </token>
                <token content="." id="2-25"/>
            </sentence>
            <sentence id="3">
                <token content="The" id="3-1">
                    <pos type="DT"/>
                    <lemma type="the"/>
                </token>
                <token content="epsom" id="3-2">
                    <pos type="NN"/>
                    <lemma type="epsom"/>
                </token>
                <token content="salt" id="3-3">
                    <pos type="NN"/>
                    <lemma type="salt"/>
                </token>
                <token content="bath" id="3-4">
                    <pos type="NN"/>
                    <lemma type="bath"/>
                </token>
                <token content="is" id="3-5">
                    <pos type="VBZ"/>
                    <lemma type="be"/>
                </token>
                <token content="really" id="3-6">
                    <pos type="RB"/>
                    <lemma type="really"/>
                </token>
                <token content="good" id="3-7">
                    <pos type="JJ"/>
                    <lemma type="good"/>
                </token>
                <token content="at" id="3-8"/>
                <token content="soothing" id="3-9">
                    <pos type="VBG"/>
                    <lemma type="soothe"/>
                </token>
                <token content="sore" id="3-10">
                    <pos type="JJ"/>
                    <lemma type="sore"/>
                </token>
                <token content="muscles" id="3-11">
                    <pos type="NNS"/>
                    <lemma type="muscle"/>
                </token>
                <token content="," id="3-12"/>
                <token content="plus" id="3-13">
                    <pos type="CC"/>
                    <lemma type="plus"/>
                </token>
                <token content="it" id="3-14">
                    <pos type="PRP"/>
                    <lemma type="it"/>
                </token>
                <token content="is" id="3-15">
                    <pos type="VBZ"/>
                    <lemma type="be"/>
                </token>
                <token content="very" id="3-16">
                    <pos type="RB"/>
                    <lemma type="very"/>
                </token>
                <token content="relaxing" id="3-17">
                    <pos type="JJ"/>
                    <lemma type="relaxing"/>
                </token>
                <token content="." id="3-18"/>
            </sentence>
            <sentence id="4">
                <token content="I" id="4-1">
                    <pos type="PRP"/>
                    <lemma type="I"/>
                    <dep head="4-2" type="nsubj"/>
                </token>
                <token content="ran" id="4-2">
                    <pos type="VBD"/>
                    <lemma type="run"/>
                </token>
                <token content="a" id="4-3">
                    <pos type="DT"/>
                    <lemma type="a"/>
                </token>
                <token content="very" id="4-4">
                    <pos type="RB"/>
                    <lemma type="very"/>
                </token>
                <token content="hot" id="4-5">
                    <pos type="JJ"/>
                    <lemma type="hot"/>
                </token>
                <token content="bath" id="4-6">
                    <pos type="NN"/>
                    <lemma type="bath"/>
                    <dep head="4-2" type="dobj"/>
                </token>
                <token content="and" id="4-7"/>
                <token content="poured" id="4-8">
                    <pos type="VBD"/>
                    <lemma type="pour"/>
                    <dep head="4-2" type="conj"/>
                </token>
                <token content="some" id="4-9">
                    <pos type="DT"/>
                    <lemma type="some"/>
                </token>
                <token content="epsom" id="4-10">
                    <pos type="NN"/>
                    <lemma type="epsom"/>
                </token>
                <token content="salt" id="4-11">
                    <pos type="NN"/>
                    <lemma type="salt"/>
                    <dep head="4-8" type="dobj"/>
                </token>
                <token content="in" id="4-12"/>
                <token content="so" id="4-13">
                    <pos type="IN"/>
                    <lemma type="so"/>
                    <dep head="4-16" type="mark"/>
                </token>
                <token content="it" id="4-14">
                    <pos type="PRP"/>
                    <lemma type="it"/>
                    <dep head="4-16" type="nsubj"/>
                </token>
                <token content="could" id="4-15">
                    <pos type="MD"/>
                    <lemma type="could"/>
                    <dep head="4-16" type="aux"/>
                </token>
                <token content="dissolve" id="4-16">
                    <pos type="VB"/>
                    <lemma type="dissolve"/>
                    <dep head="4-8" type="prepc"/>
                </token>
                <token content="." id="4-17"/>
            </sentence>
            <sentence id="5">
                <token content="While" id="5-1">
                    <pos type="IN"/>
                    <lemma type="while"/>
                    <dep head="5-5" type="mark"/>
                </token>
                <token content="the" id="5-2">
                    <pos type="DT"/>
                    <lemma type="the"/>
                </token>
                <token content="bath" id="5-3">
                    <pos type="NN"/>
                    <lemma type="bath"/>
                    <dep head="5-5" type="nsubj"/>
                </token>
                <token content="was" id="5-4">
                    <pos type="VBD"/>
                    <lemma type="be"/>
                    <dep head="5-5" type="aux"/>
                </token>
                <token content="running" id="5-5">
                    <pos type="VBG"/>
                    <lemma type="run"/>
                    <dep head="5-8" type="advcl"/>
                </token>
                <token content="," id="5-6"/>
                <token content="I" id="5-7">
                    <pos type="PRP"/>
                    <lemma type="I"/>
                    <dep head="5-8" type="nsubj"/>
                </token>
                <token content="grabbed" id="5-8">
                    <pos type="VBD"/>
                    <lemma type="grab"/>
                </token>
                <token content="a" id="5-9">
                    <pos type="DT"/>
                    <lemma type="a"/>
                </token>
                <token content="towel" id="5-10">
                    <pos type="NN"/>
                    <lemma type="towel"/>
                    <dep head="5-8" type="dobj"/>
                </token>
                <token content="and" id="5-11"/>
                <token content="a" id="5-12">
                    <pos type="DT"/>
                    <lemma type="a"/>
                </token>
                <token content="book" id="5-13">
                    <pos type="NN"/>
                    <lemma type="book"/>
                </token>
                <token content="I" id="5-14">
                    <pos type="PRP"/>
                    <lemma type="I"/>
                    <dep head="5-16" type="nsubj"/>
                </token>
                <token content="was" id="5-15">
                    <pos type="VBD"/>
                    <lemma type="be"/>
                    <dep head="5-16" type="aux"/>
                </token>
                <token content="reading" id="5-16">
                    <pos type="VBG"/>
                    <lemma type="read"/>
                </token>
                <token content="." id="5-17"/>
            </sentence>
            <sentence id="6">
                <token content="I" id="6-1">
                    <pos type="PRP"/>
                    <lemma type="I"/>
                    <dep head="6-2" type="nsubj"/>
                </token>
                <token content="set" id="6-2">
                    <pos type="VBD"/>
                    <lemma type="set"/>
                </token>
                <token content="it" id="6-3">
                    <pos type="PRP"/>
                    <lemma type="it"/>
                </token>
                <token content="all" id="6-4">
                    <pos type="DT"/>
                    <lemma type="all"/>
                </token>
                <token content="up" id="6-5">
                    <pos type="IN"/>
                    <lemma type="up"/>
                    <dep head="6-2" type="xcomp"/>
                </token>
                <token content="next" id="6-6"/>
                <token content="to" id="6-7"/>
                <token content="the" id="6-8">
                    <pos type="DT"/>
                    <lemma type="the"/>
                </token>
                <token content="tub" id="6-9">
                    <pos type="NN"/>
                    <lemma type="tub"/>
                </token>
                <token content="and" id="6-10"/>
                <token content="undressed" id="6-11">
                    <pos type="VBD"/>
                    <lemma type="undress"/>
                    <dep head="6-2" type="conj"/>
                </token>
                <token content="." id="6-12"/>
            </sentence>
            <sentence id="7">
                <token content="I" id="7-1">
                    <pos type="PRP"/>
                    <lemma type="I"/>
                    <dep head="7-2" type="nsubj"/>
                </token>
                <token content="slid" id="7-2">
                    <pos type="VBD"/>
                    <lemma type="slide"/>
                </token>
                <token content="into" id="7-3"/>
                <token content="the" id="7-4">
                    <pos type="DT"/>
                    <lemma type="the"/>
                </token>
                <token content="hot" id="7-5">
                    <pos type="JJ"/>
                    <lemma type="hot"/>
                </token>
                <token content="water" id="7-6">
                    <pos type="NN"/>
                    <lemma type="water"/>
                    <dep head="7-2" type="prep"/>
                </token>
                <token content="and" id="7-7"/>
                <token content="felt" id="7-8">
                    <pos type="VBD"/>
                    <lemma type="feel"/>
                    <dep head="7-2" type="conj"/>
                </token>
                <token content="the" id="7-9">
                    <pos type="DT"/>
                    <lemma type="the"/>
                </token>
                <token content="salt" id="7-10">
                    <pos type="NN"/>
                    <lemma type="salt"/>
                    <dep head="7-11" type="nsubj"/>
                </token>
                <token content="granules" id="7-11">
                    <pos type="VBZ"/>
                    <lemma type="granule"/>
                    <dep head="7-8" type="ccomp"/>
                </token>
                <token content="prickling" id="7-12">
                    <pos type="VBG"/>
                    <lemma type="prickle"/>
                    <dep head="7-11" type="xcomp"/>
                </token>
                <token content="my" id="7-13">
                    <pos type="PRP$"/>
                    <lemma type="my"/>
                </token>
                <token content="skin" id="7-14">
                    <pos type="NN"/>
                    <lemma type="skin"/>
                    <dep head="7-12" type="dobj"/>
                </token>
                <token content="," id="7-15"/>
                <token content="as" id="7-16">
                    <pos type="IN"/>
                    <lemma type="as"/>
                    <dep head="7-20" type="mark"/>
                </token>
                <token content="my" id="7-17">
                    <pos type="PRP$"/>
                    <lemma type="my"/>
                </token>
                <token content="muscles" id="7-18">
                    <pos type="NNS"/>
                    <lemma type="muscle"/>
                    <dep head="7-20" type="nsubj"/>
                </token>
                <token content="finally" id="7-19">
                    <pos type="RB"/>
                    <lemma type="finally"/>
                    <dep head="7-20" type="advmod"/>
                </token>
                <token content="relaxed" id="7-20">
                    <pos type="VBD"/>
                    <lemma type="relax"/>
                    <dep head="7-11" type="advcl"/>
                </token>
                <token content="." id="7-21"/>
            </sentence>
            <sentence id="8">
                <token content="After" id="8-1"/>
                <token content="some" id="8-2">
                    <pos type="DT"/>
                    <lemma type="some"/>
                </token>
                <token content="time" id="8-3">
                    <pos type="NN"/>
                    <lemma type="time"/>
                    <dep head="8-7" type="prep"/>
                </token>
                <token content="," id="8-4"/>
                <token content="the" id="8-5">
                    <pos type="DT"/>
                    <lemma type="the"/>
                </token>
                <token content="water" id="8-6">
                    <pos type="NN"/>
                    <lemma type="water"/>
                    <dep head="8-7" type="nsubj"/>
                </token>
                <token content="cooled" id="8-7">
                    <pos type="VBD"/>
                    <lemma type="cool"/>
                </token>
                <token content="," id="8-8"/>
                <token content="so" id="8-9">
                    <pos type="IN"/>
                    <lemma type="so"/>
                    <dep head="8-7" type="dep"/>
                </token>
                <token content="I" id="8-10">
                    <pos type="PRP"/>
                    <lemma type="I"/>
                    <dep head="8-11" type="nsubj"/>
                </token>
                <token content="added" id="8-11">
                    <pos type="VBD"/>
                    <lemma type="add"/>
                    <dep head="8-7" type="parataxis"/>
                </token>
                <token content="some" id="8-12">
                    <pos type="DT"/>
                    <lemma type="some"/>
                </token>
                <token content="more" id="8-13">
                    <pos type="RBR"/>
                    <lemma type="more"/>
                </token>
                <token content="hot" id="8-14">
                    <pos type="JJ"/>
                    <lemma type="hot"/>
                </token>
                <token content="water" id="8-15">
                    <pos type="NN"/>
                    <lemma type="water"/>
                    <dep head="8-11" type="dobj"/>
                </token>
                <token content="." id="8-16"/>
            </sentence>
            <sentence id="9">
                <token content="I" id="9-1">
                    <pos type="PRP"/>
                    <lemma type="I"/>
                    <dep head="9-2" type="nsubj"/>
                </token>
                <token content="stayed" id="9-2">
                    <pos type="VBD"/>
                    <lemma type="stay"/>
                </token>
                <token content="in" id="9-3"/>
                <token content="the" id="9-4">
                    <pos type="DT"/>
                    <lemma type="the"/>
                </token>
                <token content="bathtub" id="9-5">
                    <pos type="NN"/>
                    <lemma type="bathtub"/>
                    <dep head="9-2" type="prep"/>
                </token>
                <token content="for" id="9-6"/>
                <token content="about" id="9-7">
                    <pos type="RB"/>
                    <lemma type="about"/>
                </token>
                <token content="45" id="9-8">
                    <pos type="CD"/>
                    <lemma type="45"/>
                </token>
                <token content="minutes" id="9-9">
                    <pos type="NNS"/>
                    <lemma type="minute"/>
                    <dep head="9-2" type="prep"/>
                </token>
                <token content="," id="9-10"/>
                <token content="until" id="9-11">
                    <pos type="IN"/>
                    <lemma type="until"/>
                    <dep head="9-14" type="mark"/>
                </token>
                <token content="my" id="9-12">
                    <pos type="PRP$"/>
                    <lemma type="my"/>
                </token>
                <token content="muscles" id="9-13">
                    <pos type="NNS"/>
                    <lemma type="muscle"/>
                    <dep head="9-14" type="nsubj"/>
                </token>
                <token content="felt" id="9-14">
                    <pos type="VBD"/>
                    <lemma type="feel"/>
                    <dep head="9-2" type="advcl"/>
                </token>
                <token content="better" id="9-15">
                    <pos type="RBR"/>
                    <lemma type="better"/>
                    <dep head="9-14" type="advmod"/>
                </token>
                <token content="." id="9-16"/>
            </sentence>
            <sentence id="10">
                <token content="When" id="10-1">
                    <pos type="WRB"/>
                    <lemma type="when"/>
                    <dep head="10-5" type="advmod"/>
                </token>
                <token content="I" id="10-2">
                    <pos type="PRP"/>
                    <lemma type="I"/>
                    <dep head="10-5" type="nsubjpass"/>
                </token>
                <token content="was" id="10-3">
                    <pos type="VBD"/>
                    <lemma type="be"/>
                    <dep head="10-5" type="auxpass"/>
                </token>
                <token content="finally" id="10-4">
                    <pos type="RB"/>
                    <lemma type="finally"/>
                    <dep head="10-5" type="advmod"/>
                </token>
                <token content="done" id="10-5">
                    <pos type="VBN"/>
                    <lemma type="do"/>
                    <dep head="10-8" type="advcl"/>
                </token>
                <token content="," id="10-6"/>
                <token content="I" id="10-7">
                    <pos type="PRP"/>
                    <lemma type="I"/>
                    <dep head="10-8" type="nsubj"/>
                </token>
                <token content="drained" id="10-8">
                    <pos type="VBZ"/>
                    <lemma type="drain"/>
                </token>
                <token content="the" id="10-9">
                    <pos type="DT"/>
                    <lemma type="the"/>
                </token>
                <token content="cooled" id="10-10">
                    <pos type="JJ"/>
                    <lemma type="cooled"/>
                </token>
                <token content="water" id="10-11">
                    <pos type="NN"/>
                    <lemma type="water"/>
                    <dep head="10-8" type="dobj"/>
                </token>
                <token content="," id="10-12"/>
                <token content="toweled" id="10-13">
                    <pos type="VBD"/>
                    <lemma type="towel"/>
                    <dep head="10-8" type="conj"/>
                </token>
                <token content="off" id="10-14">
                    <pos type="RP"/>
                    <lemma type="off"/>
                    <dep head="10-13" type="prt"/>
                </token>
                <token content="," id="10-15"/>
                <token content="and" id="10-16"/>
                <token content="got" id="10-17">
                    <pos type="VBD"/>
                    <lemma type="get"/>
                    <dep head="10-18" type="auxpass"/>
                </token>
                <token content="dressed" id="10-18">
                    <pos type="VBN"/>
                    <lemma type="dress"/>
                    <dep head="10-8" type="conj"/>
                </token>
                <token content="." id="10-19"/>
            </sentence>
        </sentences>
    </text>
    <annotations>
        <participants>
            <label from="1-2" id="0" name="NPart" text="night" type="participant"/>
            <label from="1-4" id="1" name="ScrPart_bather" text="I" type="participant"/>
            <label from="1-9" id="2" name="SuppVComp" text="bath" type="participant"/>
            <label from="2-1" id="3" name="ScrPart_bather" text="I" type="participant"/>
            <label from="2-5" id="4" name="SuppVComp" text="shower" type="participant"/>
            <label from="2-9" id="5" name="ScrPart_bather" text="my" type="participant"/>
            <label from="2-10" id="6" name="ScrPart_body_part" text="muscles" type="participant"/>
            <label from="2-14" id="7" name="ScrPart_bather" text="I" type="participant"/>
            <label from="2-16" id="8" name="ScrPart_bather" text="I" type="participant"/>
            <label from="2-20" id="9" name="SuppVComp" text="bath" type="participant"/>
            <label from="2-23" id="10" name="ScrPart_bath_means" text="epsom salt" to="2-24" type="participant"/>
            <label from="2-24" id="11" name="ScrPart_bath_means" text="salt" type="participant"/>
            <label from="3-2" id="12" name="ScrPart_bath" text="epsom salt bath" to="3-4" type="participant"/>
            <label from="3-4" id="13" name="ScrPart_bath" text="bath" type="participant"/>
            <label from="3-11" id="14" name="ScrPart_body_part" text="muscles" type="participant"/>
            <label from="3-14" id="15" name="ScrPart_bath" text="it" type="participant"/>
            <label from="4-1" id="16" name="ScrPart_bather" text="I" type="participant"/>
            <label from="4-6" id="17" name="ScrPart_water" text="bath" type="participant"/>
            <label from="4-10" id="18" name="ScrPart_bath_means" text="epsom salt" to="4-11" type="participant"/>
            <label from="4-11" id="19" name="ScrPart_bath_means" text="salt" type="participant"/>
            <label from="4-14" id="20" name="ScrPart_bath_means" text="it" type="participant"/>
            <label from="5-3" id="21" name="ScrPart_water" text="bath" type="participant"/>
            <label from="5-7" id="22" name="ScrPart_bather" text="I" type="participant"/>
            <label from="5-10" id="23" name="ScrPart_towel" text="towel" type="participant"/>
            <label from="5-13" id="24" name="ScrPart_in-bath_entertainment" text="book" type="participant"/>
            <label from="5-14" id="25" name="ScrPart_bather" text="I" type="participant"/>
            <label from="6-1" id="26" name="ScrPart_bather" text="I" type="participant"/>
            <label from="6-3" id="27" name="Unclear" text="it" type="participant"/>
            <label from="6-9" id="28" name="ScrPart_bathtub" text="tub" type="participant"/>
            <label from="7-1" id="29" name="ScrPart_bather" text="I" type="participant"/>
            <label from="7-6" id="30" name="ScrPart_water" text="water" type="participant"/>
            <label from="7-10" id="31" name="ScrPart_bath_means" text="salt granules" to="7-11" type="participant"/>
            <label from="7-11" id="32" name="ScrPart_bath_means" text="granules" type="participant"/>
            <label from="7-13" id="33" name="ScrPart_bather" text="my" type="participant"/>
            <label from="7-14" id="34" name="ScrPart_body_part" text="skin" type="participant"/>
            <label from="7-17" id="35" name="ScrPart_bather" text="my" type="participant"/>
            <label from="7-18" id="36" name="ScrPart_body_part" text="muscles" type="participant"/>
            <label from="8-3" id="37" name="No_label" text="time" type="participant"/>
            <label from="8-6" id="38" name="ScrPart_water" text="water" type="participant"/>
            <label from="8-10" id="39" name="ScrPart_bather" text="I" type="participant"/>
            <label from="8-15" id="40" name="ScrPart_water" text="water" type="participant"/>
            <label from="9-1" id="41" name="ScrPart_bather" text="I" type="participant"/>
            <label from="9-5" id="42" name="ScrPart_bathtub" text="bathtub" type="participant"/>
            <label from="9-9" id="43" name="NPart" text="minutes" type="participant"/>
            <label from="9-12" id="44" name="ScrPart_bather" text="my" type="participant"/>
            <label from="9-13" id="45" name="ScrPart_body_part" text="muscles" type="participant"/>
            <label from="10-2" id="46" name="ScrPart_bather" text="I" type="participant"/>
            <label from="10-7" id="47" name="ScrPart_bather" text="I" type="participant"/>
            <label from="10-11" id="48" name="ScrPart_water" text="water" type="participant"/>
        </participants>
        <events>
            <label from="1-5" id="49" name="UnrelEv" text="decided" type="event"/>
            <label from="1-7" id="50" name="Evoking" text="take a bath" to="1-9" type="event"/>
            <label from="2-3" id="51" name="RelNScrEv" text="take" type="event"/>
            <label from="2-11" id="52" name="UnrelEv" text="felt" type="event"/>
            <label from="2-15" id="53" name="UnrelEv" text="thought" type="event"/>
            <label from="2-18" id="54" name="Evoking" text="use a bath" to="2-20" type="event"/>
            <label from="3-4" id="55" name="Evoking" text="bath" type="event"/>
            <label from="3-5" id="56" name="UnrelEv" text="is" type="event"/>
            <label from="3-17" id="57" name="ScrEv_relax" text="relaxing" type="event"/>
            <label from="4-2" id="58" name="ScrEv_fill_water/wait" text="ran" type="event"/>
            <label from="4-8" id="59" name="ScrEv_put_bubble_bath_scent" text="poured" type="event"/>
            <label from="4-16" id="60" name="RelNScrEv" text="dissolve" type="event"/>
            <label from="5-5" id="61" name="ScrEv_fill_water/wait" text="running" type="event"/>
            <label from="5-8" id="62" name="ScrEv_prepare_bath" text="grabbed" type="event"/>
            <label from="5-16" id="63" name="UnrelEv" text="reading" type="event"/>
            <label from="6-2" id="64" name="ScrEv_prepare_bath" text="set" type="event"/>
            <label from="6-11" id="65" name="ScrEv_undress" text="undressed" type="event"/>
            <label from="7-2" id="66" name="ScrEv_sink_water" text="slid into" to="7-3" type="event"/>
            <label from="7-2" id="67" name="ScrEv_sink_water" text="slid" type="event"/>
            <label from="7-8" id="68" name="RelNScrEv" text="felt" type="event"/>
            <label from="7-12" id="69" name="RelNScrEv" text="prickling" type="event"/>
            <label from="7-20" id="70" name="ScrEv_relax" text="relaxed" type="event"/>
            <label from="8-7" id="71" name="RelNScrEv" text="cooled" type="event"/>
            <label from="8-11" id="72" name="ScrEv_turn_water_on" text="added" type="event"/>
            <label from="9-2" id="73" name="ScrEv_other" text="stayed" type="event"/>
            <label from="9-14" id="74" name="RelNScrEv" text="felt" type="event"/>
            <label from="10-5" id="75" name="UnrelEv" text="done" type="event"/>
            <label from="10-8" id="76" name="ScrEv_open_drain" text="drained" type="event"/>
            <label from="10-10" id="77" name="RelNScrEv" text="cooled" type="event"/>
            <label from="10-13" id="78" name="ScrEv_dry" text="toweled off" to="10-14" type="event"/>
            <label from="10-13" id="79" name="ScrEv_dry" text="toweled" type="event"/>
            <label from="10-17" id="80" name="ScrEv_get_dressed" text="got dressed" to="10-18" type="event"/>
            <label from="10-17" id="81" name="ScrEv_get_dressed" text="got" type="event"/>
        </events>
        <chains>
            <chain elements="1 3 4 5 7 8 16 22 25 26 29 33 35 39 41 44 46 47"/>
            <chain elements="6 14 36 45"/>
            <chain elements="11 19 20 32"/>
            <chain elements="17 21 30 38"/>
            <chain elements="23 27 24" name="group_towel_book"/>
            <chain elements="28 42"/>
            <chain elements="38 48 40" name="group_water1_water2"/>
            <chain elements="2 9"/>
            <chain elements="13 15"/>
        </chains>
    </annotations>
</story>
