<?xml version="1.0" encoding="UTF-8" standalone="no"?>
<!DOCTYPE story SYSTEM "../InScript.dtd">
<story id="016" scenario="bath">
    <text>
        <content>Last night I took a bath . 
First , I plugged the bath drain . 
Then , I filled the bathtub with warm water . 
I poured some bubble bath mixture into the tub while the bath was filling so that my bath would have bubbles . 
. 
I then got undressed . 
When the bath was full , I turned off the water and climbed into the warm tub . 
I felt very relaxed as I lay in the warm bubble bath . 
I shut my eyes for a moment to enjoy the sensation . 
I then washed my hair , lathering the shampoo into my hair , then rinsing it off in the bath water . 
Next , I washed my whole body with a bar of soap . 
When I was completely clean , I stepped out of the bath and wrapped a towel around myself . 
I wrapped a second towel around my hair to keep it from dripping everywhere . 
I then unplugged the bath drain to let the water drain out of the tub . </content>
        <sentences>
            <sentence id="1">
                <token content="Last" id="1-1">
                    <pos type="JJ"/>
                    <lemma type="last"/>
                </token>
                <token content="night" id="1-2">
                    <pos type="NN"/>
                    <lemma type="night"/>
                    <dep head="1-4" type="tmod"/>
                </token>
                <token content="I" id="1-3">
                    <pos type="PRP"/>
                    <lemma type="I"/>
                    <dep head="1-4" type="nsubj"/>
                </token>
                <token content="took" id="1-4">
                    <pos type="VBD"/>
                    <lemma type="take"/>
                </token>
                <token content="a" id="1-5">
                    <pos type="DT"/>
                    <lemma type="a"/>
                </token>
                <token content="bath" id="1-6">
                    <pos type="NN"/>
                    <lemma type="bath"/>
                    <dep head="1-4" type="dobj"/>
                </token>
                <token content="." id="1-7"/>
            </sentence>
            <sentence id="2">
                <token content="First" id="2-1">
                    <pos type="RB"/>
                    <lemma type="first"/>
                    <dep head="2-4" type="advmod"/>
                </token>
                <token content="," id="2-2"/>
                <token content="I" id="2-3">
                    <pos type="PRP"/>
                    <lemma type="I"/>
                    <dep head="2-4" type="nsubj"/>
                </token>
                <token content="plugged" id="2-4">
                    <pos type="VBD"/>
                    <lemma type="plug"/>
                </token>
                <token content="the" id="2-5">
                    <pos type="DT"/>
                    <lemma type="the"/>
                </token>
                <token content="bath" id="2-6">
                    <pos type="NN"/>
                    <lemma type="bath"/>
                </token>
                <token content="drain" id="2-7">
                    <pos type="NN"/>
                    <lemma type="drain"/>
                    <dep head="2-4" type="dobj"/>
                </token>
                <token content="." id="2-8"/>
            </sentence>
            <sentence id="3">
                <token content="Then" id="3-1">
                    <pos type="RB"/>
                    <lemma type="then"/>
                    <dep head="3-4" type="advmod"/>
                </token>
                <token content="," id="3-2"/>
                <token content="I" id="3-3">
                    <pos type="PRP"/>
                    <lemma type="I"/>
                    <dep head="3-4" type="nsubj"/>
                </token>
                <token content="filled" id="3-4">
                    <pos type="VBD"/>
                    <lemma type="fill"/>
                </token>
                <token content="the" id="3-5">
                    <pos type="DT"/>
                    <lemma type="the"/>
                </token>
                <token content="bathtub" id="3-6">
                    <pos type="NN"/>
                    <lemma type="bathtub"/>
                    <dep head="3-4" type="dobj"/>
                </token>
                <token content="with" id="3-7"/>
                <token content="warm" id="3-8">
                    <pos type="JJ"/>
                    <lemma type="warm"/>
                </token>
                <token content="water" id="3-9">
                    <pos type="NN"/>
                    <lemma type="water"/>
                    <dep head="3-4" type="prep"/>
                </token>
                <token content="." id="3-10"/>
            </sentence>
            <sentence id="4">
                <token content="I" id="4-1">
                    <pos type="PRP"/>
                    <lemma type="I"/>
                    <dep head="4-2" type="nsubj"/>
                </token>
                <token content="poured" id="4-2">
                    <pos type="VBD"/>
                    <lemma type="pour"/>
                </token>
                <token content="some" id="4-3">
                    <pos type="DT"/>
                    <lemma type="some"/>
                </token>
                <token content="bubble" id="4-4">
                    <pos type="NN"/>
                    <lemma type="bubble"/>
                </token>
                <token content="bath" id="4-5">
                    <pos type="NN"/>
                    <lemma type="bath"/>
                </token>
                <token content="mixture" id="4-6">
                    <pos type="NN"/>
                    <lemma type="mixture"/>
                    <dep head="4-2" type="dobj"/>
                </token>
                <token content="into" id="4-7"/>
                <token content="the" id="4-8">
                    <pos type="DT"/>
                    <lemma type="the"/>
                </token>
                <token content="tub" id="4-9">
                    <pos type="NN"/>
                    <lemma type="tub"/>
                    <dep head="4-2" type="prep"/>
                </token>
                <token content="while" id="4-10">
                    <pos type="IN"/>
                    <lemma type="while"/>
                    <dep head="4-14" type="mark"/>
                </token>
                <token content="the" id="4-11">
                    <pos type="DT"/>
                    <lemma type="the"/>
                </token>
                <token content="bath" id="4-12">
                    <pos type="NN"/>
                    <lemma type="bath"/>
                    <dep head="4-14" type="nsubj"/>
                </token>
                <token content="was" id="4-13">
                    <pos type="VBD"/>
                    <lemma type="be"/>
                    <dep head="4-14" type="aux"/>
                </token>
                <token content="filling" id="4-14">
                    <pos type="VBG"/>
                    <lemma type="fill"/>
                    <dep head="4-2" type="advcl"/>
                </token>
                <token content="so" id="4-15">
                    <pos type="RB"/>
                    <lemma type="so"/>
                    <dep head="4-20" type="advmod"/>
                </token>
                <token content="that" id="4-16">
                    <pos type="IN"/>
                    <lemma type="that"/>
                    <dep head="4-20" type="mark"/>
                </token>
                <token content="my" id="4-17">
                    <pos type="PRP$"/>
                    <lemma type="my"/>
                </token>
                <token content="bath" id="4-18">
                    <pos type="NN"/>
                    <lemma type="bath"/>
                    <dep head="4-20" type="nsubj"/>
                </token>
                <token content="would" id="4-19">
                    <pos type="MD"/>
                    <lemma type="would"/>
                    <dep head="4-20" type="aux"/>
                </token>
                <token content="have" id="4-20">
                    <pos type="VB"/>
                    <lemma type="have"/>
                    <dep head="4-14" type="advcl"/>
                </token>
                <token content="bubbles" id="4-21">
                    <pos type="NNS"/>
                    <lemma type="bubble"/>
                    <dep head="4-20" type="dobj"/>
                </token>
                <token content="." id="4-22"/>
            </sentence>
            <sentence id="5">
                <token content="." id="5-1"/>
            </sentence>
            <sentence id="6">
                <token content="I" id="6-1">
                    <pos type="PRP"/>
                    <lemma type="I"/>
                </token>
                <token content="then" id="6-2">
                    <pos type="RB"/>
                    <lemma type="then"/>
                </token>
                <token content="got" id="6-3">
                    <pos type="VBD"/>
                    <lemma type="get"/>
                </token>
                <token content="undressed" id="6-4">
                    <pos type="JJ"/>
                    <lemma type="undressed"/>
                </token>
                <token content="." id="6-5"/>
            </sentence>
            <sentence id="7">
                <token content="When" id="7-1">
                    <pos type="WRB"/>
                    <lemma type="when"/>
                </token>
                <token content="the" id="7-2">
                    <pos type="DT"/>
                    <lemma type="the"/>
                </token>
                <token content="bath" id="7-3">
                    <pos type="NN"/>
                    <lemma type="bath"/>
                </token>
                <token content="was" id="7-4">
                    <pos type="VBD"/>
                    <lemma type="be"/>
                </token>
                <token content="full" id="7-5">
                    <pos type="JJ"/>
                    <lemma type="full"/>
                    <dep head="7-8" type="advcl"/>
                </token>
                <token content="," id="7-6"/>
                <token content="I" id="7-7">
                    <pos type="PRP"/>
                    <lemma type="I"/>
                    <dep head="7-8" type="nsubj"/>
                </token>
                <token content="turned" id="7-8">
                    <pos type="VBD"/>
                    <lemma type="turn"/>
                </token>
                <token content="off" id="7-9">
                    <pos type="RP"/>
                    <lemma type="off"/>
                    <dep head="7-8" type="prt"/>
                </token>
                <token content="the" id="7-10">
                    <pos type="DT"/>
                    <lemma type="the"/>
                </token>
                <token content="water" id="7-11">
                    <pos type="NN"/>
                    <lemma type="water"/>
                    <dep head="7-8" type="dobj"/>
                </token>
                <token content="and" id="7-12"/>
                <token content="climbed" id="7-13">
                    <pos type="VBD"/>
                    <lemma type="climb"/>
                    <dep head="7-8" type="conj"/>
                </token>
                <token content="into" id="7-14"/>
                <token content="the" id="7-15">
                    <pos type="DT"/>
                    <lemma type="the"/>
                </token>
                <token content="warm" id="7-16">
                    <pos type="JJ"/>
                    <lemma type="warm"/>
                </token>
                <token content="tub" id="7-17">
                    <pos type="NN"/>
                    <lemma type="tub"/>
                    <dep head="7-13" type="prep"/>
                </token>
                <token content="." id="7-18"/>
            </sentence>
            <sentence id="8">
                <token content="I" id="8-1">
                    <pos type="PRP"/>
                    <lemma type="I"/>
                    <dep head="8-2" type="nsubj"/>
                </token>
                <token content="felt" id="8-2">
                    <pos type="VBD"/>
                    <lemma type="feel"/>
                </token>
                <token content="very" id="8-3">
                    <pos type="RB"/>
                    <lemma type="very"/>
                </token>
                <token content="relaxed" id="8-4">
                    <pos type="JJ"/>
                    <lemma type="relaxed"/>
                    <dep head="8-2" type="acomp"/>
                </token>
                <token content="as" id="8-5">
                    <pos type="IN"/>
                    <lemma type="as"/>
                    <dep head="8-7" type="mark"/>
                </token>
                <token content="I" id="8-6">
                    <pos type="PRP"/>
                    <lemma type="I"/>
                    <dep head="8-7" type="nsubj"/>
                </token>
                <token content="lay" id="8-7">
                    <pos type="VBD"/>
                    <lemma type="lay"/>
                    <dep head="8-2" type="advcl"/>
                </token>
                <token content="in" id="8-8"/>
                <token content="the" id="8-9">
                    <pos type="DT"/>
                    <lemma type="the"/>
                </token>
                <token content="warm" id="8-10">
                    <pos type="JJ"/>
                    <lemma type="warm"/>
                </token>
                <token content="bubble" id="8-11">
                    <pos type="NN"/>
                    <lemma type="bubble"/>
                </token>
                <token content="bath" id="8-12">
                    <pos type="NN"/>
                    <lemma type="bath"/>
                    <dep head="8-7" type="prep"/>
                </token>
                <token content="." id="8-13"/>
            </sentence>
            <sentence id="9">
                <token content="I" id="9-1">
                    <pos type="PRP"/>
                    <lemma type="I"/>
                    <dep head="9-2" type="nsubj"/>
                </token>
                <token content="shut" id="9-2">
                    <pos type="VBD"/>
                    <lemma type="shut"/>
                </token>
                <token content="my" id="9-3">
                    <pos type="PRP$"/>
                    <lemma type="my"/>
                </token>
                <token content="eyes" id="9-4">
                    <pos type="NNS"/>
                    <lemma type="eye"/>
                    <dep head="9-2" type="dobj"/>
                </token>
                <token content="for" id="9-5"/>
                <token content="a" id="9-6">
                    <pos type="DT"/>
                    <lemma type="a"/>
                </token>
                <token content="moment" id="9-7">
                    <pos type="NN"/>
                    <lemma type="moment"/>
                    <dep head="9-2" type="prep"/>
                </token>
                <token content="to" id="9-8">
                    <pos type="TO"/>
                    <lemma type="to"/>
                    <dep head="9-9" type="aux"/>
                </token>
                <token content="enjoy" id="9-9">
                    <pos type="VB"/>
                    <lemma type="enjoy"/>
                    <dep head="9-2" type="vmod"/>
                </token>
                <token content="the" id="9-10">
                    <pos type="DT"/>
                    <lemma type="the"/>
                </token>
                <token content="sensation" id="9-11">
                    <pos type="NN"/>
                    <lemma type="sensation"/>
                    <dep head="9-9" type="dobj"/>
                </token>
                <token content="." id="9-12"/>
            </sentence>
            <sentence id="10">
                <token content="I" id="10-1">
                    <pos type="PRP"/>
                    <lemma type="I"/>
                    <dep head="10-3" type="nsubj"/>
                </token>
                <token content="then" id="10-2">
                    <pos type="RB"/>
                    <lemma type="then"/>
                    <dep head="10-3" type="advmod"/>
                </token>
                <token content="washed" id="10-3">
                    <pos type="VBD"/>
                    <lemma type="wash"/>
                </token>
                <token content="my" id="10-4">
                    <pos type="PRP$"/>
                    <lemma type="my"/>
                </token>
                <token content="hair" id="10-5">
                    <pos type="NN"/>
                    <lemma type="hair"/>
                    <dep head="10-3" type="dobj"/>
                </token>
                <token content="," id="10-6"/>
                <token content="lathering" id="10-7">
                    <pos type="VBG"/>
                    <lemma type="lather"/>
                    <dep head="10-3" type="vmod"/>
                </token>
                <token content="the" id="10-8">
                    <pos type="DT"/>
                    <lemma type="the"/>
                </token>
                <token content="shampoo" id="10-9">
                    <pos type="NN"/>
                    <lemma type="shampoo"/>
                    <dep head="10-7" type="dobj"/>
                </token>
                <token content="into" id="10-10"/>
                <token content="my" id="10-11">
                    <pos type="PRP$"/>
                    <lemma type="my"/>
                </token>
                <token content="hair" id="10-12">
                    <pos type="NN"/>
                    <lemma type="hair"/>
                    <dep head="10-7" type="prep"/>
                </token>
                <token content="," id="10-13"/>
                <token content="then" id="10-14">
                    <pos type="RB"/>
                    <lemma type="then"/>
                    <dep head="10-15" type="advmod"/>
                </token>
                <token content="rinsing" id="10-15">
                    <pos type="VBG"/>
                    <lemma type="rinse"/>
                    <dep head="10-3" type="xcomp"/>
                </token>
                <token content="it" id="10-16">
                    <pos type="PRP"/>
                    <lemma type="it"/>
                    <dep head="10-15" type="dobj"/>
                </token>
                <token content="off" id="10-17">
                    <pos type="RP"/>
                    <lemma type="off"/>
                    <dep head="10-15" type="prt"/>
                </token>
                <token content="in" id="10-18"/>
                <token content="the" id="10-19">
                    <pos type="DT"/>
                    <lemma type="the"/>
                </token>
                <token content="bath" id="10-20">
                    <pos type="NN"/>
                    <lemma type="bath"/>
                </token>
                <token content="water" id="10-21">
                    <pos type="NN"/>
                    <lemma type="water"/>
                    <dep head="10-15" type="prep"/>
                </token>
                <token content="." id="10-22"/>
            </sentence>
            <sentence id="11">
                <token content="Next" id="11-1">
                    <pos type="RB"/>
                    <lemma type="next"/>
                    <dep head="11-4" type="advmod"/>
                </token>
                <token content="," id="11-2"/>
                <token content="I" id="11-3">
                    <pos type="PRP"/>
                    <lemma type="I"/>
                    <dep head="11-4" type="nsubj"/>
                </token>
                <token content="washed" id="11-4">
                    <pos type="VBD"/>
                    <lemma type="wash"/>
                </token>
                <token content="my" id="11-5">
                    <pos type="PRP$"/>
                    <lemma type="my"/>
                </token>
                <token content="whole" id="11-6">
                    <pos type="JJ"/>
                    <lemma type="whole"/>
                </token>
                <token content="body" id="11-7">
                    <pos type="NN"/>
                    <lemma type="body"/>
                    <dep head="11-4" type="dobj"/>
                </token>
                <token content="with" id="11-8"/>
                <token content="a" id="11-9">
                    <pos type="DT"/>
                    <lemma type="a"/>
                </token>
                <token content="bar" id="11-10">
                    <pos type="NN"/>
                    <lemma type="bar"/>
                    <dep head="11-4" type="prep"/>
                </token>
                <token content="of" id="11-11"/>
                <token content="soap" id="11-12">
                    <pos type="NN"/>
                    <lemma type="soap"/>
                </token>
                <token content="." id="11-13"/>
            </sentence>
            <sentence id="12">
                <token content="When" id="12-1">
                    <pos type="WRB"/>
                    <lemma type="when"/>
                </token>
                <token content="I" id="12-2">
                    <pos type="PRP"/>
                    <lemma type="I"/>
                </token>
                <token content="was" id="12-3">
                    <pos type="VBD"/>
                    <lemma type="be"/>
                </token>
                <token content="completely" id="12-4">
                    <pos type="RB"/>
                    <lemma type="completely"/>
                </token>
                <token content="clean" id="12-5">
                    <pos type="JJ"/>
                    <lemma type="clean"/>
                    <dep head="12-8" type="advcl"/>
                </token>
                <token content="," id="12-6"/>
                <token content="I" id="12-7">
                    <pos type="PRP"/>
                    <lemma type="I"/>
                    <dep head="12-8" type="nsubj"/>
                </token>
                <token content="stepped" id="12-8">
                    <pos type="VBD"/>
                    <lemma type="step"/>
                </token>
                <token content="out" id="12-9"/>
                <token content="of" id="12-10"/>
                <token content="the" id="12-11">
                    <pos type="DT"/>
                    <lemma type="the"/>
                </token>
                <token content="bath" id="12-12">
                    <pos type="NN"/>
                    <lemma type="bath"/>
                    <dep head="12-8" type="prep"/>
                </token>
                <token content="and" id="12-13"/>
                <token content="wrapped" id="12-14">
                    <pos type="VBD"/>
                    <lemma type="wrap"/>
                    <dep head="12-8" type="conj"/>
                </token>
                <token content="a" id="12-15">
                    <pos type="DT"/>
                    <lemma type="a"/>
                </token>
                <token content="towel" id="12-16">
                    <pos type="NN"/>
                    <lemma type="towel"/>
                    <dep head="12-14" type="dobj"/>
                </token>
                <token content="around" id="12-17"/>
                <token content="myself" id="12-18">
                    <pos type="PRP"/>
                    <lemma type="myself"/>
                    <dep head="12-14" type="prep"/>
                </token>
                <token content="." id="12-19"/>
            </sentence>
            <sentence id="13">
                <token content="I" id="13-1">
                    <pos type="PRP"/>
                    <lemma type="I"/>
                    <dep head="13-2" type="nsubj"/>
                </token>
                <token content="wrapped" id="13-2">
                    <pos type="VBD"/>
                    <lemma type="wrap"/>
                </token>
                <token content="a" id="13-3">
                    <pos type="DT"/>
                    <lemma type="a"/>
                </token>
                <token content="second" id="13-4">
                    <pos type="JJ"/>
                    <lemma type="second"/>
                </token>
                <token content="towel" id="13-5">
                    <pos type="NN"/>
                    <lemma type="towel"/>
                    <dep head="13-2" type="dobj"/>
                </token>
                <token content="around" id="13-6"/>
                <token content="my" id="13-7">
                    <pos type="PRP$"/>
                    <lemma type="my"/>
                </token>
                <token content="hair" id="13-8">
                    <pos type="NN"/>
                    <lemma type="hair"/>
                    <dep head="13-2" type="prep"/>
                </token>
                <token content="to" id="13-9">
                    <pos type="TO"/>
                    <lemma type="to"/>
                    <dep head="13-10" type="aux"/>
                </token>
                <token content="keep" id="13-10">
                    <pos type="VB"/>
                    <lemma type="keep"/>
                </token>
                <token content="it" id="13-11">
                    <pos type="PRP"/>
                    <lemma type="it"/>
                    <dep head="13-10" type="dobj"/>
                </token>
                <token content="from" id="13-12"/>
                <token content="dripping" id="13-13">
                    <pos type="VBG"/>
                    <lemma type="drip"/>
                    <dep head="13-10" type="prepc"/>
                </token>
                <token content="everywhere" id="13-14">
                    <pos type="RB"/>
                    <lemma type="everywhere"/>
                    <dep head="13-13" type="advmod"/>
                </token>
                <token content="." id="13-15"/>
            </sentence>
            <sentence id="14">
                <token content="I" id="14-1">
                    <pos type="PRP"/>
                    <lemma type="I"/>
                    <dep head="14-3" type="nsubj"/>
                </token>
                <token content="then" id="14-2">
                    <pos type="RB"/>
                    <lemma type="then"/>
                    <dep head="14-3" type="advmod"/>
                </token>
                <token content="unplugged" id="14-3">
                    <pos type="VBD"/>
                    <lemma type="unplug"/>
                </token>
                <token content="the" id="14-4">
                    <pos type="DT"/>
                    <lemma type="the"/>
                </token>
                <token content="bath" id="14-5">
                    <pos type="NN"/>
                    <lemma type="bath"/>
                </token>
                <token content="drain" id="14-6">
                    <pos type="NN"/>
                    <lemma type="drain"/>
                    <dep head="14-3" type="dobj"/>
                </token>
                <token content="to" id="14-7">
                    <pos type="TO"/>
                    <lemma type="to"/>
                    <dep head="14-8" type="aux"/>
                </token>
                <token content="let" id="14-8">
                    <pos type="VB"/>
                    <lemma type="let"/>
                    <dep head="14-3" type="vmod"/>
                </token>
                <token content="the" id="14-9">
                    <pos type="DT"/>
                    <lemma type="the"/>
                </token>
                <token content="water" id="14-10">
                    <pos type="NN"/>
                    <lemma type="water"/>
                </token>
                <token content="drain" id="14-11">
                    <pos type="NN"/>
                    <lemma type="drain"/>
                    <dep head="14-8" type="dobj"/>
                </token>
                <token content="out" id="14-12"/>
                <token content="of" id="14-13"/>
                <token content="the" id="14-14">
                    <pos type="DT"/>
                    <lemma type="the"/>
                </token>
                <token content="tub" id="14-15">
                    <pos type="NN"/>
                    <lemma type="tub"/>
                    <dep head="14-8" type="prep"/>
                </token>
                <token content="." id="14-16"/>
            </sentence>
        </sentences>
    </text>
    <annotations>
        <participants>
            <label from="1-2" id="0" name="NPart" text="night" type="participant"/>
            <label from="1-3" id="1" name="ScrPart_bather" text="I" type="participant"/>
            <label from="1-6" id="2" name="ScrPart_bath" text="bath" type="participant"/>
            <label from="2-3" id="3" name="ScrPart_bather" text="I" type="participant"/>
            <label from="2-6" id="4" name="ScrPart_drain" text="bath drain" to="2-7" type="participant"/>
            <label from="2-7" id="5" name="ScrPart_drain" text="drain" type="participant"/>
            <label from="3-3" id="6" name="ScrPart_bather" text="I" type="participant"/>
            <label from="3-6" id="7" name="ScrPart_bathtub" text="bathtub" type="participant"/>
            <label from="3-9" id="8" name="ScrPart_water" text="water" type="participant"/>
            <label from="4-1" id="9" name="ScrPart_bather" text="I" type="participant"/>
            <label from="4-4" id="10" name="ScrPart_bath_means" text="bubble bath mixture" to="4-6" type="participant"/>
            <label from="4-6" id="11" name="ScrPart_bath_means" text="mixture" type="participant"/>
            <label from="4-9" id="12" name="ScrPart_bathtub" text="tub" type="participant"/>
            <label from="4-12" id="13" name="ScrPart_bathtub" text="bath" type="participant"/>
            <label from="4-17" id="14" name="ScrPart_bather" text="my" type="participant"/>
            <label from="4-18" id="15" name="ScrPart_bath" text="bath" type="participant"/>
            <label from="4-21" id="16" name="ScrPart_bath_means" text="bubbles" type="participant"/>
            <label from="6-1" id="17" name="ScrPart_bather" text="I" type="participant"/>
            <label from="7-3" id="18" name="ScrPart_bathtub" text="bath" type="participant"/>
            <label from="7-7" id="19" name="ScrPart_bather" text="I" type="participant"/>
            <label from="7-11" id="20" name="ScrPart_water" text="water" type="participant"/>
            <label from="7-17" id="21" name="ScrPart_bathtub" text="tub" type="participant"/>
            <label from="8-1" id="22" name="ScrPart_bather" text="I" type="participant"/>
            <label from="8-6" id="23" name="ScrPart_bather" text="I" type="participant"/>
            <label from="8-11" id="24" name="ScrPart_bath_means" text="bubble bath" to="8-12" type="participant"/>
            <label from="9-1" id="25" name="ScrPart_bather" text="I" type="participant"/>
            <label from="9-3" id="26" name="ScrPart_bather" text="my" type="participant"/>
            <label from="9-4" id="27" name="ScrPart_body_part" text="eyes" type="participant"/>
            <label from="9-7" id="28" name="No_label" text="moment" type="participant"/>
            <label from="9-11" id="29" name="NPart" text="sensation" type="participant"/>
            <label from="10-1" id="30" name="ScrPart_bather" text="I" type="participant"/>
            <label from="10-4" id="31" name="ScrPart_bather" text="my" type="participant"/>
            <label from="10-5" id="32" name="ScrPart_hair" text="hair" type="participant"/>
            <label from="10-9" id="33" name="ScrPart_washing_tools" text="shampoo" type="participant"/>
            <label from="10-11" id="34" name="ScrPart_bather" text="my" type="participant"/>
            <label from="10-12" id="35" name="ScrPart_hair" text="hair" type="participant"/>
            <label from="10-16" id="36" name="ScrPart_washing_tools" text="it" type="participant"/>
            <label from="10-20" id="37" name="ScrPart_water" text="bath water" to="10-21" type="participant"/>
            <label from="10-21" id="38" name="ScrPart_water" text="water" type="participant"/>
            <label from="11-3" id="39" name="ScrPart_bather" text="I" type="participant"/>
            <label from="11-5" id="40" name="ScrPart_bather" text="my" type="participant"/>
            <label from="11-7" id="41" name="ScrPart_body_part" text="body" type="participant"/>
            <label from="11-10" id="42" name="Head_of_Partitive" text="bar" type="participant"/>
            <label from="11-12" id="43" name="ScrPart_washing_tools" text="soap" type="participant"/>
            <label from="12-2" id="44" name="ScrPart_bather" text="I" type="participant"/>
            <label from="12-7" id="45" name="ScrPart_bather" text="I" type="participant"/>
            <label from="12-12" id="46" name="ScrPart_bathtub" text="bath" type="participant"/>
            <label from="12-16" id="47" name="ScrPart_towel" text="towel" type="participant"/>
            <label from="12-18" id="48" name="ScrPart_bather" text="myself" type="participant"/>
            <label from="13-1" id="49" name="ScrPart_bather" text="I" type="participant"/>
            <label from="13-5" id="50" name="ScrPart_towel" text="towel" type="participant"/>
            <label from="13-7" id="51" name="ScrPart_bather" text="my" type="participant"/>
            <label from="13-8" id="52" name="ScrPart_hair" text="hair" type="participant"/>
            <label from="13-11" id="53" name="ScrPart_hair" text="it" type="participant"/>
            <label from="14-1" id="54" name="ScrPart_bather" text="I" type="participant"/>
            <label from="14-5" id="55" name="ScrPart_drain" text="bath drain" to="14-6" type="participant"/>
            <label from="14-6" id="56" name="ScrPart_drain" text="drain" type="participant"/>
            <label from="14-10" id="57" name="ScrPart_water" text="water" type="participant"/>
            <label from="14-15" id="58" name="ScrPart_bathtub" text="tub" type="participant"/>
        </participants>
        <events>
            <label from="1-4" id="59" name="Evoking" text="took a bath" to="1-6" type="event"/>
            <label from="2-4" id="60" name="ScrEv_close_drain" text="plugged" type="event"/>
            <label from="3-4" id="61" name="ScrEv_fill_water/wait" text="filled" type="event"/>
            <label from="4-2" id="62" name="ScrEv_put_bubble_bath_scent" text="poured" type="event"/>
            <label from="4-14" id="63" name="ScrEv_fill_water/wait" text="filling" type="event"/>
            <label from="4-20" id="64" name="UnrelEv" text="have" type="event"/>
            <label from="6-3" id="65" name="ScrEv_undress" text="got undressed" to="6-4" type="event"/>
            <label from="7-4" id="66" name="UnrelEv" text="was" type="event"/>
            <label from="7-8" id="67" name="ScrEv_turn_water_off" text="turned off" to="7-9" type="event"/>
            <label from="7-13" id="68" name="ScrEv_sink_water" text="climbed" type="event"/>
            <label from="8-2" id="69" name="UnrelEv" text="felt" type="event"/>
            <label from="8-4" id="70" name="ScrEv_relax" text="relaxed" type="event"/>
            <label from="8-7" id="71" name="ScrEv_relax" text="lay" type="event"/>
            <label from="9-2" id="72" name="UnrelEv" text="shut" type="event"/>
            <label from="9-9" id="73" name="UnrelEv" text="enjoy" type="event"/>
            <label from="10-3" id="74" name="ScrEv_wash" text="washed" type="event"/>
            <label from="10-7" id="75" name="ScrEv_wash" text="lathering" type="event"/>
            <label from="10-15" id="76" name="RelNScrEv" text="rinsing" type="event"/>
            <label from="11-4" id="77" name="ScrEv_wash" text="washed" type="event"/>
            <label from="12-3" id="78" name="UnrelEv" text="was" type="event"/>
            <label from="12-8" id="79" name="ScrEv_get_out_bath" text="stepped" type="event"/>
            <label from="12-14" id="80" name="RelNScrEv" text="wrapped" type="event"/>
            <label from="13-2" id="81" name="RelNScrEv" text="wrapped" type="event"/>
            <label from="13-10" id="82" name="UnrelEv" text="keep" type="event"/>
            <label from="13-13" id="83" name="UnrelEv" text="dripping" type="event"/>
            <label from="14-3" id="84" name="ScrEv_open_drain" text="unplugged" type="event"/>
            <label from="14-8" id="85" name="UnrelEv" text="let" type="event"/>
            <label from="14-11" id="86" name="RelNScrEv" text="drain" type="event"/>
        </events>
        <chains>
            <chain elements="1 3 6 9 14 17 19 22 23 25 26 30 31 34 39 40 44 45 48 49 51 54"/>
            <chain elements="7 12 13 18 21 46 58"/>
            <chain elements="11 16 24"/>
            <chain elements="8 20 38 57"/>
            <chain elements="32 35 52 53"/>
            <chain elements="33 36"/>
            <chain elements="5 56"/>
            <chain elements="2 15"/>
        </chains>
    </annotations>
</story>
