<?xml version="1.0" encoding="UTF-8" standalone="no"?>
<!DOCTYPE story SYSTEM "../InScript.dtd">
<story id="098" scenario="bath">
    <text>
        <content>I had spent the day planting a tree and needed to take a bath to clean myself and relax those tired muscles . 
I went to the bathroom and turned on the faucet in the bathtub . 
Once the water reached the temperature that I wanted I plugged the drain to fill the bathtub . 
While the tub was filling up I undressed myself and put the dirty soiled clothing in the the hamper . 
I turned the water off and got into the nice hot relaxing tub of water . 
I added some bath soap into the tub and proceeded to scrub the dirt off my body with a washcloth . 
After washing myself and relaxing a bit I unclog the drain and watch the dirty soapy water spiral down the drain . 
I rinse body quickly in the shower to rinse the soap off . 
I get out and grab a towel to dry myself . 
I put on a clean set of clothes and feel fresh . </content>
        <sentences>
            <sentence id="1">
                <token content="I" id="1-1">
                    <pos type="PRP"/>
                    <lemma type="I"/>
                    <dep head="1-3" type="nsubj"/>
                </token>
                <token content="had" id="1-2">
                    <pos type="VBD"/>
                    <lemma type="have"/>
                    <dep head="1-3" type="aux"/>
                </token>
                <token content="spent" id="1-3">
                    <pos type="VBN"/>
                    <lemma type="spend"/>
                </token>
                <token content="the" id="1-4">
                    <pos type="DT"/>
                    <lemma type="the"/>
                </token>
                <token content="day" id="1-5">
                    <pos type="NN"/>
                    <lemma type="day"/>
                    <dep head="1-3" type="tmod"/>
                </token>
                <token content="planting" id="1-6">
                    <pos type="VBG"/>
                    <lemma type="plant"/>
                    <dep head="1-3" type="xcomp"/>
                </token>
                <token content="a" id="1-7">
                    <pos type="DT"/>
                    <lemma type="a"/>
                </token>
                <token content="tree" id="1-8">
                    <pos type="NN"/>
                    <lemma type="tree"/>
                    <dep head="1-6" type="dobj"/>
                </token>
                <token content="and" id="1-9"/>
                <token content="needed" id="1-10">
                    <pos type="VBN"/>
                    <lemma type="need"/>
                    <dep head="1-3" type="conj"/>
                </token>
                <token content="to" id="1-11">
                    <pos type="TO"/>
                    <lemma type="to"/>
                    <dep head="1-12" type="aux"/>
                </token>
                <token content="take" id="1-12">
                    <pos type="VB"/>
                    <lemma type="take"/>
                    <dep head="1-10" type="xcomp"/>
                </token>
                <token content="a" id="1-13">
                    <pos type="DT"/>
                    <lemma type="a"/>
                </token>
                <token content="bath" id="1-14">
                    <pos type="NN"/>
                    <lemma type="bath"/>
                    <dep head="1-12" type="dobj"/>
                </token>
                <token content="to" id="1-15">
                    <pos type="TO"/>
                    <lemma type="to"/>
                    <dep head="1-16" type="aux"/>
                </token>
                <token content="clean" id="1-16">
                    <pos type="VB"/>
                    <lemma type="clean"/>
                </token>
                <token content="myself" id="1-17">
                    <pos type="PRP"/>
                    <lemma type="myself"/>
                    <dep head="1-16" type="dobj"/>
                </token>
                <token content="and" id="1-18"/>
                <token content="relax" id="1-19">
                    <pos type="VB"/>
                    <lemma type="relax"/>
                    <dep head="1-16" type="conj"/>
                </token>
                <token content="those" id="1-20">
                    <pos type="DT"/>
                    <lemma type="those"/>
                </token>
                <token content="tired" id="1-21">
                    <pos type="JJ"/>
                    <lemma type="tired"/>
                </token>
                <token content="muscles" id="1-22">
                    <pos type="NNS"/>
                    <lemma type="muscle"/>
                    <dep head="1-19" type="dobj"/>
                </token>
                <token content="." id="1-23"/>
            </sentence>
            <sentence id="2">
                <token content="I" id="2-1">
                    <pos type="PRP"/>
                    <lemma type="I"/>
                    <dep head="2-2" type="nsubj"/>
                </token>
                <token content="went" id="2-2">
                    <pos type="VBD"/>
                    <lemma type="go"/>
                </token>
                <token content="to" id="2-3"/>
                <token content="the" id="2-4">
                    <pos type="DT"/>
                    <lemma type="the"/>
                </token>
                <token content="bathroom" id="2-5">
                    <pos type="NN"/>
                    <lemma type="bathroom"/>
                    <dep head="2-2" type="prep"/>
                </token>
                <token content="and" id="2-6"/>
                <token content="turned" id="2-7">
                    <pos type="VBD"/>
                    <lemma type="turn"/>
                    <dep head="2-2" type="conj"/>
                </token>
                <token content="on" id="2-8"/>
                <token content="the" id="2-9">
                    <pos type="DT"/>
                    <lemma type="the"/>
                </token>
                <token content="faucet" id="2-10">
                    <pos type="NN"/>
                    <lemma type="faucet"/>
                    <dep head="2-7" type="prep"/>
                </token>
                <token content="in" id="2-11"/>
                <token content="the" id="2-12">
                    <pos type="DT"/>
                    <lemma type="the"/>
                </token>
                <token content="bathtub" id="2-13">
                    <pos type="NN"/>
                    <lemma type="bathtub"/>
                    <dep head="2-7" type="prep"/>
                </token>
                <token content="." id="2-14"/>
            </sentence>
            <sentence id="3">
                <token content="Once" id="3-1">
                    <pos type="IN"/>
                    <lemma type="once"/>
                    <dep head="3-4" type="mark"/>
                </token>
                <token content="the" id="3-2">
                    <pos type="DT"/>
                    <lemma type="the"/>
                </token>
                <token content="water" id="3-3">
                    <pos type="NN"/>
                    <lemma type="water"/>
                    <dep head="3-4" type="nsubj"/>
                </token>
                <token content="reached" id="3-4">
                    <pos type="VBD"/>
                    <lemma type="reach"/>
                    <dep head="3-11" type="advcl"/>
                </token>
                <token content="the" id="3-5">
                    <pos type="DT"/>
                    <lemma type="the"/>
                </token>
                <token content="temperature" id="3-6">
                    <pos type="NN"/>
                    <lemma type="temperature"/>
                    <dep head="3-4" type="dobj"/>
                </token>
                <token content="that" id="3-7">
                    <pos type="IN"/>
                    <lemma type="that"/>
                    <dep head="3-9" type="mark"/>
                </token>
                <token content="I" id="3-8">
                    <pos type="PRP"/>
                    <lemma type="I"/>
                    <dep head="3-9" type="nsubj"/>
                </token>
                <token content="wanted" id="3-9">
                    <pos type="VBD"/>
                    <lemma type="want"/>
                    <dep head="3-4" type="ccomp"/>
                </token>
                <token content="I" id="3-10">
                    <pos type="PRP"/>
                    <lemma type="I"/>
                    <dep head="3-11" type="nsubj"/>
                </token>
                <token content="plugged" id="3-11">
                    <pos type="VBD"/>
                    <lemma type="plug"/>
                </token>
                <token content="the" id="3-12">
                    <pos type="DT"/>
                    <lemma type="the"/>
                </token>
                <token content="drain" id="3-13">
                    <pos type="NN"/>
                    <lemma type="drain"/>
                    <dep head="3-11" type="dobj"/>
                </token>
                <token content="to" id="3-14">
                    <pos type="TO"/>
                    <lemma type="to"/>
                    <dep head="3-15" type="aux"/>
                </token>
                <token content="fill" id="3-15">
                    <pos type="VB"/>
                    <lemma type="fill"/>
                </token>
                <token content="the" id="3-16">
                    <pos type="DT"/>
                    <lemma type="the"/>
                </token>
                <token content="bathtub" id="3-17">
                    <pos type="NN"/>
                    <lemma type="bathtub"/>
                    <dep head="3-15" type="dobj"/>
                </token>
                <token content="." id="3-18"/>
            </sentence>
            <sentence id="4">
                <token content="While" id="4-1">
                    <pos type="IN"/>
                    <lemma type="while"/>
                    <dep head="4-5" type="mark"/>
                </token>
                <token content="the" id="4-2">
                    <pos type="DT"/>
                    <lemma type="the"/>
                </token>
                <token content="tub" id="4-3">
                    <pos type="NN"/>
                    <lemma type="tub"/>
                    <dep head="4-5" type="nsubj"/>
                </token>
                <token content="was" id="4-4">
                    <pos type="VBD"/>
                    <lemma type="be"/>
                    <dep head="4-5" type="aux"/>
                </token>
                <token content="filling" id="4-5">
                    <pos type="VBG"/>
                    <lemma type="fill"/>
                    <dep head="4-8" type="advcl"/>
                </token>
                <token content="up" id="4-6">
                    <pos type="RP"/>
                    <lemma type="up"/>
                    <dep head="4-5" type="prt"/>
                </token>
                <token content="I" id="4-7">
                    <pos type="PRP"/>
                    <lemma type="I"/>
                    <dep head="4-8" type="nsubj"/>
                </token>
                <token content="undressed" id="4-8">
                    <pos type="VBD"/>
                    <lemma type="undress"/>
                </token>
                <token content="myself" id="4-9">
                    <pos type="PRP"/>
                    <lemma type="myself"/>
                    <dep head="4-8" type="dobj"/>
                </token>
                <token content="and" id="4-10"/>
                <token content="put" id="4-11">
                    <pos type="VBD"/>
                    <lemma type="put"/>
                    <dep head="4-8" type="conj"/>
                </token>
                <token content="the" id="4-12">
                    <pos type="DT"/>
                    <lemma type="the"/>
                </token>
                <token content="dirty" id="4-13">
                    <pos type="JJ"/>
                    <lemma type="dirty"/>
                </token>
                <token content="soiled" id="4-14">
                    <pos type="JJ"/>
                    <lemma type="soiled"/>
                </token>
                <token content="clothing" id="4-15">
                    <pos type="NN"/>
                    <lemma type="clothing"/>
                    <dep head="4-11" type="dobj"/>
                </token>
                <token content="in" id="4-16"/>
                <token content="the" id="4-17">
                    <pos type="DT"/>
                    <lemma type="the"/>
                </token>
                <token content="the" id="4-18">
                    <pos type="DT"/>
                    <lemma type="the"/>
                </token>
                <token content="hamper" id="4-19">
                    <pos type="NN"/>
                    <lemma type="hamper"/>
                    <dep head="4-11" type="prep"/>
                </token>
                <token content="." id="4-20"/>
            </sentence>
            <sentence id="5">
                <token content="I" id="5-1">
                    <pos type="PRP"/>
                    <lemma type="I"/>
                    <dep head="5-2" type="nsubj"/>
                </token>
                <token content="turned" id="5-2">
                    <pos type="VBD"/>
                    <lemma type="turn"/>
                </token>
                <token content="the" id="5-3">
                    <pos type="DT"/>
                    <lemma type="the"/>
                </token>
                <token content="water" id="5-4">
                    <pos type="NN"/>
                    <lemma type="water"/>
                    <dep head="5-2" type="dobj"/>
                </token>
                <token content="off" id="5-5">
                    <pos type="RP"/>
                    <lemma type="off"/>
                    <dep head="5-2" type="prt"/>
                </token>
                <token content="and" id="5-6"/>
                <token content="got" id="5-7">
                    <pos type="VBD"/>
                    <lemma type="get"/>
                    <dep head="5-2" type="conj"/>
                </token>
                <token content="into" id="5-8"/>
                <token content="the" id="5-9">
                    <pos type="DT"/>
                    <lemma type="the"/>
                </token>
                <token content="nice" id="5-10">
                    <pos type="JJ"/>
                    <lemma type="nice"/>
                </token>
                <token content="hot" id="5-11">
                    <pos type="JJ"/>
                    <lemma type="hot"/>
                </token>
                <token content="relaxing" id="5-12">
                    <pos type="JJ"/>
                    <lemma type="relaxing"/>
                </token>
                <token content="tub" id="5-13">
                    <pos type="NN"/>
                    <lemma type="tub"/>
                    <dep head="5-7" type="prep"/>
                </token>
                <token content="of" id="5-14"/>
                <token content="water" id="5-15">
                    <pos type="NN"/>
                    <lemma type="water"/>
                </token>
                <token content="." id="5-16"/>
            </sentence>
            <sentence id="6">
                <token content="I" id="6-1">
                    <pos type="PRP"/>
                    <lemma type="I"/>
                    <dep head="6-2" type="nsubj"/>
                </token>
                <token content="added" id="6-2">
                    <pos type="VBD"/>
                    <lemma type="add"/>
                </token>
                <token content="some" id="6-3">
                    <pos type="DT"/>
                    <lemma type="some"/>
                </token>
                <token content="bath" id="6-4">
                    <pos type="NN"/>
                    <lemma type="bath"/>
                </token>
                <token content="soap" id="6-5">
                    <pos type="NN"/>
                    <lemma type="soap"/>
                    <dep head="6-2" type="dobj"/>
                </token>
                <token content="into" id="6-6"/>
                <token content="the" id="6-7">
                    <pos type="DT"/>
                    <lemma type="the"/>
                </token>
                <token content="tub" id="6-8">
                    <pos type="NN"/>
                    <lemma type="tub"/>
                    <dep head="6-2" type="prep"/>
                </token>
                <token content="and" id="6-9"/>
                <token content="proceeded" id="6-10">
                    <pos type="VBD"/>
                    <lemma type="proceed"/>
                    <dep head="6-2" type="conj"/>
                </token>
                <token content="to" id="6-11">
                    <pos type="TO"/>
                    <lemma type="to"/>
                    <dep head="6-12" type="aux"/>
                </token>
                <token content="scrub" id="6-12">
                    <pos type="VB"/>
                    <lemma type="scrub"/>
                    <dep head="6-10" type="xcomp"/>
                </token>
                <token content="the" id="6-13">
                    <pos type="DT"/>
                    <lemma type="the"/>
                </token>
                <token content="dirt" id="6-14">
                    <pos type="NN"/>
                    <lemma type="dirt"/>
                    <dep head="6-12" type="dobj"/>
                </token>
                <token content="off" id="6-15"/>
                <token content="my" id="6-16">
                    <pos type="PRP$"/>
                    <lemma type="my"/>
                </token>
                <token content="body" id="6-17">
                    <pos type="NN"/>
                    <lemma type="body"/>
                    <dep head="6-12" type="prep"/>
                </token>
                <token content="with" id="6-18"/>
                <token content="a" id="6-19">
                    <pos type="DT"/>
                    <lemma type="a"/>
                </token>
                <token content="washcloth" id="6-20">
                    <pos type="NN"/>
                    <lemma type="washcloth"/>
                </token>
                <token content="." id="6-21"/>
            </sentence>
            <sentence id="7">
                <token content="After" id="7-1"/>
                <token content="washing" id="7-2">
                    <pos type="VBG"/>
                    <lemma type="wash"/>
                    <dep head="7-9" type="prepc"/>
                </token>
                <token content="myself" id="7-3">
                    <pos type="PRP"/>
                    <lemma type="myself"/>
                    <dep head="7-2" type="dobj"/>
                </token>
                <token content="and" id="7-4"/>
                <token content="relaxing" id="7-5">
                    <pos type="VBG"/>
                    <lemma type="relax"/>
                    <dep head="7-2" type="conj"/>
                </token>
                <token content="a" id="7-6">
                    <pos type="DT"/>
                    <lemma type="a"/>
                </token>
                <token content="bit" id="7-7">
                    <pos type="NN"/>
                    <lemma type="bit"/>
                    <dep head="7-5" type="dobj"/>
                </token>
                <token content="I" id="7-8">
                    <pos type="PRP"/>
                    <lemma type="I"/>
                    <dep head="7-9" type="nsubj"/>
                </token>
                <token content="unclog" id="7-9">
                    <pos type="VB"/>
                    <lemma type="unclog"/>
                </token>
                <token content="the" id="7-10">
                    <pos type="DT"/>
                    <lemma type="the"/>
                </token>
                <token content="drain" id="7-11">
                    <pos type="NN"/>
                    <lemma type="drain"/>
                    <dep head="7-9" type="dobj"/>
                </token>
                <token content="and" id="7-12"/>
                <token content="watch" id="7-13">
                    <pos type="VB"/>
                    <lemma type="watch"/>
                    <dep head="7-9" type="conj"/>
                </token>
                <token content="the" id="7-14">
                    <pos type="DT"/>
                    <lemma type="the"/>
                </token>
                <token content="dirty" id="7-15">
                    <pos type="JJ"/>
                    <lemma type="dirty"/>
                </token>
                <token content="soapy" id="7-16">
                    <pos type="JJ"/>
                    <lemma type="soapy"/>
                </token>
                <token content="water" id="7-17">
                    <pos type="NN"/>
                    <lemma type="water"/>
                </token>
                <token content="spiral" id="7-18">
                    <pos type="NN"/>
                    <lemma type="spiral"/>
                    <dep head="7-13" type="dobj"/>
                </token>
                <token content="down" id="7-19">
                    <pos type="RB"/>
                    <lemma type="down"/>
                    <dep head="7-13" type="advmod"/>
                </token>
                <token content="the" id="7-20">
                    <pos type="DT"/>
                    <lemma type="the"/>
                </token>
                <token content="drain" id="7-21">
                    <pos type="NN"/>
                    <lemma type="drain"/>
                </token>
                <token content="." id="7-22"/>
            </sentence>
            <sentence id="8">
                <token content="I" id="8-1">
                    <pos type="PRP"/>
                    <lemma type="I"/>
                    <dep head="8-2" type="nsubj"/>
                </token>
                <token content="rinse" id="8-2">
                    <pos type="VBP"/>
                    <lemma type="rinse"/>
                </token>
                <token content="body" id="8-3">
                    <pos type="NN"/>
                    <lemma type="body"/>
                    <dep head="8-2" type="dobj"/>
                </token>
                <token content="quickly" id="8-4">
                    <pos type="RB"/>
                    <lemma type="quickly"/>
                    <dep head="8-2" type="advmod"/>
                </token>
                <token content="in" id="8-5"/>
                <token content="the" id="8-6">
                    <pos type="DT"/>
                    <lemma type="the"/>
                </token>
                <token content="shower" id="8-7">
                    <pos type="NN"/>
                    <lemma type="shower"/>
                    <dep head="8-2" type="prep"/>
                </token>
                <token content="to" id="8-8">
                    <pos type="TO"/>
                    <lemma type="to"/>
                    <dep head="8-9" type="aux"/>
                </token>
                <token content="rinse" id="8-9">
                    <pos type="VB"/>
                    <lemma type="rinse"/>
                </token>
                <token content="the" id="8-10">
                    <pos type="DT"/>
                    <lemma type="the"/>
                </token>
                <token content="soap" id="8-11">
                    <pos type="NN"/>
                    <lemma type="soap"/>
                    <dep head="8-9" type="dobj"/>
                </token>
                <token content="off" id="8-12">
                    <pos type="RP"/>
                    <lemma type="off"/>
                    <dep head="8-9" type="prt"/>
                </token>
                <token content="." id="8-13"/>
            </sentence>
            <sentence id="9">
                <token content="I" id="9-1">
                    <pos type="PRP"/>
                    <lemma type="I"/>
                    <dep head="9-2" type="nsubj"/>
                </token>
                <token content="get" id="9-2">
                    <pos type="VBP"/>
                    <lemma type="get"/>
                </token>
                <token content="out" id="9-3">
                    <pos type="RP"/>
                    <lemma type="out"/>
                    <dep head="9-2" type="prt"/>
                </token>
                <token content="and" id="9-4"/>
                <token content="grab" id="9-5">
                    <pos type="VBP"/>
                    <lemma type="grab"/>
                    <dep head="9-2" type="conj"/>
                </token>
                <token content="a" id="9-6">
                    <pos type="DT"/>
                    <lemma type="a"/>
                </token>
                <token content="towel" id="9-7">
                    <pos type="NN"/>
                    <lemma type="towel"/>
                    <dep head="9-5" type="dobj"/>
                </token>
                <token content="to" id="9-8">
                    <pos type="TO"/>
                    <lemma type="to"/>
                    <dep head="9-9" type="aux"/>
                </token>
                <token content="dry" id="9-9">
                    <pos type="VB"/>
                    <lemma type="dry"/>
                    <dep head="9-5" type="vmod"/>
                </token>
                <token content="myself" id="9-10">
                    <pos type="PRP"/>
                    <lemma type="myself"/>
                    <dep head="9-9" type="dobj"/>
                </token>
                <token content="." id="9-11"/>
            </sentence>
            <sentence id="10">
                <token content="I" id="10-1">
                    <pos type="PRP"/>
                    <lemma type="I"/>
                    <dep head="10-2" type="nsubj"/>
                </token>
                <token content="put" id="10-2">
                    <pos type="VBD"/>
                    <lemma type="put"/>
                </token>
                <token content="on" id="10-3"/>
                <token content="a" id="10-4">
                    <pos type="DT"/>
                    <lemma type="a"/>
                </token>
                <token content="clean" id="10-5">
                    <pos type="JJ"/>
                    <lemma type="clean"/>
                </token>
                <token content="set" id="10-6">
                    <pos type="NN"/>
                    <lemma type="set"/>
                    <dep head="10-2" type="prep"/>
                </token>
                <token content="of" id="10-7"/>
                <token content="clothes" id="10-8">
                    <pos type="NNS"/>
                    <lemma type="clothes"/>
                </token>
                <token content="and" id="10-9"/>
                <token content="feel" id="10-10">
                    <pos type="VBP"/>
                    <lemma type="feel"/>
                    <dep head="10-2" type="conj"/>
                </token>
                <token content="fresh" id="10-11">
                    <pos type="JJ"/>
                    <lemma type="fresh"/>
                    <dep head="10-10" type="acomp"/>
                </token>
                <token content="." id="10-12"/>
            </sentence>
        </sentences>
    </text>
    <annotations>
        <participants>
            <label from="1-1" id="0" name="ScrPart_bather" text="I" type="participant"/>
            <label from="1-5" id="1" name="NPart" text="day" type="participant"/>
            <label from="1-8" id="2" name="NPart" text="tree" type="participant"/>
            <label from="1-14" id="3" name="SuppVComp" text="bath" type="participant"/>
            <label from="1-17" id="4" name="ScrPart_bather" text="myself" type="participant"/>
            <label from="1-22" id="5" name="ScrPart_body_part" text="muscles" type="participant"/>
            <label from="2-1" id="6" name="ScrPart_bather" text="I" type="participant"/>
            <label from="2-5" id="7" name="ScrPart_bathroom" text="bathroom" type="participant"/>
            <label from="2-10" id="8" name="ScrPart_tap" text="faucet" type="participant"/>
            <label from="2-13" id="9" name="ScrPart_bathtub" text="bathtub" type="participant"/>
            <label from="3-3" id="10" name="ScrPart_water" text="water" type="participant"/>
            <label from="3-6" id="11" name="ScrPart_temperature" text="temperature" type="participant"/>
            <label from="3-8" id="12" name="ScrPart_bather" text="I" type="participant"/>
            <label from="3-10" id="13" name="ScrPart_bather" text="I" type="participant"/>
            <label from="3-13" id="14" name="ScrPart_drain" text="drain" type="participant"/>
            <label from="3-17" id="15" name="ScrPart_bathtub" text="bathtub" type="participant"/>
            <label from="4-3" id="16" name="ScrPart_bathtub" text="tub" type="participant"/>
            <label from="4-7" id="17" name="ScrPart_bather" text="I" type="participant"/>
            <label from="4-9" id="18" name="ScrPart_bather" text="myself" type="participant"/>
            <label from="4-15" id="19" name="ScrPart_clothes" text="clothing" type="participant"/>
            <label from="4-19" id="20" name="ScrPart_hamper" text="hamper" type="participant"/>
            <label from="5-1" id="21" name="ScrPart_bather" text="I" type="participant"/>
            <label from="5-4" id="22" name="ScrPart_water" text="water" type="participant"/>
            <label from="5-13" id="23" name="ScrPart_bathtub" text="tub" type="participant"/>
            <label from="5-15" id="24" name="ScrPart_water" text="water" type="participant"/>
            <label from="6-1" id="25" name="ScrPart_bather" text="I" type="participant"/>
            <label from="6-4" id="26" name="ScrPart_bath_means" text="bath soap" to="6-5" type="participant"/>
            <label from="6-5" id="27" name="ScrPart_bath_means" text="soap" type="participant"/>
            <label from="6-8" id="28" name="ScrPart_bathtub" text="tub" type="participant"/>
            <label from="6-14" id="29" name="ScrPart_other" text="dirt" type="participant"/>
            <label from="6-16" id="30" name="ScrPart_bather" text="my" type="participant"/>
            <label from="6-17" id="31" name="ScrPart_body_part" text="body" type="participant"/>
            <label from="6-20" id="32" name="ScrPart_washing_tools" text="washcloth" type="participant"/>
            <label from="7-3" id="33" name="ScrPart_bather" text="myself" type="participant"/>
            <label from="7-7" id="34" name="No_label" text="bit" type="participant"/>
            <label from="7-8" id="35" name="ScrPart_bather" text="I" type="participant"/>
            <label from="7-11" id="36" name="ScrPart_drain" text="drain" type="participant"/>
            <label from="7-17" id="37" name="ScrPart_water" text="water" type="participant"/>
            <label from="7-21" id="38" name="ScrPart_drain" text="drain" type="participant"/>
            <label from="8-1" id="39" name="ScrPart_bather" text="I" type="participant"/>
            <label from="8-3" id="40" name="ScrPart_body_part" text="body" type="participant"/>
            <label from="8-7" id="41" name="ScrPart_shower" text="shower" type="participant"/>
            <label from="8-11" id="42" name="ScrPart_washing_tools" text="soap" type="participant"/>
            <label from="9-1" id="43" name="ScrPart_bather" text="I" type="participant"/>
            <label from="9-7" id="44" name="ScrPart_towel" text="towel" type="participant"/>
            <label from="9-10" id="45" name="ScrPart_bather" text="myself" type="participant"/>
            <label from="10-1" id="46" name="ScrPart_bather" text="I" type="participant"/>
            <label from="10-6" id="47" name="Head_of_Partitive" text="set" type="participant"/>
            <label from="10-8" id="48" name="ScrPart_clothes" text="clothes" type="participant"/>
        </participants>
        <events>
            <label from="1-3" id="49" name="UnrelEv" text="spent" type="event"/>
            <label from="1-6" id="50" name="UnrelEv" text="planting" type="event"/>
            <label from="1-10" id="51" name="UnrelEv" text="needed" type="event"/>
            <label from="1-12" id="52" name="Evoking" text="take a bath" to="1-14" type="event"/>
            <label from="1-16" id="53" name="ScrEv_wash" text="clean" type="event"/>
            <label from="1-19" id="54" name="ScrEv_relax" text="relax" type="event"/>
            <label from="1-21" id="55" name="UnrelEv" text="tired" type="event"/>
            <label from="2-2" id="56" name="ScrEv_enter_bathroom" text="went" type="event"/>
            <label from="2-7" id="57" name="ScrEv_turn_water_on" text="turned on" to="2-8" type="event"/>
            <label from="2-7" id="58" name="ScrEv_turn_water_on" text="turned" type="event"/>
            <label from="3-4" id="59" name="RelNScrEv" text="reached" type="event"/>
            <label from="3-9" id="60" name="UnrelEv" text="wanted" type="event"/>
            <label from="3-11" id="61" name="ScrEv_close_drain" text="plugged" type="event"/>
            <label from="3-15" id="62" name="ScrEv_fill_water/wait" text="fill" type="event"/>
            <label from="4-5" id="63" name="ScrEv_fill_water/wait" text="filling up" to="4-6" type="event"/>
            <label from="4-5" id="64" name="ScrEv_fill_water/wait" text="filling" type="event"/>
            <label from="4-8" id="65" name="ScrEv_undress" text="undressed" type="event"/>
            <label from="4-11" id="66" name="RelNScrEv" text="put" type="event"/>
            <label from="4-14" id="67" name="UnrelEv" text="soiled" type="event"/>
            <label from="5-2" id="68" name="ScrEv_turn_water_off" text="turned" type="event"/>
            <label from="5-7" id="69" name="ScrEv_sink_water" text="got into" to="5-8" type="event"/>
            <label from="5-7" id="70" name="ScrEv_sink_water" text="got" type="event"/>
            <label from="5-12" id="71" name="ScrEv_relax" text="relaxing" type="event"/>
            <label from="6-2" id="72" name="ScrEv_put_bubble_bath_scent" text="added" type="event"/>
            <label from="6-10" id="73" name="UnrelEv" text="proceeded" type="event"/>
            <label from="6-12" id="74" name="ScrEv_wash" text="scrub" type="event"/>
            <label from="7-2" id="75" name="ScrEv_wash" text="washing" type="event"/>
            <label from="7-5" id="76" name="ScrEv_relax" text="relaxing" type="event"/>
            <label from="7-9" id="77" name="ScrEv_open_drain" text="unclog" type="event"/>
            <label from="7-13" id="78" name="UnrelEv" text="watch" type="event"/>
            <label from="7-18" id="79" name="ScrEv_open_drain" text="spiral down" to="7-19" type="event"/>
            <label from="7-18" id="80" name="ScrEv_open_drain" text="spiral" type="event"/>
            <label from="8-2" id="81" name="ScrEv_wash" text="rinse" type="event"/>
            <label from="8-9" id="82" name="ScrEv_wash" text="rinse" type="event"/>
            <label from="9-2" id="83" name="ScrEv_get_out_bath" text="get out" to="9-3" type="event"/>
            <label from="9-2" id="84" name="ScrEv_get_out_bath" text="get" type="event"/>
            <label from="9-5" id="85" name="ScrEv_get_towel" text="grab" type="event"/>
            <label from="9-9" id="86" name="ScrEv_dry" text="dry" type="event"/>
            <label from="10-2" id="87" name="ScrEv_get_dressed" text="put on" to="10-3" type="event"/>
            <label from="10-2" id="88" name="ScrEv_get_dressed" text="put" type="event"/>
            <label from="10-10" id="89" name="RelNScrEv" text="feel" type="event"/>
        </events>
        <chains>
            <chain elements="0 4 6 12 13 17 18 21 25 30 33 35 39 43 45 46"/>
            <chain elements="9 15 16 23 28"/>
            <chain elements="10 22 24 37"/>
            <chain elements="14 36 38"/>
            <chain elements="31 40"/>
        </chains>
    </annotations>
</story>
