<?xml version="1.0" encoding="UTF-8" standalone="no"?>
<!DOCTYPE story SYSTEM "../InScript.dtd">
<story id="096" scenario="bath">
    <text>
        <content>In the evening I take baths . 
Today is no different . 
After a long day , it 's such a relaxing thing to do . 
I turned the hot and cold handles to the exact right place out of habit and filled tub with hot water . 
I slid down into the tub and was instantly comfortable . 
My aching muscles were finally getting to relax . 
As I let the water warm me up , I washed myself with a soapy washcloth careful to get all the dirt and grime off . 
After cleaning up a bit , I grabbed my book and began to read . 
After about 20 minutes I let the water drain . 
I got out and dried off with my huge , soft towel . 
I put on my robe and threw the towel over the edge off the bathtub . 
I felt completely refreshed and ready to continue reading in my bedroom , and my muscles were n't quite as sore as before . </content>
        <sentences>
            <sentence id="1">
                <token content="In" id="1-1"/>
                <token content="the" id="1-2">
                    <pos type="DT"/>
                    <lemma type="the"/>
                </token>
                <token content="evening" id="1-3">
                    <pos type="NN"/>
                    <lemma type="evening"/>
                    <dep head="1-5" type="prep"/>
                </token>
                <token content="I" id="1-4">
                    <pos type="PRP"/>
                    <lemma type="I"/>
                    <dep head="1-5" type="nsubj"/>
                </token>
                <token content="take" id="1-5">
                    <pos type="VBP"/>
                    <lemma type="take"/>
                </token>
                <token content="baths" id="1-6">
                    <pos type="NNS"/>
                    <lemma type="bath"/>
                    <dep head="1-5" type="dobj"/>
                </token>
                <token content="." id="1-7"/>
            </sentence>
            <sentence id="2">
                <token content="Today" id="2-1">
                    <pos type="NNP"/>
                    <lemma type="Today"/>
                </token>
                <token content="is" id="2-2">
                    <pos type="VBZ"/>
                    <lemma type="be"/>
                </token>
                <token content="no" id="2-3">
                    <pos type="RB"/>
                    <lemma type="no"/>
                </token>
                <token content="different" id="2-4">
                    <pos type="JJ"/>
                    <lemma type="different"/>
                </token>
                <token content="." id="2-5"/>
            </sentence>
            <sentence id="3">
                <token content="After" id="3-1"/>
                <token content="a" id="3-2">
                    <pos type="DT"/>
                    <lemma type="a"/>
                </token>
                <token content="long" id="3-3">
                    <pos type="JJ"/>
                    <lemma type="long"/>
                </token>
                <token content="day" id="3-4">
                    <pos type="NN"/>
                    <lemma type="day"/>
                </token>
                <token content="," id="3-5"/>
                <token content="it" id="3-6">
                    <pos type="PRP"/>
                    <lemma type="it"/>
                </token>
                <token content="'s" id="3-7">
                    <pos type="VBZ"/>
                    <lemma type="be"/>
                </token>
                <token content="such" id="3-8">
                    <pos type="PDT"/>
                    <lemma type="such"/>
                </token>
                <token content="a" id="3-9">
                    <pos type="DT"/>
                    <lemma type="a"/>
                </token>
                <token content="relaxing" id="3-10">
                    <pos type="JJ"/>
                    <lemma type="relaxing"/>
                </token>
                <token content="thing" id="3-11">
                    <pos type="NN"/>
                    <lemma type="thing"/>
                </token>
                <token content="to" id="3-12">
                    <pos type="TO"/>
                    <lemma type="to"/>
                    <dep head="3-13" type="aux"/>
                </token>
                <token content="do" id="3-13">
                    <pos type="VB"/>
                    <lemma type="do"/>
                </token>
                <token content="." id="3-14"/>
            </sentence>
            <sentence id="4">
                <token content="I" id="4-1">
                    <pos type="PRP"/>
                    <lemma type="I"/>
                    <dep head="4-2" type="nsubj"/>
                </token>
                <token content="turned" id="4-2">
                    <pos type="VBD"/>
                    <lemma type="turn"/>
                </token>
                <token content="the" id="4-3">
                    <pos type="DT"/>
                    <lemma type="the"/>
                </token>
                <token content="hot" id="4-4">
                    <pos type="JJ"/>
                    <lemma type="hot"/>
                    <dep head="4-7" type="nsubj"/>
                </token>
                <token content="and" id="4-5"/>
                <token content="cold" id="4-6">
                    <pos type="JJ"/>
                    <lemma type="cold"/>
                </token>
                <token content="handles" id="4-7">
                    <pos type="VBZ"/>
                    <lemma type="handle"/>
                    <dep head="4-2" type="ccomp"/>
                </token>
                <token content="to" id="4-8"/>
                <token content="the" id="4-9">
                    <pos type="DT"/>
                    <lemma type="the"/>
                </token>
                <token content="exact" id="4-10">
                    <pos type="JJ"/>
                    <lemma type="exact"/>
                </token>
                <token content="right" id="4-11">
                    <pos type="NN"/>
                    <lemma type="right"/>
                </token>
                <token content="place" id="4-12">
                    <pos type="NN"/>
                    <lemma type="place"/>
                    <dep head="4-7" type="prep"/>
                </token>
                <token content="out" id="4-13"/>
                <token content="of" id="4-14"/>
                <token content="habit" id="4-15">
                    <pos type="NN"/>
                    <lemma type="habit"/>
                </token>
                <token content="and" id="4-16"/>
                <token content="filled" id="4-17">
                    <pos type="VBD"/>
                    <lemma type="fill"/>
                    <dep head="4-7" type="conj"/>
                </token>
                <token content="tub" id="4-18">
                    <pos type="NN"/>
                    <lemma type="tub"/>
                    <dep head="4-17" type="dobj"/>
                </token>
                <token content="with" id="4-19"/>
                <token content="hot" id="4-20">
                    <pos type="JJ"/>
                    <lemma type="hot"/>
                </token>
                <token content="water" id="4-21">
                    <pos type="NN"/>
                    <lemma type="water"/>
                    <dep head="4-17" type="prep"/>
                </token>
                <token content="." id="4-22"/>
            </sentence>
            <sentence id="5">
                <token content="I" id="5-1">
                    <pos type="PRP"/>
                    <lemma type="I"/>
                    <dep head="5-2" type="nsubj"/>
                </token>
                <token content="slid" id="5-2">
                    <pos type="VBD"/>
                    <lemma type="slide"/>
                </token>
                <token content="down" id="5-3">
                    <pos type="RP"/>
                    <lemma type="down"/>
                    <dep head="5-2" type="prt"/>
                </token>
                <token content="into" id="5-4"/>
                <token content="the" id="5-5">
                    <pos type="DT"/>
                    <lemma type="the"/>
                </token>
                <token content="tub" id="5-6">
                    <pos type="NN"/>
                    <lemma type="tub"/>
                    <dep head="5-2" type="prep"/>
                </token>
                <token content="and" id="5-7"/>
                <token content="was" id="5-8">
                    <pos type="VBD"/>
                    <lemma type="be"/>
                </token>
                <token content="instantly" id="5-9">
                    <pos type="RB"/>
                    <lemma type="instantly"/>
                </token>
                <token content="comfortable" id="5-10">
                    <pos type="JJ"/>
                    <lemma type="comfortable"/>
                    <dep head="5-2" type="conj"/>
                </token>
                <token content="." id="5-11"/>
            </sentence>
            <sentence id="6">
                <token content="My" id="6-1">
                    <pos type="PRP$"/>
                    <lemma type="my"/>
                </token>
                <token content="aching" id="6-2">
                    <pos type="JJ"/>
                    <lemma type="aching"/>
                </token>
                <token content="muscles" id="6-3">
                    <pos type="NNS"/>
                    <lemma type="muscle"/>
                    <dep head="6-6" type="nsubj"/>
                </token>
                <token content="were" id="6-4">
                    <pos type="VBD"/>
                    <lemma type="be"/>
                    <dep head="6-6" type="aux"/>
                </token>
                <token content="finally" id="6-5">
                    <pos type="RB"/>
                    <lemma type="finally"/>
                    <dep head="6-6" type="advmod"/>
                </token>
                <token content="getting" id="6-6">
                    <pos type="VBG"/>
                    <lemma type="get"/>
                </token>
                <token content="to" id="6-7">
                    <pos type="TO"/>
                    <lemma type="to"/>
                    <dep head="6-8" type="aux"/>
                </token>
                <token content="relax" id="6-8">
                    <pos type="VB"/>
                    <lemma type="relax"/>
                    <dep head="6-6" type="xcomp"/>
                </token>
                <token content="." id="6-9"/>
            </sentence>
            <sentence id="7">
                <token content="As" id="7-1">
                    <pos type="IN"/>
                    <lemma type="as"/>
                    <dep head="7-3" type="mark"/>
                </token>
                <token content="I" id="7-2">
                    <pos type="PRP"/>
                    <lemma type="I"/>
                    <dep head="7-3" type="nsubj"/>
                </token>
                <token content="let" id="7-3">
                    <pos type="VBP"/>
                    <lemma type="let"/>
                    <dep head="7-11" type="advcl"/>
                </token>
                <token content="the" id="7-4">
                    <pos type="DT"/>
                    <lemma type="the"/>
                </token>
                <token content="water" id="7-5">
                    <pos type="NN"/>
                    <lemma type="water"/>
                    <dep head="7-6" type="nsubj"/>
                </token>
                <token content="warm" id="7-6">
                    <pos type="VB"/>
                    <lemma type="warm"/>
                    <dep head="7-3" type="ccomp"/>
                </token>
                <token content="me" id="7-7">
                    <pos type="PRP"/>
                    <lemma type="I"/>
                    <dep head="7-6" type="dobj"/>
                </token>
                <token content="up" id="7-8">
                    <pos type="RP"/>
                    <lemma type="up"/>
                    <dep head="7-6" type="prt"/>
                </token>
                <token content="," id="7-9"/>
                <token content="I" id="7-10">
                    <pos type="PRP"/>
                    <lemma type="I"/>
                    <dep head="7-11" type="nsubj"/>
                </token>
                <token content="washed" id="7-11">
                    <pos type="VBD"/>
                    <lemma type="wash"/>
                </token>
                <token content="myself" id="7-12">
                    <pos type="PRP"/>
                    <lemma type="myself"/>
                    <dep head="7-11" type="dobj"/>
                </token>
                <token content="with" id="7-13"/>
                <token content="a" id="7-14">
                    <pos type="DT"/>
                    <lemma type="a"/>
                </token>
                <token content="soapy" id="7-15">
                    <pos type="JJ"/>
                    <lemma type="soapy"/>
                </token>
                <token content="washcloth" id="7-16">
                    <pos type="NN"/>
                    <lemma type="washcloth"/>
                    <dep head="7-11" type="prep"/>
                </token>
                <token content="careful" id="7-17">
                    <pos type="JJ"/>
                    <lemma type="careful"/>
                </token>
                <token content="to" id="7-18">
                    <pos type="TO"/>
                    <lemma type="to"/>
                    <dep head="7-19" type="aux"/>
                </token>
                <token content="get" id="7-19">
                    <pos type="VB"/>
                    <lemma type="get"/>
                </token>
                <token content="all" id="7-20">
                    <pos type="PDT"/>
                    <lemma type="all"/>
                </token>
                <token content="the" id="7-21">
                    <pos type="DT"/>
                    <lemma type="the"/>
                </token>
                <token content="dirt" id="7-22">
                    <pos type="NN"/>
                    <lemma type="dirt"/>
                    <dep head="7-19" type="dobj"/>
                </token>
                <token content="and" id="7-23"/>
                <token content="grime" id="7-24">
                    <pos type="VB"/>
                    <lemma type="grime"/>
                    <dep head="7-19" type="conj"/>
                </token>
                <token content="off" id="7-25">
                    <pos type="RP"/>
                    <lemma type="off"/>
                    <dep head="7-24" type="prt"/>
                </token>
                <token content="." id="7-26"/>
            </sentence>
            <sentence id="8">
                <token content="After" id="8-1"/>
                <token content="cleaning" id="8-2">
                    <pos type="VBG"/>
                    <lemma type="clean"/>
                    <dep head="8-8" type="prepc"/>
                </token>
                <token content="up" id="8-3">
                    <pos type="RP"/>
                    <lemma type="up"/>
                    <dep head="8-2" type="prt"/>
                </token>
                <token content="a" id="8-4">
                    <pos type="DT"/>
                    <lemma type="a"/>
                </token>
                <token content="bit" id="8-5">
                    <pos type="NN"/>
                    <lemma type="bit"/>
                    <dep head="8-2" type="dobj"/>
                </token>
                <token content="," id="8-6"/>
                <token content="I" id="8-7">
                    <pos type="PRP"/>
                    <lemma type="I"/>
                    <dep head="8-8" type="nsubj"/>
                </token>
                <token content="grabbed" id="8-8">
                    <pos type="VBD"/>
                    <lemma type="grab"/>
                </token>
                <token content="my" id="8-9">
                    <pos type="PRP$"/>
                    <lemma type="my"/>
                </token>
                <token content="book" id="8-10">
                    <pos type="NN"/>
                    <lemma type="book"/>
                    <dep head="8-8" type="dobj"/>
                </token>
                <token content="and" id="8-11"/>
                <token content="began" id="8-12">
                    <pos type="VBD"/>
                    <lemma type="begin"/>
                    <dep head="8-8" type="conj"/>
                </token>
                <token content="to" id="8-13">
                    <pos type="TO"/>
                    <lemma type="to"/>
                    <dep head="8-14" type="aux"/>
                </token>
                <token content="read" id="8-14">
                    <pos type="VB"/>
                    <lemma type="read"/>
                    <dep head="8-12" type="xcomp"/>
                </token>
                <token content="." id="8-15"/>
            </sentence>
            <sentence id="9">
                <token content="After" id="9-1"/>
                <token content="about" id="9-2">
                    <pos type="RB"/>
                    <lemma type="about"/>
                </token>
                <token content="20" id="9-3">
                    <pos type="CD"/>
                    <lemma type="20"/>
                </token>
                <token content="minutes" id="9-4">
                    <pos type="NNS"/>
                    <lemma type="minute"/>
                    <dep head="9-6" type="prep"/>
                </token>
                <token content="I" id="9-5">
                    <pos type="PRP"/>
                    <lemma type="I"/>
                    <dep head="9-6" type="nsubj"/>
                </token>
                <token content="let" id="9-6">
                    <pos type="VBP"/>
                    <lemma type="let"/>
                </token>
                <token content="the" id="9-7">
                    <pos type="DT"/>
                    <lemma type="the"/>
                </token>
                <token content="water" id="9-8">
                    <pos type="NN"/>
                    <lemma type="water"/>
                </token>
                <token content="drain" id="9-9">
                    <pos type="NN"/>
                    <lemma type="drain"/>
                    <dep head="9-6" type="dobj"/>
                </token>
                <token content="." id="9-10"/>
            </sentence>
            <sentence id="10">
                <token content="I" id="10-1">
                    <pos type="PRP"/>
                    <lemma type="I"/>
                    <dep head="10-2" type="nsubj"/>
                </token>
                <token content="got" id="10-2">
                    <pos type="VBD"/>
                    <lemma type="get"/>
                </token>
                <token content="out" id="10-3">
                    <pos type="RP"/>
                    <lemma type="out"/>
                    <dep head="10-2" type="prt"/>
                </token>
                <token content="and" id="10-4"/>
                <token content="dried" id="10-5">
                    <pos type="VBD"/>
                    <lemma type="dry"/>
                    <dep head="10-2" type="conj"/>
                </token>
                <token content="off" id="10-6">
                    <pos type="RP"/>
                    <lemma type="off"/>
                    <dep head="10-5" type="prt"/>
                </token>
                <token content="with" id="10-7"/>
                <token content="my" id="10-8">
                    <pos type="PRP$"/>
                    <lemma type="my"/>
                </token>
                <token content="huge" id="10-9">
                    <pos type="JJ"/>
                    <lemma type="huge"/>
                </token>
                <token content="," id="10-10"/>
                <token content="soft" id="10-11">
                    <pos type="JJ"/>
                    <lemma type="soft"/>
                </token>
                <token content="towel" id="10-12">
                    <pos type="NN"/>
                    <lemma type="towel"/>
                    <dep head="10-5" type="prep"/>
                </token>
                <token content="." id="10-13"/>
            </sentence>
            <sentence id="11">
                <token content="I" id="11-1">
                    <pos type="PRP"/>
                    <lemma type="I"/>
                    <dep head="11-2" type="nsubj"/>
                </token>
                <token content="put" id="11-2">
                    <pos type="VBD"/>
                    <lemma type="put"/>
                </token>
                <token content="on" id="11-3"/>
                <token content="my" id="11-4">
                    <pos type="PRP$"/>
                    <lemma type="my"/>
                </token>
                <token content="robe" id="11-5">
                    <pos type="NN"/>
                    <lemma type="robe"/>
                    <dep head="11-2" type="prep"/>
                </token>
                <token content="and" id="11-6"/>
                <token content="threw" id="11-7">
                    <pos type="VBD"/>
                    <lemma type="throw"/>
                    <dep head="11-2" type="conj"/>
                </token>
                <token content="the" id="11-8">
                    <pos type="DT"/>
                    <lemma type="the"/>
                </token>
                <token content="towel" id="11-9">
                    <pos type="NN"/>
                    <lemma type="towel"/>
                    <dep head="11-7" type="dobj"/>
                </token>
                <token content="over" id="11-10"/>
                <token content="the" id="11-11">
                    <pos type="DT"/>
                    <lemma type="the"/>
                </token>
                <token content="edge" id="11-12">
                    <pos type="NN"/>
                    <lemma type="edge"/>
                    <dep head="11-7" type="prep"/>
                </token>
                <token content="off" id="11-13"/>
                <token content="the" id="11-14">
                    <pos type="DT"/>
                    <lemma type="the"/>
                </token>
                <token content="bathtub" id="11-15">
                    <pos type="NN"/>
                    <lemma type="bathtub"/>
                    <dep head="11-7" type="prep"/>
                </token>
                <token content="." id="11-16"/>
            </sentence>
            <sentence id="12">
                <token content="I" id="12-1">
                    <pos type="PRP"/>
                    <lemma type="I"/>
                    <dep head="12-2" type="nsubj"/>
                </token>
                <token content="felt" id="12-2">
                    <pos type="VBD"/>
                    <lemma type="feel"/>
                </token>
                <token content="completely" id="12-3">
                    <pos type="RB"/>
                    <lemma type="completely"/>
                </token>
                <token content="refreshed" id="12-4">
                    <pos type="JJ"/>
                    <lemma type="refreshed"/>
                    <dep head="12-2" type="acomp"/>
                </token>
                <token content="and" id="12-5"/>
                <token content="ready" id="12-6">
                    <pos type="JJ"/>
                    <lemma type="ready"/>
                </token>
                <token content="to" id="12-7">
                    <pos type="TO"/>
                    <lemma type="to"/>
                    <dep head="12-8" type="aux"/>
                </token>
                <token content="continue" id="12-8">
                    <pos type="VB"/>
                    <lemma type="continue"/>
                </token>
                <token content="reading" id="12-9">
                    <pos type="NN"/>
                    <lemma type="reading"/>
                    <dep head="12-8" type="dobj"/>
                </token>
                <token content="in" id="12-10"/>
                <token content="my" id="12-11">
                    <pos type="PRP$"/>
                    <lemma type="my"/>
                </token>
                <token content="bedroom" id="12-12">
                    <pos type="NN"/>
                    <lemma type="bedroom"/>
                    <dep head="12-8" type="prep"/>
                </token>
                <token content="," id="12-13"/>
                <token content="and" id="12-14"/>
                <token content="my" id="12-15">
                    <pos type="PRP$"/>
                    <lemma type="my"/>
                </token>
                <token content="muscles" id="12-16">
                    <pos type="NNS"/>
                    <lemma type="muscle"/>
                </token>
                <token content="were" id="12-17">
                    <pos type="VBD"/>
                    <lemma type="be"/>
                </token>
                <token content="n't" id="12-18">
                    <pos type="RB"/>
                    <lemma type="not"/>
                </token>
                <token content="quite" id="12-19">
                    <pos type="RB"/>
                    <lemma type="quite"/>
                </token>
                <token content="as" id="12-20">
                    <pos type="RB"/>
                    <lemma type="as"/>
                </token>
                <token content="sore" id="12-21">
                    <pos type="JJ"/>
                    <lemma type="sore"/>
                    <dep head="12-2" type="conj"/>
                </token>
                <token content="as" id="12-22">
                    <pos type="IN"/>
                    <lemma type="as"/>
                </token>
                <token content="before" id="12-23">
                    <pos type="RB"/>
                    <lemma type="before"/>
                </token>
                <token content="." id="12-24"/>
            </sentence>
        </sentences>
    </text>
    <annotations>
        <participants>
            <label from="1-3" id="0" name="NPart" text="evening" type="participant"/>
            <label from="1-4" id="1" name="ScrPart_bather" text="I" type="participant"/>
            <label from="1-6" id="2" name="SuppVComp" text="baths" type="participant"/>
            <label from="2-1" id="3" name="NPart" text="Today" type="participant"/>
            <label from="3-4" id="4" name="NPart" text="day" type="participant"/>
            <label from="3-6" id="5" name="ScrPart_bath" text="it" type="participant"/>
            <label from="3-11" id="6" name="No_label" text="thing" type="participant"/>
            <label from="4-1" id="7" name="ScrPart_bather" text="I" type="participant"/>
            <label from="4-7" id="8" name="ScrPart_tap" text="handles" type="participant"/>
            <label from="4-12" id="9" name="No_label" text="place" type="participant"/>
            <label from="4-15" id="10" name="No_label" text="habit" type="participant"/>
            <label from="4-18" id="11" name="ScrPart_bathtub" text="tub" type="participant"/>
            <label from="4-21" id="12" name="ScrPart_water" text="water" type="participant"/>
            <label from="5-1" id="13" name="ScrPart_bather" text="I" type="participant"/>
            <label from="5-6" id="14" name="ScrPart_bathtub" text="tub" type="participant"/>
            <label from="6-1" id="15" name="ScrPart_bather" text="My" type="participant"/>
            <label from="6-3" id="16" name="ScrPart_body_part" text="muscles" type="participant"/>
            <label from="7-2" id="17" name="ScrPart_bather" text="I" type="participant"/>
            <label from="7-5" id="18" name="ScrPart_water" text="water" type="participant"/>
            <label from="7-7" id="19" name="ScrPart_bather" text="me" type="participant"/>
            <label from="7-10" id="20" name="ScrPart_bather" text="I" type="participant"/>
            <label from="7-12" id="21" name="ScrPart_bather" text="myself" type="participant"/>
            <label from="7-16" id="22" name="ScrPart_washing_tools" text="washcloth" type="participant"/>
            <label from="7-22" id="23" name="ScrPart_other" text="dirt" type="participant"/>
            <label from="7-24" id="24" name="ScrPart_other" text="grime" type="participant"/>
            <label from="8-5" id="25" name="No_label" text="bit" type="participant"/>
            <label from="8-7" id="26" name="ScrPart_bather" text="I" type="participant"/>
            <label from="8-9" id="27" name="ScrPart_bather" text="my" type="participant"/>
            <label from="8-10" id="28" name="ScrPart_in-bath_entertainment" text="book" type="participant"/>
            <label from="9-4" id="29" name="NPart" text="minutes" type="participant"/>
            <label from="9-5" id="30" name="ScrPart_bather" text="I" type="participant"/>
            <label from="9-8" id="31" name="ScrPart_water" text="water" type="participant"/>
            <label from="10-1" id="32" name="ScrPart_bather" text="I" type="participant"/>
            <label from="10-8" id="33" name="ScrPart_bather" text="my" type="participant"/>
            <label from="10-12" id="34" name="ScrPart_towel" text="towel" type="participant"/>
            <label from="11-1" id="35" name="ScrPart_bather" text="I" type="participant"/>
            <label from="11-4" id="36" name="ScrPart_bather" text="my" type="participant"/>
            <label from="11-5" id="37" name="ScrPart_clothes" text="robe" type="participant"/>
            <label from="11-9" id="38" name="ScrPart_towel" text="towel" type="participant"/>
            <label from="11-12" id="39" name="Head_of_Partitive" text="edge" type="participant"/>
            <label from="11-15" id="40" name="ScrPart_bathtub" text="bathtub" type="participant"/>
            <label from="12-1" id="41" name="ScrPart_bather" text="I" type="participant"/>
            <label from="12-11" id="42" name="ScrPart_bather" text="my" type="participant"/>
            <label from="12-12" id="43" name="NPart" text="bedroom" type="participant"/>
            <label from="12-15" id="44" name="ScrPart_bather" text="my" type="participant"/>
            <label from="12-16" id="45" name="ScrPart_body_part" text="muscles" type="participant"/>
        </participants>
        <events>
            <label from="1-5" id="46" name="Evoking" text="take baths" to="1-6" type="event"/>
            <label from="2-2" id="47" name="UnrelEv" text="is" type="event"/>
            <label from="3-10" id="48" name="ScrEv_relax" text="relaxing" type="event"/>
            <label from="3-13" id="49" name="UnrelEv" text="do" type="event"/>
            <label from="4-2" id="50" name="ScrEv_turn_water_on" text="turned" type="event"/>
            <label from="4-17" id="51" name="ScrEv_fill_water/wait" text="filled" type="event"/>
            <label from="5-2" id="52" name="ScrEv_sink_water" text="slid" type="event"/>
            <label from="5-8" id="53" name="UnrelEv" text="was" type="event"/>
            <label from="6-2" id="54" name="UnrelEv" text="aching" type="event"/>
            <label from="6-8" id="55" name="ScrEv_relax" text="relax" type="event"/>
            <label from="7-6" id="56" name="RelNScrEv" text="warm" type="event"/>
            <label from="7-11" id="57" name="ScrEv_wash" text="washed" type="event"/>
            <label from="7-19" id="58" name="ScrEv_wash" text="get" type="event"/>
            <label from="8-2" id="59" name="ScrEv_wash" text="cleaning up" to="8-3" type="event"/>
            <label from="8-2" id="60" name="ScrEv_wash" text="cleaning" type="event"/>
            <label from="8-8" id="61" name="RelNScrEv" text="grabbed" type="event"/>
            <label from="8-14" id="62" name="RelNScrEv" text="read" type="event"/>
            <label from="9-9" id="63" name="ScrEv_open_drain" text="drain" type="event"/>
            <label from="10-2" id="64" name="ScrEv_get_out_bath" text="got out" to="10-3" type="event"/>
            <label from="10-2" id="65" name="ScrEv_get_out_bath" text="got" type="event"/>
            <label from="10-5" id="66" name="ScrEv_dry" text="dried off" to="10-6" type="event"/>
            <label from="10-5" id="67" name="ScrEv_dry" text="dried" type="event"/>
            <label from="11-2" id="68" name="ScrEv_get_dressed" text="put on" to="11-3" type="event"/>
            <label from="11-2" id="69" name="ScrEv_get_dressed" text="put" type="event"/>
            <label from="11-7" id="70" name="RelNScrEv" text="threw" type="event"/>
            <label from="12-2" id="71" name="RelNScrEv" text="felt" type="event"/>
            <label from="12-4" id="72" name="RelNScrEv" text="refreshed" type="event"/>
            <label from="12-8" id="73" name="UnrelEv" text="continue" type="event"/>
            <label from="12-9" id="74" name="UnrelEv" text="reading" type="event"/>
            <label from="12-17" id="75" name="UnrelEv" text="were" type="event"/>
        </events>
        <chains>
            <chain elements="1 7 13 15 17 19 20 21 26 27 30 32 33 35 36 41 42 44"/>
            <chain elements="11 14 40"/>
            <chain elements="12 18 31"/>
            <chain elements="34 38"/>
            <chain elements="16 45"/>
            <chain elements="2 5"/>
        </chains>
    </annotations>
</story>
