<?xml version="1.0" encoding="UTF-8" standalone="no"?>
<!DOCTYPE story SYSTEM "../InScript.dtd">
<story id="022" scenario="bath">
    <text>
        <content>I was getting ready to go out and needed to get cleaned before I went so I decided to take a bath . 
I filled the bathtub with warm water and added some bubble bath . 
I got undressed and stepped into the water . 
I grabbed the soap and rubbed it on my body and rinsed the soap off in the water . 
Then I laid down in the bathtub to get my hair wet the put some shampoo on my hair . 
It was a fruity smelling shampoo and smelled really nice . 
Then I rubbed my hair to get the shampoo through it . 
Then I laid back down in the tub to rinse the shampoo out of my hair . 
Then I laid in the water for about ten minutes meditating . 
Then I got out of the tub and grabbed a towel and dried off . 
Then I got dressed . </content>
        <sentences>
            <sentence id="1">
                <token content="I" id="1-1">
                    <pos type="PRP"/>
                    <lemma type="I"/>
                </token>
                <token content="was" id="1-2">
                    <pos type="VBD"/>
                    <lemma type="be"/>
                </token>
                <token content="getting" id="1-3">
                    <pos type="VBG"/>
                    <lemma type="get"/>
                </token>
                <token content="ready" id="1-4">
                    <pos type="JJ"/>
                    <lemma type="ready"/>
                </token>
                <token content="to" id="1-5">
                    <pos type="TO"/>
                    <lemma type="to"/>
                    <dep head="1-6" type="aux"/>
                </token>
                <token content="go" id="1-6">
                    <pos type="VB"/>
                    <lemma type="go"/>
                </token>
                <token content="out" id="1-7">
                    <pos type="RP"/>
                    <lemma type="out"/>
                    <dep head="1-6" type="prt"/>
                </token>
                <token content="and" id="1-8"/>
                <token content="needed" id="1-9">
                    <pos type="VBN"/>
                    <lemma type="need"/>
                </token>
                <token content="to" id="1-10">
                    <pos type="TO"/>
                    <lemma type="to"/>
                    <dep head="1-12" type="aux"/>
                </token>
                <token content="get" id="1-11">
                    <pos type="VB"/>
                    <lemma type="get"/>
                    <dep head="1-12" type="auxpass"/>
                </token>
                <token content="cleaned" id="1-12">
                    <pos type="VBN"/>
                    <lemma type="clean"/>
                    <dep head="1-9" type="xcomp"/>
                </token>
                <token content="before" id="1-13">
                    <pos type="IN"/>
                    <lemma type="before"/>
                    <dep head="1-15" type="mark"/>
                </token>
                <token content="I" id="1-14">
                    <pos type="PRP"/>
                    <lemma type="I"/>
                    <dep head="1-15" type="nsubj"/>
                </token>
                <token content="went" id="1-15">
                    <pos type="VBD"/>
                    <lemma type="go"/>
                    <dep head="1-12" type="advcl"/>
                </token>
                <token content="so" id="1-16">
                    <pos type="IN"/>
                    <lemma type="so"/>
                    <dep head="1-18" type="mark"/>
                </token>
                <token content="I" id="1-17">
                    <pos type="PRP"/>
                    <lemma type="I"/>
                    <dep head="1-18" type="nsubj"/>
                </token>
                <token content="decided" id="1-18">
                    <pos type="VBD"/>
                    <lemma type="decide"/>
                    <dep head="1-15" type="advcl"/>
                </token>
                <token content="to" id="1-19">
                    <pos type="TO"/>
                    <lemma type="to"/>
                    <dep head="1-20" type="aux"/>
                </token>
                <token content="take" id="1-20">
                    <pos type="VB"/>
                    <lemma type="take"/>
                    <dep head="1-18" type="xcomp"/>
                </token>
                <token content="a" id="1-21">
                    <pos type="DT"/>
                    <lemma type="a"/>
                </token>
                <token content="bath" id="1-22">
                    <pos type="NN"/>
                    <lemma type="bath"/>
                    <dep head="1-20" type="dobj"/>
                </token>
                <token content="." id="1-23"/>
            </sentence>
            <sentence id="2">
                <token content="I" id="2-1">
                    <pos type="PRP"/>
                    <lemma type="I"/>
                    <dep head="2-2" type="nsubj"/>
                </token>
                <token content="filled" id="2-2">
                    <pos type="VBD"/>
                    <lemma type="fill"/>
                </token>
                <token content="the" id="2-3">
                    <pos type="DT"/>
                    <lemma type="the"/>
                </token>
                <token content="bathtub" id="2-4">
                    <pos type="NN"/>
                    <lemma type="bathtub"/>
                    <dep head="2-2" type="dobj"/>
                </token>
                <token content="with" id="2-5"/>
                <token content="warm" id="2-6">
                    <pos type="JJ"/>
                    <lemma type="warm"/>
                </token>
                <token content="water" id="2-7">
                    <pos type="NN"/>
                    <lemma type="water"/>
                    <dep head="2-2" type="prep"/>
                </token>
                <token content="and" id="2-8"/>
                <token content="added" id="2-9">
                    <pos type="VBD"/>
                    <lemma type="add"/>
                    <dep head="2-2" type="conj"/>
                </token>
                <token content="some" id="2-10">
                    <pos type="DT"/>
                    <lemma type="some"/>
                </token>
                <token content="bubble" id="2-11">
                    <pos type="NN"/>
                    <lemma type="bubble"/>
                </token>
                <token content="bath" id="2-12">
                    <pos type="NN"/>
                    <lemma type="bath"/>
                    <dep head="2-9" type="dobj"/>
                </token>
                <token content="." id="2-13"/>
            </sentence>
            <sentence id="3">
                <token content="I" id="3-1">
                    <pos type="PRP"/>
                    <lemma type="I"/>
                    <dep head="3-3" type="nsubjpass"/>
                </token>
                <token content="got" id="3-2">
                    <pos type="VBD"/>
                    <lemma type="get"/>
                    <dep head="3-3" type="auxpass"/>
                </token>
                <token content="undressed" id="3-3">
                    <pos type="VBN"/>
                    <lemma type="undress"/>
                </token>
                <token content="and" id="3-4"/>
                <token content="stepped" id="3-5">
                    <pos type="VBN"/>
                    <lemma type="step"/>
                    <dep head="3-3" type="conj"/>
                </token>
                <token content="into" id="3-6"/>
                <token content="the" id="3-7">
                    <pos type="DT"/>
                    <lemma type="the"/>
                </token>
                <token content="water" id="3-8">
                    <pos type="NN"/>
                    <lemma type="water"/>
                    <dep head="3-3" type="prep"/>
                </token>
                <token content="." id="3-9"/>
            </sentence>
            <sentence id="4">
                <token content="I" id="4-1">
                    <pos type="PRP"/>
                    <lemma type="I"/>
                    <dep head="4-2" type="nsubj"/>
                </token>
                <token content="grabbed" id="4-2">
                    <pos type="VBD"/>
                    <lemma type="grab"/>
                </token>
                <token content="the" id="4-3">
                    <pos type="DT"/>
                    <lemma type="the"/>
                </token>
                <token content="soap" id="4-4">
                    <pos type="NN"/>
                    <lemma type="soap"/>
                    <dep head="4-2" type="dobj"/>
                </token>
                <token content="and" id="4-5"/>
                <token content="rubbed" id="4-6">
                    <pos type="VBD"/>
                    <lemma type="rub"/>
                    <dep head="4-2" type="conj"/>
                </token>
                <token content="it" id="4-7">
                    <pos type="PRP"/>
                    <lemma type="it"/>
                    <dep head="4-6" type="dobj"/>
                </token>
                <token content="on" id="4-8"/>
                <token content="my" id="4-9">
                    <pos type="PRP$"/>
                    <lemma type="my"/>
                </token>
                <token content="body" id="4-10">
                    <pos type="NN"/>
                    <lemma type="body"/>
                    <dep head="4-6" type="prep"/>
                </token>
                <token content="and" id="4-11"/>
                <token content="rinsed" id="4-12">
                    <pos type="VBD"/>
                    <lemma type="rinse"/>
                    <dep head="4-6" type="conj"/>
                </token>
                <token content="the" id="4-13">
                    <pos type="DT"/>
                    <lemma type="the"/>
                </token>
                <token content="soap" id="4-14">
                    <pos type="NN"/>
                    <lemma type="soap"/>
                    <dep head="4-12" type="dobj"/>
                </token>
                <token content="off" id="4-15">
                    <pos type="RP"/>
                    <lemma type="off"/>
                    <dep head="4-12" type="prt"/>
                </token>
                <token content="in" id="4-16"/>
                <token content="the" id="4-17">
                    <pos type="DT"/>
                    <lemma type="the"/>
                </token>
                <token content="water" id="4-18">
                    <pos type="NN"/>
                    <lemma type="water"/>
                    <dep head="4-12" type="prep"/>
                </token>
                <token content="." id="4-19"/>
            </sentence>
            <sentence id="5">
                <token content="Then" id="5-1">
                    <pos type="RB"/>
                    <lemma type="then"/>
                    <dep head="5-3" type="advmod"/>
                </token>
                <token content="I" id="5-2">
                    <pos type="PRP"/>
                    <lemma type="I"/>
                    <dep head="5-3" type="nsubj"/>
                </token>
                <token content="laid" id="5-3">
                    <pos type="VBD"/>
                    <lemma type="lay"/>
                </token>
                <token content="down" id="5-4">
                    <pos type="RP"/>
                    <lemma type="down"/>
                    <dep head="5-3" type="prt"/>
                </token>
                <token content="in" id="5-5"/>
                <token content="the" id="5-6">
                    <pos type="DT"/>
                    <lemma type="the"/>
                </token>
                <token content="bathtub" id="5-7">
                    <pos type="NN"/>
                    <lemma type="bathtub"/>
                    <dep head="5-3" type="prep"/>
                </token>
                <token content="to" id="5-8">
                    <pos type="TO"/>
                    <lemma type="to"/>
                    <dep head="5-9" type="aux"/>
                </token>
                <token content="get" id="5-9">
                    <pos type="VB"/>
                    <lemma type="get"/>
                    <dep head="5-3" type="xcomp"/>
                </token>
                <token content="my" id="5-10">
                    <pos type="PRP$"/>
                    <lemma type="my"/>
                </token>
                <token content="hair" id="5-11">
                    <pos type="NN"/>
                    <lemma type="hair"/>
                    <dep head="5-9" type="dobj"/>
                </token>
                <token content="wet" id="5-12">
                    <pos type="VBG"/>
                    <lemma type="wet"/>
                    <dep head="5-9" type="xcomp"/>
                </token>
                <token content="the" id="5-13">
                    <pos type="DT"/>
                    <lemma type="the"/>
                </token>
                <token content="put" id="5-14">
                    <pos type="NN"/>
                    <lemma type="put"/>
                </token>
                <token content="some" id="5-15">
                    <pos type="DT"/>
                    <lemma type="some"/>
                </token>
                <token content="shampoo" id="5-16">
                    <pos type="NN"/>
                    <lemma type="shampoo"/>
                    <dep head="5-12" type="xcomp"/>
                </token>
                <token content="on" id="5-17"/>
                <token content="my" id="5-18">
                    <pos type="PRP$"/>
                    <lemma type="my"/>
                </token>
                <token content="hair" id="5-19">
                    <pos type="NN"/>
                    <lemma type="hair"/>
                </token>
                <token content="." id="5-20"/>
            </sentence>
            <sentence id="6">
                <token content="It" id="6-1">
                    <pos type="PRP"/>
                    <lemma type="it"/>
                </token>
                <token content="was" id="6-2">
                    <pos type="VBD"/>
                    <lemma type="be"/>
                </token>
                <token content="a" id="6-3">
                    <pos type="DT"/>
                    <lemma type="a"/>
                </token>
                <token content="fruity" id="6-4">
                    <pos type="NN"/>
                    <lemma type="fruity"/>
                </token>
                <token content="smelling" id="6-5">
                    <pos type="VBG"/>
                    <lemma type="smell"/>
                </token>
                <token content="shampoo" id="6-6">
                    <pos type="NN"/>
                    <lemma type="shampoo"/>
                    <dep head="6-5" type="dobj"/>
                </token>
                <token content="and" id="6-7"/>
                <token content="smelled" id="6-8">
                    <pos type="VBG"/>
                    <lemma type="smell"/>
                    <dep head="6-5" type="conj"/>
                </token>
                <token content="really" id="6-9">
                    <pos type="RB"/>
                    <lemma type="really"/>
                </token>
                <token content="nice" id="6-10">
                    <pos type="JJ"/>
                    <lemma type="nice"/>
                    <dep head="6-8" type="acomp"/>
                </token>
                <token content="." id="6-11"/>
            </sentence>
            <sentence id="7">
                <token content="Then" id="7-1">
                    <pos type="RB"/>
                    <lemma type="then"/>
                    <dep head="7-3" type="advmod"/>
                </token>
                <token content="I" id="7-2">
                    <pos type="PRP"/>
                    <lemma type="I"/>
                    <dep head="7-3" type="nsubj"/>
                </token>
                <token content="rubbed" id="7-3">
                    <pos type="VBD"/>
                    <lemma type="rub"/>
                </token>
                <token content="my" id="7-4">
                    <pos type="PRP$"/>
                    <lemma type="my"/>
                </token>
                <token content="hair" id="7-5">
                    <pos type="NN"/>
                    <lemma type="hair"/>
                    <dep head="7-3" type="dobj"/>
                </token>
                <token content="to" id="7-6">
                    <pos type="TO"/>
                    <lemma type="to"/>
                    <dep head="7-7" type="aux"/>
                </token>
                <token content="get" id="7-7">
                    <pos type="VB"/>
                    <lemma type="get"/>
                </token>
                <token content="the" id="7-8">
                    <pos type="DT"/>
                    <lemma type="the"/>
                </token>
                <token content="shampoo" id="7-9">
                    <pos type="NN"/>
                    <lemma type="shampoo"/>
                    <dep head="7-7" type="dobj"/>
                </token>
                <token content="through" id="7-10"/>
                <token content="it" id="7-11">
                    <pos type="PRP"/>
                    <lemma type="it"/>
                    <dep head="7-7" type="prep"/>
                </token>
                <token content="." id="7-12"/>
            </sentence>
            <sentence id="8">
                <token content="Then" id="8-1">
                    <pos type="RB"/>
                    <lemma type="then"/>
                    <dep head="8-3" type="advmod"/>
                </token>
                <token content="I" id="8-2">
                    <pos type="PRP"/>
                    <lemma type="I"/>
                    <dep head="8-3" type="nsubj"/>
                </token>
                <token content="laid" id="8-3">
                    <pos type="VBD"/>
                    <lemma type="lay"/>
                </token>
                <token content="back" id="8-4">
                    <pos type="RB"/>
                    <lemma type="back"/>
                </token>
                <token content="down" id="8-5">
                    <pos type="RB"/>
                    <lemma type="down"/>
                    <dep head="8-3" type="advmod"/>
                </token>
                <token content="in" id="8-6"/>
                <token content="the" id="8-7">
                    <pos type="DT"/>
                    <lemma type="the"/>
                </token>
                <token content="tub" id="8-8">
                    <pos type="NN"/>
                    <lemma type="tub"/>
                    <dep head="8-3" type="prep"/>
                </token>
                <token content="to" id="8-9">
                    <pos type="TO"/>
                    <lemma type="to"/>
                    <dep head="8-10" type="aux"/>
                </token>
                <token content="rinse" id="8-10">
                    <pos type="VB"/>
                    <lemma type="rinse"/>
                    <dep head="8-3" type="xcomp"/>
                </token>
                <token content="the" id="8-11">
                    <pos type="DT"/>
                    <lemma type="the"/>
                </token>
                <token content="shampoo" id="8-12">
                    <pos type="NN"/>
                    <lemma type="shampoo"/>
                    <dep head="8-10" type="dobj"/>
                </token>
                <token content="out" id="8-13"/>
                <token content="of" id="8-14"/>
                <token content="my" id="8-15">
                    <pos type="PRP$"/>
                    <lemma type="my"/>
                </token>
                <token content="hair" id="8-16">
                    <pos type="NN"/>
                    <lemma type="hair"/>
                    <dep head="8-10" type="prep"/>
                </token>
                <token content="." id="8-17"/>
            </sentence>
            <sentence id="9">
                <token content="Then" id="9-1">
                    <pos type="RB"/>
                    <lemma type="then"/>
                    <dep head="9-3" type="advmod"/>
                </token>
                <token content="I" id="9-2">
                    <pos type="PRP"/>
                    <lemma type="I"/>
                    <dep head="9-3" type="nsubj"/>
                </token>
                <token content="laid" id="9-3">
                    <pos type="VBD"/>
                    <lemma type="lay"/>
                </token>
                <token content="in" id="9-4"/>
                <token content="the" id="9-5">
                    <pos type="DT"/>
                    <lemma type="the"/>
                </token>
                <token content="water" id="9-6">
                    <pos type="NN"/>
                    <lemma type="water"/>
                    <dep head="9-3" type="prep"/>
                </token>
                <token content="for" id="9-7"/>
                <token content="about" id="9-8">
                    <pos type="RB"/>
                    <lemma type="about"/>
                </token>
                <token content="ten" id="9-9">
                    <pos type="CD"/>
                    <lemma type="ten"/>
                </token>
                <token content="minutes" id="9-10">
                    <pos type="NNS"/>
                    <lemma type="minute"/>
                </token>
                <token content="meditating" id="9-11">
                    <pos type="VBG"/>
                    <lemma type="meditate"/>
                    <dep head="9-3" type="xcomp"/>
                </token>
                <token content="." id="9-12"/>
            </sentence>
            <sentence id="10">
                <token content="Then" id="10-1">
                    <pos type="RB"/>
                    <lemma type="then"/>
                    <dep head="10-3" type="advmod"/>
                </token>
                <token content="I" id="10-2">
                    <pos type="PRP"/>
                    <lemma type="I"/>
                    <dep head="10-3" type="nsubj"/>
                </token>
                <token content="got" id="10-3">
                    <pos type="VBD"/>
                    <lemma type="get"/>
                </token>
                <token content="out" id="10-4"/>
                <token content="of" id="10-5"/>
                <token content="the" id="10-6">
                    <pos type="DT"/>
                    <lemma type="the"/>
                </token>
                <token content="tub" id="10-7">
                    <pos type="NN"/>
                    <lemma type="tub"/>
                    <dep head="10-3" type="prep"/>
                </token>
                <token content="and" id="10-8"/>
                <token content="grabbed" id="10-9">
                    <pos type="VBD"/>
                    <lemma type="grab"/>
                    <dep head="10-3" type="conj"/>
                </token>
                <token content="a" id="10-10">
                    <pos type="DT"/>
                    <lemma type="a"/>
                </token>
                <token content="towel" id="10-11">
                    <pos type="NN"/>
                    <lemma type="towel"/>
                    <dep head="10-9" type="dobj"/>
                </token>
                <token content="and" id="10-12"/>
                <token content="dried" id="10-13">
                    <pos type="VBD"/>
                    <lemma type="dry"/>
                    <dep head="10-9" type="conj"/>
                </token>
                <token content="off" id="10-14">
                    <pos type="RP"/>
                    <lemma type="off"/>
                    <dep head="10-13" type="prt"/>
                </token>
                <token content="." id="10-15"/>
            </sentence>
            <sentence id="11">
                <token content="Then" id="11-1">
                    <pos type="RB"/>
                    <lemma type="then"/>
                    <dep head="11-4" type="advmod"/>
                </token>
                <token content="I" id="11-2">
                    <pos type="PRP"/>
                    <lemma type="I"/>
                    <dep head="11-4" type="nsubjpass"/>
                </token>
                <token content="got" id="11-3">
                    <pos type="VBD"/>
                    <lemma type="get"/>
                    <dep head="11-4" type="auxpass"/>
                </token>
                <token content="dressed" id="11-4">
                    <pos type="VBN"/>
                    <lemma type="dress"/>
                </token>
                <token content="." id="11-5"/>
            </sentence>
        </sentences>
    </text>
    <annotations>
        <participants>
            <label from="1-1" id="0" name="ScrPart_bather" text="I" type="participant"/>
            <label from="1-14" id="1" name="ScrPart_bather" text="I" type="participant"/>
            <label from="1-17" id="2" name="ScrPart_bather" text="I" type="participant"/>
            <label from="1-22" id="3" name="ScrPart_bath" text="bath" type="participant"/>
            <label from="2-1" id="4" name="ScrPart_bather" text="I" type="participant"/>
            <label from="2-4" id="5" name="ScrPart_bathtub" text="bathtub" type="participant"/>
            <label from="2-7" id="6" name="ScrPart_water" text="water" type="participant"/>
            <label from="2-11" id="7" name="ScrPart_bath_means" text="bubble bath" to="2-12" type="participant"/>
            <label from="3-1" id="8" name="ScrPart_bather" text="I" type="participant"/>
            <label from="3-8" id="9" name="ScrPart_water" text="water" type="participant"/>
            <label from="4-1" id="10" name="ScrPart_bather" text="I" type="participant"/>
            <label from="4-4" id="11" name="ScrPart_washing_tools" text="soap" type="participant"/>
            <label from="4-7" id="12" name="ScrPart_washing_tools" text="it" type="participant"/>
            <label from="4-9" id="13" name="ScrPart_bather" text="my" type="participant"/>
            <label from="4-10" id="14" name="ScrPart_body_part" text="body" type="participant"/>
            <label from="4-14" id="15" name="ScrPart_washing_tools" text="soap" type="participant"/>
            <label from="4-18" id="16" name="ScrPart_water" text="water" type="participant"/>
            <label from="5-2" id="17" name="ScrPart_bather" text="I" type="participant"/>
            <label from="5-7" id="18" name="ScrPart_bathtub" text="bathtub" type="participant"/>
            <label from="5-10" id="19" name="ScrPart_bather" text="my" type="participant"/>
            <label from="5-11" id="20" name="ScrPart_hair" text="hair" type="participant"/>
            <label from="5-16" id="21" name="ScrPart_washing_tools" text="shampoo" type="participant"/>
            <label from="5-18" id="22" name="ScrPart_bather" text="my" type="participant"/>
            <label from="5-19" id="23" name="ScrPart_hair" text="hair" type="participant"/>
            <label from="6-1" id="24" name="ScrPart_washing_tools" text="It" type="participant"/>
            <label from="6-6" id="25" name="ScrPart_washing_tools" text="shampoo" type="participant"/>
            <label from="7-2" id="26" name="ScrPart_bather" text="I" type="participant"/>
            <label from="7-4" id="27" name="ScrPart_bather" text="my" type="participant"/>
            <label from="7-5" id="28" name="ScrPart_hair" text="hair" type="participant"/>
            <label from="7-9" id="29" name="ScrPart_washing_tools" text="shampoo" type="participant"/>
            <label from="7-11" id="30" name="ScrPart_hair" text="it" type="participant"/>
            <label from="8-2" id="31" name="ScrPart_bather" text="I" type="participant"/>
            <label from="8-8" id="32" name="ScrPart_bathtub" text="tub" type="participant"/>
            <label from="8-12" id="33" name="ScrPart_washing_tools" text="shampoo" type="participant"/>
            <label from="8-15" id="34" name="ScrPart_bather" text="my" type="participant"/>
            <label from="8-16" id="35" name="ScrPart_hair" text="hair" type="participant"/>
            <label from="9-2" id="36" name="ScrPart_bather" text="I" type="participant"/>
            <label from="9-6" id="37" name="ScrPart_water" text="water" type="participant"/>
            <label from="9-10" id="38" name="NPart" text="minutes" type="participant"/>
            <label from="10-2" id="39" name="ScrPart_bather" text="I" type="participant"/>
            <label from="10-7" id="40" name="ScrPart_bathtub" text="tub" type="participant"/>
            <label from="10-11" id="41" name="ScrPart_towel" text="towel" type="participant"/>
            <label from="11-2" id="42" name="ScrPart_bather" text="I" type="participant"/>
        </participants>
        <events>
            <label from="1-3" id="43" name="UnrelEv" text="getting" type="event"/>
            <label from="1-6" id="44" name="UnrelEv" text="go out" to="1-7" type="event"/>
            <label from="1-11" id="45" name="ScrEv_wash" text="get cleaned" to="1-12" type="event"/>
            <label from="1-15" id="46" name="UnrelEv" text="went" type="event"/>
            <label from="1-18" id="47" name="UnrelEv" text="decided" type="event"/>
            <label from="1-20" id="48" name="Evoking" text="take a bath" to="1-22" type="event"/>
            <label from="2-2" id="49" name="ScrEv_fill_water/wait" text="filled" type="event"/>
            <label from="2-9" id="50" name="ScrEv_put_bubble_bath_scent" text="added" type="event"/>
            <label from="3-2" id="51" name="ScrEv_undress" text="got undressed" to="3-3" type="event"/>
            <label from="3-5" id="52" name="ScrEv_sink_water" text="stepped" type="event"/>
            <label from="4-2" id="53" name="RelNScrEv" text="grabbed" type="event"/>
            <label from="4-6" id="54" name="ScrEv_wash" text="rubbed" type="event"/>
            <label from="4-12" id="55" name="RelNScrEv" text="rinsed" type="event"/>
            <label from="5-3" id="56" name="RelNScrEv" text="laid down" to="5-4" type="event"/>
            <label from="5-9" id="57" name="RelNScrEv" text="get" type="event"/>
            <label from="5-14" id="58" name="ScrEv_wash" text="put" type="event"/>
            <label from="6-2" id="59" name="UnrelEv" text="was" type="event"/>
            <label from="6-5" id="60" name="UnrelEv" text="smelling" type="event"/>
            <label from="6-8" id="61" name="UnrelEv" text="smelled" type="event"/>
            <label from="7-3" id="62" name="ScrEv_wash" text="rubbed" type="event"/>
            <label from="7-7" id="63" name="UnrelEv" text="get" type="event"/>
            <label from="8-3" id="64" name="RelNScrEv" text="laid" type="event"/>
            <label from="8-10" id="65" name="RelNScrEv" text="rinse" type="event"/>
            <label from="9-3" id="66" name="ScrEv_relax" text="laid" type="event"/>
            <label from="9-11" id="67" name="ScrEv_relax" text="meditating" type="event"/>
            <label from="10-3" id="68" name="ScrEv_get_out_bath" text="got" type="event"/>
            <label from="10-9" id="69" name="RelNScrEv" text="grabbed" type="event"/>
            <label from="10-13" id="70" name="ScrEv_dry" text="dried off" to="10-14" type="event"/>
            <label from="11-3" id="71" name="ScrEv_get_dressed" text="got dressed" to="11-4" type="event"/>
        </events>
        <chains>
            <chain elements="0 1 2 4 8 10 13 17 19 22 26 27 31 34 36 39 42"/>
            <chain elements="6 9 16 37"/>
            <chain elements="11 12 15"/>
            <chain elements="5 18 32 40"/>
            <chain elements="20 23 28 30 35"/>
            <chain elements="21 24 25 29 33"/>
        </chains>
    </annotations>
</story>
