<?xml version="1.0" encoding="UTF-8" standalone="no"?>
<!DOCTYPE story SYSTEM "../InScript.dtd">
<story id="049" scenario="bath">
    <text>
        <content>It was Saturday night so it was time for me to take my weekly bath . 
I turned on the hot water and waited for the water coming out of the tap to get warm . 
When it did , I closed the stopper and waited for the bath to fill . 
While it was doing so , I took some bath salts from the shelf and added them to the water . 
I could smell lavender . 
When the bath was full , I lit a candle and then took off my clothes and got in the water . 
I closed my eyes and soaked for a while , feeling the hot water relax my sore muscles . 
After a few minutes I grabbed a bar of soap and a washcloth and scrubbed my body , taking off the dirt and dead skin . 
Then I soaked some more , almost falling asleep . 
Finally , it was time to get out so I let out the water , grabbed a towel and dried off . </content>
        <sentences>
            <sentence id="1">
                <token content="It" id="1-1">
                    <pos type="PRP"/>
                    <lemma type="it"/>
                </token>
                <token content="was" id="1-2">
                    <pos type="VBD"/>
                    <lemma type="be"/>
                </token>
                <token content="Saturday" id="1-3">
                    <pos type="NNP"/>
                    <lemma type="Saturday"/>
                </token>
                <token content="night" id="1-4">
                    <pos type="NN"/>
                    <lemma type="night"/>
                </token>
                <token content="so" id="1-5">
                    <pos type="IN"/>
                    <lemma type="so"/>
                </token>
                <token content="it" id="1-6">
                    <pos type="PRP"/>
                    <lemma type="it"/>
                </token>
                <token content="was" id="1-7">
                    <pos type="VBD"/>
                    <lemma type="be"/>
                </token>
                <token content="time" id="1-8">
                    <pos type="NN"/>
                    <lemma type="time"/>
                </token>
                <token content="for" id="1-9"/>
                <token content="me" id="1-10">
                    <pos type="PRP"/>
                    <lemma type="I"/>
                </token>
                <token content="to" id="1-11">
                    <pos type="TO"/>
                    <lemma type="to"/>
                    <dep head="1-12" type="aux"/>
                </token>
                <token content="take" id="1-12">
                    <pos type="VB"/>
                    <lemma type="take"/>
                </token>
                <token content="my" id="1-13">
                    <pos type="PRP$"/>
                    <lemma type="my"/>
                </token>
                <token content="weekly" id="1-14">
                    <pos type="JJ"/>
                    <lemma type="weekly"/>
                </token>
                <token content="bath" id="1-15">
                    <pos type="NN"/>
                    <lemma type="bath"/>
                    <dep head="1-12" type="dobj"/>
                </token>
                <token content="." id="1-16"/>
            </sentence>
            <sentence id="2">
                <token content="I" id="2-1">
                    <pos type="PRP"/>
                    <lemma type="I"/>
                    <dep head="2-2" type="nsubj"/>
                </token>
                <token content="turned" id="2-2">
                    <pos type="VBD"/>
                    <lemma type="turn"/>
                </token>
                <token content="on" id="2-3"/>
                <token content="the" id="2-4">
                    <pos type="DT"/>
                    <lemma type="the"/>
                </token>
                <token content="hot" id="2-5">
                    <pos type="JJ"/>
                    <lemma type="hot"/>
                </token>
                <token content="water" id="2-6">
                    <pos type="NN"/>
                    <lemma type="water"/>
                    <dep head="2-2" type="prep"/>
                </token>
                <token content="and" id="2-7"/>
                <token content="waited" id="2-8">
                    <pos type="VBD"/>
                    <lemma type="wait"/>
                    <dep head="2-2" type="conj"/>
                </token>
                <token content="for" id="2-9"/>
                <token content="the" id="2-10">
                    <pos type="DT"/>
                    <lemma type="the"/>
                </token>
                <token content="water" id="2-11">
                    <pos type="NN"/>
                    <lemma type="water"/>
                    <dep head="2-8" type="prep"/>
                </token>
                <token content="coming" id="2-12">
                    <pos type="VBG"/>
                    <lemma type="come"/>
                </token>
                <token content="out" id="2-13"/>
                <token content="of" id="2-14"/>
                <token content="the" id="2-15">
                    <pos type="DT"/>
                    <lemma type="the"/>
                </token>
                <token content="tap" id="2-16">
                    <pos type="NN"/>
                    <lemma type="tap"/>
                    <dep head="2-12" type="prep"/>
                </token>
                <token content="to" id="2-17">
                    <pos type="TO"/>
                    <lemma type="to"/>
                </token>
                <token content="get" id="2-18">
                    <pos type="VB"/>
                    <lemma type="get"/>
                </token>
                <token content="warm" id="2-19">
                    <pos type="JJ"/>
                    <lemma type="warm"/>
                    <dep head="2-12" type="xcomp"/>
                </token>
                <token content="." id="2-20"/>
            </sentence>
            <sentence id="3">
                <token content="When" id="3-1">
                    <pos type="WRB"/>
                    <lemma type="when"/>
                    <dep head="3-3" type="advmod"/>
                </token>
                <token content="it" id="3-2">
                    <pos type="PRP"/>
                    <lemma type="it"/>
                    <dep head="3-3" type="nsubj"/>
                </token>
                <token content="did" id="3-3">
                    <pos type="VBD"/>
                    <lemma type="do"/>
                    <dep head="3-6" type="advcl"/>
                </token>
                <token content="," id="3-4"/>
                <token content="I" id="3-5">
                    <pos type="PRP"/>
                    <lemma type="I"/>
                    <dep head="3-6" type="nsubj"/>
                </token>
                <token content="closed" id="3-6">
                    <pos type="VBD"/>
                    <lemma type="close"/>
                </token>
                <token content="the" id="3-7">
                    <pos type="DT"/>
                    <lemma type="the"/>
                </token>
                <token content="stopper" id="3-8">
                    <pos type="NN"/>
                    <lemma type="stopper"/>
                    <dep head="3-6" type="dobj"/>
                </token>
                <token content="and" id="3-9"/>
                <token content="waited" id="3-10">
                    <pos type="VBD"/>
                    <lemma type="wait"/>
                    <dep head="3-6" type="conj"/>
                </token>
                <token content="for" id="3-11"/>
                <token content="the" id="3-12">
                    <pos type="DT"/>
                    <lemma type="the"/>
                </token>
                <token content="bath" id="3-13">
                    <pos type="NN"/>
                    <lemma type="bath"/>
                    <dep head="3-10" type="prep"/>
                </token>
                <token content="to" id="3-14">
                    <pos type="TO"/>
                    <lemma type="to"/>
                    <dep head="3-15" type="aux"/>
                </token>
                <token content="fill" id="3-15">
                    <pos type="VB"/>
                    <lemma type="fill"/>
                    <dep head="3-10" type="xcomp"/>
                </token>
                <token content="." id="3-16"/>
            </sentence>
            <sentence id="4">
                <token content="While" id="4-1">
                    <pos type="IN"/>
                    <lemma type="while"/>
                    <dep head="4-4" type="mark"/>
                </token>
                <token content="it" id="4-2">
                    <pos type="PRP"/>
                    <lemma type="it"/>
                    <dep head="4-4" type="nsubj"/>
                </token>
                <token content="was" id="4-3">
                    <pos type="VBD"/>
                    <lemma type="be"/>
                    <dep head="4-4" type="aux"/>
                </token>
                <token content="doing" id="4-4">
                    <pos type="VBG"/>
                    <lemma type="do"/>
                    <dep head="4-8" type="advcl"/>
                </token>
                <token content="so" id="4-5">
                    <pos type="RB"/>
                    <lemma type="so"/>
                    <dep head="4-4" type="advmod"/>
                </token>
                <token content="," id="4-6"/>
                <token content="I" id="4-7">
                    <pos type="PRP"/>
                    <lemma type="I"/>
                    <dep head="4-8" type="nsubj"/>
                </token>
                <token content="took" id="4-8">
                    <pos type="VBD"/>
                    <lemma type="take"/>
                </token>
                <token content="some" id="4-9">
                    <pos type="DT"/>
                    <lemma type="some"/>
                </token>
                <token content="bath" id="4-10">
                    <pos type="NN"/>
                    <lemma type="bath"/>
                </token>
                <token content="salts" id="4-11">
                    <pos type="NNS"/>
                    <lemma type="salt"/>
                    <dep head="4-8" type="dobj"/>
                </token>
                <token content="from" id="4-12"/>
                <token content="the" id="4-13">
                    <pos type="DT"/>
                    <lemma type="the"/>
                </token>
                <token content="shelf" id="4-14">
                    <pos type="NN"/>
                    <lemma type="shelf"/>
                    <dep head="4-8" type="prep"/>
                </token>
                <token content="and" id="4-15"/>
                <token content="added" id="4-16">
                    <pos type="VBD"/>
                    <lemma type="add"/>
                    <dep head="4-8" type="conj"/>
                </token>
                <token content="them" id="4-17">
                    <pos type="PRP"/>
                    <lemma type="they"/>
                    <dep head="4-16" type="dobj"/>
                </token>
                <token content="to" id="4-18"/>
                <token content="the" id="4-19">
                    <pos type="DT"/>
                    <lemma type="the"/>
                </token>
                <token content="water" id="4-20">
                    <pos type="NN"/>
                    <lemma type="water"/>
                    <dep head="4-16" type="prep"/>
                </token>
                <token content="." id="4-21"/>
            </sentence>
            <sentence id="5">
                <token content="I" id="5-1">
                    <pos type="PRP"/>
                    <lemma type="I"/>
                    <dep head="5-3" type="nsubj"/>
                </token>
                <token content="could" id="5-2">
                    <pos type="MD"/>
                    <lemma type="could"/>
                    <dep head="5-3" type="aux"/>
                </token>
                <token content="smell" id="5-3">
                    <pos type="VB"/>
                    <lemma type="smell"/>
                </token>
                <token content="lavender" id="5-4">
                    <pos type="NN"/>
                    <lemma type="lavender"/>
                    <dep head="5-3" type="dobj"/>
                </token>
                <token content="." id="5-5"/>
            </sentence>
            <sentence id="6">
                <token content="When" id="6-1">
                    <pos type="WRB"/>
                    <lemma type="when"/>
                </token>
                <token content="the" id="6-2">
                    <pos type="DT"/>
                    <lemma type="the"/>
                </token>
                <token content="bath" id="6-3">
                    <pos type="NN"/>
                    <lemma type="bath"/>
                </token>
                <token content="was" id="6-4">
                    <pos type="VBD"/>
                    <lemma type="be"/>
                </token>
                <token content="full" id="6-5">
                    <pos type="JJ"/>
                    <lemma type="full"/>
                    <dep head="6-8" type="advcl"/>
                </token>
                <token content="," id="6-6"/>
                <token content="I" id="6-7">
                    <pos type="PRP"/>
                    <lemma type="I"/>
                    <dep head="6-8" type="nsubj"/>
                </token>
                <token content="lit" id="6-8">
                    <pos type="VBD"/>
                    <lemma type="light"/>
                </token>
                <token content="a" id="6-9">
                    <pos type="DT"/>
                    <lemma type="a"/>
                </token>
                <token content="candle" id="6-10">
                    <pos type="NN"/>
                    <lemma type="candle"/>
                    <dep head="6-8" type="dobj"/>
                </token>
                <token content="and" id="6-11"/>
                <token content="then" id="6-12">
                    <pos type="RB"/>
                    <lemma type="then"/>
                    <dep head="6-13" type="advmod"/>
                </token>
                <token content="took" id="6-13">
                    <pos type="VBD"/>
                    <lemma type="take"/>
                    <dep head="6-8" type="conj"/>
                </token>
                <token content="off" id="6-14">
                    <pos type="RP"/>
                    <lemma type="off"/>
                    <dep head="6-13" type="prt"/>
                </token>
                <token content="my" id="6-15">
                    <pos type="PRP$"/>
                    <lemma type="my"/>
                </token>
                <token content="clothes" id="6-16">
                    <pos type="NNS"/>
                    <lemma type="clothes"/>
                    <dep head="6-13" type="dobj"/>
                </token>
                <token content="and" id="6-17"/>
                <token content="got" id="6-18">
                    <pos type="VBD"/>
                    <lemma type="get"/>
                    <dep head="6-13" type="conj"/>
                </token>
                <token content="in" id="6-19"/>
                <token content="the" id="6-20">
                    <pos type="DT"/>
                    <lemma type="the"/>
                </token>
                <token content="water" id="6-21">
                    <pos type="NN"/>
                    <lemma type="water"/>
                    <dep head="6-18" type="prep"/>
                </token>
                <token content="." id="6-22"/>
            </sentence>
            <sentence id="7">
                <token content="I" id="7-1">
                    <pos type="PRP"/>
                    <lemma type="I"/>
                    <dep head="7-2" type="nsubj"/>
                </token>
                <token content="closed" id="7-2">
                    <pos type="VBD"/>
                    <lemma type="close"/>
                </token>
                <token content="my" id="7-3">
                    <pos type="PRP$"/>
                    <lemma type="my"/>
                </token>
                <token content="eyes" id="7-4">
                    <pos type="NNS"/>
                    <lemma type="eye"/>
                    <dep head="7-2" type="dobj"/>
                </token>
                <token content="and" id="7-5"/>
                <token content="soaked" id="7-6">
                    <pos type="VBD"/>
                    <lemma type="soak"/>
                    <dep head="7-2" type="conj"/>
                </token>
                <token content="for" id="7-7"/>
                <token content="a" id="7-8">
                    <pos type="DT"/>
                    <lemma type="a"/>
                </token>
                <token content="while" id="7-9">
                    <pos type="NN"/>
                    <lemma type="while"/>
                    <dep head="7-6" type="prep"/>
                </token>
                <token content="," id="7-10"/>
                <token content="feeling" id="7-11">
                    <pos type="VBG"/>
                    <lemma type="feel"/>
                    <dep head="7-6" type="xcomp"/>
                </token>
                <token content="the" id="7-12">
                    <pos type="DT"/>
                    <lemma type="the"/>
                </token>
                <token content="hot" id="7-13">
                    <pos type="JJ"/>
                    <lemma type="hot"/>
                </token>
                <token content="water" id="7-14">
                    <pos type="NN"/>
                    <lemma type="water"/>
                    <dep head="7-15" type="nsubj"/>
                </token>
                <token content="relax" id="7-15">
                    <pos type="VB"/>
                    <lemma type="relax"/>
                    <dep head="7-11" type="ccomp"/>
                </token>
                <token content="my" id="7-16">
                    <pos type="PRP$"/>
                    <lemma type="my"/>
                </token>
                <token content="sore" id="7-17">
                    <pos type="JJ"/>
                    <lemma type="sore"/>
                </token>
                <token content="muscles" id="7-18">
                    <pos type="NNS"/>
                    <lemma type="muscle"/>
                    <dep head="7-15" type="dobj"/>
                </token>
                <token content="." id="7-19"/>
            </sentence>
            <sentence id="8">
                <token content="After" id="8-1"/>
                <token content="a" id="8-2">
                    <pos type="DT"/>
                    <lemma type="a"/>
                </token>
                <token content="few" id="8-3">
                    <pos type="JJ"/>
                    <lemma type="few"/>
                </token>
                <token content="minutes" id="8-4">
                    <pos type="NNS"/>
                    <lemma type="minute"/>
                    <dep head="8-6" type="prep"/>
                </token>
                <token content="I" id="8-5">
                    <pos type="PRP"/>
                    <lemma type="I"/>
                    <dep head="8-6" type="nsubj"/>
                </token>
                <token content="grabbed" id="8-6">
                    <pos type="VBD"/>
                    <lemma type="grab"/>
                </token>
                <token content="a" id="8-7">
                    <pos type="DT"/>
                    <lemma type="a"/>
                </token>
                <token content="bar" id="8-8">
                    <pos type="NN"/>
                    <lemma type="bar"/>
                    <dep head="8-6" type="dobj"/>
                </token>
                <token content="of" id="8-9"/>
                <token content="soap" id="8-10">
                    <pos type="NN"/>
                    <lemma type="soap"/>
                </token>
                <token content="and" id="8-11"/>
                <token content="a" id="8-12">
                    <pos type="DT"/>
                    <lemma type="a"/>
                </token>
                <token content="washcloth" id="8-13">
                    <pos type="NN"/>
                    <lemma type="washcloth"/>
                </token>
                <token content="and" id="8-14"/>
                <token content="scrubbed" id="8-15">
                    <pos type="VBD"/>
                    <lemma type="scrub"/>
                    <dep head="8-6" type="conj"/>
                </token>
                <token content="my" id="8-16">
                    <pos type="PRP$"/>
                    <lemma type="my"/>
                </token>
                <token content="body" id="8-17">
                    <pos type="NN"/>
                    <lemma type="body"/>
                    <dep head="8-15" type="dobj"/>
                </token>
                <token content="," id="8-18"/>
                <token content="taking" id="8-19">
                    <pos type="VBG"/>
                    <lemma type="take"/>
                    <dep head="8-6" type="vmod"/>
                </token>
                <token content="off" id="8-20">
                    <pos type="RP"/>
                    <lemma type="off"/>
                    <dep head="8-19" type="prt"/>
                </token>
                <token content="the" id="8-21">
                    <pos type="DT"/>
                    <lemma type="the"/>
                </token>
                <token content="dirt" id="8-22">
                    <pos type="JJ"/>
                    <lemma type="dirt"/>
                </token>
                <token content="and" id="8-23"/>
                <token content="dead" id="8-24">
                    <pos type="JJ"/>
                    <lemma type="dead"/>
                </token>
                <token content="skin" id="8-25">
                    <pos type="NN"/>
                    <lemma type="skin"/>
                    <dep head="8-19" type="dobj"/>
                </token>
                <token content="." id="8-26"/>
            </sentence>
            <sentence id="9">
                <token content="Then" id="9-1">
                    <pos type="RB"/>
                    <lemma type="then"/>
                    <dep head="9-3" type="advmod"/>
                </token>
                <token content="I" id="9-2">
                    <pos type="PRP"/>
                    <lemma type="I"/>
                    <dep head="9-3" type="nsubj"/>
                </token>
                <token content="soaked" id="9-3">
                    <pos type="VBD"/>
                    <lemma type="soak"/>
                </token>
                <token content="some" id="9-4">
                    <pos type="DT"/>
                    <lemma type="some"/>
                </token>
                <token content="more" id="9-5">
                    <pos type="JJR"/>
                    <lemma type="more"/>
                    <dep head="9-3" type="xcomp"/>
                </token>
                <token content="," id="9-6"/>
                <token content="almost" id="9-7">
                    <pos type="RB"/>
                    <lemma type="almost"/>
                    <dep head="9-8" type="advmod"/>
                </token>
                <token content="falling" id="9-8">
                    <pos type="VBG"/>
                    <lemma type="fall"/>
                    <dep head="9-3" type="xcomp"/>
                </token>
                <token content="asleep" id="9-9">
                    <pos type="RB"/>
                    <lemma type="asleep"/>
                    <dep head="9-8" type="acomp"/>
                </token>
                <token content="." id="9-10"/>
            </sentence>
            <sentence id="10">
                <token content="Finally" id="10-1">
                    <pos type="RB"/>
                    <lemma type="finally"/>
                </token>
                <token content="," id="10-2"/>
                <token content="it" id="10-3">
                    <pos type="PRP"/>
                    <lemma type="it"/>
                </token>
                <token content="was" id="10-4">
                    <pos type="VBD"/>
                    <lemma type="be"/>
                </token>
                <token content="time" id="10-5">
                    <pos type="NN"/>
                    <lemma type="time"/>
                </token>
                <token content="to" id="10-6">
                    <pos type="TO"/>
                    <lemma type="to"/>
                    <dep head="10-7" type="aux"/>
                </token>
                <token content="get" id="10-7">
                    <pos type="VB"/>
                    <lemma type="get"/>
                </token>
                <token content="out" id="10-8">
                    <pos type="RP"/>
                    <lemma type="out"/>
                    <dep head="10-7" type="prt"/>
                </token>
                <token content="so" id="10-9">
                    <pos type="IN"/>
                    <lemma type="so"/>
                    <dep head="10-11" type="mark"/>
                </token>
                <token content="I" id="10-10">
                    <pos type="PRP"/>
                    <lemma type="I"/>
                    <dep head="10-11" type="nsubj"/>
                </token>
                <token content="let" id="10-11">
                    <pos type="VBD"/>
                    <lemma type="let"/>
                    <dep head="10-7" type="advcl"/>
                </token>
                <token content="out" id="10-12">
                    <pos type="RP"/>
                    <lemma type="out"/>
                    <dep head="10-11" type="prt"/>
                </token>
                <token content="the" id="10-13">
                    <pos type="DT"/>
                    <lemma type="the"/>
                </token>
                <token content="water" id="10-14">
                    <pos type="NN"/>
                    <lemma type="water"/>
                    <dep head="10-11" type="dobj"/>
                </token>
                <token content="," id="10-15"/>
                <token content="grabbed" id="10-16">
                    <pos type="VBD"/>
                    <lemma type="grab"/>
                    <dep head="10-11" type="conj"/>
                </token>
                <token content="a" id="10-17">
                    <pos type="DT"/>
                    <lemma type="a"/>
                </token>
                <token content="towel" id="10-18">
                    <pos type="NN"/>
                    <lemma type="towel"/>
                    <dep head="10-16" type="dobj"/>
                </token>
                <token content="and" id="10-19"/>
                <token content="dried" id="10-20">
                    <pos type="VBD"/>
                    <lemma type="dry"/>
                    <dep head="10-11" type="conj"/>
                </token>
                <token content="off" id="10-21">
                    <pos type="RP"/>
                    <lemma type="off"/>
                    <dep head="10-20" type="prt"/>
                </token>
                <token content="." id="10-22"/>
            </sentence>
        </sentences>
    </text>
    <annotations>
        <participants>
            <label from="1-1" id="0" name="No_label" text="It" type="participant"/>
            <label from="1-3" id="1" name="NPart" text="Saturday" type="participant"/>
            <label from="1-4" id="2" name="NPart" text="night" type="participant"/>
            <label from="1-6" id="3" name="No_label" text="it" type="participant"/>
            <label from="1-8" id="4" name="No_label" text="time" type="participant"/>
            <label from="1-10" id="5" name="ScrPart_bather" text="me" type="participant"/>
            <label from="1-13" id="6" name="ScrPart_bather" text="my" type="participant"/>
            <label from="1-15" id="7" name="SuppVComp" text="bath" type="participant"/>
            <label from="2-1" id="8" name="ScrPart_bather" text="I" type="participant"/>
            <label from="2-6" id="9" name="ScrPart_water" text="water" type="participant"/>
            <label from="2-11" id="10" name="ScrPart_water" text="water" type="participant"/>
            <label from="2-16" id="11" name="ScrPart_tap" text="tap" type="participant"/>
            <label from="3-2" id="12" name="ScrPart_water" text="it" type="participant"/>
            <label from="3-5" id="13" name="ScrPart_bather" text="I" type="participant"/>
            <label from="3-8" id="14" name="ScrPart_plug" text="stopper" type="participant"/>
            <label from="3-13" id="15" name="ScrPart_bath" text="bath" type="participant"/>
            <label from="4-2" id="16" name="ScrPart_bath" text="it" type="participant"/>
            <label from="4-7" id="17" name="ScrPart_bather" text="I" type="participant"/>
            <label from="4-10" id="18" name="ScrPart_bath_means" text="bath salts" to="4-11" type="participant"/>
            <label from="4-11" id="19" name="ScrPart_bath_means" text="salts" type="participant"/>
            <label from="4-14" id="20" name="NPart" text="shelf" type="participant"/>
            <label from="4-17" id="21" name="ScrPart_bath_means" text="them" type="participant"/>
            <label from="4-20" id="22" name="ScrPart_water" text="water" type="participant"/>
            <label from="5-1" id="23" name="ScrPart_bather" text="I" type="participant"/>
            <label from="5-4" id="24" name="ScrPart_bath_means" text="lavender" type="participant"/>
            <label from="6-3" id="25" name="ScrPart_bath" text="bath" type="participant"/>
            <label from="6-7" id="26" name="ScrPart_bather" text="I" type="participant"/>
            <label from="6-10" id="27" name="ScrPart_in-bath_entertainment" text="candle" type="participant"/>
            <label from="6-15" id="28" name="ScrPart_bather" text="my" type="participant"/>
            <label from="6-16" id="29" name="ScrPart_clothes" text="clothes" type="participant"/>
            <label from="6-21" id="30" name="ScrPart_water" text="water" type="participant"/>
            <label from="7-1" id="31" name="ScrPart_bather" text="I" type="participant"/>
            <label from="7-3" id="32" name="ScrPart_bather" text="my" type="participant"/>
            <label from="7-4" id="33" name="NPart" text="eyes" type="participant"/>
            <label from="7-9" id="34" name="No_label" text="while" type="participant"/>
            <label from="7-14" id="35" name="ScrPart_water" text="water" type="participant"/>
            <label from="7-16" id="36" name="ScrPart_bather" text="my" type="participant"/>
            <label from="7-18" id="37" name="ScrPart_body_part" text="muscles" type="participant"/>
            <label from="8-4" id="38" name="NPart" text="minutes" type="participant"/>
            <label from="8-5" id="39" name="ScrPart_bather" text="I" type="participant"/>
            <label from="8-8" id="40" name="Head_of_Partitive" text="bar" type="participant"/>
            <label from="8-10" id="41" name="ScrPart_washing_tools" text="soap" type="participant"/>
            <label from="8-13" id="42" name="ScrPart_washing_tools" text="washcloth" type="participant"/>
            <label from="8-16" id="43" name="ScrPart_bather" text="my" type="participant"/>
            <label from="8-17" id="44" name="ScrPart_body_part" text="body" type="participant"/>
            <label from="8-22" id="45" name="NPart" text="dirt" type="participant"/>
            <label from="8-25" id="46" name="Unclear" text="skin" type="participant"/>
            <label from="9-2" id="47" name="ScrPart_bather" text="I" type="participant"/>
            <label from="10-3" id="48" name="No_label" text="it" type="participant"/>
            <label from="10-5" id="49" name="No_label" text="time" type="participant"/>
            <label from="10-10" id="50" name="ScrPart_bather" text="I" type="participant"/>
            <label from="10-14" id="51" name="ScrPart_water" text="water" type="participant"/>
            <label from="10-18" id="52" name="ScrPart_towel" text="towel" type="participant"/>
        </participants>
        <events>
            <label from="1-2" id="53" name="UnrelEv" text="was" type="event"/>
            <label from="1-7" id="54" name="UnrelEv" text="was" type="event"/>
            <label from="1-12" id="55" name="Evoking" text="take my weekly bath" to="1-15" type="event"/>
            <label from="2-2" id="56" name="ScrEv_turn_water_on" text="turned on" to="2-3" type="event"/>
            <label from="2-8" id="57" name="ScrEv_fill_water/wait" text="waited" type="event"/>
            <label from="2-12" id="58" name="RelNScrEv" text="coming out" to="2-13" type="event"/>
            <label from="2-18" id="59" name="ScrEv_check_temp" text="get" type="event"/>
            <label from="3-3" id="60" name="UnrelEv" text="did" type="event"/>
            <label from="3-6" id="61" name="ScrEv_close_drain" text="closed" type="event"/>
            <label from="3-10" id="62" name="ScrEv_fill_water/wait" text="waited" type="event"/>
            <label from="3-15" id="63" name="ScrEv_fill_water/wait" text="fill" type="event"/>
            <label from="4-4" id="64" name="UnrelEv" text="doing" type="event"/>
            <label from="4-8" id="65" name="ScrEv_prepare_bath" text="took" type="event"/>
            <label from="4-16" id="66" name="ScrEv_put_bubble_bath_scent" text="added" type="event"/>
            <label from="5-3" id="67" name="RelNScrEv" text="smell" type="event"/>
            <label from="6-4" id="68" name="UnrelEv" text="was" type="event"/>
            <label from="6-8" id="69" name="ScrEv_prepare_bath" text="lit" type="event"/>
            <label from="6-13" id="70" name="ScrEv_undress" text="took off" to="6-14" type="event"/>
            <label from="6-18" id="71" name="ScrEv_sink_water" text="got" type="event"/>
            <label from="7-2" id="72" name="ScrEv_relax" text="closed" type="event"/>
            <label from="7-6" id="73" name="ScrEv_relax" text="soaked" type="event"/>
            <label from="7-11" id="74" name="UnrelEv" text="feeling" type="event"/>
            <label from="7-15" id="75" name="ScrEv_relax" text="relax" type="event"/>
            <label from="8-6" id="76" name="ScrEv_prepare_bath" text="grabbed" type="event"/>
            <label from="8-15" id="77" name="ScrEv_wash" text="scrubbed" type="event"/>
            <label from="8-19" id="78" name="ScrEv_wash" text="taking off" to="8-20" type="event"/>
            <label from="9-3" id="79" name="ScrEv_relax" text="soaked" type="event"/>
            <label from="9-8" id="80" name="RelNScrEv" text="falling asleep" to="9-9" type="event"/>
            <label from="10-4" id="81" name="UnrelEv" text="was" type="event"/>
            <label from="10-7" id="82" name="ScrEv_get_out_bath" text="get out" to="10-8" type="event"/>
            <label from="10-11" id="83" name="ScrEv_open_drain" text="let out" to="10-12" type="event"/>
            <label from="10-16" id="84" name="ScrEv_get_towel" text="grabbed" type="event"/>
            <label from="10-20" id="85" name="ScrEv_dry" text="dried off" to="10-21" type="event"/>
        </events>
        <chains>
            <chain elements="5 6 8 13 17 23 26 28 31 32 36 39 43 47 50"/>
            <chain elements="9 10 12 22 30 35 51"/>
            <chain elements="15 16 25"/>
            <chain elements="19 21 24"/>
        </chains>
    </annotations>
</story>
