<?xml version="1.0" encoding="UTF-8" standalone="no"?>
<!DOCTYPE story SYSTEM "../InScript.dtd">
<story id="072" scenario="bath">
    <text>
        <content>Last night I decided to take a bath . 
I had been outside playing all day and was really dirty . 
I started running the warm water to fill the bathtub . 
I like the tub to be very full . 
While it was filling , I gathered everything I would need for my bath . 
I got my soap , shampoo , washcloth and towel . 
I also brought my clean bathrobe into the bathroom and hung it on the hook by the door . 
When the tub was full I got in and just soaked for about ten minutes . 
Then I put shampoo in my hair and scrubbed it until it was covered in bubbles . 
I rinsed it off and then used the washcloth and soap to wash my body . 
When I was all clean I got out and dried myself really well with the soft , dry towel . 
I put on my bathrobe and let let the water out of the tub . 
It felt good to be all clean . </content>
        <sentences>
            <sentence id="1">
                <token content="Last" id="1-1">
                    <pos type="JJ"/>
                    <lemma type="last"/>
                </token>
                <token content="night" id="1-2">
                    <pos type="NN"/>
                    <lemma type="night"/>
                    <dep head="1-4" type="tmod"/>
                </token>
                <token content="I" id="1-3">
                    <pos type="PRP"/>
                    <lemma type="I"/>
                    <dep head="1-4" type="nsubj"/>
                </token>
                <token content="decided" id="1-4">
                    <pos type="VBD"/>
                    <lemma type="decide"/>
                </token>
                <token content="to" id="1-5">
                    <pos type="TO"/>
                    <lemma type="to"/>
                    <dep head="1-6" type="aux"/>
                </token>
                <token content="take" id="1-6">
                    <pos type="VB"/>
                    <lemma type="take"/>
                    <dep head="1-4" type="xcomp"/>
                </token>
                <token content="a" id="1-7">
                    <pos type="DT"/>
                    <lemma type="a"/>
                </token>
                <token content="bath" id="1-8">
                    <pos type="NN"/>
                    <lemma type="bath"/>
                    <dep head="1-6" type="dobj"/>
                </token>
                <token content="." id="1-9"/>
            </sentence>
            <sentence id="2">
                <token content="I" id="2-1">
                    <pos type="PRP"/>
                    <lemma type="I"/>
                    <dep head="2-3" type="nsubj"/>
                </token>
                <token content="had" id="2-2">
                    <pos type="VBD"/>
                    <lemma type="have"/>
                    <dep head="2-3" type="aux"/>
                </token>
                <token content="been" id="2-3">
                    <pos type="VBN"/>
                    <lemma type="be"/>
                </token>
                <token content="outside" id="2-4"/>
                <token content="playing" id="2-5">
                    <pos type="VBG"/>
                    <lemma type="play"/>
                    <dep head="2-3" type="prepc"/>
                </token>
                <token content="all" id="2-6">
                    <pos type="DT"/>
                    <lemma type="all"/>
                </token>
                <token content="day" id="2-7">
                    <pos type="NN"/>
                    <lemma type="day"/>
                    <dep head="2-5" type="tmod"/>
                </token>
                <token content="and" id="2-8"/>
                <token content="was" id="2-9">
                    <pos type="VBD"/>
                    <lemma type="be"/>
                </token>
                <token content="really" id="2-10">
                    <pos type="RB"/>
                    <lemma type="really"/>
                </token>
                <token content="dirty" id="2-11">
                    <pos type="JJ"/>
                    <lemma type="dirty"/>
                    <dep head="2-3" type="conj"/>
                </token>
                <token content="." id="2-12"/>
            </sentence>
            <sentence id="3">
                <token content="I" id="3-1">
                    <pos type="PRP"/>
                    <lemma type="I"/>
                    <dep head="3-2" type="nsubj"/>
                </token>
                <token content="started" id="3-2">
                    <pos type="VBD"/>
                    <lemma type="start"/>
                </token>
                <token content="running" id="3-3">
                    <pos type="VBG"/>
                    <lemma type="run"/>
                    <dep head="3-2" type="xcomp"/>
                </token>
                <token content="the" id="3-4">
                    <pos type="DT"/>
                    <lemma type="the"/>
                </token>
                <token content="warm" id="3-5">
                    <pos type="JJ"/>
                    <lemma type="warm"/>
                </token>
                <token content="water" id="3-6">
                    <pos type="NN"/>
                    <lemma type="water"/>
                    <dep head="3-3" type="dobj"/>
                </token>
                <token content="to" id="3-7">
                    <pos type="TO"/>
                    <lemma type="to"/>
                    <dep head="3-8" type="aux"/>
                </token>
                <token content="fill" id="3-8">
                    <pos type="VB"/>
                    <lemma type="fill"/>
                    <dep head="3-3" type="vmod"/>
                </token>
                <token content="the" id="3-9">
                    <pos type="DT"/>
                    <lemma type="the"/>
                </token>
                <token content="bathtub" id="3-10">
                    <pos type="NN"/>
                    <lemma type="bathtub"/>
                    <dep head="3-8" type="dobj"/>
                </token>
                <token content="." id="3-11"/>
            </sentence>
            <sentence id="4">
                <token content="I" id="4-1">
                    <pos type="PRP"/>
                    <lemma type="I"/>
                    <dep head="4-2" type="nsubj"/>
                </token>
                <token content="like" id="4-2">
                    <pos type="VBP"/>
                    <lemma type="like"/>
                </token>
                <token content="the" id="4-3">
                    <pos type="DT"/>
                    <lemma type="the"/>
                </token>
                <token content="tub" id="4-4">
                    <pos type="NN"/>
                    <lemma type="tub"/>
                    <dep head="4-2" type="dobj"/>
                </token>
                <token content="to" id="4-5">
                    <pos type="TO"/>
                    <lemma type="to"/>
                </token>
                <token content="be" id="4-6">
                    <pos type="VB"/>
                    <lemma type="be"/>
                </token>
                <token content="very" id="4-7">
                    <pos type="RB"/>
                    <lemma type="very"/>
                </token>
                <token content="full" id="4-8">
                    <pos type="JJ"/>
                    <lemma type="full"/>
                    <dep head="4-2" type="xcomp"/>
                </token>
                <token content="." id="4-9"/>
            </sentence>
            <sentence id="5">
                <token content="While" id="5-1">
                    <pos type="IN"/>
                    <lemma type="while"/>
                    <dep head="5-4" type="mark"/>
                </token>
                <token content="it" id="5-2">
                    <pos type="PRP"/>
                    <lemma type="it"/>
                    <dep head="5-4" type="nsubj"/>
                </token>
                <token content="was" id="5-3">
                    <pos type="VBD"/>
                    <lemma type="be"/>
                    <dep head="5-4" type="aux"/>
                </token>
                <token content="filling" id="5-4">
                    <pos type="VBG"/>
                    <lemma type="fill"/>
                    <dep head="5-7" type="advcl"/>
                </token>
                <token content="," id="5-5"/>
                <token content="I" id="5-6">
                    <pos type="PRP"/>
                    <lemma type="I"/>
                    <dep head="5-7" type="nsubj"/>
                </token>
                <token content="gathered" id="5-7">
                    <pos type="VBD"/>
                    <lemma type="gather"/>
                </token>
                <token content="everything" id="5-8">
                    <pos type="NN"/>
                    <lemma type="everything"/>
                    <dep head="5-7" type="dobj"/>
                </token>
                <token content="I" id="5-9">
                    <pos type="PRP"/>
                    <lemma type="I"/>
                    <dep head="5-11" type="nsubj"/>
                </token>
                <token content="would" id="5-10">
                    <pos type="MD"/>
                    <lemma type="would"/>
                    <dep head="5-11" type="aux"/>
                </token>
                <token content="need" id="5-11">
                    <pos type="VB"/>
                    <lemma type="need"/>
                </token>
                <token content="for" id="5-12"/>
                <token content="my" id="5-13">
                    <pos type="PRP$"/>
                    <lemma type="my"/>
                </token>
                <token content="bath" id="5-14">
                    <pos type="NN"/>
                    <lemma type="bath"/>
                    <dep head="5-11" type="prep"/>
                </token>
                <token content="." id="5-15"/>
            </sentence>
            <sentence id="6">
                <token content="I" id="6-1">
                    <pos type="PRP"/>
                    <lemma type="I"/>
                    <dep head="6-2" type="nsubj"/>
                </token>
                <token content="got" id="6-2">
                    <pos type="VBD"/>
                    <lemma type="get"/>
                </token>
                <token content="my" id="6-3">
                    <pos type="PRP$"/>
                    <lemma type="my"/>
                </token>
                <token content="soap" id="6-4">
                    <pos type="NNS"/>
                    <lemma type="soap"/>
                    <dep head="6-2" type="dobj"/>
                </token>
                <token content="," id="6-5"/>
                <token content="shampoo" id="6-6">
                    <pos type="NN"/>
                    <lemma type="shampoo"/>
                </token>
                <token content="," id="6-7"/>
                <token content="washcloth" id="6-8">
                    <pos type="NN"/>
                    <lemma type="washcloth"/>
                </token>
                <token content="and" id="6-9"/>
                <token content="towel" id="6-10">
                    <pos type="NN"/>
                    <lemma type="towel"/>
                </token>
                <token content="." id="6-11"/>
            </sentence>
            <sentence id="7">
                <token content="I" id="7-1">
                    <pos type="PRP"/>
                    <lemma type="I"/>
                    <dep head="7-3" type="nsubj"/>
                </token>
                <token content="also" id="7-2">
                    <pos type="RB"/>
                    <lemma type="also"/>
                    <dep head="7-3" type="advmod"/>
                </token>
                <token content="brought" id="7-3">
                    <pos type="VBD"/>
                    <lemma type="bring"/>
                </token>
                <token content="my" id="7-4">
                    <pos type="PRP$"/>
                    <lemma type="my"/>
                </token>
                <token content="clean" id="7-5">
                    <pos type="JJ"/>
                    <lemma type="clean"/>
                </token>
                <token content="bathrobe" id="7-6">
                    <pos type="NN"/>
                    <lemma type="bathrobe"/>
                    <dep head="7-3" type="dobj"/>
                </token>
                <token content="into" id="7-7"/>
                <token content="the" id="7-8">
                    <pos type="DT"/>
                    <lemma type="the"/>
                </token>
                <token content="bathroom" id="7-9">
                    <pos type="NN"/>
                    <lemma type="bathroom"/>
                    <dep head="7-3" type="prep"/>
                </token>
                <token content="and" id="7-10"/>
                <token content="hung" id="7-11">
                    <pos type="VBD"/>
                    <lemma type="hang"/>
                    <dep head="7-3" type="conj"/>
                </token>
                <token content="it" id="7-12">
                    <pos type="PRP"/>
                    <lemma type="it"/>
                    <dep head="7-11" type="dobj"/>
                </token>
                <token content="on" id="7-13"/>
                <token content="the" id="7-14">
                    <pos type="DT"/>
                    <lemma type="the"/>
                </token>
                <token content="hook" id="7-15">
                    <pos type="NN"/>
                    <lemma type="hook"/>
                    <dep head="7-11" type="prep"/>
                </token>
                <token content="by" id="7-16"/>
                <token content="the" id="7-17">
                    <pos type="DT"/>
                    <lemma type="the"/>
                </token>
                <token content="door" id="7-18">
                    <pos type="NN"/>
                    <lemma type="door"/>
                    <dep head="7-11" type="prep"/>
                </token>
                <token content="." id="7-19"/>
            </sentence>
            <sentence id="8">
                <token content="When" id="8-1">
                    <pos type="WRB"/>
                    <lemma type="when"/>
                </token>
                <token content="the" id="8-2">
                    <pos type="DT"/>
                    <lemma type="the"/>
                </token>
                <token content="tub" id="8-3">
                    <pos type="NN"/>
                    <lemma type="tub"/>
                </token>
                <token content="was" id="8-4">
                    <pos type="VBD"/>
                    <lemma type="be"/>
                </token>
                <token content="full" id="8-5">
                    <pos type="JJ"/>
                    <lemma type="full"/>
                    <dep head="8-7" type="advcl"/>
                </token>
                <token content="I" id="8-6">
                    <pos type="PRP"/>
                    <lemma type="I"/>
                    <dep head="8-7" type="nsubj"/>
                </token>
                <token content="got" id="8-7">
                    <pos type="VBD"/>
                    <lemma type="get"/>
                </token>
                <token content="in" id="8-8">
                    <pos type="RP"/>
                    <lemma type="in"/>
                    <dep head="8-7" type="prt"/>
                </token>
                <token content="and" id="8-9"/>
                <token content="just" id="8-10">
                    <pos type="RB"/>
                    <lemma type="just"/>
                    <dep head="8-11" type="advmod"/>
                </token>
                <token content="soaked" id="8-11">
                    <pos type="VBD"/>
                    <lemma type="soak"/>
                    <dep head="8-7" type="conj"/>
                </token>
                <token content="for" id="8-12"/>
                <token content="about" id="8-13">
                    <pos type="RB"/>
                    <lemma type="about"/>
                </token>
                <token content="ten" id="8-14">
                    <pos type="CD"/>
                    <lemma type="ten"/>
                </token>
                <token content="minutes" id="8-15">
                    <pos type="NNS"/>
                    <lemma type="minute"/>
                    <dep head="8-11" type="prep"/>
                </token>
                <token content="." id="8-16"/>
            </sentence>
            <sentence id="9">
                <token content="Then" id="9-1">
                    <pos type="RB"/>
                    <lemma type="then"/>
                    <dep head="9-3" type="advmod"/>
                </token>
                <token content="I" id="9-2">
                    <pos type="PRP"/>
                    <lemma type="I"/>
                    <dep head="9-3" type="nsubj"/>
                </token>
                <token content="put" id="9-3">
                    <pos type="VBD"/>
                    <lemma type="put"/>
                </token>
                <token content="shampoo" id="9-4">
                    <pos type="NN"/>
                    <lemma type="shampoo"/>
                    <dep head="9-3" type="dobj"/>
                </token>
                <token content="in" id="9-5"/>
                <token content="my" id="9-6">
                    <pos type="PRP$"/>
                    <lemma type="my"/>
                </token>
                <token content="hair" id="9-7">
                    <pos type="NN"/>
                    <lemma type="hair"/>
                    <dep head="9-3" type="prep"/>
                </token>
                <token content="and" id="9-8"/>
                <token content="scrubbed" id="9-9">
                    <pos type="VBD"/>
                    <lemma type="scrub"/>
                    <dep head="9-3" type="conj"/>
                </token>
                <token content="it" id="9-10">
                    <pos type="PRP"/>
                    <lemma type="it"/>
                    <dep head="9-9" type="dobj"/>
                </token>
                <token content="until" id="9-11">
                    <pos type="IN"/>
                    <lemma type="until"/>
                    <dep head="9-14" type="mark"/>
                </token>
                <token content="it" id="9-12">
                    <pos type="PRP"/>
                    <lemma type="it"/>
                    <dep head="9-14" type="nsubjpass"/>
                </token>
                <token content="was" id="9-13">
                    <pos type="VBD"/>
                    <lemma type="be"/>
                    <dep head="9-14" type="auxpass"/>
                </token>
                <token content="covered" id="9-14">
                    <pos type="VBN"/>
                    <lemma type="cover"/>
                    <dep head="9-9" type="advcl"/>
                </token>
                <token content="in" id="9-15"/>
                <token content="bubbles" id="9-16">
                    <pos type="NNS"/>
                    <lemma type="bubble"/>
                    <dep head="9-14" type="prep"/>
                </token>
                <token content="." id="9-17"/>
            </sentence>
            <sentence id="10">
                <token content="I" id="10-1">
                    <pos type="PRP"/>
                    <lemma type="I"/>
                    <dep head="10-2" type="nsubj"/>
                </token>
                <token content="rinsed" id="10-2">
                    <pos type="VBD"/>
                    <lemma type="rinse"/>
                </token>
                <token content="it" id="10-3">
                    <pos type="PRP"/>
                    <lemma type="it"/>
                    <dep head="10-2" type="dobj"/>
                </token>
                <token content="off" id="10-4">
                    <pos type="RP"/>
                    <lemma type="off"/>
                    <dep head="10-2" type="prt"/>
                </token>
                <token content="and" id="10-5"/>
                <token content="then" id="10-6">
                    <pos type="RB"/>
                    <lemma type="then"/>
                    <dep head="10-7" type="advmod"/>
                </token>
                <token content="used" id="10-7">
                    <pos type="VBD"/>
                    <lemma type="use"/>
                    <dep head="10-2" type="conj"/>
                </token>
                <token content="the" id="10-8">
                    <pos type="DT"/>
                    <lemma type="the"/>
                </token>
                <token content="washcloth" id="10-9">
                    <pos type="NN"/>
                    <lemma type="washcloth"/>
                    <dep head="10-7" type="dobj"/>
                </token>
                <token content="and" id="10-10"/>
                <token content="soap" id="10-11">
                    <pos type="NN"/>
                    <lemma type="soap"/>
                </token>
                <token content="to" id="10-12">
                    <pos type="TO"/>
                    <lemma type="to"/>
                    <dep head="10-13" type="aux"/>
                </token>
                <token content="wash" id="10-13">
                    <pos type="VB"/>
                    <lemma type="wash"/>
                    <dep head="10-7" type="vmod"/>
                </token>
                <token content="my" id="10-14">
                    <pos type="PRP$"/>
                    <lemma type="my"/>
                </token>
                <token content="body" id="10-15">
                    <pos type="NN"/>
                    <lemma type="body"/>
                    <dep head="10-13" type="dobj"/>
                </token>
                <token content="." id="10-16"/>
            </sentence>
            <sentence id="11">
                <token content="When" id="11-1">
                    <pos type="WRB"/>
                    <lemma type="when"/>
                </token>
                <token content="I" id="11-2">
                    <pos type="PRP"/>
                    <lemma type="I"/>
                </token>
                <token content="was" id="11-3">
                    <pos type="VBD"/>
                    <lemma type="be"/>
                </token>
                <token content="all" id="11-4">
                    <pos type="RB"/>
                    <lemma type="all"/>
                </token>
                <token content="clean" id="11-5">
                    <pos type="JJ"/>
                    <lemma type="clean"/>
                    <dep head="11-7" type="advcl"/>
                </token>
                <token content="I" id="11-6">
                    <pos type="PRP"/>
                    <lemma type="I"/>
                    <dep head="11-7" type="nsubj"/>
                </token>
                <token content="got" id="11-7">
                    <pos type="VBD"/>
                    <lemma type="get"/>
                </token>
                <token content="out" id="11-8">
                    <pos type="RP"/>
                    <lemma type="out"/>
                    <dep head="11-7" type="prt"/>
                </token>
                <token content="and" id="11-9"/>
                <token content="dried" id="11-10">
                    <pos type="VBD"/>
                    <lemma type="dry"/>
                    <dep head="11-7" type="conj"/>
                </token>
                <token content="myself" id="11-11">
                    <pos type="PRP"/>
                    <lemma type="myself"/>
                    <dep head="11-10" type="dobj"/>
                </token>
                <token content="really" id="11-12">
                    <pos type="RB"/>
                    <lemma type="really"/>
                    <dep head="11-10" type="advmod"/>
                </token>
                <token content="well" id="11-13">
                    <pos type="RB"/>
                    <lemma type="well"/>
                    <dep head="11-10" type="advmod"/>
                </token>
                <token content="with" id="11-14"/>
                <token content="the" id="11-15">
                    <pos type="DT"/>
                    <lemma type="the"/>
                </token>
                <token content="soft" id="11-16">
                    <pos type="JJ"/>
                    <lemma type="soft"/>
                </token>
                <token content="," id="11-17"/>
                <token content="dry" id="11-18">
                    <pos type="JJ"/>
                    <lemma type="dry"/>
                </token>
                <token content="towel" id="11-19">
                    <pos type="NN"/>
                    <lemma type="towel"/>
                    <dep head="11-10" type="prep"/>
                </token>
                <token content="." id="11-20"/>
            </sentence>
            <sentence id="12">
                <token content="I" id="12-1">
                    <pos type="PRP"/>
                    <lemma type="I"/>
                    <dep head="12-2" type="nsubj"/>
                </token>
                <token content="put" id="12-2">
                    <pos type="VBD"/>
                    <lemma type="put"/>
                </token>
                <token content="on" id="12-3"/>
                <token content="my" id="12-4">
                    <pos type="PRP$"/>
                    <lemma type="my"/>
                </token>
                <token content="bathrobe" id="12-5">
                    <pos type="NN"/>
                    <lemma type="bathrobe"/>
                    <dep head="12-2" type="prep"/>
                </token>
                <token content="and" id="12-6"/>
                <token content="let" id="12-7">
                    <pos type="VBP"/>
                    <lemma type="let"/>
                    <dep head="12-2" type="conj"/>
                </token>
                <token content="let" id="12-8">
                    <pos type="VB"/>
                    <lemma type="let"/>
                    <dep head="12-7" type="xcomp"/>
                </token>
                <token content="the" id="12-9">
                    <pos type="DT"/>
                    <lemma type="the"/>
                </token>
                <token content="water" id="12-10">
                    <pos type="NN"/>
                    <lemma type="water"/>
                    <dep head="12-8" type="dobj"/>
                </token>
                <token content="out" id="12-11"/>
                <token content="of" id="12-12"/>
                <token content="the" id="12-13">
                    <pos type="DT"/>
                    <lemma type="the"/>
                </token>
                <token content="tub" id="12-14">
                    <pos type="NN"/>
                    <lemma type="tub"/>
                    <dep head="12-8" type="prep"/>
                </token>
                <token content="." id="12-15"/>
            </sentence>
            <sentence id="13">
                <token content="It" id="13-1">
                    <pos type="PRP"/>
                    <lemma type="it"/>
                    <dep head="13-2" type="nsubj"/>
                </token>
                <token content="felt" id="13-2">
                    <pos type="VBD"/>
                    <lemma type="feel"/>
                </token>
                <token content="good" id="13-3">
                    <pos type="JJ"/>
                    <lemma type="good"/>
                    <dep head="13-2" type="acomp"/>
                </token>
                <token content="to" id="13-4">
                    <pos type="TO"/>
                    <lemma type="to"/>
                </token>
                <token content="be" id="13-5">
                    <pos type="VB"/>
                    <lemma type="be"/>
                </token>
                <token content="all" id="13-6">
                    <pos type="RB"/>
                    <lemma type="all"/>
                </token>
                <token content="clean" id="13-7">
                    <pos type="JJ"/>
                    <lemma type="clean"/>
                </token>
                <token content="." id="13-8"/>
            </sentence>
        </sentences>
    </text>
    <annotations>
        <participants>
            <label from="1-2" id="0" name="NPart" text="night" type="participant"/>
            <label from="1-3" id="1" name="ScrPart_bather" text="I" type="participant"/>
            <label from="1-8" id="2" name="ScrPart_bath" text="bath" type="participant"/>
            <label from="2-1" id="3" name="ScrPart_bather" text="I" type="participant"/>
            <label from="2-7" id="4" name="No_label" text="day" type="participant"/>
            <label from="3-1" id="5" name="ScrPart_bather" text="I" type="participant"/>
            <label from="3-6" id="6" name="ScrPart_water" text="water" type="participant"/>
            <label from="3-10" id="7" name="ScrPart_bathtub" text="bathtub" type="participant"/>
            <label from="4-1" id="8" name="ScrPart_bather" text="I" type="participant"/>
            <label from="4-4" id="9" name="ScrPart_bathtub" text="tub" type="participant"/>
            <label from="5-2" id="10" name="ScrPart_bathtub" text="it" type="participant"/>
            <label from="5-6" id="11" name="ScrPart_bather" text="I" type="participant"/>
            <label from="5-8" id="12" name="ScrPart_washing_tools" text="everything" type="participant"/>
            <label from="5-9" id="13" name="ScrPart_bather" text="I" type="participant"/>
            <label from="5-13" id="14" name="ScrPart_bather" text="my" type="participant"/>
            <label from="5-14" id="15" name="ScrPart_bath" text="bath" type="participant"/>
            <label from="6-1" id="16" name="ScrPart_bather" text="I" type="participant"/>
            <label from="6-3" id="17" name="ScrPart_bather" text="my" type="participant"/>
            <label from="6-4" id="18" name="ScrPart_washing_tools" text="soap" type="participant"/>
            <label from="6-6" id="19" name="ScrPart_washing_tools" text="shampoo" type="participant"/>
            <label from="6-8" id="20" name="ScrPart_washing_tools" text="washcloth" type="participant"/>
            <label from="6-10" id="21" name="ScrPart_towel" text="towel" type="participant"/>
            <label from="7-1" id="22" name="ScrPart_bather" text="I" type="participant"/>
            <label from="7-4" id="23" name="ScrPart_bather" text="my" type="participant"/>
            <label from="7-6" id="24" name="ScrPart_clothes" text="bathrobe" type="participant"/>
            <label from="7-9" id="25" name="ScrPart_bathroom" text="bathroom" type="participant"/>
            <label from="7-12" id="26" name="ScrPart_clothes" text="it" type="participant"/>
            <label from="7-15" id="27" name="NPart" text="hook" type="participant"/>
            <label from="7-18" id="28" name="NPart" text="door" type="participant"/>
            <label from="8-3" id="29" name="ScrPart_bathtub" text="tub" type="participant"/>
            <label from="8-6" id="30" name="ScrPart_bather" text="I" type="participant"/>
            <label from="8-15" id="31" name="NPart" text="minutes" type="participant"/>
            <label from="9-2" id="32" name="ScrPart_bather" text="I" type="participant"/>
            <label from="9-4" id="33" name="ScrPart_washing_tools" text="shampoo" type="participant"/>
            <label from="9-6" id="34" name="ScrPart_bather" text="my" type="participant"/>
            <label from="9-7" id="35" name="ScrPart_body_part" text="hair" type="participant"/>
            <label from="9-10" id="36" name="ScrPart_hair" text="it" type="participant"/>
            <label from="9-12" id="37" name="ScrPart_body_part" text="it" type="participant"/>
            <label from="9-16" id="38" name="ScrPart_bath_means" text="bubbles" type="participant"/>
            <label from="10-1" id="39" name="ScrPart_bather" text="I" type="participant"/>
            <label from="10-3" id="40" name="ScrPart_body_part" text="it" type="participant"/>
            <label from="10-9" id="41" name="ScrPart_washing_tools" text="washcloth" type="participant"/>
            <label from="10-11" id="42" name="ScrPart_washing_tools" text="soap" type="participant"/>
            <label from="10-14" id="43" name="ScrPart_bather" text="my" type="participant"/>
            <label from="10-15" id="44" name="ScrPart_body_part" text="body" type="participant"/>
            <label from="11-2" id="45" name="ScrPart_bather" text="I" type="participant"/>
            <label from="11-6" id="46" name="ScrPart_bather" text="I" type="participant"/>
            <label from="11-11" id="47" name="ScrPart_bather" text="myself" type="participant"/>
            <label from="11-19" id="48" name="ScrPart_towel" text="towel" type="participant"/>
            <label from="12-1" id="49" name="ScrPart_bather" text="I" type="participant"/>
            <label from="12-4" id="50" name="ScrPart_bather" text="my" type="participant"/>
            <label from="12-5" id="51" name="ScrPart_clothes" text="bathrobe" type="participant"/>
            <label from="12-10" id="52" name="ScrPart_water" text="water" type="participant"/>
            <label from="12-14" id="53" name="ScrPart_bathtub" text="tub" type="participant"/>
            <label from="13-1" id="54" name="No_label" text="It" type="participant"/>
        </participants>
        <events>
            <label from="1-4" id="55" name="UnrelEv" text="decided" type="event"/>
            <label from="1-6" id="56" name="Evoking" text="take a bath" to="1-8" type="event"/>
            <label from="2-5" id="57" name="UnrelEv" text="playing" type="event"/>
            <label from="2-9" id="58" name="UnrelEv" text="was" type="event"/>
            <label from="3-2" id="59" name="UnrelEv" text="started" type="event"/>
            <label from="3-3" id="60" name="RelNScrEv" text="running" type="event"/>
            <label from="3-8" id="61" name="ScrEv_fill_water/wait" text="fill" type="event"/>
            <label from="4-2" id="62" name="UnrelEv" text="like" type="event"/>
            <label from="4-6" id="63" name="UnrelEv" text="be" type="event"/>
            <label from="5-4" id="64" name="ScrEv_fill_water/wait" text="filling" type="event"/>
            <label from="5-7" id="65" name="ScrEv_prepare_bath" text="gathered" type="event"/>
            <label from="5-11" id="66" name="UnrelEv" text="need" type="event"/>
            <label from="6-2" id="67" name="ScrEv_prepare_bath" text="got" type="event"/>
            <label from="7-3" id="68" name="ScrEv_prepare_bath" text="brought" type="event"/>
            <label from="7-11" id="69" name="ScrEv_prepare_bath" text="hung" type="event"/>
            <label from="8-4" id="70" name="UnrelEv" text="was" type="event"/>
            <label from="8-7" id="71" name="ScrEv_sink_water" text="got in" to="8-8" type="event"/>
            <label from="8-7" id="72" name="ScrEv_sink_water" text="got" type="event"/>
            <label from="8-11" id="73" name="RelNScrEv" text="soaked" type="event"/>
            <label from="9-3" id="74" name="ScrEv_other" text="put" type="event"/>
            <label from="9-9" id="75" name="RelNScrEv" text="scrubbed" type="event"/>
            <label from="9-14" id="76" name="UnrelEv" text="covered" type="event"/>
            <label from="10-2" id="77" name="ScrEv_wash" text="rinsed" type="event"/>
            <label from="10-7" id="78" name="UnrelEv" text="used" type="event"/>
            <label from="10-13" id="79" name="ScrEv_wash" text="wash" type="event"/>
            <label from="11-3" id="80" name="UnrelEv" text="was" type="event"/>
            <label from="11-7" id="81" name="ScrEv_get_out_bath" text="got out" to="11-8" type="event"/>
            <label from="11-7" id="82" name="ScrEv_get_out_bath" text="got" type="event"/>
            <label from="11-10" id="83" name="ScrEv_dry" text="dried" type="event"/>
            <label from="12-2" id="84" name="ScrEv_get_dressed" text="put on" to="12-3" type="event"/>
            <label from="12-2" id="85" name="ScrEv_get_dressed" text="put" type="event"/>
            <label from="12-8" id="86" name="ScrEv_open_drain" text="let" type="event"/>
            <label from="13-2" id="87" name="UnrelEv" text="felt" type="event"/>
        </events>
        <chains>
            <chain elements="1 3 5 8 11 13 14 16 17 22 23 30 32 34 39 43 45 46 47 49 50"/>
            <chain elements="7 9 10 29 53"/>
            <chain elements="2 15"/>
            <chain elements="19 33"/>
            <chain elements="35 36 37 40"/>
            <chain elements="20 41"/>
            <chain elements="18 42"/>
            <chain elements="21 48"/>
            <chain elements="6 52"/>
        </chains>
    </annotations>
</story>
