<?xml version="1.0" encoding="UTF-8" standalone="no"?>
<!DOCTYPE story SYSTEM "../InScript.dtd">
<story id="084" scenario="bath">
    <text>
        <content>It first begins with turning on the heater in the bathroom for 10 minutes so that when I am waiting for the water to be warm I do not freeze . 
My parents and siblings think that this is weird but I do not care because it is my way of doing things . 
I look forward to a warm bath and enjoy getting clean and soaking afterwards to relax . 
Once the bath is full I slowly get in and feel the warmth wrap around my body . 
After getting comfy I close my eyes and relax for 10 or 15 minutes before beginning to get clean and proceed to get out . 
After cleaning I do not like to relax any longer because you are basically sitting in your dirt , grime , and filth . 
This is quite disgusting to think about and I would not ever recommend anyone to rest or relax in the filth . 
No matter how warm or cozy the water still seems . </content>
        <sentences>
            <sentence id="1">
                <token content="It" id="1-1">
                    <pos type="PRP"/>
                    <lemma type="it"/>
                    <dep head="1-3" type="nsubj"/>
                </token>
                <token content="first" id="1-2">
                    <pos type="RB"/>
                    <lemma type="first"/>
                    <dep head="1-3" type="advmod"/>
                </token>
                <token content="begins" id="1-3">
                    <pos type="VBZ"/>
                    <lemma type="begin"/>
                </token>
                <token content="with" id="1-4"/>
                <token content="turning" id="1-5">
                    <pos type="VBG"/>
                    <lemma type="turn"/>
                    <dep head="1-3" type="prepc"/>
                </token>
                <token content="on" id="1-6"/>
                <token content="the" id="1-7">
                    <pos type="DT"/>
                    <lemma type="the"/>
                </token>
                <token content="heater" id="1-8">
                    <pos type="NN"/>
                    <lemma type="heater"/>
                    <dep head="1-5" type="prep"/>
                </token>
                <token content="in" id="1-9"/>
                <token content="the" id="1-10">
                    <pos type="DT"/>
                    <lemma type="the"/>
                </token>
                <token content="bathroom" id="1-11">
                    <pos type="NN"/>
                    <lemma type="bathroom"/>
                </token>
                <token content="for" id="1-12"/>
                <token content="10" id="1-13">
                    <pos type="CD"/>
                    <lemma type="10"/>
                </token>
                <token content="minutes" id="1-14">
                    <pos type="NNS"/>
                    <lemma type="minute"/>
                </token>
                <token content="so" id="1-15">
                    <pos type="RB"/>
                    <lemma type="so"/>
                    <dep head="1-30" type="advmod"/>
                </token>
                <token content="that" id="1-16">
                    <pos type="IN"/>
                    <lemma type="that"/>
                    <dep head="1-30" type="mark"/>
                </token>
                <token content="when" id="1-17">
                    <pos type="WRB"/>
                    <lemma type="when"/>
                    <dep head="1-20" type="advmod"/>
                </token>
                <token content="I" id="1-18">
                    <pos type="PRP"/>
                    <lemma type="I"/>
                    <dep head="1-20" type="nsubj"/>
                </token>
                <token content="am" id="1-19">
                    <pos type="VBP"/>
                    <lemma type="be"/>
                    <dep head="1-20" type="aux"/>
                </token>
                <token content="waiting" id="1-20">
                    <pos type="VBG"/>
                    <lemma type="wait"/>
                    <dep head="1-30" type="advcl"/>
                </token>
                <token content="for" id="1-21"/>
                <token content="the" id="1-22">
                    <pos type="DT"/>
                    <lemma type="the"/>
                </token>
                <token content="water" id="1-23">
                    <pos type="NN"/>
                    <lemma type="water"/>
                    <dep head="1-20" type="prep"/>
                </token>
                <token content="to" id="1-24">
                    <pos type="TO"/>
                    <lemma type="to"/>
                </token>
                <token content="be" id="1-25">
                    <pos type="VB"/>
                    <lemma type="be"/>
                </token>
                <token content="warm" id="1-26">
                    <pos type="JJ"/>
                    <lemma type="warm"/>
                    <dep head="1-20" type="xcomp"/>
                </token>
                <token content="I" id="1-27">
                    <pos type="PRP"/>
                    <lemma type="I"/>
                    <dep head="1-30" type="nsubj"/>
                </token>
                <token content="do" id="1-28">
                    <pos type="VBP"/>
                    <lemma type="do"/>
                    <dep head="1-30" type="aux"/>
                </token>
                <token content="not" id="1-29">
                    <pos type="RB"/>
                    <lemma type="not"/>
                    <dep head="1-30" type="neg"/>
                </token>
                <token content="freeze" id="1-30">
                    <pos type="VB"/>
                    <lemma type="freeze"/>
                    <dep head="1-5" type="advcl"/>
                </token>
                <token content="." id="1-31"/>
            </sentence>
            <sentence id="2">
                <token content="My" id="2-1">
                    <pos type="PRP$"/>
                    <lemma type="my"/>
                </token>
                <token content="parents" id="2-2">
                    <pos type="NNS"/>
                    <lemma type="parent"/>
                    <dep head="2-5" type="nsubj"/>
                </token>
                <token content="and" id="2-3"/>
                <token content="siblings" id="2-4">
                    <pos type="NNS"/>
                    <lemma type="sibling"/>
                </token>
                <token content="think" id="2-5">
                    <pos type="VBP"/>
                    <lemma type="think"/>
                </token>
                <token content="that" id="2-6">
                    <pos type="IN"/>
                    <lemma type="that"/>
                </token>
                <token content="this" id="2-7">
                    <pos type="DT"/>
                    <lemma type="this"/>
                </token>
                <token content="is" id="2-8">
                    <pos type="VBZ"/>
                    <lemma type="be"/>
                </token>
                <token content="weird" id="2-9">
                    <pos type="JJ"/>
                    <lemma type="weird"/>
                    <dep head="2-5" type="ccomp"/>
                </token>
                <token content="but" id="2-10"/>
                <token content="I" id="2-11">
                    <pos type="PRP"/>
                    <lemma type="I"/>
                    <dep head="2-14" type="nsubj"/>
                </token>
                <token content="do" id="2-12">
                    <pos type="VBP"/>
                    <lemma type="do"/>
                    <dep head="2-14" type="aux"/>
                </token>
                <token content="not" id="2-13">
                    <pos type="RB"/>
                    <lemma type="not"/>
                    <dep head="2-14" type="neg"/>
                </token>
                <token content="care" id="2-14">
                    <pos type="VB"/>
                    <lemma type="care"/>
                    <dep head="2-5" type="conj"/>
                </token>
                <token content="because" id="2-15">
                    <pos type="IN"/>
                    <lemma type="because"/>
                </token>
                <token content="it" id="2-16">
                    <pos type="PRP"/>
                    <lemma type="it"/>
                </token>
                <token content="is" id="2-17">
                    <pos type="VBZ"/>
                    <lemma type="be"/>
                </token>
                <token content="my" id="2-18">
                    <pos type="PRP$"/>
                    <lemma type="my"/>
                </token>
                <token content="way" id="2-19">
                    <pos type="NN"/>
                    <lemma type="way"/>
                    <dep head="2-14" type="advcl"/>
                </token>
                <token content="of" id="2-20"/>
                <token content="doing" id="2-21">
                    <pos type="VBG"/>
                    <lemma type="do"/>
                </token>
                <token content="things" id="2-22">
                    <pos type="NNS"/>
                    <lemma type="thing"/>
                    <dep head="2-21" type="dobj"/>
                </token>
                <token content="." id="2-23"/>
            </sentence>
            <sentence id="3">
                <token content="I" id="3-1">
                    <pos type="PRP"/>
                    <lemma type="I"/>
                    <dep head="3-2" type="nsubj"/>
                </token>
                <token content="look" id="3-2">
                    <pos type="VBP"/>
                    <lemma type="look"/>
                </token>
                <token content="forward" id="3-3">
                    <pos type="RB"/>
                    <lemma type="forward"/>
                    <dep head="3-2" type="advmod"/>
                </token>
                <token content="to" id="3-4"/>
                <token content="a" id="3-5">
                    <pos type="DT"/>
                    <lemma type="a"/>
                </token>
                <token content="warm" id="3-6">
                    <pos type="JJ"/>
                    <lemma type="warm"/>
                </token>
                <token content="bath" id="3-7">
                    <pos type="NN"/>
                    <lemma type="bath"/>
                    <dep head="3-2" type="prep"/>
                </token>
                <token content="and" id="3-8"/>
                <token content="enjoy" id="3-9">
                    <pos type="VBP"/>
                    <lemma type="enjoy"/>
                    <dep head="3-2" type="conj"/>
                </token>
                <token content="getting" id="3-10">
                    <pos type="VBG"/>
                    <lemma type="get"/>
                </token>
                <token content="clean" id="3-11">
                    <pos type="JJ"/>
                    <lemma type="clean"/>
                    <dep head="3-9" type="ccomp"/>
                </token>
                <token content="and" id="3-12"/>
                <token content="soaking" id="3-13">
                    <pos type="VBG"/>
                    <lemma type="soak"/>
                </token>
                <token content="afterwards" id="3-14">
                    <pos type="RB"/>
                    <lemma type="afterwards"/>
                    <dep head="3-13" type="advmod"/>
                </token>
                <token content="to" id="3-15">
                    <pos type="TO"/>
                    <lemma type="to"/>
                    <dep head="3-16" type="aux"/>
                </token>
                <token content="relax" id="3-16">
                    <pos type="VB"/>
                    <lemma type="relax"/>
                    <dep head="3-13" type="xcomp"/>
                </token>
                <token content="." id="3-17"/>
            </sentence>
            <sentence id="4">
                <token content="Once" id="4-1">
                    <pos type="IN"/>
                    <lemma type="once"/>
                </token>
                <token content="the" id="4-2">
                    <pos type="DT"/>
                    <lemma type="the"/>
                </token>
                <token content="bath" id="4-3">
                    <pos type="NN"/>
                    <lemma type="bath"/>
                </token>
                <token content="is" id="4-4">
                    <pos type="VBZ"/>
                    <lemma type="be"/>
                </token>
                <token content="full" id="4-5">
                    <pos type="JJ"/>
                    <lemma type="full"/>
                    <dep head="4-8" type="advcl"/>
                </token>
                <token content="I" id="4-6">
                    <pos type="PRP"/>
                    <lemma type="I"/>
                    <dep head="4-8" type="nsubj"/>
                </token>
                <token content="slowly" id="4-7">
                    <pos type="RB"/>
                    <lemma type="slowly"/>
                    <dep head="4-8" type="advmod"/>
                </token>
                <token content="get" id="4-8">
                    <pos type="VBP"/>
                    <lemma type="get"/>
                </token>
                <token content="in" id="4-9">
                    <pos type="RP"/>
                    <lemma type="in"/>
                    <dep head="4-8" type="prt"/>
                </token>
                <token content="and" id="4-10"/>
                <token content="feel" id="4-11">
                    <pos type="VBP"/>
                    <lemma type="feel"/>
                    <dep head="4-8" type="conj"/>
                </token>
                <token content="the" id="4-12">
                    <pos type="DT"/>
                    <lemma type="the"/>
                </token>
                <token content="warmth" id="4-13">
                    <pos type="JJ"/>
                    <lemma type="warmth"/>
                </token>
                <token content="wrap" id="4-14">
                    <pos type="NN"/>
                    <lemma type="wrap"/>
                    <dep head="4-11" type="dobj"/>
                </token>
                <token content="around" id="4-15"/>
                <token content="my" id="4-16">
                    <pos type="PRP$"/>
                    <lemma type="my"/>
                </token>
                <token content="body" id="4-17">
                    <pos type="NN"/>
                    <lemma type="body"/>
                    <dep head="4-11" type="prep"/>
                </token>
                <token content="." id="4-18"/>
            </sentence>
            <sentence id="5">
                <token content="After" id="5-1"/>
                <token content="getting" id="5-2">
                    <pos type="VBG"/>
                    <lemma type="get"/>
                    <dep head="5-5" type="prepc"/>
                </token>
                <token content="comfy" id="5-3">
                    <pos type="RB"/>
                    <lemma type="comfy"/>
                    <dep head="5-2" type="advmod"/>
                </token>
                <token content="I" id="5-4">
                    <pos type="PRP"/>
                    <lemma type="I"/>
                    <dep head="5-5" type="nsubj"/>
                </token>
                <token content="close" id="5-5">
                    <pos type="VB"/>
                    <lemma type="close"/>
                </token>
                <token content="my" id="5-6">
                    <pos type="PRP$"/>
                    <lemma type="my"/>
                </token>
                <token content="eyes" id="5-7">
                    <pos type="NNS"/>
                    <lemma type="eye"/>
                    <dep head="5-5" type="dobj"/>
                </token>
                <token content="and" id="5-8"/>
                <token content="relax" id="5-9">
                    <pos type="VB"/>
                    <lemma type="relax"/>
                    <dep head="5-5" type="conj"/>
                </token>
                <token content="for" id="5-10"/>
                <token content="10" id="5-11">
                    <pos type="CD"/>
                    <lemma type="10"/>
                </token>
                <token content="or" id="5-12"/>
                <token content="15" id="5-13">
                    <pos type="CD"/>
                    <lemma type="15"/>
                </token>
                <token content="minutes" id="5-14">
                    <pos type="NNS"/>
                    <lemma type="minute"/>
                    <dep head="5-9" type="prep"/>
                </token>
                <token content="before" id="5-15"/>
                <token content="beginning" id="5-16">
                    <pos type="VBG"/>
                    <lemma type="begin"/>
                </token>
                <token content="to" id="5-17">
                    <pos type="TO"/>
                    <lemma type="to"/>
                </token>
                <token content="get" id="5-18">
                    <pos type="VB"/>
                    <lemma type="get"/>
                </token>
                <token content="clean" id="5-19">
                    <pos type="JJ"/>
                    <lemma type="clean"/>
                    <dep head="5-16" type="xcomp"/>
                </token>
                <token content="and" id="5-20"/>
                <token content="proceed" id="5-21">
                    <pos type="VB"/>
                    <lemma type="proceed"/>
                    <dep head="5-5" type="conj"/>
                </token>
                <token content="to" id="5-22">
                    <pos type="TO"/>
                    <lemma type="to"/>
                    <dep head="5-23" type="aux"/>
                </token>
                <token content="get" id="5-23">
                    <pos type="VB"/>
                    <lemma type="get"/>
                    <dep head="5-21" type="xcomp"/>
                </token>
                <token content="out" id="5-24">
                    <pos type="RP"/>
                    <lemma type="out"/>
                    <dep head="5-23" type="prt"/>
                </token>
                <token content="." id="5-25"/>
            </sentence>
            <sentence id="6">
                <token content="After" id="6-1"/>
                <token content="cleaning" id="6-2">
                    <pos type="NN"/>
                    <lemma type="cleaning"/>
                    <dep head="6-6" type="prep"/>
                </token>
                <token content="I" id="6-3">
                    <pos type="PRP"/>
                    <lemma type="I"/>
                    <dep head="6-6" type="nsubj"/>
                </token>
                <token content="do" id="6-4">
                    <pos type="VBP"/>
                    <lemma type="do"/>
                    <dep head="6-6" type="aux"/>
                </token>
                <token content="not" id="6-5">
                    <pos type="RB"/>
                    <lemma type="not"/>
                    <dep head="6-6" type="neg"/>
                </token>
                <token content="like" id="6-6">
                    <pos type="VB"/>
                    <lemma type="like"/>
                </token>
                <token content="to" id="6-7">
                    <pos type="TO"/>
                    <lemma type="to"/>
                    <dep head="6-8" type="aux"/>
                </token>
                <token content="relax" id="6-8">
                    <pos type="VB"/>
                    <lemma type="relax"/>
                    <dep head="6-6" type="xcomp"/>
                </token>
                <token content="any" id="6-9">
                    <pos type="DT"/>
                    <lemma type="any"/>
                </token>
                <token content="longer" id="6-10">
                    <pos type="RBR"/>
                    <lemma type="longer"/>
                    <dep head="6-8" type="advmod"/>
                </token>
                <token content="because" id="6-11">
                    <pos type="IN"/>
                    <lemma type="because"/>
                    <dep head="6-15" type="mark"/>
                </token>
                <token content="you" id="6-12">
                    <pos type="PRP"/>
                    <lemma type="you"/>
                    <dep head="6-15" type="nsubj"/>
                </token>
                <token content="are" id="6-13">
                    <pos type="VBP"/>
                    <lemma type="be"/>
                    <dep head="6-15" type="aux"/>
                </token>
                <token content="basically" id="6-14">
                    <pos type="RB"/>
                    <lemma type="basically"/>
                    <dep head="6-15" type="advmod"/>
                </token>
                <token content="sitting" id="6-15">
                    <pos type="VBG"/>
                    <lemma type="sit"/>
                    <dep head="6-8" type="advcl"/>
                </token>
                <token content="in" id="6-16"/>
                <token content="your" id="6-17">
                    <pos type="PRP$"/>
                    <lemma type="you"/>
                </token>
                <token content="dirt" id="6-18">
                    <pos type="NN"/>
                    <lemma type="dirt"/>
                    <dep head="6-15" type="prep"/>
                </token>
                <token content="," id="6-19"/>
                <token content="grime" id="6-20">
                    <pos type="NN"/>
                    <lemma type="grime"/>
                </token>
                <token content="," id="6-21"/>
                <token content="and" id="6-22"/>
                <token content="filth" id="6-23">
                    <pos type="NN"/>
                    <lemma type="filth"/>
                </token>
                <token content="." id="6-24"/>
            </sentence>
            <sentence id="7">
                <token content="This" id="7-1">
                    <pos type="DT"/>
                    <lemma type="this"/>
                </token>
                <token content="is" id="7-2">
                    <pos type="VBZ"/>
                    <lemma type="be"/>
                </token>
                <token content="quite" id="7-3">
                    <pos type="RB"/>
                    <lemma type="quite"/>
                </token>
                <token content="disgusting" id="7-4">
                    <pos type="JJ"/>
                    <lemma type="disgusting"/>
                </token>
                <token content="to" id="7-5">
                    <pos type="TO"/>
                    <lemma type="to"/>
                    <dep head="7-6" type="aux"/>
                </token>
                <token content="think" id="7-6">
                    <pos type="VB"/>
                    <lemma type="think"/>
                </token>
                <token content="about" id="7-7">
                    <pos type="RP"/>
                    <lemma type="about"/>
                    <dep head="7-6" type="prt"/>
                </token>
                <token content="and" id="7-8"/>
                <token content="I" id="7-9">
                    <pos type="PRP"/>
                    <lemma type="I"/>
                    <dep head="7-13" type="nsubj"/>
                </token>
                <token content="would" id="7-10">
                    <pos type="MD"/>
                    <lemma type="would"/>
                    <dep head="7-13" type="aux"/>
                </token>
                <token content="not" id="7-11">
                    <pos type="RB"/>
                    <lemma type="not"/>
                    <dep head="7-13" type="neg"/>
                </token>
                <token content="ever" id="7-12">
                    <pos type="RB"/>
                    <lemma type="ever"/>
                    <dep head="7-13" type="advmod"/>
                </token>
                <token content="recommend" id="7-13">
                    <pos type="VB"/>
                    <lemma type="recommend"/>
                </token>
                <token content="anyone" id="7-14">
                    <pos type="NN"/>
                    <lemma type="anyone"/>
                    <dep head="7-13" type="dobj"/>
                </token>
                <token content="to" id="7-15"/>
                <token content="rest" id="7-16">
                    <pos type="NN"/>
                    <lemma type="rest"/>
                    <dep head="7-13" type="prep"/>
                </token>
                <token content="or" id="7-17"/>
                <token content="relax" id="7-18">
                    <pos type="VB"/>
                    <lemma type="relax"/>
                    <dep head="7-13" type="conj"/>
                </token>
                <token content="in" id="7-19"/>
                <token content="the" id="7-20">
                    <pos type="DT"/>
                    <lemma type="the"/>
                </token>
                <token content="filth" id="7-21">
                    <pos type="NN"/>
                    <lemma type="filth"/>
                    <dep head="7-18" type="prep"/>
                </token>
                <token content="." id="7-22"/>
            </sentence>
            <sentence id="8">
                <token content="No" id="8-1">
                    <pos type="UH"/>
                    <lemma type="no"/>
                    <dep head="8-2" type="discourse"/>
                </token>
                <token content="matter" id="8-2">
                    <pos type="VB"/>
                    <lemma type="matter"/>
                </token>
                <token content="how" id="8-3">
                    <pos type="WRB"/>
                    <lemma type="how"/>
                    <dep head="8-10" type="advmod"/>
                </token>
                <token content="warm" id="8-4">
                    <pos type="JJ"/>
                    <lemma type="warm"/>
                </token>
                <token content="or" id="8-5"/>
                <token content="cozy" id="8-6">
                    <pos type="JJ"/>
                    <lemma type="cozy"/>
                </token>
                <token content="the" id="8-7">
                    <pos type="DT"/>
                    <lemma type="the"/>
                </token>
                <token content="water" id="8-8">
                    <pos type="NN"/>
                    <lemma type="water"/>
                    <dep head="8-10" type="nsubj"/>
                </token>
                <token content="still" id="8-9">
                    <pos type="RB"/>
                    <lemma type="still"/>
                    <dep head="8-10" type="advmod"/>
                </token>
                <token content="seems" id="8-10">
                    <pos type="VBZ"/>
                    <lemma type="seem"/>
                    <dep head="8-2" type="ccomp"/>
                </token>
                <token content="." id="8-11"/>
            </sentence>
        </sentences>
    </text>
    <annotations>
        <participants>
            <label from="1-1" id="0" name="No_label" text="It" type="participant"/>
            <label from="1-8" id="1" name="ScrPart_other" text="heater" type="participant"/>
            <label from="1-11" id="2" name="ScrPart_bathroom" text="bathroom" type="participant"/>
            <label from="1-14" id="3" name="NPart" text="minutes" type="participant"/>
            <label from="1-18" id="4" name="ScrPart_bather" text="I" type="participant"/>
            <label from="1-23" id="5" name="ScrPart_water" text="water" type="participant"/>
            <label from="1-27" id="6" name="ScrPart_bather" text="I" type="participant"/>
            <label from="2-1" id="7" name="ScrPart_bather" text="My" type="participant"/>
            <label from="2-2" id="8" name="NPart" text="parents" type="participant"/>
            <label from="2-4" id="9" name="NPart" text="siblings" type="participant"/>
            <label from="2-11" id="10" name="ScrPart_bather" text="I" type="participant"/>
            <label from="2-16" id="11" name="No_label" text="it" type="participant"/>
            <label from="2-18" id="12" name="ScrPart_bather" text="my" type="participant"/>
            <label from="2-19" id="13" name="No_label" text="way" type="participant"/>
            <label from="2-22" id="14" name="No_label" text="things" type="participant"/>
            <label from="3-1" id="15" name="ScrPart_bather" text="I" type="participant"/>
            <label from="3-7" id="16" name="ScrPart_bath" text="bath" type="participant"/>
            <label from="4-3" id="17" name="ScrPart_bath" text="bath" type="participant"/>
            <label from="4-6" id="18" name="ScrPart_bather" text="I" type="participant"/>
            <label from="4-13" id="19" name="ScrPart_temperature" text="warmth" type="participant"/>
            <label from="4-16" id="20" name="ScrPart_bather" text="my" type="participant"/>
            <label from="4-17" id="21" name="ScrPart_body_part" text="body" type="participant"/>
            <label from="5-4" id="22" name="ScrPart_bather" text="I" type="participant"/>
            <label from="5-6" id="23" name="ScrPart_bather" text="my" type="participant"/>
            <label from="5-7" id="24" name="ScrPart_body_part" text="eyes" type="participant"/>
            <label from="5-14" id="25" name="NPart" text="minutes" type="participant"/>
            <label from="6-3" id="26" name="ScrPart_bather" text="I" type="participant"/>
            <label from="6-12" id="27" name="ScrPart_bather" text="you" type="participant"/>
            <label from="6-17" id="28" name="ScrPart_bather" text="your" type="participant"/>
            <label from="6-18" id="29" name="NPart" text="dirt" type="participant"/>
            <label from="6-20" id="30" name="NPart" text="grime" type="participant"/>
            <label from="6-23" id="31" name="NPart" text="filth" type="participant"/>
            <label from="7-9" id="32" name="ScrPart_bather" text="I" type="participant"/>
            <label from="7-14" id="33" name="NPart" text="anyone" type="participant"/>
            <label from="7-21" id="34" name="NPart" text="filth" type="participant"/>
            <label from="8-2" id="35" name="No_label" text="matter" type="participant"/>
            <label from="8-8" id="36" name="ScrPart_water" text="water" type="participant"/>
        </participants>
        <events>
            <label from="1-3" id="37" name="UnrelEv" text="begins" type="event"/>
            <label from="1-5" id="38" name="ScrEv_other" text="turning on" to="1-6" type="event"/>
            <label from="1-5" id="39" name="ScrEv_other" text="turning" type="event"/>
            <label from="1-20" id="40" name="ScrEv_fill_water/wait" text="waiting" type="event"/>
            <label from="1-25" id="41" name="UnrelEv" text="be" type="event"/>
            <label from="1-30" id="42" name="UnrelEv" text="freeze" type="event"/>
            <label from="2-5" id="43" name="UnrelEv" text="think" type="event"/>
            <label from="2-8" id="44" name="UnrelEv" text="is" type="event"/>
            <label from="2-14" id="45" name="UnrelEv" text="care" type="event"/>
            <label from="2-17" id="46" name="UnrelEv" text="is" type="event"/>
            <label from="2-21" id="47" name="UnrelEv" text="doing" type="event"/>
            <label from="3-2" id="48" name="UnrelEv" text="look forward" to="3-3" type="event"/>
            <label from="3-2" id="49" name="UnrelEv" text="look" type="event"/>
            <label from="3-9" id="50" name="UnrelEv" text="enjoy" type="event"/>
            <label from="3-10" id="51" name="RelNScrEv" text="getting" type="event"/>
            <label from="3-13" id="52" name="RelNScrEv" text="soaking" type="event"/>
            <label from="3-16" id="53" name="ScrEv_relax" text="relax" type="event"/>
            <label from="4-4" id="54" name="UnrelEv" text="is" type="event"/>
            <label from="4-8" id="55" name="ScrEv_sink_water" text="get in" to="4-9" type="event"/>
            <label from="4-8" id="56" name="ScrEv_sink_water" text="get" type="event"/>
            <label from="4-11" id="57" name="UnrelEv" text="feel" type="event"/>
            <label from="4-14" id="58" name="UnrelEv" text="wrap" type="event"/>
            <label from="5-2" id="59" name="UnrelEv" text="getting" type="event"/>
            <label from="5-5" id="60" name="UnrelEv" text="close" type="event"/>
            <label from="5-9" id="61" name="ScrEv_relax" text="relax" type="event"/>
            <label from="5-16" id="62" name="UnrelEv" text="beginning" type="event"/>
            <label from="5-18" id="63" name="ScrEv_wash" text="get" type="event"/>
            <label from="5-21" id="64" name="UnrelEv" text="proceed" type="event"/>
            <label from="5-23" id="65" name="ScrEv_get_out_bath" text="get out" to="5-24" type="event"/>
            <label from="5-23" id="66" name="ScrEv_get_out_bath" text="get" type="event"/>
            <label from="6-2" id="67" name="ScrEv_wash" text="cleaning" type="event"/>
            <label from="6-6" id="68" name="UnrelEv" text="like" type="event"/>
            <label from="6-8" id="69" name="ScrEv_relax" text="relax" type="event"/>
            <label from="6-15" id="70" name="UnrelEv" text="sitting" type="event"/>
            <label from="7-2" id="71" name="UnrelEv" text="is" type="event"/>
            <label from="7-4" id="72" name="UnrelEv" text="disgusting" type="event"/>
            <label from="7-6" id="73" name="UnrelEv" text="think about" to="7-7" type="event"/>
            <label from="7-6" id="74" name="UnrelEv" text="think" type="event"/>
            <label from="7-13" id="75" name="UnrelEv" text="recommend" type="event"/>
            <label from="7-16" id="76" name="ScrEv_relax" text="rest" type="event"/>
            <label from="7-18" id="77" name="ScrEv_relax" text="relax" type="event"/>
            <label from="8-10" id="78" name="UnrelEv" text="seems" type="event"/>
        </events>
        <chains>
            <chain elements="4 6 7 10 12 15 18 20 22 23 26 27 28 32"/>
            <chain elements="16 17"/>
            <chain elements="5 36"/>
        </chains>
    </annotations>
</story>
