<?xml version="1.0" encoding="UTF-8" standalone="no"?>
<!DOCTYPE story SYSTEM "../InScript.dtd">
<story id="026" scenario="bath">
    <text>
        <content>After a very tough workout with some friend 's at the gym , I was very sore and wanted to take a bath to help my soreness and get clean . 
I remembered that mom bought me something to put inside of the bath that helped soothe sore muscles . 
I grabbed it from the cabinet and turned the water on to very hot . 
After about 3 minutes , the tub was full and I poured some of the mixture in it and it became very bubbly and smelled great . 
I slowly placed myself into the bathtub and lit a few candles to help me relax , as I had a very long day . 
After about 30 minutes of soaking in the very warm water , I got out of the tub , dried myself and then drained it . 
After it fully drained , I ran some more water in order to fully rinse all of the soap mixture down the drain , leaving a very clean tub . 
After this , I changed into comfortable clothes and enjoyed my evening . 
It was a very relaxing bath . </content>
        <sentences>
            <sentence id="1">
                <token content="After" id="1-1"/>
                <token content="a" id="1-2">
                    <pos type="DT"/>
                    <lemma type="a"/>
                </token>
                <token content="very" id="1-3">
                    <pos type="RB"/>
                    <lemma type="very"/>
                </token>
                <token content="tough" id="1-4">
                    <pos type="JJ"/>
                    <lemma type="tough"/>
                </token>
                <token content="workout" id="1-5">
                    <pos type="NN"/>
                    <lemma type="workout"/>
                </token>
                <token content="with" id="1-6"/>
                <token content="some" id="1-7">
                    <pos type="DT"/>
                    <lemma type="some"/>
                </token>
                <token content="friend" id="1-8">
                    <pos type="NN"/>
                    <lemma type="friend"/>
                </token>
                <token content="'s" id="1-9">
                    <pos type="POS"/>
                    <lemma type="'s"/>
                </token>
                <token content="at" id="1-10"/>
                <token content="the" id="1-11">
                    <pos type="DT"/>
                    <lemma type="the"/>
                </token>
                <token content="gym" id="1-12">
                    <pos type="NN"/>
                    <lemma type="gym"/>
                </token>
                <token content="," id="1-13"/>
                <token content="I" id="1-14">
                    <pos type="PRP"/>
                    <lemma type="I"/>
                </token>
                <token content="was" id="1-15">
                    <pos type="VBD"/>
                    <lemma type="be"/>
                </token>
                <token content="very" id="1-16">
                    <pos type="RB"/>
                    <lemma type="very"/>
                </token>
                <token content="sore" id="1-17">
                    <pos type="JJ"/>
                    <lemma type="sore"/>
                </token>
                <token content="and" id="1-18"/>
                <token content="wanted" id="1-19">
                    <pos type="VBD"/>
                    <lemma type="want"/>
                </token>
                <token content="to" id="1-20">
                    <pos type="TO"/>
                    <lemma type="to"/>
                    <dep head="1-21" type="aux"/>
                </token>
                <token content="take" id="1-21">
                    <pos type="VB"/>
                    <lemma type="take"/>
                    <dep head="1-19" type="xcomp"/>
                </token>
                <token content="a" id="1-22">
                    <pos type="DT"/>
                    <lemma type="a"/>
                </token>
                <token content="bath" id="1-23">
                    <pos type="NN"/>
                    <lemma type="bath"/>
                    <dep head="1-21" type="dobj"/>
                </token>
                <token content="to" id="1-24">
                    <pos type="TO"/>
                    <lemma type="to"/>
                    <dep head="1-25" type="aux"/>
                </token>
                <token content="help" id="1-25">
                    <pos type="VB"/>
                    <lemma type="help"/>
                </token>
                <token content="my" id="1-26">
                    <pos type="PRP$"/>
                    <lemma type="my"/>
                </token>
                <token content="soreness" id="1-27">
                    <pos type="NN"/>
                    <lemma type="soreness"/>
                    <dep head="1-25" type="dobj"/>
                </token>
                <token content="and" id="1-28"/>
                <token content="get" id="1-29">
                    <pos type="VB"/>
                    <lemma type="get"/>
                </token>
                <token content="clean" id="1-30">
                    <pos type="JJ"/>
                    <lemma type="clean"/>
                    <dep head="1-25" type="conj"/>
                </token>
                <token content="." id="1-31"/>
            </sentence>
            <sentence id="2">
                <token content="I" id="2-1">
                    <pos type="PRP"/>
                    <lemma type="I"/>
                    <dep head="2-2" type="nsubj"/>
                </token>
                <token content="remembered" id="2-2">
                    <pos type="VBD"/>
                    <lemma type="remember"/>
                </token>
                <token content="that" id="2-3">
                    <pos type="IN"/>
                    <lemma type="that"/>
                    <dep head="2-5" type="mark"/>
                </token>
                <token content="mom" id="2-4">
                    <pos type="NN"/>
                    <lemma type="mom"/>
                    <dep head="2-5" type="nsubj"/>
                </token>
                <token content="bought" id="2-5">
                    <pos type="VBD"/>
                    <lemma type="buy"/>
                    <dep head="2-2" type="ccomp"/>
                </token>
                <token content="me" id="2-6">
                    <pos type="PRP"/>
                    <lemma type="I"/>
                </token>
                <token content="something" id="2-7">
                    <pos type="NN"/>
                    <lemma type="something"/>
                    <dep head="2-5" type="dobj"/>
                </token>
                <token content="to" id="2-8">
                    <pos type="TO"/>
                    <lemma type="to"/>
                    <dep head="2-9" type="aux"/>
                </token>
                <token content="put" id="2-9">
                    <pos type="VB"/>
                    <lemma type="put"/>
                    <dep head="2-5" type="vmod"/>
                </token>
                <token content="inside" id="2-10"/>
                <token content="of" id="2-11"/>
                <token content="the" id="2-12">
                    <pos type="DT"/>
                    <lemma type="the"/>
                </token>
                <token content="bath" id="2-13">
                    <pos type="NN"/>
                    <lemma type="bath"/>
                    <dep head="2-9" type="prep"/>
                </token>
                <token content="that" id="2-14">
                    <pos type="WDT"/>
                    <lemma type="that"/>
                    <dep head="2-15" type="nsubj"/>
                </token>
                <token content="helped" id="2-15">
                    <pos type="VBD"/>
                    <lemma type="help"/>
                </token>
                <token content="soothe" id="2-16">
                    <pos type="VB"/>
                    <lemma type="soothe"/>
                    <dep head="2-15" type="xcomp"/>
                </token>
                <token content="sore" id="2-17">
                    <pos type="JJ"/>
                    <lemma type="sore"/>
                </token>
                <token content="muscles" id="2-18">
                    <pos type="NNS"/>
                    <lemma type="muscle"/>
                    <dep head="2-16" type="dobj"/>
                </token>
                <token content="." id="2-19"/>
            </sentence>
            <sentence id="3">
                <token content="I" id="3-1">
                    <pos type="PRP"/>
                    <lemma type="I"/>
                    <dep head="3-2" type="nsubj"/>
                </token>
                <token content="grabbed" id="3-2">
                    <pos type="VBD"/>
                    <lemma type="grab"/>
                </token>
                <token content="it" id="3-3">
                    <pos type="PRP"/>
                    <lemma type="it"/>
                    <dep head="3-2" type="dobj"/>
                </token>
                <token content="from" id="3-4"/>
                <token content="the" id="3-5">
                    <pos type="DT"/>
                    <lemma type="the"/>
                </token>
                <token content="cabinet" id="3-6">
                    <pos type="NN"/>
                    <lemma type="cabinet"/>
                    <dep head="3-2" type="prep"/>
                </token>
                <token content="and" id="3-7"/>
                <token content="turned" id="3-8">
                    <pos type="VBD"/>
                    <lemma type="turn"/>
                    <dep head="3-2" type="conj"/>
                </token>
                <token content="the" id="3-9">
                    <pos type="DT"/>
                    <lemma type="the"/>
                </token>
                <token content="water" id="3-10">
                    <pos type="NN"/>
                    <lemma type="water"/>
                    <dep head="3-8" type="dobj"/>
                </token>
                <token content="on" id="3-11">
                    <pos type="IN"/>
                    <lemma type="on"/>
                    <dep head="3-8" type="prep"/>
                </token>
                <token content="to" id="3-12">
                    <pos type="TO"/>
                    <lemma type="to"/>
                </token>
                <token content="very" id="3-13">
                    <pos type="RB"/>
                    <lemma type="very"/>
                </token>
                <token content="hot" id="3-14">
                    <pos type="JJ"/>
                    <lemma type="hot"/>
                </token>
                <token content="." id="3-15"/>
            </sentence>
            <sentence id="4">
                <token content="After" id="4-1"/>
                <token content="about" id="4-2">
                    <pos type="RB"/>
                    <lemma type="about"/>
                </token>
                <token content="3" id="4-3">
                    <pos type="CD"/>
                    <lemma type="3"/>
                </token>
                <token content="minutes" id="4-4">
                    <pos type="NNS"/>
                    <lemma type="minute"/>
                </token>
                <token content="," id="4-5"/>
                <token content="the" id="4-6">
                    <pos type="DT"/>
                    <lemma type="the"/>
                </token>
                <token content="tub" id="4-7">
                    <pos type="NN"/>
                    <lemma type="tub"/>
                </token>
                <token content="was" id="4-8">
                    <pos type="VBD"/>
                    <lemma type="be"/>
                </token>
                <token content="full" id="4-9">
                    <pos type="JJ"/>
                    <lemma type="full"/>
                </token>
                <token content="and" id="4-10"/>
                <token content="I" id="4-11">
                    <pos type="PRP"/>
                    <lemma type="I"/>
                    <dep head="4-12" type="nsubj"/>
                </token>
                <token content="poured" id="4-12">
                    <pos type="VBD"/>
                    <lemma type="pour"/>
                </token>
                <token content="some" id="4-13">
                    <pos type="DT"/>
                    <lemma type="some"/>
                    <dep head="4-12" type="dobj"/>
                </token>
                <token content="of" id="4-14"/>
                <token content="the" id="4-15">
                    <pos type="DT"/>
                    <lemma type="the"/>
                </token>
                <token content="mixture" id="4-16">
                    <pos type="NN"/>
                    <lemma type="mixture"/>
                </token>
                <token content="in" id="4-17"/>
                <token content="it" id="4-18">
                    <pos type="PRP"/>
                    <lemma type="it"/>
                    <dep head="4-12" type="prep"/>
                </token>
                <token content="and" id="4-19"/>
                <token content="it" id="4-20">
                    <pos type="PRP"/>
                    <lemma type="it"/>
                    <dep head="4-21" type="nsubj"/>
                </token>
                <token content="became" id="4-21">
                    <pos type="VBD"/>
                    <lemma type="become"/>
                    <dep head="4-12" type="conj"/>
                </token>
                <token content="very" id="4-22">
                    <pos type="RB"/>
                    <lemma type="very"/>
                </token>
                <token content="bubbly" id="4-23">
                    <pos type="JJ"/>
                    <lemma type="bubbly"/>
                    <dep head="4-21" type="acomp"/>
                </token>
                <token content="and" id="4-24"/>
                <token content="smelled" id="4-25">
                    <pos type="RB"/>
                    <lemma type="smelled"/>
                </token>
                <token content="great" id="4-26">
                    <pos type="JJ"/>
                    <lemma type="great"/>
                </token>
                <token content="." id="4-27"/>
            </sentence>
            <sentence id="5">
                <token content="I" id="5-1">
                    <pos type="PRP"/>
                    <lemma type="I"/>
                    <dep head="5-3" type="nsubj"/>
                </token>
                <token content="slowly" id="5-2">
                    <pos type="RB"/>
                    <lemma type="slowly"/>
                    <dep head="5-3" type="advmod"/>
                </token>
                <token content="placed" id="5-3">
                    <pos type="VBD"/>
                    <lemma type="place"/>
                </token>
                <token content="myself" id="5-4">
                    <pos type="PRP"/>
                    <lemma type="myself"/>
                    <dep head="5-3" type="dobj"/>
                </token>
                <token content="into" id="5-5"/>
                <token content="the" id="5-6">
                    <pos type="DT"/>
                    <lemma type="the"/>
                </token>
                <token content="bathtub" id="5-7">
                    <pos type="NN"/>
                    <lemma type="bathtub"/>
                    <dep head="5-3" type="prep"/>
                </token>
                <token content="and" id="5-8"/>
                <token content="lit" id="5-9">
                    <pos type="VBD"/>
                    <lemma type="light"/>
                    <dep head="5-3" type="conj"/>
                </token>
                <token content="a" id="5-10">
                    <pos type="DT"/>
                    <lemma type="a"/>
                </token>
                <token content="few" id="5-11">
                    <pos type="JJ"/>
                    <lemma type="few"/>
                </token>
                <token content="candles" id="5-12">
                    <pos type="NNS"/>
                    <lemma type="candle"/>
                    <dep head="5-9" type="dobj"/>
                </token>
                <token content="to" id="5-13">
                    <pos type="TO"/>
                    <lemma type="to"/>
                    <dep head="5-14" type="aux"/>
                </token>
                <token content="help" id="5-14">
                    <pos type="VB"/>
                    <lemma type="help"/>
                    <dep head="5-9" type="vmod"/>
                </token>
                <token content="me" id="5-15">
                    <pos type="PRP"/>
                    <lemma type="I"/>
                    <dep head="5-16" type="nsubj"/>
                </token>
                <token content="relax" id="5-16">
                    <pos type="VB"/>
                    <lemma type="relax"/>
                    <dep head="5-14" type="ccomp"/>
                </token>
                <token content="," id="5-17"/>
                <token content="as" id="5-18">
                    <pos type="IN"/>
                    <lemma type="as"/>
                    <dep head="5-20" type="mark"/>
                </token>
                <token content="I" id="5-19">
                    <pos type="PRP"/>
                    <lemma type="I"/>
                    <dep head="5-20" type="nsubj"/>
                </token>
                <token content="had" id="5-20">
                    <pos type="VBD"/>
                    <lemma type="have"/>
                    <dep head="5-16" type="advcl"/>
                </token>
                <token content="a" id="5-21">
                    <pos type="DT"/>
                    <lemma type="a"/>
                </token>
                <token content="very" id="5-22">
                    <pos type="RB"/>
                    <lemma type="very"/>
                </token>
                <token content="long" id="5-23">
                    <pos type="JJ"/>
                    <lemma type="long"/>
                </token>
                <token content="day" id="5-24">
                    <pos type="NN"/>
                    <lemma type="day"/>
                    <dep head="5-20" type="tmod"/>
                </token>
                <token content="." id="5-25"/>
            </sentence>
            <sentence id="6">
                <token content="After" id="6-1"/>
                <token content="about" id="6-2">
                    <pos type="RB"/>
                    <lemma type="about"/>
                </token>
                <token content="30" id="6-3">
                    <pos type="CD"/>
                    <lemma type="30"/>
                </token>
                <token content="minutes" id="6-4">
                    <pos type="NNS"/>
                    <lemma type="minute"/>
                    <dep head="6-14" type="prep"/>
                </token>
                <token content="of" id="6-5"/>
                <token content="soaking" id="6-6">
                    <pos type="VBG"/>
                    <lemma type="soak"/>
                </token>
                <token content="in" id="6-7"/>
                <token content="the" id="6-8">
                    <pos type="DT"/>
                    <lemma type="the"/>
                </token>
                <token content="very" id="6-9">
                    <pos type="RB"/>
                    <lemma type="very"/>
                </token>
                <token content="warm" id="6-10">
                    <pos type="JJ"/>
                    <lemma type="warm"/>
                </token>
                <token content="water" id="6-11">
                    <pos type="NN"/>
                    <lemma type="water"/>
                    <dep head="6-6" type="prep"/>
                </token>
                <token content="," id="6-12"/>
                <token content="I" id="6-13">
                    <pos type="PRP"/>
                    <lemma type="I"/>
                    <dep head="6-14" type="nsubj"/>
                </token>
                <token content="got" id="6-14">
                    <pos type="VBD"/>
                    <lemma type="get"/>
                </token>
                <token content="out" id="6-15"/>
                <token content="of" id="6-16"/>
                <token content="the" id="6-17">
                    <pos type="DT"/>
                    <lemma type="the"/>
                </token>
                <token content="tub" id="6-18">
                    <pos type="NN"/>
                    <lemma type="tub"/>
                    <dep head="6-14" type="prep"/>
                </token>
                <token content="," id="6-19"/>
                <token content="dried" id="6-20">
                    <pos type="VBD"/>
                    <lemma type="dry"/>
                    <dep head="6-14" type="conj"/>
                </token>
                <token content="myself" id="6-21">
                    <pos type="PRP"/>
                    <lemma type="myself"/>
                    <dep head="6-20" type="dobj"/>
                </token>
                <token content="and" id="6-22"/>
                <token content="then" id="6-23">
                    <pos type="RB"/>
                    <lemma type="then"/>
                    <dep head="6-24" type="advmod"/>
                </token>
                <token content="drained" id="6-24">
                    <pos type="VBN"/>
                    <lemma type="drain"/>
                    <dep head="6-14" type="conj"/>
                </token>
                <token content="it" id="6-25">
                    <pos type="PRP"/>
                    <lemma type="it"/>
                    <dep head="6-24" type="xcomp"/>
                </token>
                <token content="." id="6-26"/>
            </sentence>
            <sentence id="7">
                <token content="After" id="7-1">
                    <pos type="IN"/>
                    <lemma type="after"/>
                    <dep head="7-4" type="mark"/>
                </token>
                <token content="it" id="7-2">
                    <pos type="PRP"/>
                    <lemma type="it"/>
                    <dep head="7-4" type="nsubj"/>
                </token>
                <token content="fully" id="7-3">
                    <pos type="RB"/>
                    <lemma type="fully"/>
                    <dep head="7-4" type="advmod"/>
                </token>
                <token content="drained" id="7-4">
                    <pos type="VBN"/>
                    <lemma type="drain"/>
                    <dep head="7-7" type="advcl"/>
                </token>
                <token content="," id="7-5"/>
                <token content="I" id="7-6">
                    <pos type="PRP"/>
                    <lemma type="I"/>
                    <dep head="7-7" type="nsubj"/>
                </token>
                <token content="ran" id="7-7">
                    <pos type="VBD"/>
                    <lemma type="run"/>
                </token>
                <token content="some" id="7-8">
                    <pos type="DT"/>
                    <lemma type="some"/>
                </token>
                <token content="more" id="7-9">
                    <pos type="JJR"/>
                    <lemma type="more"/>
                </token>
                <token content="water" id="7-10">
                    <pos type="NN"/>
                    <lemma type="water"/>
                    <dep head="7-7" type="dobj"/>
                </token>
                <token content="in" id="7-11"/>
                <token content="order" id="7-12">
                    <pos type="NN"/>
                    <lemma type="order"/>
                    <dep head="7-7" type="prep"/>
                </token>
                <token content="to" id="7-13">
                    <pos type="TO"/>
                    <lemma type="to"/>
                    <dep head="7-15" type="aux"/>
                </token>
                <token content="fully" id="7-14">
                    <pos type="RB"/>
                    <lemma type="fully"/>
                    <dep head="7-15" type="advmod"/>
                </token>
                <token content="rinse" id="7-15">
                    <pos type="VB"/>
                    <lemma type="rinse"/>
                    <dep head="7-7" type="vmod"/>
                </token>
                <token content="all" id="7-16">
                    <pos type="DT"/>
                    <lemma type="all"/>
                    <dep head="7-15" type="dobj"/>
                </token>
                <token content="of" id="7-17"/>
                <token content="the" id="7-18">
                    <pos type="DT"/>
                    <lemma type="the"/>
                </token>
                <token content="soap" id="7-19">
                    <pos type="NN"/>
                    <lemma type="soap"/>
                </token>
                <token content="mixture" id="7-20">
                    <pos type="NN"/>
                    <lemma type="mixture"/>
                </token>
                <token content="down" id="7-21">
                    <pos type="RB"/>
                    <lemma type="down"/>
                </token>
                <token content="the" id="7-22">
                    <pos type="DT"/>
                    <lemma type="the"/>
                </token>
                <token content="drain" id="7-23">
                    <pos type="NN"/>
                    <lemma type="drain"/>
                </token>
                <token content="," id="7-24"/>
                <token content="leaving" id="7-25">
                    <pos type="VBG"/>
                    <lemma type="leave"/>
                    <dep head="7-7" type="xcomp"/>
                </token>
                <token content="a" id="7-26">
                    <pos type="DT"/>
                    <lemma type="a"/>
                </token>
                <token content="very" id="7-27">
                    <pos type="RB"/>
                    <lemma type="very"/>
                </token>
                <token content="clean" id="7-28">
                    <pos type="JJ"/>
                    <lemma type="clean"/>
                </token>
                <token content="tub" id="7-29">
                    <pos type="NN"/>
                    <lemma type="tub"/>
                    <dep head="7-25" type="dobj"/>
                </token>
                <token content="." id="7-30"/>
            </sentence>
            <sentence id="8">
                <token content="After" id="8-1"/>
                <token content="this" id="8-2">
                    <pos type="DT"/>
                    <lemma type="this"/>
                    <dep head="8-5" type="prep"/>
                </token>
                <token content="," id="8-3"/>
                <token content="I" id="8-4">
                    <pos type="PRP"/>
                    <lemma type="I"/>
                    <dep head="8-5" type="nsubj"/>
                </token>
                <token content="changed" id="8-5">
                    <pos type="VBD"/>
                    <lemma type="change"/>
                </token>
                <token content="into" id="8-6"/>
                <token content="comfortable" id="8-7">
                    <pos type="JJ"/>
                    <lemma type="comfortable"/>
                </token>
                <token content="clothes" id="8-8">
                    <pos type="NNS"/>
                    <lemma type="clothes"/>
                    <dep head="8-5" type="prep"/>
                </token>
                <token content="and" id="8-9"/>
                <token content="enjoyed" id="8-10">
                    <pos type="VBD"/>
                    <lemma type="enjoy"/>
                    <dep head="8-5" type="conj"/>
                </token>
                <token content="my" id="8-11">
                    <pos type="PRP$"/>
                    <lemma type="my"/>
                </token>
                <token content="evening" id="8-12">
                    <pos type="NN"/>
                    <lemma type="evening"/>
                    <dep head="8-10" type="tmod"/>
                </token>
                <token content="." id="8-13"/>
            </sentence>
            <sentence id="9">
                <token content="It" id="9-1">
                    <pos type="PRP"/>
                    <lemma type="it"/>
                </token>
                <token content="was" id="9-2">
                    <pos type="VBD"/>
                    <lemma type="be"/>
                </token>
                <token content="a" id="9-3">
                    <pos type="DT"/>
                    <lemma type="a"/>
                </token>
                <token content="very" id="9-4">
                    <pos type="RB"/>
                    <lemma type="very"/>
                </token>
                <token content="relaxing" id="9-5">
                    <pos type="JJ"/>
                    <lemma type="relaxing"/>
                </token>
                <token content="bath" id="9-6">
                    <pos type="NN"/>
                    <lemma type="bath"/>
                </token>
                <token content="." id="9-7"/>
            </sentence>
        </sentences>
    </text>
    <annotations>
        <participants>
            <label from="1-5" id="0" name="NPart" text="workout" type="participant"/>
            <label from="1-8" id="1" name="NPart" text="friend" type="participant"/>
            <label from="1-12" id="2" name="NPart" text="gym" type="participant"/>
            <label from="1-14" id="3" name="ScrPart_bather" text="I" type="participant"/>
            <label from="1-23" id="4" name="ScrPart_bath" text="bath" type="participant"/>
            <label from="1-26" id="5" name="ScrPart_bather" text="my" type="participant"/>
            <label from="1-27" id="6" name="NPart" text="soreness" type="participant"/>
            <label from="2-1" id="7" name="ScrPart_bather" text="I" type="participant"/>
            <label from="2-4" id="8" name="NPart" text="mom" type="participant"/>
            <label from="2-6" id="9" name="ScrPart_bather" text="me" type="participant"/>
            <label from="2-7" id="10" name="ScrPart_bath_means" text="something" type="participant"/>
            <label from="2-13" id="11" name="ScrPart_water" text="bath" type="participant"/>
            <label from="2-18" id="12" name="ScrPart_body_part" text="muscles" type="participant"/>
            <label from="3-1" id="13" name="ScrPart_bather" text="I" type="participant"/>
            <label from="3-3" id="14" name="ScrPart_bath_means" text="it" type="participant"/>
            <label from="3-6" id="15" name="ScrPart_other" text="cabinet" type="participant"/>
            <label from="3-10" id="16" name="ScrPart_water" text="water" type="participant"/>
            <label from="4-4" id="17" name="NPart" text="minutes" type="participant"/>
            <label from="4-7" id="18" name="ScrPart_bathtub" text="tub" type="participant"/>
            <label from="4-11" id="19" name="ScrPart_bather" text="I" type="participant"/>
            <label from="4-13" id="20" name="Head_of_Partitive" text="some" type="participant"/>
            <label from="4-16" id="21" name="ScrPart_bath_means" text="mixture" type="participant"/>
            <label from="4-18" id="22" name="ScrPart_bathtub" text="it" type="participant"/>
            <label from="4-20" id="23" name="ScrPart_bathtub" text="it" type="participant"/>
            <label from="5-1" id="24" name="ScrPart_bather" text="I" type="participant"/>
            <label from="5-4" id="25" name="ScrPart_bather" text="myself" type="participant"/>
            <label from="5-7" id="26" name="ScrPart_bathtub" text="bathtub" type="participant"/>
            <label from="5-12" id="27" name="ScrPart_in-bath_entertainment" text="candles" type="participant"/>
            <label from="5-15" id="28" name="ScrPart_bather" text="me" type="participant"/>
            <label from="5-19" id="29" name="ScrPart_bather" text="I" type="participant"/>
            <label from="5-24" id="30" name="NPart" text="day" type="participant"/>
            <label from="6-4" id="31" name="NPart" text="minutes" type="participant"/>
            <label from="6-11" id="32" name="ScrPart_water" text="water" type="participant"/>
            <label from="6-13" id="33" name="ScrPart_bather" text="I" type="participant"/>
            <label from="6-18" id="34" name="ScrPart_bathtub" text="tub" type="participant"/>
            <label from="6-21" id="35" name="ScrPart_bather" text="myself" type="participant"/>
            <label from="6-25" id="36" name="ScrPart_bathtub" text="it" type="participant"/>
            <label from="7-2" id="37" name="ScrPart_bathtub" text="it" type="participant"/>
            <label from="7-6" id="38" name="ScrPart_bather" text="I" type="participant"/>
            <label from="7-10" id="39" name="ScrPart_water" text="water" type="participant"/>
            <label from="7-19" id="40" name="ScrPart_bath_means" text="soap mixture" to="7-20" type="participant"/>
            <label from="7-20" id="41" name="ScrPart_bath_means" text="mixture" type="participant"/>
            <label from="7-23" id="42" name="ScrPart_drain" text="drain" type="participant"/>
            <label from="7-29" id="43" name="ScrPart_bathtub" text="tub" type="participant"/>
            <label from="8-4" id="44" name="ScrPart_bather" text="I" type="participant"/>
            <label from="8-8" id="45" name="ScrPart_clothes" text="clothes" type="participant"/>
            <label from="8-11" id="46" name="ScrPart_bather" text="my" type="participant"/>
            <label from="8-12" id="47" name="NPart" text="evening" type="participant"/>
            <label from="9-1" id="48" name="ScrPart_bath" text="It" type="participant"/>
            <label from="9-6" id="49" name="ScrPart_bath" text="bath" type="participant"/>
        </participants>
        <events>
            <label from="1-15" id="50" name="UnrelEv" text="was" type="event"/>
            <label from="1-21" id="51" name="Evoking" text="take a bath" to="1-23" type="event"/>
            <label from="1-25" id="52" name="UnrelEv" text="help" type="event"/>
            <label from="1-29" id="53" name="UnrelEv" text="get" type="event"/>
            <label from="2-2" id="54" name="UnrelEv" text="remembered" type="event"/>
            <label from="2-5" id="55" name="UnrelEv" text="bought" type="event"/>
            <label from="2-9" id="56" name="ScrEv_put_bubble_bath_scent" text="put" type="event"/>
            <label from="2-15" id="57" name="UnrelEv" text="helped" type="event"/>
            <label from="2-16" id="58" name="UnrelEv" text="soothe" type="event"/>
            <label from="3-2" id="59" name="RelNScrEv" text="grabbed" type="event"/>
            <label from="3-8" id="60" name="ScrEv_turn_water_on" text="turned" type="event"/>
            <label from="4-8" id="61" name="UnrelEv" text="was" type="event"/>
            <label from="4-12" id="62" name="ScrEv_put_bubble_bath_scent" text="poured" type="event"/>
            <label from="4-21" id="63" name="UnrelEv" text="became" type="event"/>
            <label from="4-25" id="64" name="UnrelEv" text="smelled" type="event"/>
            <label from="5-3" id="65" name="ScrEv_sink_water" text="placed" type="event"/>
            <label from="5-9" id="66" name="ScrEv_prepare_bath" text="lit" type="event"/>
            <label from="5-14" id="67" name="UnrelEv" text="help" type="event"/>
            <label from="5-16" id="68" name="ScrEv_relax" text="relax" type="event"/>
            <label from="5-20" id="69" name="UnrelEv" text="had" type="event"/>
            <label from="6-6" id="70" name="RelNScrEv" text="soaking" type="event"/>
            <label from="6-14" id="71" name="ScrEv_get_out_bath" text="got" type="event"/>
            <label from="6-20" id="72" name="ScrEv_dry" text="dried" type="event"/>
            <label from="6-24" id="73" name="RelNScrEv" text="drained" type="event"/>
            <label from="7-4" id="74" name="RelNScrEv" text="drained" type="event"/>
            <label from="7-7" id="75" name="RelNScrEv" text="ran" type="event"/>
            <label from="7-15" id="76" name="RelNScrEv" text="rinse" type="event"/>
            <label from="7-25" id="77" name="UnrelEv" text="leaving" type="event"/>
            <label from="8-5" id="78" name="ScrEv_get_dressed" text="changed" type="event"/>
            <label from="8-10" id="79" name="UnrelEv" text="enjoyed" type="event"/>
            <label from="9-2" id="80" name="UnrelEv" text="was" type="event"/>
        </events>
        <chains>
            <chain elements="3 5 7 9 13 19 24 25 28 29 33 35 38 44 46"/>
            <chain elements="10 14 20 21 41"/>
            <chain elements="11 16 32 39"/>
            <chain elements="18 22 23 26 34 36 37 43"/>
            <chain elements="4 48 49"/>
        </chains>
    </annotations>
</story>
