<?xml version="1.0" encoding="UTF-8" standalone="no"?>
<!DOCTYPE story SYSTEM "../InScript.dtd">
<story id="060" scenario="bath">
    <text>
        <content>Last night I decided to take a bath to help me relax . 
I gather all the things that will help me relax with a bath such as bath salts , bubble bath , and candles to place in the bathroom . 
I draw the bath by running warm water into the tub and then adding my favorite bath salts and bubble bath . 
I light some candles for a nice lighting effect and to add some aromatherapy and fragrance to the room to help me relax . 
I also gather a few of my favorite magazines to read while I am in the bath . 
As soon as the water filled the tub and at the right temperature , I get into the tub and let the bath salts and bubbles relax me . 
I will spend some time in the tub closing my eyes , relaxing , and then reading my magazines . 
It has been a long day and this bath will help me relax to go to sleep . </content>
        <sentences>
            <sentence id="1">
                <token content="Last" id="1-1">
                    <pos type="JJ"/>
                    <lemma type="last"/>
                </token>
                <token content="night" id="1-2">
                    <pos type="NN"/>
                    <lemma type="night"/>
                    <dep head="1-4" type="tmod"/>
                </token>
                <token content="I" id="1-3">
                    <pos type="PRP"/>
                    <lemma type="I"/>
                    <dep head="1-4" type="nsubj"/>
                </token>
                <token content="decided" id="1-4">
                    <pos type="VBD"/>
                    <lemma type="decide"/>
                </token>
                <token content="to" id="1-5">
                    <pos type="TO"/>
                    <lemma type="to"/>
                    <dep head="1-6" type="aux"/>
                </token>
                <token content="take" id="1-6">
                    <pos type="VB"/>
                    <lemma type="take"/>
                    <dep head="1-4" type="xcomp"/>
                </token>
                <token content="a" id="1-7">
                    <pos type="DT"/>
                    <lemma type="a"/>
                </token>
                <token content="bath" id="1-8">
                    <pos type="NN"/>
                    <lemma type="bath"/>
                    <dep head="1-6" type="dobj"/>
                </token>
                <token content="to" id="1-9">
                    <pos type="TO"/>
                    <lemma type="to"/>
                    <dep head="1-10" type="aux"/>
                </token>
                <token content="help" id="1-10">
                    <pos type="VB"/>
                    <lemma type="help"/>
                </token>
                <token content="me" id="1-11">
                    <pos type="PRP"/>
                    <lemma type="I"/>
                    <dep head="1-12" type="nsubj"/>
                </token>
                <token content="relax" id="1-12">
                    <pos type="VB"/>
                    <lemma type="relax"/>
                    <dep head="1-10" type="ccomp"/>
                </token>
                <token content="." id="1-13"/>
            </sentence>
            <sentence id="2">
                <token content="I" id="2-1">
                    <pos type="PRP"/>
                    <lemma type="I"/>
                    <dep head="2-2" type="nsubj"/>
                </token>
                <token content="gather" id="2-2">
                    <pos type="VBP"/>
                    <lemma type="gather"/>
                </token>
                <token content="all" id="2-3">
                    <pos type="PDT"/>
                    <lemma type="all"/>
                </token>
                <token content="the" id="2-4">
                    <pos type="DT"/>
                    <lemma type="the"/>
                </token>
                <token content="things" id="2-5">
                    <pos type="NNS"/>
                    <lemma type="thing"/>
                    <dep head="2-2" type="dobj"/>
                </token>
                <token content="that" id="2-6">
                    <pos type="WDT"/>
                    <lemma type="that"/>
                    <dep head="2-8" type="nsubj"/>
                </token>
                <token content="will" id="2-7">
                    <pos type="MD"/>
                    <lemma type="will"/>
                    <dep head="2-8" type="aux"/>
                </token>
                <token content="help" id="2-8">
                    <pos type="VB"/>
                    <lemma type="help"/>
                </token>
                <token content="me" id="2-9">
                    <pos type="PRP"/>
                    <lemma type="I"/>
                    <dep head="2-10" type="nsubj"/>
                </token>
                <token content="relax" id="2-10">
                    <pos type="VB"/>
                    <lemma type="relax"/>
                    <dep head="2-8" type="ccomp"/>
                </token>
                <token content="with" id="2-11"/>
                <token content="a" id="2-12">
                    <pos type="DT"/>
                    <lemma type="a"/>
                </token>
                <token content="bath" id="2-13">
                    <pos type="NN"/>
                    <lemma type="bath"/>
                    <dep head="2-10" type="prep"/>
                </token>
                <token content="such" id="2-14"/>
                <token content="as" id="2-15"/>
                <token content="bath" id="2-16">
                    <pos type="NN"/>
                    <lemma type="bath"/>
                </token>
                <token content="salts" id="2-17">
                    <pos type="NNS"/>
                    <lemma type="salt"/>
                </token>
                <token content="," id="2-18"/>
                <token content="bubble" id="2-19">
                    <pos type="NN"/>
                    <lemma type="bubble"/>
                </token>
                <token content="bath" id="2-20">
                    <pos type="NN"/>
                    <lemma type="bath"/>
                </token>
                <token content="," id="2-21"/>
                <token content="and" id="2-22"/>
                <token content="candles" id="2-23">
                    <pos type="NNS"/>
                    <lemma type="candle"/>
                </token>
                <token content="to" id="2-24">
                    <pos type="TO"/>
                    <lemma type="to"/>
                    <dep head="2-25" type="aux"/>
                </token>
                <token content="place" id="2-25">
                    <pos type="VB"/>
                    <lemma type="place"/>
                    <dep head="2-10" type="xcomp"/>
                </token>
                <token content="in" id="2-26"/>
                <token content="the" id="2-27">
                    <pos type="DT"/>
                    <lemma type="the"/>
                </token>
                <token content="bathroom" id="2-28">
                    <pos type="NN"/>
                    <lemma type="bathroom"/>
                    <dep head="2-25" type="prep"/>
                </token>
                <token content="." id="2-29"/>
            </sentence>
            <sentence id="3">
                <token content="I" id="3-1">
                    <pos type="PRP"/>
                    <lemma type="I"/>
                    <dep head="3-2" type="nsubj"/>
                </token>
                <token content="draw" id="3-2">
                    <pos type="VBP"/>
                    <lemma type="draw"/>
                </token>
                <token content="the" id="3-3">
                    <pos type="DT"/>
                    <lemma type="the"/>
                </token>
                <token content="bath" id="3-4">
                    <pos type="NN"/>
                    <lemma type="bath"/>
                    <dep head="3-2" type="dobj"/>
                </token>
                <token content="by" id="3-5"/>
                <token content="running" id="3-6">
                    <pos type="VBG"/>
                    <lemma type="run"/>
                    <dep head="3-2" type="prepc"/>
                </token>
                <token content="warm" id="3-7">
                    <pos type="JJ"/>
                    <lemma type="warm"/>
                </token>
                <token content="water" id="3-8">
                    <pos type="NN"/>
                    <lemma type="water"/>
                    <dep head="3-6" type="dobj"/>
                </token>
                <token content="into" id="3-9"/>
                <token content="the" id="3-10">
                    <pos type="DT"/>
                    <lemma type="the"/>
                </token>
                <token content="tub" id="3-11">
                    <pos type="NN"/>
                    <lemma type="tub"/>
                    <dep head="3-6" type="prep"/>
                </token>
                <token content="and" id="3-12"/>
                <token content="then" id="3-13">
                    <pos type="RB"/>
                    <lemma type="then"/>
                    <dep head="3-14" type="advmod"/>
                </token>
                <token content="adding" id="3-14">
                    <pos type="VBG"/>
                    <lemma type="add"/>
                    <dep head="3-6" type="conj"/>
                </token>
                <token content="my" id="3-15">
                    <pos type="PRP$"/>
                    <lemma type="my"/>
                </token>
                <token content="favorite" id="3-16">
                    <pos type="JJ"/>
                    <lemma type="favorite"/>
                </token>
                <token content="bath" id="3-17">
                    <pos type="NN"/>
                    <lemma type="bath"/>
                </token>
                <token content="salts" id="3-18">
                    <pos type="NNS"/>
                    <lemma type="salt"/>
                    <dep head="3-14" type="dobj"/>
                </token>
                <token content="and" id="3-19"/>
                <token content="bubble" id="3-20">
                    <pos type="NN"/>
                    <lemma type="bubble"/>
                </token>
                <token content="bath" id="3-21">
                    <pos type="NNS"/>
                    <lemma type="bath"/>
                </token>
                <token content="." id="3-22"/>
            </sentence>
            <sentence id="4">
                <token content="I" id="4-1">
                    <pos type="PRP"/>
                    <lemma type="I"/>
                    <dep head="4-2" type="nsubj"/>
                </token>
                <token content="light" id="4-2">
                    <pos type="VB"/>
                    <lemma type="light"/>
                </token>
                <token content="some" id="4-3">
                    <pos type="DT"/>
                    <lemma type="some"/>
                </token>
                <token content="candles" id="4-4">
                    <pos type="NNS"/>
                    <lemma type="candle"/>
                    <dep head="4-2" type="dobj"/>
                </token>
                <token content="for" id="4-5"/>
                <token content="a" id="4-6">
                    <pos type="DT"/>
                    <lemma type="a"/>
                </token>
                <token content="nice" id="4-7">
                    <pos type="JJ"/>
                    <lemma type="nice"/>
                </token>
                <token content="lighting" id="4-8">
                    <pos type="NN"/>
                    <lemma type="lighting"/>
                </token>
                <token content="effect" id="4-9">
                    <pos type="NN"/>
                    <lemma type="effect"/>
                    <dep head="4-2" type="prep"/>
                </token>
                <token content="and" id="4-10"/>
                <token content="to" id="4-11">
                    <pos type="TO"/>
                    <lemma type="to"/>
                    <dep head="4-12" type="aux"/>
                </token>
                <token content="add" id="4-12">
                    <pos type="VB"/>
                    <lemma type="add"/>
                    <dep head="4-2" type="conj"/>
                </token>
                <token content="some" id="4-13">
                    <pos type="DT"/>
                    <lemma type="some"/>
                </token>
                <token content="aromatherapy" id="4-14">
                    <pos type="NN"/>
                    <lemma type="aromatherapy"/>
                    <dep head="4-12" type="dobj"/>
                </token>
                <token content="and" id="4-15"/>
                <token content="fragrance" id="4-16">
                    <pos type="NN"/>
                    <lemma type="fragrance"/>
                </token>
                <token content="to" id="4-17"/>
                <token content="the" id="4-18">
                    <pos type="DT"/>
                    <lemma type="the"/>
                </token>
                <token content="room" id="4-19">
                    <pos type="NN"/>
                    <lemma type="room"/>
                    <dep head="4-12" type="prep"/>
                </token>
                <token content="to" id="4-20">
                    <pos type="TO"/>
                    <lemma type="to"/>
                    <dep head="4-21" type="aux"/>
                </token>
                <token content="help" id="4-21">
                    <pos type="VB"/>
                    <lemma type="help"/>
                </token>
                <token content="me" id="4-22">
                    <pos type="PRP"/>
                    <lemma type="I"/>
                    <dep head="4-23" type="nsubj"/>
                </token>
                <token content="relax" id="4-23">
                    <pos type="VB"/>
                    <lemma type="relax"/>
                    <dep head="4-21" type="ccomp"/>
                </token>
                <token content="." id="4-24"/>
            </sentence>
            <sentence id="5">
                <token content="I" id="5-1">
                    <pos type="PRP"/>
                    <lemma type="I"/>
                    <dep head="5-3" type="nsubj"/>
                </token>
                <token content="also" id="5-2">
                    <pos type="RB"/>
                    <lemma type="also"/>
                    <dep head="5-3" type="advmod"/>
                </token>
                <token content="gather" id="5-3">
                    <pos type="VBP"/>
                    <lemma type="gather"/>
                </token>
                <token content="a" id="5-4">
                    <pos type="DT"/>
                    <lemma type="a"/>
                </token>
                <token content="few" id="5-5">
                    <pos type="JJ"/>
                    <lemma type="few"/>
                    <dep head="5-3" type="dobj"/>
                </token>
                <token content="of" id="5-6"/>
                <token content="my" id="5-7">
                    <pos type="PRP$"/>
                    <lemma type="my"/>
                </token>
                <token content="favorite" id="5-8">
                    <pos type="JJ"/>
                    <lemma type="favorite"/>
                </token>
                <token content="magazines" id="5-9">
                    <pos type="NNS"/>
                    <lemma type="magazine"/>
                </token>
                <token content="to" id="5-10">
                    <pos type="TO"/>
                    <lemma type="to"/>
                    <dep head="5-11" type="aux"/>
                </token>
                <token content="read" id="5-11">
                    <pos type="VB"/>
                    <lemma type="read"/>
                    <dep head="5-3" type="xcomp"/>
                </token>
                <token content="while" id="5-12">
                    <pos type="IN"/>
                    <lemma type="while"/>
                    <dep head="5-14" type="mark"/>
                </token>
                <token content="I" id="5-13">
                    <pos type="PRP"/>
                    <lemma type="I"/>
                    <dep head="5-14" type="nsubj"/>
                </token>
                <token content="am" id="5-14">
                    <pos type="VBP"/>
                    <lemma type="be"/>
                    <dep head="5-11" type="advcl"/>
                </token>
                <token content="in" id="5-15"/>
                <token content="the" id="5-16">
                    <pos type="DT"/>
                    <lemma type="the"/>
                </token>
                <token content="bath" id="5-17">
                    <pos type="NN"/>
                    <lemma type="bath"/>
                    <dep head="5-14" type="prep"/>
                </token>
                <token content="." id="5-18"/>
            </sentence>
            <sentence id="6">
                <token content="As" id="6-1">
                    <pos type="RB"/>
                    <lemma type="as"/>
                </token>
                <token content="soon" id="6-2">
                    <pos type="RB"/>
                    <lemma type="soon"/>
                    <dep head="6-16" type="advmod"/>
                </token>
                <token content="as" id="6-3">
                    <pos type="IN"/>
                    <lemma type="as"/>
                    <dep head="6-6" type="mark"/>
                </token>
                <token content="the" id="6-4">
                    <pos type="DT"/>
                    <lemma type="the"/>
                </token>
                <token content="water" id="6-5">
                    <pos type="NN"/>
                    <lemma type="water"/>
                    <dep head="6-6" type="nsubj"/>
                </token>
                <token content="filled" id="6-6">
                    <pos type="VBN"/>
                    <lemma type="fill"/>
                </token>
                <token content="the" id="6-7">
                    <pos type="DT"/>
                    <lemma type="the"/>
                </token>
                <token content="tub" id="6-8">
                    <pos type="NN"/>
                    <lemma type="tub"/>
                    <dep head="6-6" type="dobj"/>
                </token>
                <token content="and" id="6-9"/>
                <token content="at" id="6-10">
                    <pos type="IN"/>
                    <lemma type="at"/>
                </token>
                <token content="the" id="6-11">
                    <pos type="DT"/>
                    <lemma type="the"/>
                </token>
                <token content="right" id="6-12">
                    <pos type="JJ"/>
                    <lemma type="right"/>
                </token>
                <token content="temperature" id="6-13">
                    <pos type="NN"/>
                    <lemma type="temperature"/>
                </token>
                <token content="," id="6-14"/>
                <token content="I" id="6-15">
                    <pos type="PRP"/>
                    <lemma type="I"/>
                    <dep head="6-16" type="nsubj"/>
                </token>
                <token content="get" id="6-16">
                    <pos type="VB"/>
                    <lemma type="get"/>
                </token>
                <token content="into" id="6-17"/>
                <token content="the" id="6-18">
                    <pos type="DT"/>
                    <lemma type="the"/>
                </token>
                <token content="tub" id="6-19">
                    <pos type="NN"/>
                    <lemma type="tub"/>
                    <dep head="6-16" type="prep"/>
                </token>
                <token content="and" id="6-20"/>
                <token content="let" id="6-21">
                    <pos type="VB"/>
                    <lemma type="let"/>
                    <dep head="6-16" type="conj"/>
                </token>
                <token content="the" id="6-22">
                    <pos type="DT"/>
                    <lemma type="the"/>
                </token>
                <token content="bath" id="6-23">
                    <pos type="NN"/>
                    <lemma type="bath"/>
                </token>
                <token content="salts" id="6-24">
                    <pos type="NNS"/>
                    <lemma type="salt"/>
                    <dep head="6-27" type="nsubj"/>
                </token>
                <token content="and" id="6-25"/>
                <token content="bubbles" id="6-26">
                    <pos type="NNS"/>
                    <lemma type="bubble"/>
                </token>
                <token content="relax" id="6-27">
                    <pos type="VB"/>
                    <lemma type="relax"/>
                    <dep head="6-21" type="ccomp"/>
                </token>
                <token content="me" id="6-28">
                    <pos type="PRP"/>
                    <lemma type="I"/>
                    <dep head="6-27" type="dobj"/>
                </token>
                <token content="." id="6-29"/>
            </sentence>
            <sentence id="7">
                <token content="I" id="7-1">
                    <pos type="PRP"/>
                    <lemma type="I"/>
                    <dep head="7-3" type="nsubj"/>
                </token>
                <token content="will" id="7-2">
                    <pos type="MD"/>
                    <lemma type="will"/>
                    <dep head="7-3" type="aux"/>
                </token>
                <token content="spend" id="7-3">
                    <pos type="VB"/>
                    <lemma type="spend"/>
                </token>
                <token content="some" id="7-4">
                    <pos type="DT"/>
                    <lemma type="some"/>
                </token>
                <token content="time" id="7-5">
                    <pos type="NN"/>
                    <lemma type="time"/>
                    <dep head="7-3" type="dobj"/>
                </token>
                <token content="in" id="7-6"/>
                <token content="the" id="7-7">
                    <pos type="DT"/>
                    <lemma type="the"/>
                </token>
                <token content="tub" id="7-8">
                    <pos type="NN"/>
                    <lemma type="tub"/>
                    <dep head="7-9" type="nsubj"/>
                </token>
                <token content="closing" id="7-9">
                    <pos type="VBG"/>
                    <lemma type="close"/>
                    <dep head="7-3" type="prepc"/>
                </token>
                <token content="my" id="7-10">
                    <pos type="PRP$"/>
                    <lemma type="my"/>
                </token>
                <token content="eyes" id="7-11">
                    <pos type="NNS"/>
                    <lemma type="eye"/>
                    <dep head="7-9" type="dobj"/>
                </token>
                <token content="," id="7-12"/>
                <token content="relaxing" id="7-13">
                    <pos type="VBG"/>
                    <lemma type="relax"/>
                    <dep head="7-9" type="conj"/>
                </token>
                <token content="," id="7-14"/>
                <token content="and" id="7-15"/>
                <token content="then" id="7-16">
                    <pos type="RB"/>
                    <lemma type="then"/>
                    <dep head="7-17" type="advmod"/>
                </token>
                <token content="reading" id="7-17">
                    <pos type="VBG"/>
                    <lemma type="read"/>
                    <dep head="7-9" type="conj"/>
                </token>
                <token content="my" id="7-18">
                    <pos type="PRP$"/>
                    <lemma type="my"/>
                </token>
                <token content="magazines" id="7-19">
                    <pos type="NNS"/>
                    <lemma type="magazine"/>
                    <dep head="7-17" type="dobj"/>
                </token>
                <token content="." id="7-20"/>
            </sentence>
            <sentence id="8">
                <token content="It" id="8-1">
                    <pos type="PRP"/>
                    <lemma type="it"/>
                </token>
                <token content="has" id="8-2">
                    <pos type="VBZ"/>
                    <lemma type="have"/>
                </token>
                <token content="been" id="8-3">
                    <pos type="VBN"/>
                    <lemma type="be"/>
                </token>
                <token content="a" id="8-4">
                    <pos type="DT"/>
                    <lemma type="a"/>
                </token>
                <token content="long" id="8-5">
                    <pos type="JJ"/>
                    <lemma type="long"/>
                </token>
                <token content="day" id="8-6">
                    <pos type="NN"/>
                    <lemma type="day"/>
                </token>
                <token content="and" id="8-7"/>
                <token content="this" id="8-8">
                    <pos type="DT"/>
                    <lemma type="this"/>
                </token>
                <token content="bath" id="8-9">
                    <pos type="NN"/>
                    <lemma type="bath"/>
                    <dep head="8-11" type="nsubj"/>
                </token>
                <token content="will" id="8-10">
                    <pos type="MD"/>
                    <lemma type="will"/>
                    <dep head="8-11" type="aux"/>
                </token>
                <token content="help" id="8-11">
                    <pos type="VB"/>
                    <lemma type="help"/>
                </token>
                <token content="me" id="8-12">
                    <pos type="PRP"/>
                    <lemma type="I"/>
                    <dep head="8-13" type="nsubj"/>
                </token>
                <token content="relax" id="8-13">
                    <pos type="VB"/>
                    <lemma type="relax"/>
                    <dep head="8-11" type="ccomp"/>
                </token>
                <token content="to" id="8-14">
                    <pos type="TO"/>
                    <lemma type="to"/>
                    <dep head="8-15" type="aux"/>
                </token>
                <token content="go" id="8-15">
                    <pos type="VB"/>
                    <lemma type="go"/>
                    <dep head="8-13" type="xcomp"/>
                </token>
                <token content="to" id="8-16">
                    <pos type="TO"/>
                    <lemma type="to"/>
                    <dep head="8-17" type="aux"/>
                </token>
                <token content="sleep" id="8-17">
                    <pos type="VB"/>
                    <lemma type="sleep"/>
                    <dep head="8-15" type="xcomp"/>
                </token>
                <token content="." id="8-18"/>
            </sentence>
        </sentences>
    </text>
    <annotations>
        <participants>
            <label from="1-2" id="0" name="NPart" text="night" type="participant"/>
            <label from="1-3" id="1" name="ScrPart_bather" text="I" type="participant"/>
            <label from="1-8" id="2" name="SuppVComp" text="bath" type="participant"/>
            <label from="1-11" id="3" name="ScrPart_bather" text="me" type="participant"/>
            <label from="2-1" id="4" name="ScrPart_bather" text="I" type="participant"/>
            <label from="2-5" id="5" name="Unclear" text="things" type="participant"/>
            <label from="2-6" id="6" name="Unclear" text="that" type="participant"/>
            <label from="2-9" id="7" name="ScrPart_bather" text="me" type="participant"/>
            <label from="2-13" id="8" name="ScrPart_bath" text="bath" type="participant"/>
            <label from="2-16" id="9" name="ScrPart_bath_means" text="bath salts" to="2-17" type="participant"/>
            <label from="2-17" id="10" name="ScrPart_bath_means" text="salts" type="participant"/>
            <label from="2-19" id="11" name="ScrPart_bath_means" text="bubble bath" to="2-20" type="participant"/>
            <label from="2-20" id="12" name="ScrPart_bath_means" text="bath" type="participant"/>
            <label from="2-23" id="13" name="ScrPart_in-bath_entertainment" text="candles" type="participant"/>
            <label from="2-28" id="14" name="ScrPart_bathroom" text="bathroom" type="participant"/>
            <label from="3-1" id="15" name="ScrPart_bather" text="I" type="participant"/>
            <label from="3-4" id="16" name="ScrPart_bath" text="bath" type="participant"/>
            <label from="3-8" id="17" name="ScrPart_water" text="water" type="participant"/>
            <label from="3-11" id="18" name="ScrPart_bathtub" text="tub" type="participant"/>
            <label from="3-15" id="19" name="ScrPart_bather" text="my" type="participant"/>
            <label from="3-17" id="20" name="ScrPart_bath_means" text="bath salts" to="3-18" type="participant"/>
            <label from="3-18" id="21" name="ScrPart_bath_means" text="salts" type="participant"/>
            <label from="3-20" id="22" name="ScrPart_bath_means" text="bubble bath" to="3-21" type="participant"/>
            <label from="3-21" id="23" name="ScrPart_bath_means" text="bath" type="participant"/>
            <label from="4-1" id="24" name="ScrPart_bather" text="I" type="participant"/>
            <label from="4-4" id="25" name="ScrPart_in-bath_entertainment" text="candles" type="participant"/>
            <label from="4-8" id="26" name="NPart" text="lighting effect" to="4-9" type="participant"/>
            <label from="4-9" id="27" name="NPart" text="effect" type="participant"/>
            <label from="4-14" id="28" name="ScrPart_in-bath_entertainment" text="aromatherapy" type="participant"/>
            <label from="4-16" id="29" name="ScrPart_in-bath_entertainment" text="fragrance" type="participant"/>
            <label from="4-19" id="30" name="ScrPart_bathroom" text="room" type="participant"/>
            <label from="4-22" id="31" name="ScrPart_bather" text="me" type="participant"/>
            <label from="5-1" id="32" name="ScrPart_bather" text="I" type="participant"/>
            <label from="5-7" id="33" name="ScrPart_bather" text="my" type="participant"/>
            <label from="5-9" id="34" name="ScrPart_in-bath_entertainment" text="magazines" type="participant"/>
            <label from="5-13" id="35" name="ScrPart_bather" text="I" type="participant"/>
            <label from="5-17" id="36" name="ScrPart_bath" text="bath" type="participant"/>
            <label from="6-5" id="37" name="ScrPart_water" text="water" type="participant"/>
            <label from="6-8" id="38" name="ScrPart_bathtub" text="tub" type="participant"/>
            <label from="6-13" id="39" name="ScrPart_temperature" text="temperature" type="participant"/>
            <label from="6-15" id="40" name="ScrPart_bather" text="I" type="participant"/>
            <label from="6-19" id="41" name="ScrPart_bathtub" text="tub" type="participant"/>
            <label from="6-23" id="42" name="ScrPart_bath_means" text="bath salts" to="6-24" type="participant"/>
            <label from="6-24" id="43" name="ScrPart_bath_means" text="salts" type="participant"/>
            <label from="6-26" id="44" name="ScrPart_bath_means" text="bubbles" type="participant"/>
            <label from="6-28" id="45" name="ScrPart_bather" text="me" type="participant"/>
            <label from="7-1" id="46" name="ScrPart_bather" text="I" type="participant"/>
            <label from="7-5" id="47" name="SuppVComp" text="time" type="participant"/>
            <label from="7-8" id="48" name="ScrPart_bathtub" text="tub" type="participant"/>
            <label from="7-10" id="49" name="ScrPart_bather" text="my" type="participant"/>
            <label from="7-11" id="50" name="NPart" text="eyes" type="participant"/>
            <label from="7-18" id="51" name="ScrPart_bather" text="my" type="participant"/>
            <label from="7-19" id="52" name="ScrPart_in-bath_entertainment" text="magazines" type="participant"/>
            <label from="8-1" id="53" name="No_label" text="It" type="participant"/>
            <label from="8-6" id="54" name="NPart" text="day" type="participant"/>
            <label from="8-9" id="55" name="ScrPart_bath" text="bath" type="participant"/>
            <label from="8-12" id="56" name="ScrPart_bather" text="me" type="participant"/>
        </participants>
        <events>
            <label from="1-4" id="57" name="UnrelEv" text="decided" type="event"/>
            <label from="1-6" id="58" name="Evoking" text="take a bath" to="1-8" type="event"/>
            <label from="1-10" id="59" name="UnrelEv" text="help" type="event"/>
            <label from="1-12" id="60" name="ScrEv_relax" text="relax" type="event"/>
            <label from="2-2" id="61" name="ScrEv_prepare_bath" text="gather" type="event"/>
            <label from="2-8" id="62" name="UnrelEv" text="help" type="event"/>
            <label from="2-10" id="63" name="ScrEv_relax" text="relax" type="event"/>
            <label from="2-25" id="64" name="ScrEv_prepare_bath" text="place" type="event"/>
            <label from="3-2" id="65" name="Unclear" text="draw" type="event"/>
            <label from="3-6" id="66" name="ScrEv_turn_water_on" text="running" type="event"/>
            <label from="3-14" id="67" name="ScrEv_put_bubble_bath_scent" text="adding" type="event"/>
            <label from="4-2" id="68" name="ScrEv_prepare_bath" text="light" type="event"/>
            <label from="4-12" id="69" name="ScrEv_prepare_bath" text="add" type="event"/>
            <label from="4-21" id="70" name="UnrelEv" text="help" type="event"/>
            <label from="4-23" id="71" name="ScrEv_relax" text="relax" type="event"/>
            <label from="5-3" id="72" name="ScrEv_prepare_bath" text="gather" type="event"/>
            <label from="5-11" id="73" name="RelNScrEv" text="read" type="event"/>
            <label from="5-14" id="74" name="UnrelEv" text="am" type="event"/>
            <label from="6-6" id="75" name="ScrEv_fill_water/wait" text="filled" type="event"/>
            <label from="6-16" id="76" name="ScrEv_sink_water" text="get" type="event"/>
            <label from="6-21" id="77" name="UnrelEv" text="let" type="event"/>
            <label from="6-27" id="78" name="ScrEv_relax" text="relax" type="event"/>
            <label from="7-3" id="79" name="RelNScrEv" text="spend" type="event"/>
            <label from="7-9" id="80" name="RelNScrEv" text="closing" type="event"/>
            <label from="7-13" id="81" name="ScrEv_relax" text="relaxing" type="event"/>
            <label from="7-17" id="82" name="RelNScrEv" text="reading" type="event"/>
            <label from="8-3" id="83" name="UnrelEv" text="been" type="event"/>
            <label from="8-11" id="84" name="UnrelEv" text="help" type="event"/>
            <label from="8-13" id="85" name="ScrEv_relax" text="relax" type="event"/>
            <label from="8-15" id="86" name="ScrEv_leave" text="go" type="event"/>
            <label from="8-17" id="87" name="UnrelEv" text="sleep" type="event"/>
        </events>
        <chains>
            <chain elements="1 3 4 7 15 19 24 31 32 33 35 40 45 46 49 51 56"/>
            <chain elements="5 6 10 12 13" name="coref_group_bath_means_candles"/>
            <chain elements="8 16 36 55"/>
            <chain elements="10 21 43"/>
            <chain elements="12 23 44"/>
            <chain elements="13 25"/>
            <chain elements="14 30"/>
            <chain elements="17 37"/>
            <chain elements="18 38 41 48"/>
            <chain elements="34 52"/>
        </chains>
    </annotations>
</story>
