<?xml version="1.0" encoding="UTF-8" standalone="no"?>
<!DOCTYPE story SYSTEM "../InScript.dtd">
<story id="092" scenario="bath">
    <text>
        <content>Before I go into the bathroom I always grab a towel from the linen closet where we keep our towels , soap and shampoo . 
I like to put a radio on while I take a bath so I can relax and enjoy myself . 
I plug the tub with a water stopper and turn on the water so it 's nice and warm but not too hot . 
I put in some bubbles so it makes it nice and bubbly and smelling good . 
When the tub is all filled I stop the water and slowly get inside . 
I sit down for about ten minutes relaxing with my eyes closed and just thinking about the day . 
After about ten minutes I take the stopper out so the tub can drain and turn the shower head on . 
I like to wash myself off after a bath because there are a lot of bubbles all over me . 
I love taking baths because they are very relaxing . </content>
        <sentences>
            <sentence id="1">
                <token content="Before" id="1-1">
                    <pos type="IN"/>
                    <lemma type="before"/>
                    <dep head="1-3" type="mark"/>
                </token>
                <token content="I" id="1-2">
                    <pos type="PRP"/>
                    <lemma type="I"/>
                    <dep head="1-3" type="nsubj"/>
                </token>
                <token content="go" id="1-3">
                    <pos type="VBP"/>
                    <lemma type="go"/>
                    <dep head="1-9" type="advcl"/>
                </token>
                <token content="into" id="1-4"/>
                <token content="the" id="1-5">
                    <pos type="DT"/>
                    <lemma type="the"/>
                </token>
                <token content="bathroom" id="1-6">
                    <pos type="NN"/>
                    <lemma type="bathroom"/>
                    <dep head="1-3" type="prep"/>
                </token>
                <token content="I" id="1-7">
                    <pos type="PRP"/>
                    <lemma type="I"/>
                    <dep head="1-9" type="nsubj"/>
                </token>
                <token content="always" id="1-8">
                    <pos type="RB"/>
                    <lemma type="always"/>
                    <dep head="1-9" type="advmod"/>
                </token>
                <token content="grab" id="1-9">
                    <pos type="VBP"/>
                    <lemma type="grab"/>
                </token>
                <token content="a" id="1-10">
                    <pos type="DT"/>
                    <lemma type="a"/>
                </token>
                <token content="towel" id="1-11">
                    <pos type="NN"/>
                    <lemma type="towel"/>
                    <dep head="1-9" type="dobj"/>
                </token>
                <token content="from" id="1-12"/>
                <token content="the" id="1-13">
                    <pos type="DT"/>
                    <lemma type="the"/>
                </token>
                <token content="linen" id="1-14">
                    <pos type="NN"/>
                    <lemma type="linen"/>
                </token>
                <token content="closet" id="1-15">
                    <pos type="NN"/>
                    <lemma type="closet"/>
                    <dep head="1-9" type="prep"/>
                </token>
                <token content="where" id="1-16">
                    <pos type="WRB"/>
                    <lemma type="where"/>
                    <dep head="1-18" type="advmod"/>
                </token>
                <token content="we" id="1-17">
                    <pos type="PRP"/>
                    <lemma type="we"/>
                    <dep head="1-18" type="nsubj"/>
                </token>
                <token content="keep" id="1-18">
                    <pos type="VBP"/>
                    <lemma type="keep"/>
                    <dep head="1-9" type="advcl"/>
                </token>
                <token content="our" id="1-19">
                    <pos type="PRP$"/>
                    <lemma type="we"/>
                </token>
                <token content="towels" id="1-20">
                    <pos type="NNS"/>
                    <lemma type="towel"/>
                    <dep head="1-18" type="dobj"/>
                </token>
                <token content="," id="1-21"/>
                <token content="soap" id="1-22">
                    <pos type="NN"/>
                    <lemma type="soap"/>
                </token>
                <token content="and" id="1-23"/>
                <token content="shampoo" id="1-24">
                    <pos type="NN"/>
                    <lemma type="shampoo"/>
                </token>
                <token content="." id="1-25"/>
            </sentence>
            <sentence id="2">
                <token content="I" id="2-1">
                    <pos type="PRP"/>
                    <lemma type="I"/>
                    <dep head="2-2" type="nsubj"/>
                </token>
                <token content="like" id="2-2">
                    <pos type="VBP"/>
                    <lemma type="like"/>
                </token>
                <token content="to" id="2-3">
                    <pos type="TO"/>
                    <lemma type="to"/>
                    <dep head="2-4" type="aux"/>
                </token>
                <token content="put" id="2-4">
                    <pos type="VB"/>
                    <lemma type="put"/>
                    <dep head="2-2" type="xcomp"/>
                </token>
                <token content="a" id="2-5">
                    <pos type="DT"/>
                    <lemma type="a"/>
                </token>
                <token content="radio" id="2-6">
                    <pos type="NN"/>
                    <lemma type="radio"/>
                    <dep head="2-4" type="dobj"/>
                </token>
                <token content="on" id="2-7"/>
                <token content="while" id="2-8">
                    <pos type="IN"/>
                    <lemma type="while"/>
                    <dep head="2-10" type="mark"/>
                </token>
                <token content="I" id="2-9">
                    <pos type="PRP"/>
                    <lemma type="I"/>
                    <dep head="2-10" type="nsubj"/>
                </token>
                <token content="take" id="2-10">
                    <pos type="VBP"/>
                    <lemma type="take"/>
                    <dep head="2-4" type="prepc"/>
                </token>
                <token content="a" id="2-11">
                    <pos type="DT"/>
                    <lemma type="a"/>
                </token>
                <token content="bath" id="2-12">
                    <pos type="NN"/>
                    <lemma type="bath"/>
                    <dep head="2-10" type="dobj"/>
                </token>
                <token content="so" id="2-13">
                    <pos type="IN"/>
                    <lemma type="so"/>
                    <dep head="2-16" type="mark"/>
                </token>
                <token content="I" id="2-14">
                    <pos type="PRP"/>
                    <lemma type="I"/>
                    <dep head="2-16" type="nsubj"/>
                </token>
                <token content="can" id="2-15">
                    <pos type="MD"/>
                    <lemma type="can"/>
                    <dep head="2-16" type="aux"/>
                </token>
                <token content="relax" id="2-16">
                    <pos type="VB"/>
                    <lemma type="relax"/>
                    <dep head="2-10" type="advcl"/>
                </token>
                <token content="and" id="2-17"/>
                <token content="enjoy" id="2-18">
                    <pos type="VB"/>
                    <lemma type="enjoy"/>
                    <dep head="2-16" type="conj"/>
                </token>
                <token content="myself" id="2-19">
                    <pos type="PRP"/>
                    <lemma type="myself"/>
                    <dep head="2-16" type="dobj"/>
                </token>
                <token content="." id="2-20"/>
            </sentence>
            <sentence id="3">
                <token content="I" id="3-1">
                    <pos type="PRP"/>
                    <lemma type="I"/>
                    <dep head="3-2" type="nsubj"/>
                </token>
                <token content="plug" id="3-2">
                    <pos type="VB"/>
                    <lemma type="plug"/>
                </token>
                <token content="the" id="3-3">
                    <pos type="DT"/>
                    <lemma type="the"/>
                </token>
                <token content="tub" id="3-4">
                    <pos type="NN"/>
                    <lemma type="tub"/>
                    <dep head="3-2" type="dobj"/>
                </token>
                <token content="with" id="3-5"/>
                <token content="a" id="3-6">
                    <pos type="DT"/>
                    <lemma type="a"/>
                </token>
                <token content="water" id="3-7">
                    <pos type="NN"/>
                    <lemma type="water"/>
                </token>
                <token content="stopper" id="3-8">
                    <pos type="NN"/>
                    <lemma type="stopper"/>
                    <dep head="3-2" type="prep"/>
                </token>
                <token content="and" id="3-9"/>
                <token content="turn" id="3-10">
                    <pos type="VB"/>
                    <lemma type="turn"/>
                    <dep head="3-2" type="conj"/>
                </token>
                <token content="on" id="3-11"/>
                <token content="the" id="3-12">
                    <pos type="DT"/>
                    <lemma type="the"/>
                </token>
                <token content="water" id="3-13">
                    <pos type="NN"/>
                    <lemma type="water"/>
                    <dep head="3-10" type="prep"/>
                </token>
                <token content="so" id="3-14">
                    <pos type="IN"/>
                    <lemma type="so"/>
                </token>
                <token content="it" id="3-15">
                    <pos type="PRP"/>
                    <lemma type="it"/>
                </token>
                <token content="'s" id="3-16">
                    <pos type="VBZ"/>
                    <lemma type="be"/>
                </token>
                <token content="nice" id="3-17">
                    <pos type="JJ"/>
                    <lemma type="nice"/>
                    <dep head="3-10" type="advcl"/>
                </token>
                <token content="and" id="3-18"/>
                <token content="warm" id="3-19">
                    <pos type="JJ"/>
                    <lemma type="warm"/>
                </token>
                <token content="but" id="3-20"/>
                <token content="not" id="3-21">
                    <pos type="RB"/>
                    <lemma type="not"/>
                </token>
                <token content="too" id="3-22">
                    <pos type="RB"/>
                    <lemma type="too"/>
                </token>
                <token content="hot" id="3-23">
                    <pos type="JJ"/>
                    <lemma type="hot"/>
                </token>
                <token content="." id="3-24"/>
            </sentence>
            <sentence id="4">
                <token content="I" id="4-1">
                    <pos type="PRP"/>
                    <lemma type="I"/>
                    <dep head="4-2" type="nsubj"/>
                </token>
                <token content="put" id="4-2">
                    <pos type="VBD"/>
                    <lemma type="put"/>
                </token>
                <token content="in" id="4-3"/>
                <token content="some" id="4-4">
                    <pos type="DT"/>
                    <lemma type="some"/>
                </token>
                <token content="bubbles" id="4-5">
                    <pos type="NNS"/>
                    <lemma type="bubble"/>
                    <dep head="4-2" type="prep"/>
                </token>
                <token content="so" id="4-6">
                    <pos type="IN"/>
                    <lemma type="so"/>
                    <dep head="4-8" type="mark"/>
                </token>
                <token content="it" id="4-7">
                    <pos type="PRP"/>
                    <lemma type="it"/>
                    <dep head="4-8" type="nsubj"/>
                </token>
                <token content="makes" id="4-8">
                    <pos type="VBZ"/>
                    <lemma type="make"/>
                    <dep head="4-2" type="advcl"/>
                </token>
                <token content="it" id="4-9">
                    <pos type="PRP"/>
                    <lemma type="it"/>
                    <dep head="4-8" type="dobj"/>
                </token>
                <token content="nice" id="4-10">
                    <pos type="JJ"/>
                    <lemma type="nice"/>
                    <dep head="4-8" type="acomp"/>
                </token>
                <token content="and" id="4-11"/>
                <token content="bubbly" id="4-12">
                    <pos type="JJ"/>
                    <lemma type="bubbly"/>
                </token>
                <token content="and" id="4-13"/>
                <token content="smelling" id="4-14">
                    <pos type="VBG"/>
                    <lemma type="smell"/>
                </token>
                <token content="good" id="4-15">
                    <pos type="JJ"/>
                    <lemma type="good"/>
                    <dep head="4-14" type="acomp"/>
                </token>
                <token content="." id="4-16"/>
            </sentence>
            <sentence id="5">
                <token content="When" id="5-1">
                    <pos type="WRB"/>
                    <lemma type="when"/>
                    <dep head="5-6" type="advmod"/>
                </token>
                <token content="the" id="5-2">
                    <pos type="DT"/>
                    <lemma type="the"/>
                </token>
                <token content="tub" id="5-3">
                    <pos type="NN"/>
                    <lemma type="tub"/>
                    <dep head="5-6" type="nsubjpass"/>
                </token>
                <token content="is" id="5-4">
                    <pos type="VBZ"/>
                    <lemma type="be"/>
                    <dep head="5-6" type="auxpass"/>
                </token>
                <token content="all" id="5-5">
                    <pos type="RB"/>
                    <lemma type="all"/>
                    <dep head="5-6" type="advmod"/>
                </token>
                <token content="filled" id="5-6">
                    <pos type="VBN"/>
                    <lemma type="fill"/>
                    <dep head="5-8" type="advcl"/>
                </token>
                <token content="I" id="5-7">
                    <pos type="PRP"/>
                    <lemma type="I"/>
                    <dep head="5-6" type="dobj"/>
                </token>
                <token content="stop" id="5-8">
                    <pos type="VB"/>
                    <lemma type="stop"/>
                </token>
                <token content="the" id="5-9">
                    <pos type="DT"/>
                    <lemma type="the"/>
                </token>
                <token content="water" id="5-10">
                    <pos type="NN"/>
                    <lemma type="water"/>
                    <dep head="5-8" type="dobj"/>
                </token>
                <token content="and" id="5-11"/>
                <token content="slowly" id="5-12">
                    <pos type="RB"/>
                    <lemma type="slowly"/>
                    <dep head="5-13" type="advmod"/>
                </token>
                <token content="get" id="5-13">
                    <pos type="VB"/>
                    <lemma type="get"/>
                    <dep head="5-8" type="conj"/>
                </token>
                <token content="inside" id="5-14">
                    <pos type="RB"/>
                    <lemma type="inside"/>
                    <dep head="5-13" type="advmod"/>
                </token>
                <token content="." id="5-15"/>
            </sentence>
            <sentence id="6">
                <token content="I" id="6-1">
                    <pos type="PRP"/>
                    <lemma type="I"/>
                    <dep head="6-2" type="nsubj"/>
                </token>
                <token content="sit" id="6-2">
                    <pos type="VBP"/>
                    <lemma type="sit"/>
                </token>
                <token content="down" id="6-3">
                    <pos type="RB"/>
                    <lemma type="down"/>
                    <dep head="6-8" type="advmod"/>
                </token>
                <token content="for" id="6-4"/>
                <token content="about" id="6-5">
                    <pos type="RB"/>
                    <lemma type="about"/>
                </token>
                <token content="ten" id="6-6">
                    <pos type="CD"/>
                    <lemma type="ten"/>
                </token>
                <token content="minutes" id="6-7">
                    <pos type="NNS"/>
                    <lemma type="minute"/>
                </token>
                <token content="relaxing" id="6-8">
                    <pos type="VBG"/>
                    <lemma type="relax"/>
                    <dep head="6-2" type="ccomp"/>
                </token>
                <token content="with" id="6-9">
                    <pos type="IN"/>
                    <lemma type="with"/>
                    <dep head="6-12" type="mark"/>
                </token>
                <token content="my" id="6-10">
                    <pos type="PRP$"/>
                    <lemma type="my"/>
                </token>
                <token content="eyes" id="6-11">
                    <pos type="NNS"/>
                    <lemma type="eye"/>
                    <dep head="6-12" type="nsubj"/>
                </token>
                <token content="closed" id="6-12">
                    <pos type="VBD"/>
                    <lemma type="close"/>
                    <dep head="6-8" type="advcl"/>
                </token>
                <token content="and" id="6-13"/>
                <token content="just" id="6-14">
                    <pos type="RB"/>
                    <lemma type="just"/>
                    <dep head="6-15" type="advmod"/>
                </token>
                <token content="thinking" id="6-15">
                    <pos type="VBG"/>
                    <lemma type="think"/>
                    <dep head="6-8" type="conj"/>
                </token>
                <token content="about" id="6-16">
                    <pos type="RB"/>
                    <lemma type="about"/>
                </token>
                <token content="the" id="6-17">
                    <pos type="DT"/>
                    <lemma type="the"/>
                </token>
                <token content="day" id="6-18">
                    <pos type="NN"/>
                    <lemma type="day"/>
                    <dep head="6-15" type="tmod"/>
                </token>
                <token content="." id="6-19"/>
            </sentence>
            <sentence id="7">
                <token content="After" id="7-1"/>
                <token content="about" id="7-2">
                    <pos type="RB"/>
                    <lemma type="about"/>
                </token>
                <token content="ten" id="7-3">
                    <pos type="CD"/>
                    <lemma type="ten"/>
                </token>
                <token content="minutes" id="7-4">
                    <pos type="NNS"/>
                    <lemma type="minute"/>
                    <dep head="7-6" type="prep"/>
                </token>
                <token content="I" id="7-5">
                    <pos type="PRP"/>
                    <lemma type="I"/>
                    <dep head="7-6" type="nsubj"/>
                </token>
                <token content="take" id="7-6">
                    <pos type="VBP"/>
                    <lemma type="take"/>
                </token>
                <token content="the" id="7-7">
                    <pos type="DT"/>
                    <lemma type="the"/>
                </token>
                <token content="stopper" id="7-8">
                    <pos type="NN"/>
                    <lemma type="stopper"/>
                </token>
                <token content="out" id="7-9">
                    <pos type="IN"/>
                    <lemma type="out"/>
                    <dep head="7-6" type="advmod"/>
                </token>
                <token content="so" id="7-10">
                    <pos type="IN"/>
                    <lemma type="so"/>
                    <dep head="7-14" type="mark"/>
                </token>
                <token content="the" id="7-11">
                    <pos type="DT"/>
                    <lemma type="the"/>
                </token>
                <token content="tub" id="7-12">
                    <pos type="NN"/>
                    <lemma type="tub"/>
                    <dep head="7-14" type="nsubj"/>
                </token>
                <token content="can" id="7-13">
                    <pos type="MD"/>
                    <lemma type="can"/>
                    <dep head="7-14" type="aux"/>
                </token>
                <token content="drain" id="7-14">
                    <pos type="VB"/>
                    <lemma type="drain"/>
                    <dep head="7-6" type="advcl"/>
                </token>
                <token content="and" id="7-15"/>
                <token content="turn" id="7-16">
                    <pos type="VB"/>
                    <lemma type="turn"/>
                    <dep head="7-14" type="conj"/>
                </token>
                <token content="the" id="7-17">
                    <pos type="DT"/>
                    <lemma type="the"/>
                </token>
                <token content="shower" id="7-18">
                    <pos type="NN"/>
                    <lemma type="shower"/>
                </token>
                <token content="head" id="7-19">
                    <pos type="NN"/>
                    <lemma type="head"/>
                    <dep head="7-14" type="dobj"/>
                </token>
                <token content="on" id="7-20">
                    <pos type="IN"/>
                    <lemma type="on"/>
                    <dep head="7-14" type="prep"/>
                </token>
                <token content="." id="7-21"/>
            </sentence>
            <sentence id="8">
                <token content="I" id="8-1">
                    <pos type="PRP"/>
                    <lemma type="I"/>
                    <dep head="8-2" type="nsubj"/>
                </token>
                <token content="like" id="8-2">
                    <pos type="VBP"/>
                    <lemma type="like"/>
                </token>
                <token content="to" id="8-3">
                    <pos type="TO"/>
                    <lemma type="to"/>
                    <dep head="8-4" type="aux"/>
                </token>
                <token content="wash" id="8-4">
                    <pos type="VB"/>
                    <lemma type="wash"/>
                    <dep head="8-2" type="xcomp"/>
                </token>
                <token content="myself" id="8-5">
                    <pos type="PRP"/>
                    <lemma type="myself"/>
                    <dep head="8-4" type="dobj"/>
                </token>
                <token content="off" id="8-6">
                    <pos type="RP"/>
                    <lemma type="off"/>
                    <dep head="8-4" type="prt"/>
                </token>
                <token content="after" id="8-7"/>
                <token content="a" id="8-8">
                    <pos type="DT"/>
                    <lemma type="a"/>
                </token>
                <token content="bath" id="8-9">
                    <pos type="NN"/>
                    <lemma type="bath"/>
                    <dep head="8-4" type="prep"/>
                </token>
                <token content="because" id="8-10">
                    <pos type="IN"/>
                    <lemma type="because"/>
                    <dep head="8-12" type="mark"/>
                </token>
                <token content="there" id="8-11">
                    <pos type="EX"/>
                    <lemma type="there"/>
                    <dep head="8-12" type="expl"/>
                </token>
                <token content="are" id="8-12">
                    <pos type="VBP"/>
                    <lemma type="be"/>
                    <dep head="8-4" type="advcl"/>
                </token>
                <token content="a" id="8-13">
                    <pos type="DT"/>
                    <lemma type="a"/>
                </token>
                <token content="lot" id="8-14">
                    <pos type="NN"/>
                    <lemma type="lot"/>
                    <dep head="8-12" type="nsubj"/>
                </token>
                <token content="of" id="8-15"/>
                <token content="bubbles" id="8-16">
                    <pos type="NNS"/>
                    <lemma type="bubble"/>
                </token>
                <token content="all" id="8-17">
                    <pos type="RB"/>
                    <lemma type="all"/>
                    <dep head="8-12" type="advmod"/>
                </token>
                <token content="over" id="8-18"/>
                <token content="me" id="8-19">
                    <pos type="PRP"/>
                    <lemma type="I"/>
                </token>
                <token content="." id="8-20"/>
            </sentence>
            <sentence id="9">
                <token content="I" id="9-1">
                    <pos type="PRP"/>
                    <lemma type="I"/>
                    <dep head="9-2" type="nsubj"/>
                </token>
                <token content="love" id="9-2">
                    <pos type="VBP"/>
                    <lemma type="love"/>
                </token>
                <token content="taking" id="9-3">
                    <pos type="VBG"/>
                    <lemma type="take"/>
                    <dep head="9-2" type="xcomp"/>
                </token>
                <token content="baths" id="9-4">
                    <pos type="NNS"/>
                    <lemma type="bath"/>
                    <dep head="9-3" type="dobj"/>
                </token>
                <token content="because" id="9-5">
                    <pos type="IN"/>
                    <lemma type="because"/>
                </token>
                <token content="they" id="9-6">
                    <pos type="PRP"/>
                    <lemma type="they"/>
                </token>
                <token content="are" id="9-7">
                    <pos type="VBP"/>
                    <lemma type="be"/>
                </token>
                <token content="very" id="9-8">
                    <pos type="RB"/>
                    <lemma type="very"/>
                </token>
                <token content="relaxing" id="9-9">
                    <pos type="JJ"/>
                    <lemma type="relaxing"/>
                    <dep head="9-3" type="advcl"/>
                </token>
                <token content="." id="9-10"/>
            </sentence>
        </sentences>
    </text>
    <annotations>
        <participants>
            <label from="1-2" id="0" name="ScrPart_bather" text="I" type="participant"/>
            <label from="1-6" id="1" name="ScrPart_bathroom" text="bathroom" type="participant"/>
            <label from="1-7" id="2" name="ScrPart_bather" text="I" type="participant"/>
            <label from="1-11" id="3" name="ScrPart_towel" text="towel" type="participant"/>
            <label from="1-14" id="4" name="ScrPart_other" text="linen closet" to="1-15" type="participant"/>
            <label from="1-15" id="5" name="ScrPart_other" text="closet" type="participant"/>
            <label from="1-17" id="6" name="NPart" text="we" type="participant"/>
            <label from="1-19" id="7" name="NPart" text="our" type="participant"/>
            <label from="1-20" id="8" name="ScrPart_towel" text="towels" type="participant"/>
            <label from="1-22" id="9" name="ScrPart_washing_tools" text="soap" type="participant"/>
            <label from="1-24" id="10" name="ScrPart_washing_tools" text="shampoo" type="participant"/>
            <label from="2-1" id="11" name="ScrPart_bather" text="I" type="participant"/>
            <label from="2-6" id="12" name="ScrPart_in-bath_entertainment" text="radio" type="participant"/>
            <label from="2-9" id="13" name="ScrPart_bather" text="I" type="participant"/>
            <label from="2-12" id="14" name="SuppVComp" text="bath" type="participant"/>
            <label from="2-14" id="15" name="ScrPart_bather" text="I" type="participant"/>
            <label from="2-19" id="16" name="ScrPart_bather" text="myself" type="participant"/>
            <label from="3-1" id="17" name="ScrPart_bather" text="I" type="participant"/>
            <label from="3-4" id="18" name="ScrPart_bathtub" text="tub" type="participant"/>
            <label from="3-7" id="19" name="ScrPart_water" text="water" type="participant"/>
            <label from="3-8" id="20" name="ScrPart_plug" text="stopper" type="participant"/>
            <label from="3-13" id="21" name="ScrPart_water" text="water" type="participant"/>
            <label from="3-15" id="22" name="ScrPart_water" text="it" type="participant"/>
            <label from="4-1" id="23" name="ScrPart_bather" text="I" type="participant"/>
            <label from="4-5" id="24" name="ScrPart_in-bath_entertainment" text="bubbles" type="participant"/>
            <label from="4-7" id="25" name="No_label" text="it" type="participant"/>
            <label from="4-9" id="26" name="ScrPart_bath" text="it" type="participant"/>
            <label from="5-3" id="27" name="ScrPart_bathtub" text="tub" type="participant"/>
            <label from="5-7" id="28" name="ScrPart_bather" text="I" type="participant"/>
            <label from="5-10" id="29" name="ScrPart_water" text="water" type="participant"/>
            <label from="6-1" id="30" name="ScrPart_bather" text="I" type="participant"/>
            <label from="6-7" id="31" name="NPart" text="minutes" type="participant"/>
            <label from="6-10" id="32" name="ScrPart_bather" text="my" type="participant"/>
            <label from="6-11" id="33" name="NPart" text="eyes" type="participant"/>
            <label from="6-18" id="34" name="NPart" text="day" type="participant"/>
            <label from="7-4" id="35" name="NPart" text="minutes" type="participant"/>
            <label from="7-5" id="36" name="ScrPart_bather" text="I" type="participant"/>
            <label from="7-8" id="37" name="ScrPart_plug" text="stopper" type="participant"/>
            <label from="7-12" id="38" name="ScrPart_bathtub" text="tub" type="participant"/>
            <label from="7-18" id="39" name="ScrPart_shower" text="shower head" to="7-19" type="participant"/>
            <label from="7-19" id="40" name="ScrPart_shower" text="head" type="participant"/>
            <label from="8-1" id="41" name="ScrPart_bather" text="I" type="participant"/>
            <label from="8-5" id="42" name="ScrPart_bather" text="myself" type="participant"/>
            <label from="8-9" id="43" name="ScrPart_bath" text="bath" type="participant"/>
            <label from="8-14" id="44" name="Head_of_Partitive" text="lot" type="participant"/>
            <label from="8-16" id="45" name="ScrPart_in-bath_entertainment" text="bubbles" type="participant"/>
            <label from="8-19" id="46" name="ScrPart_bather" text="me" type="participant"/>
            <label from="9-1" id="47" name="ScrPart_bather" text="I" type="participant"/>
            <label from="9-4" id="48" name="SuppVComp" text="baths" type="participant"/>
            <label from="9-6" id="49" name="ScrPart_bath" text="they" type="participant"/>
        </participants>
        <events>
            <label from="1-3" id="50" name="ScrEv_enter_bathroom" text="go" type="event"/>
            <label from="1-9" id="51" name="ScrEv_prepare_bath" text="grab" type="event"/>
            <label from="1-18" id="52" name="RelNScrEv" text="keep" type="event"/>
            <label from="2-4" id="53" name="RelNScrEv" text="put" type="event"/>
            <label from="2-10" id="54" name="Evoking" text="take a bath" to="2-12" type="event"/>
            <label from="2-16" id="55" name="ScrEv_relax" text="relax" type="event"/>
            <label from="2-18" id="56" name="ScrEv_relax" text="enjoy" type="event"/>
            <label from="3-2" id="57" name="ScrEv_close_drain" text="plug" type="event"/>
            <label from="3-10" id="58" name="ScrEv_turn_water_on" text="turn on" to="3-11" type="event"/>
            <label from="3-10" id="59" name="ScrEv_turn_water_on" text="turn" type="event"/>
            <label from="3-16" id="60" name="UnrelEv" text="'s" type="event"/>
            <label from="4-2" id="61" name="ScrEv_put_bubble_bath_scent" text="put" type="event"/>
            <label from="4-8" id="62" name="UnrelEv" text="makes" type="event"/>
            <label from="4-14" id="63" name="RelNScrEv" text="smelling" type="event"/>
            <label from="5-6" id="64" name="ScrEv_fill_water/wait" text="filled" type="event"/>
            <label from="5-8" id="65" name="ScrEv_turn_water_off" text="stop" type="event"/>
            <label from="5-13" id="66" name="ScrEv_sink_water" text="get" type="event"/>
            <label from="6-2" id="67" name="ScrEv_relax" text="sit down" to="6-3" type="event"/>
            <label from="6-2" id="68" name="ScrEv_relax" text="sit" type="event"/>
            <label from="6-8" id="69" name="ScrEv_relax" text="relaxing" type="event"/>
            <label from="6-12" id="70" name="UnrelEv" text="closed" type="event"/>
            <label from="6-15" id="71" name="UnrelEv" text="thinking" type="event"/>
            <label from="7-6" id="72" name="ScrEv_open_drain" text="take" type="event"/>
            <label from="7-14" id="73" name="ScrEv_other" text="drain" type="event"/>
            <label from="7-16" id="74" name="ScrEv_other" text="turn" type="event"/>
            <label from="8-2" id="75" name="UnrelEv" text="like" type="event"/>
            <label from="8-4" id="76" name="ScrEv_wash" text="wash" type="event"/>
            <label from="8-12" id="77" name="UnrelEv" text="are" type="event"/>
            <label from="9-2" id="78" name="UnrelEv" text="love" type="event"/>
            <label from="9-3" id="79" name="Evoking" text="taking baths" to="9-4" type="event"/>
            <label from="9-9" id="80" name="ScrEv_relax" text="relaxing" type="event"/>
        </events>
        <chains>
            <chain elements="0 2 11 13 15 16 17 23 28 30 32 36 41 42 46 47"/>
            <chain elements="3 8"/>
            <chain elements="18 27 38"/>
            <chain elements="20 37"/>
            <chain elements="24 45"/>
            <chain elements="2 6" name="group_I_others"/>
            <chain elements="6 7"/>
            <chain elements="21 22"/>
            <chain elements="31 35"/>
            <chain elements="14 43"/>
            <chain elements="48 49"/>
        </chains>
    </annotations>
</story>
