<?xml version="1.0" encoding="UTF-8" standalone="no"?>
<!DOCTYPE story SYSTEM "../InScript.dtd">
<story id="043" scenario="bath">
    <text>
        <content>Taking a bath is a delightful experience . 
I first set the scene by putting on some music , maybe even some candles if I 'm feeling particularly luxurious . 
Some people like to have a glass of wine or two , but I prefer a refreshing diet coke in my bath . 
I like trying out different bath bombs and bath melts from beauty stores like LUSH , they scent the water , create bubbles and contribute to an overall pleasant experience . 
I fill the bath with warm to hot water , since I like to bathe after a good workout and my sore body appreciates the heat . 
If I 'm using bubble bath I can pour it in with the water , if I 'm using a bath bomb I crumble it in little by little . 
Once the water is at an appropriate depth I turn off the faucet and sink into bliss . 
I let myself soak until the water cools too much and by then I feel refreshed and content . </content>
        <sentences>
            <sentence id="1">
                <token content="Taking" id="1-1">
                    <pos type="VBG"/>
                    <lemma type="take"/>
                </token>
                <token content="a" id="1-2">
                    <pos type="DT"/>
                    <lemma type="a"/>
                </token>
                <token content="bath" id="1-3">
                    <pos type="NN"/>
                    <lemma type="bath"/>
                    <dep head="1-1" type="dobj"/>
                </token>
                <token content="is" id="1-4">
                    <pos type="VBZ"/>
                    <lemma type="be"/>
                </token>
                <token content="a" id="1-5">
                    <pos type="DT"/>
                    <lemma type="a"/>
                </token>
                <token content="delightful" id="1-6">
                    <pos type="JJ"/>
                    <lemma type="delightful"/>
                </token>
                <token content="experience" id="1-7">
                    <pos type="NN"/>
                    <lemma type="experience"/>
                </token>
                <token content="." id="1-8"/>
            </sentence>
            <sentence id="2">
                <token content="I" id="2-1">
                    <pos type="PRP"/>
                    <lemma type="I"/>
                    <dep head="2-3" type="nsubj"/>
                </token>
                <token content="first" id="2-2">
                    <pos type="RB"/>
                    <lemma type="first"/>
                    <dep head="2-3" type="advmod"/>
                </token>
                <token content="set" id="2-3">
                    <pos type="VBD"/>
                    <lemma type="set"/>
                </token>
                <token content="the" id="2-4">
                    <pos type="DT"/>
                    <lemma type="the"/>
                </token>
                <token content="scene" id="2-5">
                    <pos type="NN"/>
                    <lemma type="scene"/>
                    <dep head="2-3" type="dobj"/>
                </token>
                <token content="by" id="2-6"/>
                <token content="putting" id="2-7">
                    <pos type="VBG"/>
                    <lemma type="put"/>
                    <dep head="2-3" type="prepc"/>
                </token>
                <token content="on" id="2-8"/>
                <token content="some" id="2-9">
                    <pos type="DT"/>
                    <lemma type="some"/>
                </token>
                <token content="music" id="2-10">
                    <pos type="NN"/>
                    <lemma type="music"/>
                    <dep head="2-7" type="prep"/>
                </token>
                <token content="," id="2-11"/>
                <token content="maybe" id="2-12">
                    <pos type="RB"/>
                    <lemma type="maybe"/>
                </token>
                <token content="even" id="2-13">
                    <pos type="RB"/>
                    <lemma type="even"/>
                </token>
                <token content="some" id="2-14">
                    <pos type="DT"/>
                    <lemma type="some"/>
                </token>
                <token content="candles" id="2-15">
                    <pos type="NNS"/>
                    <lemma type="candle"/>
                </token>
                <token content="if" id="2-16">
                    <pos type="IN"/>
                    <lemma type="if"/>
                    <dep head="2-19" type="mark"/>
                </token>
                <token content="I" id="2-17">
                    <pos type="PRP"/>
                    <lemma type="I"/>
                    <dep head="2-19" type="nsubj"/>
                </token>
                <token content="'m" id="2-18">
                    <pos type="VBP"/>
                    <lemma type="be"/>
                    <dep head="2-19" type="aux"/>
                </token>
                <token content="feeling" id="2-19">
                    <pos type="VBG"/>
                    <lemma type="feel"/>
                    <dep head="2-7" type="advcl"/>
                </token>
                <token content="particularly" id="2-20">
                    <pos type="RB"/>
                    <lemma type="particularly"/>
                </token>
                <token content="luxurious" id="2-21">
                    <pos type="JJ"/>
                    <lemma type="luxurious"/>
                    <dep head="2-19" type="dobj"/>
                </token>
                <token content="." id="2-22"/>
            </sentence>
            <sentence id="3">
                <token content="Some" id="3-1">
                    <pos type="DT"/>
                    <lemma type="some"/>
                </token>
                <token content="people" id="3-2">
                    <pos type="NNS"/>
                    <lemma type="people"/>
                    <dep head="3-3" type="nsubj"/>
                </token>
                <token content="like" id="3-3">
                    <pos type="VBP"/>
                    <lemma type="like"/>
                </token>
                <token content="to" id="3-4">
                    <pos type="TO"/>
                    <lemma type="to"/>
                    <dep head="3-5" type="aux"/>
                </token>
                <token content="have" id="3-5">
                    <pos type="VB"/>
                    <lemma type="have"/>
                    <dep head="3-3" type="xcomp"/>
                </token>
                <token content="a" id="3-6">
                    <pos type="DT"/>
                    <lemma type="a"/>
                </token>
                <token content="glass" id="3-7">
                    <pos type="NN"/>
                    <lemma type="glass"/>
                    <dep head="3-5" type="dobj"/>
                </token>
                <token content="of" id="3-8"/>
                <token content="wine" id="3-9">
                    <pos type="NN"/>
                    <lemma type="wine"/>
                </token>
                <token content="or" id="3-10"/>
                <token content="two" id="3-11">
                    <pos type="CD"/>
                    <lemma type="two"/>
                </token>
                <token content="," id="3-12"/>
                <token content="but" id="3-13"/>
                <token content="I" id="3-14">
                    <pos type="PRP"/>
                    <lemma type="I"/>
                    <dep head="3-15" type="nsubj"/>
                </token>
                <token content="prefer" id="3-15">
                    <pos type="VBP"/>
                    <lemma type="prefer"/>
                    <dep head="3-3" type="conj"/>
                </token>
                <token content="a" id="3-16">
                    <pos type="DT"/>
                    <lemma type="a"/>
                </token>
                <token content="refreshing" id="3-17">
                    <pos type="JJ"/>
                    <lemma type="refreshing"/>
                </token>
                <token content="diet" id="3-18">
                    <pos type="NN"/>
                    <lemma type="diet"/>
                </token>
                <token content="coke" id="3-19">
                    <pos type="NN"/>
                    <lemma type="coke"/>
                    <dep head="3-15" type="dobj"/>
                </token>
                <token content="in" id="3-20"/>
                <token content="my" id="3-21">
                    <pos type="PRP$"/>
                    <lemma type="my"/>
                </token>
                <token content="bath" id="3-22">
                    <pos type="NN"/>
                    <lemma type="bath"/>
                </token>
                <token content="." id="3-23"/>
            </sentence>
            <sentence id="4">
                <token content="I" id="4-1">
                    <pos type="PRP"/>
                    <lemma type="I"/>
                    <dep head="4-2" type="nsubj"/>
                </token>
                <token content="like" id="4-2">
                    <pos type="VBP"/>
                    <lemma type="like"/>
                </token>
                <token content="trying" id="4-3">
                    <pos type="VBG"/>
                    <lemma type="try"/>
                    <dep head="4-2" type="xcomp"/>
                </token>
                <token content="out" id="4-4">
                    <pos type="RP"/>
                    <lemma type="out"/>
                    <dep head="4-3" type="prt"/>
                </token>
                <token content="different" id="4-5">
                    <pos type="JJ"/>
                    <lemma type="different"/>
                </token>
                <token content="bath" id="4-6">
                    <pos type="NN"/>
                    <lemma type="bath"/>
                </token>
                <token content="bombs" id="4-7">
                    <pos type="NNS"/>
                    <lemma type="bomb"/>
                    <dep head="4-3" type="dobj"/>
                </token>
                <token content="and" id="4-8"/>
                <token content="bath" id="4-9">
                    <pos type="NN"/>
                    <lemma type="bath"/>
                    <dep head="4-10" type="nsubj"/>
                </token>
                <token content="melts" id="4-10">
                    <pos type="VBZ"/>
                    <lemma type="melt"/>
                    <dep head="4-2" type="conj"/>
                </token>
                <token content="from" id="4-11"/>
                <token content="beauty" id="4-12">
                    <pos type="NN"/>
                    <lemma type="beauty"/>
                </token>
                <token content="stores" id="4-13">
                    <pos type="NNS"/>
                    <lemma type="store"/>
                    <dep head="4-10" type="prep"/>
                </token>
                <token content="like" id="4-14"/>
                <token content="LUSH" id="4-15">
                    <pos type="NNP"/>
                    <lemma type="LUSH"/>
                </token>
                <token content="," id="4-16"/>
                <token content="they" id="4-17">
                    <pos type="PRP"/>
                    <lemma type="they"/>
                    <dep head="4-18" type="nsubj"/>
                </token>
                <token content="scent" id="4-18">
                    <pos type="VB"/>
                    <lemma type="scent"/>
                    <dep head="4-10" type="ccomp"/>
                </token>
                <token content="the" id="4-19">
                    <pos type="DT"/>
                    <lemma type="the"/>
                </token>
                <token content="water" id="4-20">
                    <pos type="NN"/>
                    <lemma type="water"/>
                    <dep head="4-18" type="dobj"/>
                </token>
                <token content="," id="4-21"/>
                <token content="create" id="4-22">
                    <pos type="VB"/>
                    <lemma type="create"/>
                    <dep head="4-18" type="conj"/>
                </token>
                <token content="bubbles" id="4-23">
                    <pos type="NNS"/>
                    <lemma type="bubble"/>
                    <dep head="4-22" type="dobj"/>
                </token>
                <token content="and" id="4-24"/>
                <token content="contribute" id="4-25">
                    <pos type="VB"/>
                    <lemma type="contribute"/>
                    <dep head="4-18" type="conj"/>
                </token>
                <token content="to" id="4-26"/>
                <token content="an" id="4-27">
                    <pos type="DT"/>
                    <lemma type="a"/>
                </token>
                <token content="overall" id="4-28">
                    <pos type="JJ"/>
                    <lemma type="overall"/>
                </token>
                <token content="pleasant" id="4-29">
                    <pos type="JJ"/>
                    <lemma type="pleasant"/>
                </token>
                <token content="experience" id="4-30">
                    <pos type="NN"/>
                    <lemma type="experience"/>
                    <dep head="4-25" type="prep"/>
                </token>
                <token content="." id="4-31"/>
            </sentence>
            <sentence id="5">
                <token content="I" id="5-1">
                    <pos type="PRP"/>
                    <lemma type="I"/>
                    <dep head="5-2" type="nsubj"/>
                </token>
                <token content="fill" id="5-2">
                    <pos type="VBP"/>
                    <lemma type="fill"/>
                </token>
                <token content="the" id="5-3">
                    <pos type="DT"/>
                    <lemma type="the"/>
                </token>
                <token content="bath" id="5-4">
                    <pos type="NN"/>
                    <lemma type="bath"/>
                    <dep head="5-2" type="dobj"/>
                </token>
                <token content="with" id="5-5"/>
                <token content="warm" id="5-6">
                    <pos type="JJ"/>
                    <lemma type="warm"/>
                </token>
                <token content="to" id="5-7">
                    <pos type="TO"/>
                    <lemma type="to"/>
                </token>
                <token content="hot" id="5-8">
                    <pos type="JJ"/>
                    <lemma type="hot"/>
                </token>
                <token content="water" id="5-9">
                    <pos type="NN"/>
                    <lemma type="water"/>
                </token>
                <token content="," id="5-10"/>
                <token content="since" id="5-11">
                    <pos type="IN"/>
                    <lemma type="since"/>
                    <dep head="5-13" type="mark"/>
                </token>
                <token content="I" id="5-12">
                    <pos type="PRP"/>
                    <lemma type="I"/>
                    <dep head="5-13" type="nsubj"/>
                </token>
                <token content="like" id="5-13">
                    <pos type="VBP"/>
                    <lemma type="like"/>
                    <dep head="5-2" type="advcl"/>
                </token>
                <token content="to" id="5-14">
                    <pos type="TO"/>
                    <lemma type="to"/>
                    <dep head="5-15" type="aux"/>
                </token>
                <token content="bathe" id="5-15">
                    <pos type="VB"/>
                    <lemma type="bathe"/>
                    <dep head="5-13" type="xcomp"/>
                </token>
                <token content="after" id="5-16">
                    <pos type="IN"/>
                    <lemma type="after"/>
                    <dep head="5-24" type="mark"/>
                </token>
                <token content="a" id="5-17">
                    <pos type="DT"/>
                    <lemma type="a"/>
                </token>
                <token content="good" id="5-18">
                    <pos type="JJ"/>
                    <lemma type="good"/>
                </token>
                <token content="workout" id="5-19">
                    <pos type="NN"/>
                    <lemma type="workout"/>
                    <dep head="5-24" type="nsubj"/>
                </token>
                <token content="and" id="5-20"/>
                <token content="my" id="5-21">
                    <pos type="PRP$"/>
                    <lemma type="my"/>
                </token>
                <token content="sore" id="5-22">
                    <pos type="JJ"/>
                    <lemma type="sore"/>
                </token>
                <token content="body" id="5-23">
                    <pos type="NN"/>
                    <lemma type="body"/>
                </token>
                <token content="appreciates" id="5-24">
                    <pos type="VBZ"/>
                    <lemma type="appreciate"/>
                    <dep head="5-15" type="advcl"/>
                </token>
                <token content="the" id="5-25">
                    <pos type="DT"/>
                    <lemma type="the"/>
                </token>
                <token content="heat" id="5-26">
                    <pos type="NN"/>
                    <lemma type="heat"/>
                    <dep head="5-24" type="dobj"/>
                </token>
                <token content="." id="5-27"/>
            </sentence>
            <sentence id="6">
                <token content="If" id="6-1">
                    <pos type="IN"/>
                    <lemma type="if"/>
                    <dep head="6-4" type="mark"/>
                </token>
                <token content="I" id="6-2">
                    <pos type="PRP"/>
                    <lemma type="I"/>
                    <dep head="6-4" type="nsubj"/>
                </token>
                <token content="'m" id="6-3">
                    <pos type="VBP"/>
                    <lemma type="be"/>
                    <dep head="6-4" type="aux"/>
                </token>
                <token content="using" id="6-4">
                    <pos type="VBG"/>
                    <lemma type="use"/>
                    <dep head="6-9" type="advcl"/>
                </token>
                <token content="bubble" id="6-5">
                    <pos type="NN"/>
                    <lemma type="bubble"/>
                </token>
                <token content="bath" id="6-6">
                    <pos type="NN"/>
                    <lemma type="bath"/>
                    <dep head="6-4" type="dobj"/>
                </token>
                <token content="I" id="6-7">
                    <pos type="PRP"/>
                    <lemma type="I"/>
                    <dep head="6-9" type="nsubj"/>
                </token>
                <token content="can" id="6-8">
                    <pos type="MD"/>
                    <lemma type="can"/>
                    <dep head="6-9" type="aux"/>
                </token>
                <token content="pour" id="6-9">
                    <pos type="VB"/>
                    <lemma type="pour"/>
                </token>
                <token content="it" id="6-10">
                    <pos type="PRP"/>
                    <lemma type="it"/>
                    <dep head="6-9" type="dobj"/>
                </token>
                <token content="in" id="6-11">
                    <pos type="IN"/>
                    <lemma type="in"/>
                    <dep head="6-9" type="dep"/>
                </token>
                <token content="with" id="6-12"/>
                <token content="the" id="6-13">
                    <pos type="DT"/>
                    <lemma type="the"/>
                </token>
                <token content="water" id="6-14">
                    <pos type="NN"/>
                    <lemma type="water"/>
                    <dep head="6-9" type="prep"/>
                </token>
                <token content="," id="6-15"/>
                <token content="if" id="6-16">
                    <pos type="IN"/>
                    <lemma type="if"/>
                    <dep head="6-19" type="mark"/>
                </token>
                <token content="I" id="6-17">
                    <pos type="PRP"/>
                    <lemma type="I"/>
                    <dep head="6-19" type="nsubj"/>
                </token>
                <token content="'m" id="6-18">
                    <pos type="VBP"/>
                    <lemma type="be"/>
                    <dep head="6-19" type="aux"/>
                </token>
                <token content="using" id="6-19">
                    <pos type="VBG"/>
                    <lemma type="use"/>
                </token>
                <token content="a" id="6-20">
                    <pos type="DT"/>
                    <lemma type="a"/>
                </token>
                <token content="bath" id="6-21">
                    <pos type="NN"/>
                    <lemma type="bath"/>
                    <dep head="6-22" type="nsubj"/>
                </token>
                <token content="bomb" id="6-22">
                    <pos type="VB"/>
                    <lemma type="bomb"/>
                    <dep head="6-19" type="ccomp"/>
                </token>
                <token content="I" id="6-23">
                    <pos type="PRP"/>
                    <lemma type="I"/>
                    <dep head="6-24" type="nsubj"/>
                </token>
                <token content="crumble" id="6-24">
                    <pos type="VB"/>
                    <lemma type="crumble"/>
                    <dep head="6-22" type="ccomp"/>
                </token>
                <token content="it" id="6-25">
                    <pos type="PRP"/>
                    <lemma type="it"/>
                    <dep head="6-24" type="dobj"/>
                </token>
                <token content="in" id="6-26">
                    <pos type="IN"/>
                    <lemma type="in"/>
                    <dep head="6-24" type="prep"/>
                </token>
                <token content="little" id="6-27">
                    <pos type="RB"/>
                    <lemma type="little"/>
                </token>
                <token content="by" id="6-28">
                    <pos type="IN"/>
                    <lemma type="by"/>
                    <dep head="6-24" type="prep"/>
                </token>
                <token content="little" id="6-29">
                    <pos type="RB"/>
                    <lemma type="little"/>
                </token>
                <token content="." id="6-30"/>
            </sentence>
            <sentence id="7">
                <token content="Once" id="7-1">
                    <pos type="IN"/>
                    <lemma type="once"/>
                    <dep head="7-4" type="mark"/>
                </token>
                <token content="the" id="7-2">
                    <pos type="DT"/>
                    <lemma type="the"/>
                </token>
                <token content="water" id="7-3">
                    <pos type="NN"/>
                    <lemma type="water"/>
                    <dep head="7-4" type="nsubj"/>
                </token>
                <token content="is" id="7-4">
                    <pos type="VBZ"/>
                    <lemma type="be"/>
                    <dep head="7-10" type="advcl"/>
                </token>
                <token content="at" id="7-5"/>
                <token content="an" id="7-6">
                    <pos type="DT"/>
                    <lemma type="a"/>
                </token>
                <token content="appropriate" id="7-7">
                    <pos type="JJ"/>
                    <lemma type="appropriate"/>
                </token>
                <token content="depth" id="7-8">
                    <pos type="NN"/>
                    <lemma type="depth"/>
                    <dep head="7-4" type="prep"/>
                </token>
                <token content="I" id="7-9">
                    <pos type="PRP"/>
                    <lemma type="I"/>
                    <dep head="7-10" type="nsubj"/>
                </token>
                <token content="turn" id="7-10">
                    <pos type="VBP"/>
                    <lemma type="turn"/>
                </token>
                <token content="off" id="7-11">
                    <pos type="RP"/>
                    <lemma type="off"/>
                    <dep head="7-10" type="prt"/>
                </token>
                <token content="the" id="7-12">
                    <pos type="DT"/>
                    <lemma type="the"/>
                </token>
                <token content="faucet" id="7-13">
                    <pos type="NN"/>
                    <lemma type="faucet"/>
                    <dep head="7-10" type="dobj"/>
                </token>
                <token content="and" id="7-14"/>
                <token content="sink" id="7-15">
                    <pos type="VB"/>
                    <lemma type="sink"/>
                    <dep head="7-10" type="conj"/>
                </token>
                <token content="into" id="7-16"/>
                <token content="bliss" id="7-17">
                    <pos type="NNS"/>
                    <lemma type="bliss"/>
                    <dep head="7-15" type="prep"/>
                </token>
                <token content="." id="7-18"/>
            </sentence>
            <sentence id="8">
                <token content="I" id="8-1">
                    <pos type="PRP"/>
                    <lemma type="I"/>
                    <dep head="8-2" type="nsubj"/>
                </token>
                <token content="let" id="8-2">
                    <pos type="VBP"/>
                    <lemma type="let"/>
                </token>
                <token content="myself" id="8-3">
                    <pos type="PRP"/>
                    <lemma type="myself"/>
                    <dep head="8-4" type="nsubj"/>
                </token>
                <token content="soak" id="8-4">
                    <pos type="VB"/>
                    <lemma type="soak"/>
                    <dep head="8-2" type="ccomp"/>
                </token>
                <token content="until" id="8-5">
                    <pos type="IN"/>
                    <lemma type="until"/>
                    <dep head="8-8" type="mark"/>
                </token>
                <token content="the" id="8-6">
                    <pos type="DT"/>
                    <lemma type="the"/>
                </token>
                <token content="water" id="8-7">
                    <pos type="NN"/>
                    <lemma type="water"/>
                    <dep head="8-8" type="nsubj"/>
                </token>
                <token content="cools" id="8-8">
                    <pos type="VBZ"/>
                    <lemma type="cool"/>
                    <dep head="8-4" type="advcl"/>
                </token>
                <token content="too" id="8-9">
                    <pos type="RB"/>
                    <lemma type="too"/>
                </token>
                <token content="much" id="8-10">
                    <pos type="JJ"/>
                    <lemma type="much"/>
                    <dep head="8-8" type="acomp"/>
                </token>
                <token content="and" id="8-11"/>
                <token content="by" id="8-12">
                    <pos type="IN"/>
                    <lemma type="by"/>
                    <dep head="8-15" type="prep"/>
                </token>
                <token content="then" id="8-13">
                    <pos type="RB"/>
                    <lemma type="then"/>
                </token>
                <token content="I" id="8-14">
                    <pos type="PRP"/>
                    <lemma type="I"/>
                    <dep head="8-15" type="nsubj"/>
                </token>
                <token content="feel" id="8-15">
                    <pos type="VBP"/>
                    <lemma type="feel"/>
                    <dep head="8-2" type="conj"/>
                </token>
                <token content="refreshed" id="8-16">
                    <pos type="JJ"/>
                    <lemma type="refreshed"/>
                    <dep head="8-15" type="acomp"/>
                </token>
                <token content="and" id="8-17"/>
                <token content="content" id="8-18">
                    <pos type="JJ"/>
                    <lemma type="content"/>
                </token>
                <token content="." id="8-19"/>
            </sentence>
        </sentences>
    </text>
    <annotations>
        <participants>
            <label from="1-3" id="0" name="SuppVComp" text="bath" type="participant"/>
            <label from="1-7" id="1" name="NPart" text="experience" type="participant"/>
            <label from="2-1" id="2" name="ScrPart_bather" text="I" type="participant"/>
            <label from="2-5" id="3" name="NPart" text="scene" type="participant"/>
            <label from="2-10" id="4" name="ScrPart_in-bath_entertainment" text="music" type="participant"/>
            <label from="2-15" id="5" name="ScrPart_in-bath_entertainment" text="candles" type="participant"/>
            <label from="2-17" id="6" name="ScrPart_bather" text="I" type="participant"/>
            <label from="3-2" id="7" name="NPart" text="people" type="participant"/>
            <label from="3-7" id="8" name="Head_of_Partitive" text="glass" type="participant"/>
            <label from="3-9" id="9" name="ScrPart_in-bath_entertainment" text="wine" type="participant"/>
            <label from="3-14" id="10" name="ScrPart_bather" text="I" type="participant"/>
            <label from="3-18" id="11" name="ScrPart_in-bath_entertainment" text="diet coke" to="3-19" type="participant"/>
            <label from="3-19" id="12" name="ScrPart_in-bath_entertainment" text="coke" type="participant"/>
            <label from="3-21" id="13" name="ScrPart_bather" text="my" type="participant"/>
            <label from="3-22" id="14" name="ScrPart_bath" text="bath" type="participant"/>
            <label from="4-1" id="15" name="ScrPart_bather" text="I" type="participant"/>
            <label from="4-6" id="16" name="ScrPart_bath_means" text="bath bombs" to="4-7" type="participant"/>
            <label from="4-7" id="17" name="ScrPart_bath_means" text="bombs" type="participant"/>
            <label from="4-9" id="18" name="ScrPart_bath_means" text="bath melts" to="4-10" type="participant"/>
            <label from="4-10" id="19" name="ScrPart_bath_means" text="melts" type="participant"/>
            <label from="4-12" id="20" name="NPart" text="beauty stores" to="4-13" type="participant"/>
            <label from="4-13" id="21" name="NPart" text="stores" type="participant"/>
            <label from="4-15" id="22" name="NPart" text="LUSH" type="participant"/>
            <label from="4-17" id="23" name="ScrPart_bath_means" text="they" type="participant"/>
            <label from="4-20" id="24" name="ScrPart_water" text="water" type="participant"/>
            <label from="4-23" id="25" name="ScrPart_bath_means" text="bubbles" type="participant"/>
            <label from="4-30" id="26" name="NPart" text="experience" type="participant"/>
            <label from="5-1" id="27" name="ScrPart_bather" text="I" type="participant"/>
            <label from="5-4" id="28" name="ScrPart_bathtub" text="bath" type="participant"/>
            <label from="5-9" id="29" name="ScrPart_water" text="water" type="participant"/>
            <label from="5-12" id="30" name="ScrPart_bather" text="I" type="participant"/>
            <label from="5-19" id="31" name="NPart" text="workout" type="participant"/>
            <label from="5-21" id="32" name="ScrPart_bather" text="my" type="participant"/>
            <label from="5-23" id="33" name="ScrPart_body_part" text="body" type="participant"/>
            <label from="5-26" id="34" name="ScrPart_temperature" text="heat" type="participant"/>
            <label from="6-2" id="35" name="ScrPart_bather" text="I" type="participant"/>
            <label from="6-5" id="36" name="ScrPart_bath_means" text="bubble bath" to="6-6" type="participant"/>
            <label from="6-6" id="37" name="ScrPart_bath_means" text="bath" type="participant"/>
            <label from="6-7" id="38" name="ScrPart_bather" text="I" type="participant"/>
            <label from="6-10" id="39" name="ScrPart_bath_means" text="it" type="participant"/>
            <label from="6-14" id="40" name="ScrPart_water" text="water" type="participant"/>
            <label from="6-17" id="41" name="ScrPart_bather" text="I" type="participant"/>
            <label from="6-21" id="42" name="ScrPart_bath_means" text="bath bomb" to="6-22" type="participant"/>
            <label from="6-22" id="43" name="ScrPart_bath_means" text="bomb" type="participant"/>
            <label from="6-23" id="44" name="ScrPart_bather" text="I" type="participant"/>
            <label from="6-25" id="45" name="ScrPart_bath_means" text="it" type="participant"/>
            <label from="7-3" id="46" name="ScrPart_water" text="water" type="participant"/>
            <label from="7-8" id="47" name="NPart" text="depth" type="participant"/>
            <label from="7-9" id="48" name="ScrPart_bather" text="I" type="participant"/>
            <label from="7-13" id="49" name="ScrPart_tap" text="faucet" type="participant"/>
            <label from="7-17" id="50" name="NPart" text="bliss" type="participant"/>
            <label from="8-1" id="51" name="ScrPart_bather" text="I" type="participant"/>
            <label from="8-3" id="52" name="ScrPart_bather" text="myself" type="participant"/>
            <label from="8-7" id="53" name="ScrPart_water" text="water" type="participant"/>
            <label from="8-14" id="54" name="ScrPart_bather" text="I" type="participant"/>
        </participants>
        <events>
            <label from="1-1" id="55" name="Evoking" text="Taking a bath" to="1-3" type="event"/>
            <label from="1-4" id="56" name="UnrelEv" text="is" type="event"/>
            <label from="2-3" id="57" name="ScrEv_prepare_bath" text="set" type="event"/>
            <label from="2-7" id="58" name="ScrEv_prepare_bath" text="putting on" to="2-8" type="event"/>
            <label from="2-19" id="59" name="UnrelEv" text="feeling" type="event"/>
            <label from="3-3" id="60" name="UnrelEv" text="like" type="event"/>
            <label from="3-5" id="61" name="RelNScrEv" text="have" type="event"/>
            <label from="3-15" id="62" name="UnrelEv" text="prefer" type="event"/>
            <label from="3-17" id="63" name="RelNScrEv" text="refreshing" type="event"/>
            <label from="4-2" id="64" name="UnrelEv" text="like" type="event"/>
            <label from="4-3" id="65" name="ScrEv_put_bubble_bath_scent" text="trying out" to="4-4" type="event"/>
            <label from="4-18" id="66" name="RelNScrEv" text="scent" type="event"/>
            <label from="4-22" id="67" name="RelNScrEv" text="create" type="event"/>
            <label from="4-25" id="68" name="UnrelEv" text="contribute" type="event"/>
            <label from="5-2" id="69" name="ScrEv_fill_water/wait" text="fill" type="event"/>
            <label from="5-13" id="70" name="UnrelEv" text="like" type="event"/>
            <label from="5-15" id="71" name="Evoking" text="bathe" type="event"/>
            <label from="5-24" id="72" name="Unclear" text="appreciates" type="event"/>
            <label from="6-4" id="73" name="UnrelEv" text="using" type="event"/>
            <label from="6-9" id="74" name="ScrEv_put_bubble_bath_scent" text="pour" type="event"/>
            <label from="6-19" id="75" name="UnrelEv" text="using" type="event"/>
            <label from="6-24" id="76" name="ScrEv_put_bubble_bath_scent" text="crumble" type="event"/>
            <label from="7-4" id="77" name="UnrelEv" text="is" type="event"/>
            <label from="7-10" id="78" name="ScrEv_turn_water_off" text="turn off" to="7-11" type="event"/>
            <label from="7-15" id="79" name="ScrEv_sink_water" text="sink" type="event"/>
            <label from="8-2" id="80" name="UnrelEv" text="let" type="event"/>
            <label from="8-4" id="81" name="ScrEv_relax" text="soak" type="event"/>
            <label from="8-8" id="82" name="RelNScrEv" text="cools" type="event"/>
            <label from="8-15" id="83" name="UnrelEv" text="feel" type="event"/>
            <label from="8-16" id="84" name="RelNScrEv" text="refreshed" type="event"/>
        </events>
        <chains>
            <chain elements="2 6 10 13 15 27 30 32 35 38 41 44 48 51 52 54"/>
            <chain elements="17 23 19" name="coref_group_bath_bombs_bubble_bath"/>
            <chain elements="23 25"/>
            <chain elements="24 29 40 46 53"/>
            <chain elements="19 37 39"/>
            <chain elements="17 43 45"/>
        </chains>
    </annotations>
</story>
