<?xml version="1.0" encoding="UTF-8" standalone="no"?>
<!DOCTYPE story SYSTEM "../InScript.dtd">
<story id="055" scenario="bath">
    <text>
        <content>I decided to take a bath today rather than a shower . 
First I scrubbed the tub with cleanser and rinsed it well . 
I put the plug in the drain and turned on the hot water . 
While the tub was filling I gathered all the supplies I would need including my favorite bathrobe , bubble bath soap , a fresh towel and wash cloth , and a new bar of soap . 
I tied my hair up into a bun . 
As the bath was nearing the level I desired I checked the water temperature and added just enough cold water to make it comfortable , and I added enough bubble bath to cover the surface with foam . 
I carefully stepped into the tub , immersed myself , and remained there for more than half an hour relaxing . 
Before the water go too cold I used the soap and washcloth to clean myself . 
I pulled the plug , got out , dried myself and put on my robe . </content>
        <sentences>
            <sentence id="1">
                <token content="I" id="1-1">
                    <pos type="PRP"/>
                    <lemma type="I"/>
                    <dep head="1-2" type="nsubj"/>
                </token>
                <token content="decided" id="1-2">
                    <pos type="VBD"/>
                    <lemma type="decide"/>
                </token>
                <token content="to" id="1-3">
                    <pos type="TO"/>
                    <lemma type="to"/>
                    <dep head="1-4" type="aux"/>
                </token>
                <token content="take" id="1-4">
                    <pos type="VB"/>
                    <lemma type="take"/>
                    <dep head="1-2" type="xcomp"/>
                </token>
                <token content="a" id="1-5">
                    <pos type="DT"/>
                    <lemma type="a"/>
                </token>
                <token content="bath" id="1-6">
                    <pos type="NN"/>
                    <lemma type="bath"/>
                </token>
                <token content="today" id="1-7">
                    <pos type="NN"/>
                    <lemma type="today"/>
                    <dep head="1-4" type="dobj"/>
                </token>
                <token content="rather" id="1-8"/>
                <token content="than" id="1-9"/>
                <token content="a" id="1-10">
                    <pos type="DT"/>
                    <lemma type="a"/>
                </token>
                <token content="shower" id="1-11">
                    <pos type="NN"/>
                    <lemma type="shower"/>
                </token>
                <token content="." id="1-12"/>
            </sentence>
            <sentence id="2">
                <token content="First" id="2-1">
                    <pos type="RB"/>
                    <lemma type="first"/>
                    <dep head="2-3" type="advmod"/>
                </token>
                <token content="I" id="2-2">
                    <pos type="PRP"/>
                    <lemma type="I"/>
                    <dep head="2-3" type="nsubj"/>
                </token>
                <token content="scrubbed" id="2-3">
                    <pos type="VBD"/>
                    <lemma type="scrub"/>
                </token>
                <token content="the" id="2-4">
                    <pos type="DT"/>
                    <lemma type="the"/>
                </token>
                <token content="tub" id="2-5">
                    <pos type="NN"/>
                    <lemma type="tub"/>
                    <dep head="2-3" type="dobj"/>
                </token>
                <token content="with" id="2-6"/>
                <token content="cleanser" id="2-7">
                    <pos type="NN"/>
                    <lemma type="cleanser"/>
                    <dep head="2-3" type="prep"/>
                </token>
                <token content="and" id="2-8"/>
                <token content="rinsed" id="2-9">
                    <pos type="VBD"/>
                    <lemma type="rinse"/>
                    <dep head="2-3" type="conj"/>
                </token>
                <token content="it" id="2-10">
                    <pos type="PRP"/>
                    <lemma type="it"/>
                    <dep head="2-9" type="dobj"/>
                </token>
                <token content="well" id="2-11">
                    <pos type="RB"/>
                    <lemma type="well"/>
                    <dep head="2-9" type="advmod"/>
                </token>
                <token content="." id="2-12"/>
            </sentence>
            <sentence id="3">
                <token content="I" id="3-1">
                    <pos type="PRP"/>
                    <lemma type="I"/>
                    <dep head="3-2" type="nsubj"/>
                </token>
                <token content="put" id="3-2">
                    <pos type="VBD"/>
                    <lemma type="put"/>
                </token>
                <token content="the" id="3-3">
                    <pos type="DT"/>
                    <lemma type="the"/>
                </token>
                <token content="plug" id="3-4">
                    <pos type="NN"/>
                    <lemma type="plug"/>
                    <dep head="3-2" type="dobj"/>
                </token>
                <token content="in" id="3-5"/>
                <token content="the" id="3-6">
                    <pos type="DT"/>
                    <lemma type="the"/>
                </token>
                <token content="drain" id="3-7">
                    <pos type="NN"/>
                    <lemma type="drain"/>
                    <dep head="3-2" type="prep"/>
                </token>
                <token content="and" id="3-8"/>
                <token content="turned" id="3-9">
                    <pos type="VBD"/>
                    <lemma type="turn"/>
                    <dep head="3-2" type="conj"/>
                </token>
                <token content="on" id="3-10"/>
                <token content="the" id="3-11">
                    <pos type="DT"/>
                    <lemma type="the"/>
                </token>
                <token content="hot" id="3-12">
                    <pos type="JJ"/>
                    <lemma type="hot"/>
                </token>
                <token content="water" id="3-13">
                    <pos type="NN"/>
                    <lemma type="water"/>
                    <dep head="3-9" type="prep"/>
                </token>
                <token content="." id="3-14"/>
            </sentence>
            <sentence id="4">
                <token content="While" id="4-1">
                    <pos type="IN"/>
                    <lemma type="while"/>
                    <dep head="4-5" type="mark"/>
                </token>
                <token content="the" id="4-2">
                    <pos type="DT"/>
                    <lemma type="the"/>
                </token>
                <token content="tub" id="4-3">
                    <pos type="NN"/>
                    <lemma type="tub"/>
                    <dep head="4-5" type="nsubj"/>
                </token>
                <token content="was" id="4-4">
                    <pos type="VBD"/>
                    <lemma type="be"/>
                    <dep head="4-5" type="aux"/>
                </token>
                <token content="filling" id="4-5">
                    <pos type="VBG"/>
                    <lemma type="fill"/>
                    <dep head="4-13" type="advcl"/>
                </token>
                <token content="I" id="4-6">
                    <pos type="PRP"/>
                    <lemma type="I"/>
                    <dep head="4-7" type="nsubj"/>
                </token>
                <token content="gathered" id="4-7">
                    <pos type="VBD"/>
                    <lemma type="gather"/>
                    <dep head="4-5" type="ccomp"/>
                </token>
                <token content="all" id="4-8">
                    <pos type="PDT"/>
                    <lemma type="all"/>
                </token>
                <token content="the" id="4-9">
                    <pos type="DT"/>
                    <lemma type="the"/>
                </token>
                <token content="supplies" id="4-10">
                    <pos type="NNS"/>
                    <lemma type="supplies"/>
                    <dep head="4-7" type="dobj"/>
                </token>
                <token content="I" id="4-11">
                    <pos type="PRP"/>
                    <lemma type="I"/>
                    <dep head="4-13" type="nsubj"/>
                </token>
                <token content="would" id="4-12">
                    <pos type="MD"/>
                    <lemma type="would"/>
                    <dep head="4-13" type="aux"/>
                </token>
                <token content="need" id="4-13">
                    <pos type="VB"/>
                    <lemma type="need"/>
                </token>
                <token content="including" id="4-14"/>
                <token content="my" id="4-15">
                    <pos type="PRP$"/>
                    <lemma type="my"/>
                </token>
                <token content="favorite" id="4-16">
                    <pos type="JJ"/>
                    <lemma type="favorite"/>
                </token>
                <token content="bathrobe" id="4-17">
                    <pos type="NN"/>
                    <lemma type="bathrobe"/>
                    <dep head="4-13" type="prep"/>
                </token>
                <token content="," id="4-18"/>
                <token content="bubble" id="4-19">
                    <pos type="NN"/>
                    <lemma type="bubble"/>
                </token>
                <token content="bath" id="4-20">
                    <pos type="NN"/>
                    <lemma type="bath"/>
                </token>
                <token content="soap" id="4-21">
                    <pos type="NN"/>
                    <lemma type="soap"/>
                </token>
                <token content="," id="4-22"/>
                <token content="a" id="4-23">
                    <pos type="DT"/>
                    <lemma type="a"/>
                </token>
                <token content="fresh" id="4-24">
                    <pos type="JJ"/>
                    <lemma type="fresh"/>
                </token>
                <token content="towel" id="4-25">
                    <pos type="NN"/>
                    <lemma type="towel"/>
                </token>
                <token content="and" id="4-26"/>
                <token content="wash" id="4-27">
                    <pos type="NN"/>
                    <lemma type="wash"/>
                </token>
                <token content="cloth" id="4-28">
                    <pos type="NN"/>
                    <lemma type="cloth"/>
                </token>
                <token content="," id="4-29"/>
                <token content="and" id="4-30"/>
                <token content="a" id="4-31">
                    <pos type="DT"/>
                    <lemma type="a"/>
                </token>
                <token content="new" id="4-32">
                    <pos type="JJ"/>
                    <lemma type="new"/>
                </token>
                <token content="bar" id="4-33">
                    <pos type="NN"/>
                    <lemma type="bar"/>
                </token>
                <token content="of" id="4-34"/>
                <token content="soap" id="4-35">
                    <pos type="NN"/>
                    <lemma type="soap"/>
                </token>
                <token content="." id="4-36"/>
            </sentence>
            <sentence id="5">
                <token content="I" id="5-1">
                    <pos type="PRP"/>
                    <lemma type="I"/>
                    <dep head="5-2" type="nsubj"/>
                </token>
                <token content="tied" id="5-2">
                    <pos type="VBD"/>
                    <lemma type="tie"/>
                </token>
                <token content="my" id="5-3">
                    <pos type="PRP$"/>
                    <lemma type="my"/>
                </token>
                <token content="hair" id="5-4">
                    <pos type="NN"/>
                    <lemma type="hair"/>
                    <dep head="5-2" type="dobj"/>
                </token>
                <token content="up" id="5-5">
                    <pos type="RP"/>
                    <lemma type="up"/>
                    <dep head="5-2" type="prt"/>
                </token>
                <token content="into" id="5-6"/>
                <token content="a" id="5-7">
                    <pos type="DT"/>
                    <lemma type="a"/>
                </token>
                <token content="bun" id="5-8">
                    <pos type="NN"/>
                    <lemma type="bun"/>
                    <dep head="5-2" type="prep"/>
                </token>
                <token content="." id="5-9"/>
            </sentence>
            <sentence id="6">
                <token content="As" id="6-1">
                    <pos type="IN"/>
                    <lemma type="as"/>
                    <dep head="6-5" type="mark"/>
                </token>
                <token content="the" id="6-2">
                    <pos type="DT"/>
                    <lemma type="the"/>
                </token>
                <token content="bath" id="6-3">
                    <pos type="NN"/>
                    <lemma type="bath"/>
                    <dep head="6-5" type="nsubj"/>
                </token>
                <token content="was" id="6-4">
                    <pos type="VBD"/>
                    <lemma type="be"/>
                    <dep head="6-5" type="aux"/>
                </token>
                <token content="nearing" id="6-5">
                    <pos type="VBG"/>
                    <lemma type="near"/>
                    <dep head="6-9" type="advcl"/>
                </token>
                <token content="the" id="6-6">
                    <pos type="DT"/>
                    <lemma type="the"/>
                </token>
                <token content="level" id="6-7">
                    <pos type="NN"/>
                    <lemma type="level"/>
                    <dep head="6-5" type="dobj"/>
                </token>
                <token content="I" id="6-8">
                    <pos type="PRP"/>
                    <lemma type="I"/>
                    <dep head="6-9" type="nsubj"/>
                </token>
                <token content="desired" id="6-9">
                    <pos type="VBD"/>
                    <lemma type="desire"/>
                </token>
                <token content="I" id="6-10">
                    <pos type="PRP"/>
                    <lemma type="I"/>
                    <dep head="6-11" type="nsubj"/>
                </token>
                <token content="checked" id="6-11">
                    <pos type="VBD"/>
                    <lemma type="check"/>
                    <dep head="6-9" type="ccomp"/>
                </token>
                <token content="the" id="6-12">
                    <pos type="DT"/>
                    <lemma type="the"/>
                </token>
                <token content="water" id="6-13">
                    <pos type="NN"/>
                    <lemma type="water"/>
                </token>
                <token content="temperature" id="6-14">
                    <pos type="NN"/>
                    <lemma type="temperature"/>
                    <dep head="6-11" type="dobj"/>
                </token>
                <token content="and" id="6-15"/>
                <token content="added" id="6-16">
                    <pos type="VBD"/>
                    <lemma type="add"/>
                    <dep head="6-11" type="conj"/>
                </token>
                <token content="just" id="6-17">
                    <pos type="RB"/>
                    <lemma type="just"/>
                </token>
                <token content="enough" id="6-18">
                    <pos type="RB"/>
                    <lemma type="enough"/>
                </token>
                <token content="cold" id="6-19">
                    <pos type="JJ"/>
                    <lemma type="cold"/>
                </token>
                <token content="water" id="6-20">
                    <pos type="NN"/>
                    <lemma type="water"/>
                    <dep head="6-16" type="dobj"/>
                </token>
                <token content="to" id="6-21">
                    <pos type="TO"/>
                    <lemma type="to"/>
                    <dep head="6-22" type="aux"/>
                </token>
                <token content="make" id="6-22">
                    <pos type="VB"/>
                    <lemma type="make"/>
                </token>
                <token content="it" id="6-23">
                    <pos type="PRP"/>
                    <lemma type="it"/>
                </token>
                <token content="comfortable" id="6-24">
                    <pos type="JJ"/>
                    <lemma type="comfortable"/>
                    <dep head="6-22" type="xcomp"/>
                </token>
                <token content="," id="6-25"/>
                <token content="and" id="6-26"/>
                <token content="I" id="6-27">
                    <pos type="PRP"/>
                    <lemma type="I"/>
                    <dep head="6-28" type="nsubj"/>
                </token>
                <token content="added" id="6-28">
                    <pos type="VBD"/>
                    <lemma type="add"/>
                    <dep head="6-9" type="conj"/>
                </token>
                <token content="enough" id="6-29">
                    <pos type="JJ"/>
                    <lemma type="enough"/>
                </token>
                <token content="bubble" id="6-30">
                    <pos type="NN"/>
                    <lemma type="bubble"/>
                </token>
                <token content="bath" id="6-31">
                    <pos type="NN"/>
                    <lemma type="bath"/>
                    <dep head="6-28" type="dobj"/>
                </token>
                <token content="to" id="6-32">
                    <pos type="TO"/>
                    <lemma type="to"/>
                    <dep head="6-33" type="aux"/>
                </token>
                <token content="cover" id="6-33">
                    <pos type="VB"/>
                    <lemma type="cover"/>
                    <dep head="6-28" type="vmod"/>
                </token>
                <token content="the" id="6-34">
                    <pos type="DT"/>
                    <lemma type="the"/>
                </token>
                <token content="surface" id="6-35">
                    <pos type="NN"/>
                    <lemma type="surface"/>
                    <dep head="6-33" type="dobj"/>
                </token>
                <token content="with" id="6-36"/>
                <token content="foam" id="6-37">
                    <pos type="NN"/>
                    <lemma type="foam"/>
                    <dep head="6-33" type="prep"/>
                </token>
                <token content="." id="6-38"/>
            </sentence>
            <sentence id="7">
                <token content="I" id="7-1">
                    <pos type="PRP"/>
                    <lemma type="I"/>
                    <dep head="7-3" type="nsubj"/>
                </token>
                <token content="carefully" id="7-2">
                    <pos type="RB"/>
                    <lemma type="carefully"/>
                    <dep head="7-3" type="advmod"/>
                </token>
                <token content="stepped" id="7-3">
                    <pos type="VBD"/>
                    <lemma type="step"/>
                </token>
                <token content="into" id="7-4"/>
                <token content="the" id="7-5">
                    <pos type="DT"/>
                    <lemma type="the"/>
                </token>
                <token content="tub" id="7-6">
                    <pos type="NN"/>
                    <lemma type="tub"/>
                    <dep head="7-3" type="prep"/>
                </token>
                <token content="," id="7-7"/>
                <token content="immersed" id="7-8">
                    <pos type="VBN"/>
                    <lemma type="immerse"/>
                </token>
                <token content="myself" id="7-9">
                    <pos type="PRP"/>
                    <lemma type="myself"/>
                    <dep head="7-8" type="dobj"/>
                </token>
                <token content="," id="7-10"/>
                <token content="and" id="7-11"/>
                <token content="remained" id="7-12">
                    <pos type="VBD"/>
                    <lemma type="remain"/>
                    <dep head="7-3" type="conj"/>
                </token>
                <token content="there" id="7-13">
                    <pos type="RB"/>
                    <lemma type="there"/>
                    <dep head="7-12" type="advmod"/>
                </token>
                <token content="for" id="7-14"/>
                <token content="more" id="7-15">
                    <pos type="JJR"/>
                    <lemma type="more"/>
                </token>
                <token content="than" id="7-16">
                    <pos type="IN"/>
                    <lemma type="than"/>
                </token>
                <token content="half" id="7-17">
                    <pos type="PDT"/>
                    <lemma type="half"/>
                    <dep head="7-12" type="prep"/>
                </token>
                <token content="an" id="7-18">
                    <pos type="DT"/>
                    <lemma type="a"/>
                </token>
                <token content="hour" id="7-19">
                    <pos type="NN"/>
                    <lemma type="hour"/>
                </token>
                <token content="relaxing" id="7-20">
                    <pos type="JJ"/>
                    <lemma type="relaxing"/>
                    <dep head="7-3" type="acomp"/>
                </token>
                <token content="." id="7-21"/>
            </sentence>
            <sentence id="8">
                <token content="Before" id="8-1">
                    <pos type="IN"/>
                    <lemma type="before"/>
                    <dep head="8-4" type="mark"/>
                </token>
                <token content="the" id="8-2">
                    <pos type="DT"/>
                    <lemma type="the"/>
                </token>
                <token content="water" id="8-3">
                    <pos type="NN"/>
                    <lemma type="water"/>
                    <dep head="8-4" type="nsubj"/>
                </token>
                <token content="go" id="8-4">
                    <pos type="VBP"/>
                    <lemma type="go"/>
                    <dep head="8-8" type="advcl"/>
                </token>
                <token content="too" id="8-5">
                    <pos type="RB"/>
                    <lemma type="too"/>
                </token>
                <token content="cold" id="8-6">
                    <pos type="JJ"/>
                    <lemma type="cold"/>
                    <dep head="8-4" type="acomp"/>
                </token>
                <token content="I" id="8-7">
                    <pos type="PRP"/>
                    <lemma type="I"/>
                    <dep head="8-8" type="nsubj"/>
                </token>
                <token content="used" id="8-8">
                    <pos type="VBD"/>
                    <lemma type="use"/>
                </token>
                <token content="the" id="8-9">
                    <pos type="DT"/>
                    <lemma type="the"/>
                </token>
                <token content="soap" id="8-10">
                    <pos type="NN"/>
                    <lemma type="soap"/>
                    <dep head="8-8" type="dobj"/>
                </token>
                <token content="and" id="8-11"/>
                <token content="washcloth" id="8-12">
                    <pos type="NN"/>
                    <lemma type="washcloth"/>
                </token>
                <token content="to" id="8-13">
                    <pos type="TO"/>
                    <lemma type="to"/>
                    <dep head="8-14" type="aux"/>
                </token>
                <token content="clean" id="8-14">
                    <pos type="VB"/>
                    <lemma type="clean"/>
                    <dep head="8-8" type="vmod"/>
                </token>
                <token content="myself" id="8-15">
                    <pos type="PRP"/>
                    <lemma type="myself"/>
                    <dep head="8-14" type="dobj"/>
                </token>
                <token content="." id="8-16"/>
            </sentence>
            <sentence id="9">
                <token content="I" id="9-1">
                    <pos type="PRP"/>
                    <lemma type="I"/>
                    <dep head="9-2" type="nsubj"/>
                </token>
                <token content="pulled" id="9-2">
                    <pos type="VBD"/>
                    <lemma type="pull"/>
                </token>
                <token content="the" id="9-3">
                    <pos type="DT"/>
                    <lemma type="the"/>
                </token>
                <token content="plug" id="9-4">
                    <pos type="NN"/>
                    <lemma type="plug"/>
                    <dep head="9-9" type="nsubj"/>
                </token>
                <token content="," id="9-5"/>
                <token content="got" id="9-6">
                    <pos type="VBN"/>
                    <lemma type="get"/>
                </token>
                <token content="out" id="9-7">
                    <pos type="RP"/>
                    <lemma type="out"/>
                    <dep head="9-6" type="prt"/>
                </token>
                <token content="," id="9-8"/>
                <token content="dried" id="9-9">
                    <pos type="VBD"/>
                    <lemma type="dry"/>
                    <dep head="9-2" type="ccomp"/>
                </token>
                <token content="myself" id="9-10">
                    <pos type="PRP"/>
                    <lemma type="myself"/>
                    <dep head="9-9" type="dobj"/>
                </token>
                <token content="and" id="9-11"/>
                <token content="put" id="9-12">
                    <pos type="VBD"/>
                    <lemma type="put"/>
                    <dep head="9-9" type="conj"/>
                </token>
                <token content="on" id="9-13"/>
                <token content="my" id="9-14">
                    <pos type="PRP$"/>
                    <lemma type="my"/>
                </token>
                <token content="robe" id="9-15">
                    <pos type="NN"/>
                    <lemma type="robe"/>
                    <dep head="9-12" type="prep"/>
                </token>
                <token content="." id="9-16"/>
            </sentence>
        </sentences>
    </text>
    <annotations>
        <participants>
            <label from="1-1" id="0" name="ScrPart_bather" text="I" type="participant"/>
            <label from="1-6" id="1" name="SuppVComp" text="bath" type="participant"/>
            <label from="1-11" id="2" name="ScrPart_shower" text="shower" type="participant"/>
            <label from="2-2" id="3" name="ScrPart_bather" text="I" type="participant"/>
            <label from="2-5" id="4" name="ScrPart_bathtub" text="tub" type="participant"/>
            <label from="2-7" id="5" name="NPart" text="cleanser" type="participant"/>
            <label from="2-10" id="6" name="ScrPart_bathtub" text="it" type="participant"/>
            <label from="3-1" id="7" name="ScrPart_bather" text="I" type="participant"/>
            <label from="3-4" id="8" name="ScrPart_plug" text="plug" type="participant"/>
            <label from="3-7" id="9" name="ScrPart_drain" text="drain" type="participant"/>
            <label from="3-13" id="10" name="ScrPart_water" text="water" type="participant"/>
            <label from="4-3" id="11" name="ScrPart_bathtub" text="tub" type="participant"/>
            <label from="4-6" id="12" name="ScrPart_bather" text="I" type="participant"/>
            <label from="4-10" id="13" name="Unclear" text="supplies" type="participant"/>
            <label from="4-11" id="14" name="ScrPart_bather" text="I" type="participant"/>
            <label from="4-15" id="15" name="ScrPart_bather" text="my" type="participant"/>
            <label from="4-17" id="16" name="ScrPart_clothes" text="bathrobe" type="participant"/>
            <label from="4-19" id="17" name="ScrPart_bath_means" text="bubble bath soap" to="4-21" type="participant"/>
            <label from="4-21" id="18" name="ScrPart_bath_means" text="soap" type="participant"/>
            <label from="4-25" id="19" name="ScrPart_washing_tools" text="towel" type="participant"/>
            <label from="4-27" id="20" name="ScrPart_washing_tools" text="wash cloth" to="4-28" type="participant"/>
            <label from="4-33" id="21" name="Head_of_Partitive" text="bar" type="participant"/>
            <label from="4-35" id="22" name="ScrPart_washing_tools" text="soap" type="participant"/>
            <label from="5-1" id="23" name="ScrPart_bather" text="I" type="participant"/>
            <label from="5-3" id="24" name="ScrPart_bather" text="my" type="participant"/>
            <label from="5-4" id="25" name="ScrPart_hair" text="hair" type="participant"/>
            <label from="5-8" id="26" name="NPart" text="bun" type="participant"/>
            <label from="6-3" id="27" name="ScrPart_water" text="bath" type="participant"/>
            <label from="6-7" id="28" name="NPart" text="level" type="participant"/>
            <label from="6-8" id="29" name="ScrPart_bather" text="I" type="participant"/>
            <label from="6-10" id="30" name="ScrPart_bather" text="I" type="participant"/>
            <label from="6-13" id="31" name="ScrPart_temperature" text="water temperature" to="6-14" type="participant"/>
            <label from="6-14" id="32" name="ScrPart_temperature" text="temperature" type="participant"/>
            <label from="6-20" id="33" name="ScrPart_water" text="water" type="participant"/>
            <label from="6-23" id="34" name="ScrPart_water" text="it" type="participant"/>
            <label from="6-27" id="35" name="ScrPart_bather" text="I" type="participant"/>
            <label from="6-30" id="36" name="ScrPart_bath_means" text="bubble bath" to="6-31" type="participant"/>
            <label from="6-31" id="37" name="ScrPart_bath_means" text="bath" type="participant"/>
            <label from="6-35" id="38" name="NPart" text="surface" type="participant"/>
            <label from="6-37" id="39" name="ScrPart_bath_means" text="foam" type="participant"/>
            <label from="7-1" id="40" name="ScrPart_bather" text="I" type="participant"/>
            <label from="7-6" id="41" name="ScrPart_bathtub" text="tub" type="participant"/>
            <label from="7-9" id="42" name="ScrPart_bather" text="myself" type="participant"/>
            <label from="7-19" id="43" name="NPart" text="hour" type="participant"/>
            <label from="8-3" id="44" name="ScrPart_water" text="water" type="participant"/>
            <label from="8-7" id="45" name="ScrPart_bather" text="I" type="participant"/>
            <label from="8-10" id="46" name="ScrPart_washing_tools" text="soap" type="participant"/>
            <label from="8-12" id="47" name="ScrPart_washing_tools" text="washcloth" type="participant"/>
            <label from="8-15" id="48" name="ScrPart_bather" text="myself" type="participant"/>
            <label from="9-1" id="49" name="ScrPart_bather" text="I" type="participant"/>
            <label from="9-4" id="50" name="ScrPart_plug" text="plug" type="participant"/>
            <label from="9-10" id="51" name="ScrPart_bather" text="myself" type="participant"/>
            <label from="9-14" id="52" name="ScrPart_bather" text="my" type="participant"/>
            <label from="9-15" id="53" name="ScrPart_clothes" text="robe" type="participant"/>
        </participants>
        <events>
            <label from="1-2" id="54" name="UnrelEv" text="decided" type="event"/>
            <label from="1-4" id="55" name="Evoking" text="take a bath" to="1-6" type="event"/>
            <label from="2-3" id="56" name="RelNScrEv" text="scrubbed" type="event"/>
            <label from="2-9" id="57" name="RelNScrEv" text="rinsed" type="event"/>
            <label from="3-2" id="58" name="ScrEv_close_drain" text="put" type="event"/>
            <label from="3-9" id="59" name="ScrEv_turn_water_on" text="turned on" to="3-10" type="event"/>
            <label from="4-5" id="60" name="ScrEv_fill_water/wait" text="filling" type="event"/>
            <label from="4-7" id="61" name="ScrEv_prepare_bath" text="gathered" type="event"/>
            <label from="4-13" id="62" name="Unclear" text="need" type="event"/>
            <label from="4-14" id="63" name="UnrelEv" text="including" type="event"/>
            <label from="5-2" id="64" name="ScrEv_prepare_bath" text="tied" type="event"/>
            <label from="6-5" id="65" name="ScrEv_fill_water/wait" text="nearing" type="event"/>
            <label from="6-9" id="66" name="UnrelEv" text="desired" type="event"/>
            <label from="6-11" id="67" name="ScrEv_check_temp" text="checked" type="event"/>
            <label from="6-16" id="68" name="ScrEv_turn_water_on" text="added" type="event"/>
            <label from="6-22" id="69" name="Unclear" text="make" type="event"/>
            <label from="6-28" id="70" name="ScrEv_put_bubble_bath_scent" text="added" type="event"/>
            <label from="6-33" id="71" name="RelNScrEv" text="cover" type="event"/>
            <label from="7-3" id="72" name="ScrEv_sink_water" text="stepped" type="event"/>
            <label from="7-8" id="73" name="ScrEv_sink_water" text="immersed" type="event"/>
            <label from="7-12" id="74" name="ScrEv_relax" text="remained" type="event"/>
            <label from="7-20" id="75" name="ScrEv_relax" text="relaxing" type="event"/>
            <label from="8-4" id="76" name="RelNScrEv" text="go" type="event"/>
            <label from="8-8" id="77" name="RelNScrEv" text="used" type="event"/>
            <label from="8-14" id="78" name="ScrEv_wash" text="clean" type="event"/>
            <label from="9-2" id="79" name="ScrEv_open_drain" text="pulled" type="event"/>
            <label from="9-6" id="80" name="ScrEv_get_out_bath" text="got out" to="9-7" type="event"/>
            <label from="9-9" id="81" name="ScrEv_dry" text="dried" type="event"/>
            <label from="9-12" id="82" name="ScrEv_get_dressed" text="put on" to="9-13" type="event"/>
        </events>
        <chains>
            <chain elements="0 3 7 12 14 15 23 24 29 30 35 40 42 45 48 49 51 52"/>
            <chain elements="4 6 11 41"/>
            <chain elements="13 16 18 19 20 22" name="coref_group_supplies"/>
            <chain elements="10 27 33 34 44"/>
            <chain elements="18 37 39"/>
            <chain elements="22 46"/>
            <chain elements="20 47"/>
            <chain elements="8 50"/>
            <chain elements="16 53"/>
        </chains>
    </annotations>
</story>
