<?xml version="1.0" encoding="UTF-8" standalone="no"?>
<!DOCTYPE story SYSTEM "../InScript.dtd">
<story id="002" scenario="bath">
    <text>
        <content>Yesterday was a long and stressful day . 
From start to finish , it felt like nothing could possibly go right . 
On days like those , I really love a nice bubble bath to relax and wash off the stress , so that is what I did . 
I gathered up a towel , body wash , shampoo , conditioner , bubble bath and a few candles and walked into my bathroom to take a nice , long bath . 
I lit the cinnamon-scented candles , turned on the water to make sure it would be warm before I stepped in , then I dropped a little bit of the bubble bath in the water to create a gentle lather . 
I sank into the bubbles and took a deep breath . 
It felt amazing to get to relax after such a rough day . 
The candles made the whole bathroom smell great and the water was awesome on my skin . 
Finally , I shampooed my hair and washed myself , then toweled off and put on my pajamas to get ready for bed . </content>
        <sentences>
            <sentence id="1">
                <token content="Yesterday" id="1-1">
                    <pos type="NN"/>
                    <lemma type="yesterday"/>
                </token>
                <token content="was" id="1-2">
                    <pos type="VBD"/>
                    <lemma type="be"/>
                </token>
                <token content="a" id="1-3">
                    <pos type="DT"/>
                    <lemma type="a"/>
                </token>
                <token content="long" id="1-4">
                    <pos type="JJ"/>
                    <lemma type="long"/>
                </token>
                <token content="and" id="1-5"/>
                <token content="stressful" id="1-6">
                    <pos type="JJ"/>
                    <lemma type="stressful"/>
                </token>
                <token content="day" id="1-7">
                    <pos type="NN"/>
                    <lemma type="day"/>
                </token>
                <token content="." id="1-8"/>
            </sentence>
            <sentence id="2">
                <token content="From" id="2-1"/>
                <token content="start" id="2-2">
                    <pos type="NN"/>
                    <lemma type="start"/>
                    <dep head="2-7" type="prep"/>
                </token>
                <token content="to" id="2-3">
                    <pos type="TO"/>
                    <lemma type="to"/>
                    <dep head="2-4" type="aux"/>
                </token>
                <token content="finish" id="2-4">
                    <pos type="VB"/>
                    <lemma type="finish"/>
                </token>
                <token content="," id="2-5"/>
                <token content="it" id="2-6">
                    <pos type="PRP"/>
                    <lemma type="it"/>
                    <dep head="2-7" type="nsubj"/>
                </token>
                <token content="felt" id="2-7">
                    <pos type="VBD"/>
                    <lemma type="feel"/>
                </token>
                <token content="like" id="2-8">
                    <pos type="IN"/>
                    <lemma type="like"/>
                    <dep head="2-12" type="mark"/>
                </token>
                <token content="nothing" id="2-9">
                    <pos type="NN"/>
                    <lemma type="nothing"/>
                    <dep head="2-12" type="nsubj"/>
                </token>
                <token content="could" id="2-10">
                    <pos type="MD"/>
                    <lemma type="could"/>
                    <dep head="2-12" type="aux"/>
                </token>
                <token content="possibly" id="2-11">
                    <pos type="RB"/>
                    <lemma type="possibly"/>
                    <dep head="2-12" type="advmod"/>
                </token>
                <token content="go" id="2-12">
                    <pos type="VB"/>
                    <lemma type="go"/>
                    <dep head="2-7" type="advcl"/>
                </token>
                <token content="right" id="2-13">
                    <pos type="RB"/>
                    <lemma type="right"/>
                    <dep head="2-12" type="advmod"/>
                </token>
                <token content="." id="2-14"/>
            </sentence>
            <sentence id="3">
                <token content="On" id="3-1"/>
                <token content="days" id="3-2">
                    <pos type="NNS"/>
                    <lemma type="day"/>
                    <dep head="3-8" type="prep"/>
                </token>
                <token content="like" id="3-3"/>
                <token content="those" id="3-4">
                    <pos type="DT"/>
                    <lemma type="those"/>
                </token>
                <token content="," id="3-5"/>
                <token content="I" id="3-6">
                    <pos type="PRP"/>
                    <lemma type="I"/>
                    <dep head="3-8" type="nsubj"/>
                </token>
                <token content="really" id="3-7">
                    <pos type="RB"/>
                    <lemma type="really"/>
                    <dep head="3-8" type="advmod"/>
                </token>
                <token content="love" id="3-8">
                    <pos type="VBP"/>
                    <lemma type="love"/>
                </token>
                <token content="a" id="3-9">
                    <pos type="DT"/>
                    <lemma type="a"/>
                </token>
                <token content="nice" id="3-10">
                    <pos type="JJ"/>
                    <lemma type="nice"/>
                </token>
                <token content="bubble" id="3-11">
                    <pos type="NN"/>
                    <lemma type="bubble"/>
                </token>
                <token content="bath" id="3-12">
                    <pos type="NN"/>
                    <lemma type="bath"/>
                    <dep head="3-8" type="dobj"/>
                </token>
                <token content="to" id="3-13">
                    <pos type="TO"/>
                    <lemma type="to"/>
                    <dep head="3-14" type="aux"/>
                </token>
                <token content="relax" id="3-14">
                    <pos type="VB"/>
                    <lemma type="relax"/>
                    <dep head="3-8" type="xcomp"/>
                </token>
                <token content="and" id="3-15"/>
                <token content="wash" id="3-16">
                    <pos type="VB"/>
                    <lemma type="wash"/>
                    <dep head="3-14" type="conj"/>
                </token>
                <token content="off" id="3-17">
                    <pos type="RP"/>
                    <lemma type="off"/>
                    <dep head="3-16" type="prt"/>
                </token>
                <token content="the" id="3-18">
                    <pos type="DT"/>
                    <lemma type="the"/>
                </token>
                <token content="stress" id="3-19">
                    <pos type="NN"/>
                    <lemma type="stress"/>
                    <dep head="3-16" type="dobj"/>
                </token>
                <token content="," id="3-20"/>
                <token content="so" id="3-21">
                    <pos type="IN"/>
                    <lemma type="so"/>
                    <dep head="3-23" type="mark"/>
                </token>
                <token content="that" id="3-22">
                    <pos type="DT"/>
                    <lemma type="that"/>
                    <dep head="3-23" type="nsubj"/>
                </token>
                <token content="is" id="3-23">
                    <pos type="VBZ"/>
                    <lemma type="be"/>
                    <dep head="3-8" type="advcl"/>
                </token>
                <token content="what" id="3-24">
                    <pos type="WP"/>
                    <lemma type="what"/>
                    <dep head="3-26" type="dobj"/>
                </token>
                <token content="I" id="3-25">
                    <pos type="PRP"/>
                    <lemma type="I"/>
                    <dep head="3-26" type="nsubj"/>
                </token>
                <token content="did" id="3-26">
                    <pos type="VBD"/>
                    <lemma type="do"/>
                    <dep head="3-23" type="ccomp"/>
                </token>
                <token content="." id="3-27"/>
            </sentence>
            <sentence id="4">
                <token content="I" id="4-1">
                    <pos type="PRP"/>
                    <lemma type="I"/>
                    <dep head="4-2" type="nsubj"/>
                </token>
                <token content="gathered" id="4-2">
                    <pos type="VBD"/>
                    <lemma type="gather"/>
                </token>
                <token content="up" id="4-3">
                    <pos type="RP"/>
                    <lemma type="up"/>
                    <dep head="4-2" type="prt"/>
                </token>
                <token content="a" id="4-4">
                    <pos type="DT"/>
                    <lemma type="a"/>
                </token>
                <token content="towel" id="4-5">
                    <pos type="NN"/>
                    <lemma type="towel"/>
                    <dep head="4-2" type="dobj"/>
                </token>
                <token content="," id="4-6"/>
                <token content="body" id="4-7">
                    <pos type="NN"/>
                    <lemma type="body"/>
                </token>
                <token content="wash" id="4-8">
                    <pos type="NN"/>
                    <lemma type="wash"/>
                </token>
                <token content="," id="4-9"/>
                <token content="shampoo" id="4-10">
                    <pos type="NN"/>
                    <lemma type="shampoo"/>
                </token>
                <token content="," id="4-11"/>
                <token content="conditioner" id="4-12">
                    <pos type="NN"/>
                    <lemma type="conditioner"/>
                </token>
                <token content="," id="4-13"/>
                <token content="bubble" id="4-14">
                    <pos type="NN"/>
                    <lemma type="bubble"/>
                </token>
                <token content="bath" id="4-15">
                    <pos type="NN"/>
                    <lemma type="bath"/>
                </token>
                <token content="and" id="4-16"/>
                <token content="a" id="4-17">
                    <pos type="DT"/>
                    <lemma type="a"/>
                </token>
                <token content="few" id="4-18">
                    <pos type="JJ"/>
                    <lemma type="few"/>
                </token>
                <token content="candles" id="4-19">
                    <pos type="NNS"/>
                    <lemma type="candle"/>
                </token>
                <token content="and" id="4-20"/>
                <token content="walked" id="4-21">
                    <pos type="VBD"/>
                    <lemma type="walk"/>
                    <dep head="4-2" type="conj"/>
                </token>
                <token content="into" id="4-22"/>
                <token content="my" id="4-23">
                    <pos type="PRP$"/>
                    <lemma type="my"/>
                </token>
                <token content="bathroom" id="4-24">
                    <pos type="NN"/>
                    <lemma type="bathroom"/>
                    <dep head="4-21" type="prep"/>
                </token>
                <token content="to" id="4-25">
                    <pos type="TO"/>
                    <lemma type="to"/>
                    <dep head="4-26" type="aux"/>
                </token>
                <token content="take" id="4-26">
                    <pos type="VB"/>
                    <lemma type="take"/>
                </token>
                <token content="a" id="4-27">
                    <pos type="DT"/>
                    <lemma type="a"/>
                </token>
                <token content="nice" id="4-28">
                    <pos type="JJ"/>
                    <lemma type="nice"/>
                </token>
                <token content="," id="4-29"/>
                <token content="long" id="4-30">
                    <pos type="JJ"/>
                    <lemma type="long"/>
                </token>
                <token content="bath" id="4-31">
                    <pos type="NN"/>
                    <lemma type="bath"/>
                    <dep head="4-26" type="dobj"/>
                </token>
                <token content="." id="4-32"/>
            </sentence>
            <sentence id="5">
                <token content="I" id="5-1">
                    <pos type="PRP"/>
                    <lemma type="I"/>
                    <dep head="5-2" type="nsubj"/>
                </token>
                <token content="lit" id="5-2">
                    <pos type="VBD"/>
                    <lemma type="light"/>
                </token>
                <token content="the" id="5-3">
                    <pos type="DT"/>
                    <lemma type="the"/>
                </token>
                <token content="cinnamon-scented" id="5-4">
                    <pos type="JJ"/>
                    <lemma type="cinnamon-scented"/>
                </token>
                <token content="candles" id="5-5">
                    <pos type="NNS"/>
                    <lemma type="candle"/>
                    <dep head="5-2" type="dobj"/>
                </token>
                <token content="," id="5-6"/>
                <token content="turned" id="5-7">
                    <pos type="VBN"/>
                    <lemma type="turn"/>
                </token>
                <token content="on" id="5-8"/>
                <token content="the" id="5-9">
                    <pos type="DT"/>
                    <lemma type="the"/>
                </token>
                <token content="water" id="5-10">
                    <pos type="NN"/>
                    <lemma type="water"/>
                    <dep head="5-7" type="prep"/>
                </token>
                <token content="to" id="5-11">
                    <pos type="TO"/>
                    <lemma type="to"/>
                    <dep head="5-12" type="aux"/>
                </token>
                <token content="make" id="5-12">
                    <pos type="VB"/>
                    <lemma type="make"/>
                    <dep head="5-7" type="xcomp"/>
                </token>
                <token content="sure" id="5-13">
                    <pos type="JJ"/>
                    <lemma type="sure"/>
                    <dep head="5-12" type="acomp"/>
                </token>
                <token content="it" id="5-14">
                    <pos type="PRP"/>
                    <lemma type="it"/>
                </token>
                <token content="would" id="5-15">
                    <pos type="MD"/>
                    <lemma type="would"/>
                </token>
                <token content="be" id="5-16">
                    <pos type="VB"/>
                    <lemma type="be"/>
                </token>
                <token content="warm" id="5-17">
                    <pos type="JJ"/>
                    <lemma type="warm"/>
                </token>
                <token content="before" id="5-18">
                    <pos type="IN"/>
                    <lemma type="before"/>
                    <dep head="5-20" type="mark"/>
                </token>
                <token content="I" id="5-19">
                    <pos type="PRP"/>
                    <lemma type="I"/>
                    <dep head="5-20" type="nsubj"/>
                </token>
                <token content="stepped" id="5-20">
                    <pos type="VBD"/>
                    <lemma type="step"/>
                </token>
                <token content="in" id="5-21">
                    <pos type="RP"/>
                    <lemma type="in"/>
                    <dep head="5-20" type="prt"/>
                </token>
                <token content="," id="5-22"/>
                <token content="then" id="5-23">
                    <pos type="RB"/>
                    <lemma type="then"/>
                    <dep head="5-25" type="advmod"/>
                </token>
                <token content="I" id="5-24">
                    <pos type="PRP"/>
                    <lemma type="I"/>
                    <dep head="5-25" type="nsubj"/>
                </token>
                <token content="dropped" id="5-25">
                    <pos type="VBD"/>
                    <lemma type="drop"/>
                    <dep head="5-2" type="parataxis"/>
                </token>
                <token content="a" id="5-26">
                    <pos type="DT"/>
                    <lemma type="a"/>
                </token>
                <token content="little" id="5-27">
                    <pos type="JJ"/>
                    <lemma type="little"/>
                </token>
                <token content="bit" id="5-28">
                    <pos type="NN"/>
                    <lemma type="bit"/>
                    <dep head="5-25" type="dobj"/>
                </token>
                <token content="of" id="5-29"/>
                <token content="the" id="5-30">
                    <pos type="DT"/>
                    <lemma type="the"/>
                </token>
                <token content="bubble" id="5-31">
                    <pos type="NN"/>
                    <lemma type="bubble"/>
                </token>
                <token content="bath" id="5-32">
                    <pos type="NN"/>
                    <lemma type="bath"/>
                </token>
                <token content="in" id="5-33"/>
                <token content="the" id="5-34">
                    <pos type="DT"/>
                    <lemma type="the"/>
                </token>
                <token content="water" id="5-35">
                    <pos type="NN"/>
                    <lemma type="water"/>
                    <dep head="5-25" type="prep"/>
                </token>
                <token content="to" id="5-36">
                    <pos type="TO"/>
                    <lemma type="to"/>
                    <dep head="5-37" type="aux"/>
                </token>
                <token content="create" id="5-37">
                    <pos type="VB"/>
                    <lemma type="create"/>
                </token>
                <token content="a" id="5-38">
                    <pos type="DT"/>
                    <lemma type="a"/>
                </token>
                <token content="gentle" id="5-39">
                    <pos type="JJ"/>
                    <lemma type="gentle"/>
                </token>
                <token content="lather" id="5-40">
                    <pos type="NN"/>
                    <lemma type="lather"/>
                    <dep head="5-37" type="dobj"/>
                </token>
                <token content="." id="5-41"/>
            </sentence>
            <sentence id="6">
                <token content="I" id="6-1">
                    <pos type="PRP"/>
                    <lemma type="I"/>
                    <dep head="6-2" type="nsubj"/>
                </token>
                <token content="sank" id="6-2">
                    <pos type="VBD"/>
                    <lemma type="sink"/>
                </token>
                <token content="into" id="6-3"/>
                <token content="the" id="6-4">
                    <pos type="DT"/>
                    <lemma type="the"/>
                </token>
                <token content="bubbles" id="6-5">
                    <pos type="NNS"/>
                    <lemma type="bubble"/>
                    <dep head="6-2" type="prep"/>
                </token>
                <token content="and" id="6-6"/>
                <token content="took" id="6-7">
                    <pos type="VBD"/>
                    <lemma type="take"/>
                    <dep head="6-2" type="conj"/>
                </token>
                <token content="a" id="6-8">
                    <pos type="DT"/>
                    <lemma type="a"/>
                </token>
                <token content="deep" id="6-9">
                    <pos type="JJ"/>
                    <lemma type="deep"/>
                </token>
                <token content="breath" id="6-10">
                    <pos type="NN"/>
                    <lemma type="breath"/>
                    <dep head="6-7" type="dobj"/>
                </token>
                <token content="." id="6-11"/>
            </sentence>
            <sentence id="7">
                <token content="It" id="7-1">
                    <pos type="PRP"/>
                    <lemma type="it"/>
                    <dep head="7-2" type="nsubj"/>
                </token>
                <token content="felt" id="7-2">
                    <pos type="VBD"/>
                    <lemma type="feel"/>
                </token>
                <token content="amazing" id="7-3">
                    <pos type="JJ"/>
                    <lemma type="amazing"/>
                    <dep head="7-2" type="acomp"/>
                </token>
                <token content="to" id="7-4">
                    <pos type="TO"/>
                    <lemma type="to"/>
                    <dep head="7-5" type="aux"/>
                </token>
                <token content="get" id="7-5">
                    <pos type="VB"/>
                    <lemma type="get"/>
                </token>
                <token content="to" id="7-6">
                    <pos type="TO"/>
                    <lemma type="to"/>
                    <dep head="7-7" type="aux"/>
                </token>
                <token content="relax" id="7-7">
                    <pos type="VB"/>
                    <lemma type="relax"/>
                    <dep head="7-5" type="xcomp"/>
                </token>
                <token content="after" id="7-8"/>
                <token content="such" id="7-9">
                    <pos type="PDT"/>
                    <lemma type="such"/>
                </token>
                <token content="a" id="7-10">
                    <pos type="DT"/>
                    <lemma type="a"/>
                </token>
                <token content="rough" id="7-11">
                    <pos type="JJ"/>
                    <lemma type="rough"/>
                </token>
                <token content="day" id="7-12">
                    <pos type="NN"/>
                    <lemma type="day"/>
                    <dep head="7-7" type="prep"/>
                </token>
                <token content="." id="7-13"/>
            </sentence>
            <sentence id="8">
                <token content="The" id="8-1">
                    <pos type="DT"/>
                    <lemma type="the"/>
                </token>
                <token content="candles" id="8-2">
                    <pos type="NNS"/>
                    <lemma type="candle"/>
                    <dep head="8-3" type="nsubj"/>
                </token>
                <token content="made" id="8-3">
                    <pos type="VBD"/>
                    <lemma type="make"/>
                </token>
                <token content="the" id="8-4">
                    <pos type="DT"/>
                    <lemma type="the"/>
                </token>
                <token content="whole" id="8-5">
                    <pos type="JJ"/>
                    <lemma type="whole"/>
                </token>
                <token content="bathroom" id="8-6">
                    <pos type="NN"/>
                    <lemma type="bathroom"/>
                    <dep head="8-7" type="nsubj"/>
                </token>
                <token content="smell" id="8-7">
                    <pos type="VBP"/>
                    <lemma type="smell"/>
                    <dep head="8-3" type="ccomp"/>
                </token>
                <token content="great" id="8-8">
                    <pos type="JJ"/>
                    <lemma type="great"/>
                    <dep head="8-7" type="acomp"/>
                </token>
                <token content="and" id="8-9"/>
                <token content="the" id="8-10">
                    <pos type="DT"/>
                    <lemma type="the"/>
                </token>
                <token content="water" id="8-11">
                    <pos type="NN"/>
                    <lemma type="water"/>
                </token>
                <token content="was" id="8-12">
                    <pos type="VBD"/>
                    <lemma type="be"/>
                </token>
                <token content="awesome" id="8-13">
                    <pos type="JJ"/>
                    <lemma type="awesome"/>
                    <dep head="8-3" type="conj"/>
                </token>
                <token content="on" id="8-14"/>
                <token content="my" id="8-15">
                    <pos type="PRP$"/>
                    <lemma type="my"/>
                </token>
                <token content="skin" id="8-16">
                    <pos type="NN"/>
                    <lemma type="skin"/>
                </token>
                <token content="." id="8-17"/>
            </sentence>
            <sentence id="9">
                <token content="Finally" id="9-1">
                    <pos type="RB"/>
                    <lemma type="finally"/>
                    <dep head="9-4" type="advmod"/>
                </token>
                <token content="," id="9-2"/>
                <token content="I" id="9-3">
                    <pos type="PRP"/>
                    <lemma type="I"/>
                    <dep head="9-4" type="nsubj"/>
                </token>
                <token content="shampooed" id="9-4">
                    <pos type="VBD"/>
                    <lemma type="shampoo"/>
                </token>
                <token content="my" id="9-5">
                    <pos type="PRP$"/>
                    <lemma type="my"/>
                </token>
                <token content="hair" id="9-6">
                    <pos type="NN"/>
                    <lemma type="hair"/>
                    <dep head="9-4" type="dobj"/>
                </token>
                <token content="and" id="9-7"/>
                <token content="washed" id="9-8">
                    <pos type="VBD"/>
                    <lemma type="wash"/>
                    <dep head="9-4" type="conj"/>
                </token>
                <token content="myself" id="9-9">
                    <pos type="PRP"/>
                    <lemma type="myself"/>
                    <dep head="9-8" type="dobj"/>
                </token>
                <token content="," id="9-10"/>
                <token content="then" id="9-11">
                    <pos type="RB"/>
                    <lemma type="then"/>
                    <dep head="9-12" type="advmod"/>
                </token>
                <token content="toweled" id="9-12">
                    <pos type="VBD"/>
                    <lemma type="towel"/>
                    <dep head="9-4" type="dep"/>
                </token>
                <token content="off" id="9-13">
                    <pos type="RP"/>
                    <lemma type="off"/>
                    <dep head="9-12" type="prt"/>
                </token>
                <token content="and" id="9-14"/>
                <token content="put" id="9-15">
                    <pos type="VBD"/>
                    <lemma type="put"/>
                    <dep head="9-4" type="conj"/>
                </token>
                <token content="on" id="9-16"/>
                <token content="my" id="9-17">
                    <pos type="PRP$"/>
                    <lemma type="my"/>
                </token>
                <token content="pajamas" id="9-18">
                    <pos type="NNS"/>
                    <lemma type="pajamas"/>
                    <dep head="9-15" type="prep"/>
                </token>
                <token content="to" id="9-19">
                    <pos type="TO"/>
                    <lemma type="to"/>
                </token>
                <token content="get" id="9-20">
                    <pos type="VB"/>
                    <lemma type="get"/>
                </token>
                <token content="ready" id="9-21">
                    <pos type="JJ"/>
                    <lemma type="ready"/>
                    <dep head="9-15" type="xcomp"/>
                </token>
                <token content="for" id="9-22"/>
                <token content="bed" id="9-23">
                    <pos type="NN"/>
                    <lemma type="bed"/>
                </token>
                <token content="." id="9-24"/>
            </sentence>
        </sentences>
    </text>
    <annotations>
        <participants>
            <label from="1-1" id="0" name="NPart" text="Yesterday" type="participant"/>
            <label from="1-7" id="1" name="NPart" text="day" type="participant"/>
            <label from="2-2" id="2" name="No_label" text="start" type="participant"/>
            <label from="2-6" id="3" name="No_label" text="it" type="participant"/>
            <label from="2-9" id="4" name="No_label" text="nothing" type="participant"/>
            <label from="3-2" id="5" name="NPart" text="days" type="participant"/>
            <label from="3-6" id="6" name="ScrPart_bather" text="I" type="participant"/>
            <label from="3-11" id="7" name="ScrPart_bath_means" text="bubble bath" to="3-12" type="participant"/>
            <label from="3-19" id="8" name="NPart" text="stress" type="participant"/>
            <label from="3-25" id="9" name="ScrPart_bather" text="I" type="participant"/>
            <label from="4-1" id="10" name="ScrPart_bather" text="I" type="participant"/>
            <label from="4-5" id="11" name="ScrPart_towel" text="towel" type="participant"/>
            <label from="4-7" id="12" name="ScrPart_washing_tools" text="body wash" to="4-8" type="participant"/>
            <label from="4-8" id="13" name="ScrPart_washing_tools" text="wash" type="participant"/>
            <label from="4-10" id="14" name="ScrPart_washing_tools" text="shampoo" type="participant"/>
            <label from="4-12" id="15" name="ScrPart_washing_tools" text="conditioner" type="participant"/>
            <label from="4-14" id="16" name="ScrPart_bath_means" text="bubble bath" to="4-15" type="participant"/>
            <label from="4-19" id="17" name="ScrPart_in-bath_entertainment" text="candles" type="participant"/>
            <label from="4-23" id="18" name="ScrPart_bather" text="my" type="participant"/>
            <label from="4-24" id="19" name="ScrPart_bathroom" text="bathroom" type="participant"/>
            <label from="4-31" id="20" name="ScrPart_bath" text="bath" type="participant"/>
            <label from="5-1" id="21" name="ScrPart_bather" text="I" type="participant"/>
            <label from="5-5" id="22" name="ScrPart_in-bath_entertainment" text="candles" type="participant"/>
            <label from="5-10" id="23" name="ScrPart_water" text="water" type="participant"/>
            <label from="5-14" id="24" name="ScrPart_water" text="it" type="participant"/>
            <label from="5-19" id="25" name="ScrPart_bather" text="I" type="participant"/>
            <label from="5-24" id="26" name="ScrPart_bather" text="I" type="participant"/>
            <label from="5-28" id="27" name="Head_of_Partitive" text="bit" type="participant"/>
            <label from="5-31" id="28" name="ScrPart_bath_means" text="bubble bath" to="5-32" type="participant"/>
            <label from="5-35" id="29" name="ScrPart_water" text="water" type="participant"/>
            <label from="5-40" id="30" name="ScrPart_other" text="lather" type="participant"/>
            <label from="6-1" id="31" name="ScrPart_bather" text="I" type="participant"/>
            <label from="6-5" id="32" name="ScrPart_other" text="bubbles" type="participant"/>
            <label from="6-10" id="33" name="SuppVComp" text="breath" type="participant"/>
            <label from="7-1" id="34" name="No_label" text="It" type="participant"/>
            <label from="7-12" id="35" name="NPart" text="day" type="participant"/>
            <label from="8-2" id="36" name="ScrPart_in-bath_entertainment" text="candles" type="participant"/>
            <label from="8-6" id="37" name="ScrPart_bathroom" text="bathroom" type="participant"/>
            <label from="8-11" id="38" name="ScrPart_water" text="water" type="participant"/>
            <label from="8-15" id="39" name="ScrPart_bather" text="my" type="participant"/>
            <label from="8-16" id="40" name="ScrPart_body_part" text="skin" type="participant"/>
            <label from="9-3" id="41" name="ScrPart_bather" text="I" type="participant"/>
            <label from="9-5" id="42" name="ScrPart_bather" text="my" type="participant"/>
            <label from="9-6" id="43" name="ScrPart_hair" text="hair" type="participant"/>
            <label from="9-9" id="44" name="ScrPart_bather" text="myself" type="participant"/>
            <label from="9-17" id="45" name="ScrPart_bather" text="my" type="participant"/>
            <label from="9-18" id="46" name="ScrPart_clothes" text="pajamas" type="participant"/>
            <label from="9-23" id="47" name="NPart" text="bed" type="participant"/>
        </participants>
        <events>
            <label from="1-2" id="48" name="UnrelEv" text="was" type="event"/>
            <label from="2-7" id="49" name="UnrelEv" text="felt" type="event"/>
            <label from="2-12" id="50" name="UnrelEv" text="go" type="event"/>
            <label from="3-8" id="51" name="UnrelEv" text="love" type="event"/>
            <label from="3-14" id="52" name="ScrEv_relax" text="relax" type="event"/>
            <label from="3-16" id="53" name="ScrEv_wash" text="wash off" to="3-17" type="event"/>
            <label from="3-23" id="54" name="UnrelEv" text="is" type="event"/>
            <label from="3-26" id="55" name="UnrelEv" text="did" type="event"/>
            <label from="4-2" id="56" name="ScrEv_prepare_bath" text="gathered up" to="4-3" type="event"/>
            <label from="4-21" id="57" name="ScrEv_enter_bathroom" text="walked" type="event"/>
            <label from="4-26" id="58" name="Evoking" text="take a nice , long bath" to="4-31" type="event"/>
            <label from="5-2" id="59" name="ScrEv_prepare_bath" text="lit" type="event"/>
            <label from="5-7" id="60" name="ScrEv_turn_water_on" text="turned on" to="5-8" type="event"/>
            <label from="5-12" id="61" name="UnrelEv" text="make sure" to="5-13" type="event"/>
            <label from="5-16" id="62" name="UnrelEv" text="be" type="event"/>
            <label from="5-20" id="63" name="ScrEv_sink_water" text="stepped in" to="5-21" type="event"/>
            <label from="5-25" id="64" name="ScrEv_put_bubble_bath_scent" text="dropped" type="event"/>
            <label from="5-37" id="65" name="UnrelEv" text="create" type="event"/>
            <label from="6-2" id="66" name="ScrEv_sink_water" text="sank" type="event"/>
            <label from="6-7" id="67" name="UnrelEv" text="took" type="event"/>
            <label from="7-2" id="68" name="UnrelEv" text="felt" type="event"/>
            <label from="7-5" id="69" name="UnrelEv" text="get" type="event"/>
            <label from="7-7" id="70" name="ScrEv_relax" text="relax" type="event"/>
            <label from="8-3" id="71" name="UnrelEv" text="made" type="event"/>
            <label from="8-7" id="72" name="UnrelEv" text="smell" type="event"/>
            <label from="8-12" id="73" name="UnrelEv" text="was" type="event"/>
            <label from="9-4" id="74" name="ScrEv_wash" text="shampooed" type="event"/>
            <label from="9-8" id="75" name="ScrEv_wash" text="washed" type="event"/>
            <label from="9-12" id="76" name="ScrEv_dry" text="toweled off" to="9-13" type="event"/>
            <label from="9-15" id="77" name="ScrEv_get_dressed" text="put on" to="9-16" type="event"/>
            <label from="9-20" id="78" name="UnrelEv" text="get ready" to="9-21" type="event"/>
        </events>
        <chains>
            <chain elements="6 9 10 18 21 25 26 31 39 41 42 44 45"/>
            <chain elements="7 16 28"/>
            <chain elements="17 22 36"/>
            <chain elements="23 24 29 38"/>
            <chain elements="19 37"/>
            <chain elements="30 32"/>
        </chains>
    </annotations>
</story>
