<?xml version="1.0" encoding="UTF-8" standalone="no"?>
<!DOCTYPE story SYSTEM "../InScript.dtd">
<story id="079" scenario="bath">
    <text>
        <content>After making the decision to take a bath , I began to prepare . 
I started by getting out my bubble bath , several candles , and a book to read . 
I placed candles all around the perimeter of the tub and began to light them . 
After all the candles were lit , I started the tub 's water and adjusted it to the appropriate temperature that I wanted . 
I then placed the stopper in the drain and added a substantial amount of bubble bath to the water . 
After the tub was filled , I shut off the water and began to disrobe . 
After removing my clothing , I took hold of my book and settled in to the tub to soak and relax for awhile . 
I read my book until the water began to get cold . 
I then took a few minutes to make sure I was clean , scrubbing myself all over . 
After that was complete , I removed the stopper to drain the water , blew out the candles , and climbed out of the tub . 
I then toweled off and put on my bath robe . </content>
        <sentences>
            <sentence id="1">
                <token content="After" id="1-1"/>
                <token content="making" id="1-2">
                    <pos type="VBG"/>
                    <lemma type="make"/>
                    <dep head="1-11" type="prepc"/>
                </token>
                <token content="the" id="1-3">
                    <pos type="DT"/>
                    <lemma type="the"/>
                </token>
                <token content="decision" id="1-4">
                    <pos type="NN"/>
                    <lemma type="decision"/>
                    <dep head="1-2" type="dobj"/>
                </token>
                <token content="to" id="1-5">
                    <pos type="TO"/>
                    <lemma type="to"/>
                    <dep head="1-6" type="aux"/>
                </token>
                <token content="take" id="1-6">
                    <pos type="VB"/>
                    <lemma type="take"/>
                </token>
                <token content="a" id="1-7">
                    <pos type="DT"/>
                    <lemma type="a"/>
                </token>
                <token content="bath" id="1-8">
                    <pos type="NN"/>
                    <lemma type="bath"/>
                    <dep head="1-6" type="dobj"/>
                </token>
                <token content="," id="1-9"/>
                <token content="I" id="1-10">
                    <pos type="PRP"/>
                    <lemma type="I"/>
                    <dep head="1-11" type="nsubj"/>
                </token>
                <token content="began" id="1-11">
                    <pos type="VBD"/>
                    <lemma type="begin"/>
                </token>
                <token content="to" id="1-12">
                    <pos type="TO"/>
                    <lemma type="to"/>
                    <dep head="1-13" type="aux"/>
                </token>
                <token content="prepare" id="1-13">
                    <pos type="VB"/>
                    <lemma type="prepare"/>
                    <dep head="1-11" type="xcomp"/>
                </token>
                <token content="." id="1-14"/>
            </sentence>
            <sentence id="2">
                <token content="I" id="2-1">
                    <pos type="PRP"/>
                    <lemma type="I"/>
                    <dep head="2-2" type="nsubj"/>
                </token>
                <token content="started" id="2-2">
                    <pos type="VBD"/>
                    <lemma type="start"/>
                </token>
                <token content="by" id="2-3"/>
                <token content="getting" id="2-4">
                    <pos type="VBG"/>
                    <lemma type="get"/>
                    <dep head="2-2" type="prepc"/>
                </token>
                <token content="out" id="2-5">
                    <pos type="RP"/>
                    <lemma type="out"/>
                    <dep head="2-4" type="prt"/>
                </token>
                <token content="my" id="2-6">
                    <pos type="PRP$"/>
                    <lemma type="my"/>
                </token>
                <token content="bubble" id="2-7">
                    <pos type="NN"/>
                    <lemma type="bubble"/>
                </token>
                <token content="bath" id="2-8">
                    <pos type="NN"/>
                    <lemma type="bath"/>
                    <dep head="2-4" type="dobj"/>
                </token>
                <token content="," id="2-9"/>
                <token content="several" id="2-10">
                    <pos type="JJ"/>
                    <lemma type="several"/>
                </token>
                <token content="candles" id="2-11">
                    <pos type="NNS"/>
                    <lemma type="candle"/>
                </token>
                <token content="," id="2-12"/>
                <token content="and" id="2-13"/>
                <token content="a" id="2-14">
                    <pos type="DT"/>
                    <lemma type="a"/>
                </token>
                <token content="book" id="2-15">
                    <pos type="NN"/>
                    <lemma type="book"/>
                </token>
                <token content="to" id="2-16">
                    <pos type="TO"/>
                    <lemma type="to"/>
                    <dep head="2-17" type="aux"/>
                </token>
                <token content="read" id="2-17">
                    <pos type="VB"/>
                    <lemma type="read"/>
                    <dep head="2-4" type="vmod"/>
                </token>
                <token content="." id="2-18"/>
            </sentence>
            <sentence id="3">
                <token content="I" id="3-1">
                    <pos type="PRP"/>
                    <lemma type="I"/>
                    <dep head="3-2" type="nsubj"/>
                </token>
                <token content="placed" id="3-2">
                    <pos type="VBD"/>
                    <lemma type="place"/>
                </token>
                <token content="candles" id="3-3">
                    <pos type="NNS"/>
                    <lemma type="candle"/>
                    <dep head="3-2" type="dobj"/>
                </token>
                <token content="all" id="3-4">
                    <pos type="DT"/>
                    <lemma type="all"/>
                    <dep head="3-2" type="dep"/>
                </token>
                <token content="around" id="3-5"/>
                <token content="the" id="3-6">
                    <pos type="DT"/>
                    <lemma type="the"/>
                </token>
                <token content="perimeter" id="3-7">
                    <pos type="NN"/>
                    <lemma type="perimeter"/>
                    <dep head="3-2" type="prep"/>
                </token>
                <token content="of" id="3-8"/>
                <token content="the" id="3-9">
                    <pos type="DT"/>
                    <lemma type="the"/>
                </token>
                <token content="tub" id="3-10">
                    <pos type="NN"/>
                    <lemma type="tub"/>
                </token>
                <token content="and" id="3-11"/>
                <token content="began" id="3-12">
                    <pos type="VBD"/>
                    <lemma type="begin"/>
                    <dep head="3-2" type="conj"/>
                </token>
                <token content="to" id="3-13">
                    <pos type="TO"/>
                    <lemma type="to"/>
                    <dep head="3-14" type="aux"/>
                </token>
                <token content="light" id="3-14">
                    <pos type="VB"/>
                    <lemma type="light"/>
                    <dep head="3-12" type="xcomp"/>
                </token>
                <token content="them" id="3-15">
                    <pos type="PRP"/>
                    <lemma type="they"/>
                    <dep head="3-14" type="dobj"/>
                </token>
                <token content="." id="3-16"/>
            </sentence>
            <sentence id="4">
                <token content="After" id="4-1">
                    <pos type="IN"/>
                    <lemma type="after"/>
                </token>
                <token content="all" id="4-2">
                    <pos type="PDT"/>
                    <lemma type="all"/>
                </token>
                <token content="the" id="4-3">
                    <pos type="DT"/>
                    <lemma type="the"/>
                </token>
                <token content="candles" id="4-4">
                    <pos type="NNS"/>
                    <lemma type="candle"/>
                </token>
                <token content="were" id="4-5">
                    <pos type="VBD"/>
                    <lemma type="be"/>
                </token>
                <token content="lit" id="4-6">
                    <pos type="JJ"/>
                    <lemma type="lit"/>
                    <dep head="4-9" type="advcl"/>
                </token>
                <token content="," id="4-7"/>
                <token content="I" id="4-8">
                    <pos type="PRP"/>
                    <lemma type="I"/>
                    <dep head="4-9" type="nsubj"/>
                </token>
                <token content="started" id="4-9">
                    <pos type="VBD"/>
                    <lemma type="start"/>
                </token>
                <token content="the" id="4-10">
                    <pos type="DT"/>
                    <lemma type="the"/>
                </token>
                <token content="tub" id="4-11">
                    <pos type="NN"/>
                    <lemma type="tub"/>
                </token>
                <token content="'s" id="4-12"/>
                <token content="water" id="4-13">
                    <pos type="NN"/>
                    <lemma type="water"/>
                    <dep head="4-9" type="dobj"/>
                </token>
                <token content="and" id="4-14"/>
                <token content="adjusted" id="4-15">
                    <pos type="VBD"/>
                    <lemma type="adjust"/>
                    <dep head="4-9" type="conj"/>
                </token>
                <token content="it" id="4-16">
                    <pos type="PRP"/>
                    <lemma type="it"/>
                    <dep head="4-15" type="dobj"/>
                </token>
                <token content="to" id="4-17"/>
                <token content="the" id="4-18">
                    <pos type="DT"/>
                    <lemma type="the"/>
                </token>
                <token content="appropriate" id="4-19">
                    <pos type="JJ"/>
                    <lemma type="appropriate"/>
                </token>
                <token content="temperature" id="4-20">
                    <pos type="NN"/>
                    <lemma type="temperature"/>
                    <dep head="4-15" type="prep"/>
                </token>
                <token content="that" id="4-21">
                    <pos type="IN"/>
                    <lemma type="that"/>
                    <dep head="4-23" type="mark"/>
                </token>
                <token content="I" id="4-22">
                    <pos type="PRP"/>
                    <lemma type="I"/>
                    <dep head="4-23" type="nsubj"/>
                </token>
                <token content="wanted" id="4-23">
                    <pos type="VBD"/>
                    <lemma type="want"/>
                    <dep head="4-15" type="ccomp"/>
                </token>
                <token content="." id="4-24"/>
            </sentence>
            <sentence id="5">
                <token content="I" id="5-1">
                    <pos type="PRP"/>
                    <lemma type="I"/>
                    <dep head="5-3" type="nsubj"/>
                </token>
                <token content="then" id="5-2">
                    <pos type="RB"/>
                    <lemma type="then"/>
                    <dep head="5-3" type="advmod"/>
                </token>
                <token content="placed" id="5-3">
                    <pos type="VBD"/>
                    <lemma type="place"/>
                </token>
                <token content="the" id="5-4">
                    <pos type="DT"/>
                    <lemma type="the"/>
                </token>
                <token content="stopper" id="5-5">
                    <pos type="NN"/>
                    <lemma type="stopper"/>
                    <dep head="5-3" type="dobj"/>
                </token>
                <token content="in" id="5-6"/>
                <token content="the" id="5-7">
                    <pos type="DT"/>
                    <lemma type="the"/>
                </token>
                <token content="drain" id="5-8">
                    <pos type="NN"/>
                    <lemma type="drain"/>
                    <dep head="5-3" type="prep"/>
                </token>
                <token content="and" id="5-9"/>
                <token content="added" id="5-10">
                    <pos type="VBD"/>
                    <lemma type="add"/>
                    <dep head="5-3" type="conj"/>
                </token>
                <token content="a" id="5-11">
                    <pos type="DT"/>
                    <lemma type="a"/>
                </token>
                <token content="substantial" id="5-12">
                    <pos type="JJ"/>
                    <lemma type="substantial"/>
                </token>
                <token content="amount" id="5-13">
                    <pos type="NN"/>
                    <lemma type="amount"/>
                    <dep head="5-10" type="dobj"/>
                </token>
                <token content="of" id="5-14"/>
                <token content="bubble" id="5-15">
                    <pos type="NN"/>
                    <lemma type="bubble"/>
                </token>
                <token content="bath" id="5-16">
                    <pos type="NN"/>
                    <lemma type="bath"/>
                </token>
                <token content="to" id="5-17"/>
                <token content="the" id="5-18">
                    <pos type="DT"/>
                    <lemma type="the"/>
                </token>
                <token content="water" id="5-19">
                    <pos type="NN"/>
                    <lemma type="water"/>
                    <dep head="5-10" type="prep"/>
                </token>
                <token content="." id="5-20"/>
            </sentence>
            <sentence id="6">
                <token content="After" id="6-1">
                    <pos type="IN"/>
                    <lemma type="after"/>
                    <dep head="6-5" type="mark"/>
                </token>
                <token content="the" id="6-2">
                    <pos type="DT"/>
                    <lemma type="the"/>
                </token>
                <token content="tub" id="6-3">
                    <pos type="NN"/>
                    <lemma type="tub"/>
                    <dep head="6-5" type="nsubjpass"/>
                </token>
                <token content="was" id="6-4">
                    <pos type="VBD"/>
                    <lemma type="be"/>
                    <dep head="6-5" type="auxpass"/>
                </token>
                <token content="filled" id="6-5">
                    <pos type="VBN"/>
                    <lemma type="fill"/>
                    <dep head="6-8" type="advcl"/>
                </token>
                <token content="," id="6-6"/>
                <token content="I" id="6-7">
                    <pos type="PRP"/>
                    <lemma type="I"/>
                    <dep head="6-8" type="nsubj"/>
                </token>
                <token content="shut" id="6-8">
                    <pos type="VBD"/>
                    <lemma type="shut"/>
                </token>
                <token content="off" id="6-9">
                    <pos type="RP"/>
                    <lemma type="off"/>
                    <dep head="6-8" type="prt"/>
                </token>
                <token content="the" id="6-10">
                    <pos type="DT"/>
                    <lemma type="the"/>
                </token>
                <token content="water" id="6-11">
                    <pos type="NN"/>
                    <lemma type="water"/>
                    <dep head="6-8" type="dobj"/>
                </token>
                <token content="and" id="6-12"/>
                <token content="began" id="6-13">
                    <pos type="VBD"/>
                    <lemma type="begin"/>
                    <dep head="6-8" type="conj"/>
                </token>
                <token content="to" id="6-14">
                    <pos type="TO"/>
                    <lemma type="to"/>
                    <dep head="6-15" type="aux"/>
                </token>
                <token content="disrobe" id="6-15">
                    <pos type="VB"/>
                    <lemma type="disrobe"/>
                    <dep head="6-13" type="xcomp"/>
                </token>
                <token content="." id="6-16"/>
            </sentence>
            <sentence id="7">
                <token content="After" id="7-1"/>
                <token content="removing" id="7-2">
                    <pos type="VBG"/>
                    <lemma type="remove"/>
                    <dep head="7-7" type="prepc"/>
                </token>
                <token content="my" id="7-3">
                    <pos type="PRP$"/>
                    <lemma type="my"/>
                </token>
                <token content="clothing" id="7-4">
                    <pos type="NN"/>
                    <lemma type="clothing"/>
                    <dep head="7-2" type="dobj"/>
                </token>
                <token content="," id="7-5"/>
                <token content="I" id="7-6">
                    <pos type="PRP"/>
                    <lemma type="I"/>
                    <dep head="7-7" type="nsubj"/>
                </token>
                <token content="took" id="7-7">
                    <pos type="VBD"/>
                    <lemma type="take"/>
                </token>
                <token content="hold" id="7-8">
                    <pos type="NN"/>
                    <lemma type="hold"/>
                    <dep head="7-7" type="dobj"/>
                </token>
                <token content="of" id="7-9"/>
                <token content="my" id="7-10">
                    <pos type="PRP$"/>
                    <lemma type="my"/>
                </token>
                <token content="book" id="7-11">
                    <pos type="NN"/>
                    <lemma type="book"/>
                </token>
                <token content="and" id="7-12"/>
                <token content="settled" id="7-13">
                    <pos type="VBD"/>
                    <lemma type="settle"/>
                    <dep head="7-7" type="conj"/>
                </token>
                <token content="in" id="7-14">
                    <pos type="RP"/>
                    <lemma type="in"/>
                    <dep head="7-13" type="prt"/>
                </token>
                <token content="to" id="7-15"/>
                <token content="the" id="7-16">
                    <pos type="DT"/>
                    <lemma type="the"/>
                </token>
                <token content="tub" id="7-17">
                    <pos type="NN"/>
                    <lemma type="tub"/>
                    <dep head="7-13" type="prep"/>
                </token>
                <token content="to" id="7-18">
                    <pos type="TO"/>
                    <lemma type="to"/>
                    <dep head="7-19" type="aux"/>
                </token>
                <token content="soak" id="7-19">
                    <pos type="VB"/>
                    <lemma type="soak"/>
                    <dep head="7-13" type="xcomp"/>
                </token>
                <token content="and" id="7-20"/>
                <token content="relax" id="7-21">
                    <pos type="VB"/>
                    <lemma type="relax"/>
                    <dep head="7-19" type="conj"/>
                </token>
                <token content="for" id="7-22">
                    <pos type="IN"/>
                    <lemma type="for"/>
                    <dep head="7-19" type="prep"/>
                </token>
                <token content="awhile" id="7-23">
                    <pos type="RB"/>
                    <lemma type="awhile"/>
                </token>
                <token content="." id="7-24"/>
            </sentence>
            <sentence id="8">
                <token content="I" id="8-1">
                    <pos type="PRP"/>
                    <lemma type="I"/>
                    <dep head="8-2" type="nsubj"/>
                </token>
                <token content="read" id="8-2">
                    <pos type="VBD"/>
                    <lemma type="read"/>
                </token>
                <token content="my" id="8-3">
                    <pos type="PRP$"/>
                    <lemma type="my"/>
                </token>
                <token content="book" id="8-4">
                    <pos type="NN"/>
                    <lemma type="book"/>
                    <dep head="8-2" type="dobj"/>
                </token>
                <token content="until" id="8-5">
                    <pos type="IN"/>
                    <lemma type="until"/>
                    <dep head="8-8" type="mark"/>
                </token>
                <token content="the" id="8-6">
                    <pos type="DT"/>
                    <lemma type="the"/>
                </token>
                <token content="water" id="8-7">
                    <pos type="NN"/>
                    <lemma type="water"/>
                    <dep head="8-8" type="nsubj"/>
                </token>
                <token content="began" id="8-8">
                    <pos type="VBD"/>
                    <lemma type="begin"/>
                    <dep head="8-2" type="advcl"/>
                </token>
                <token content="to" id="8-9">
                    <pos type="TO"/>
                    <lemma type="to"/>
                </token>
                <token content="get" id="8-10">
                    <pos type="VB"/>
                    <lemma type="get"/>
                </token>
                <token content="cold" id="8-11">
                    <pos type="JJ"/>
                    <lemma type="cold"/>
                    <dep head="8-8" type="xcomp"/>
                </token>
                <token content="." id="8-12"/>
            </sentence>
            <sentence id="9">
                <token content="I" id="9-1">
                    <pos type="PRP"/>
                    <lemma type="I"/>
                    <dep head="9-3" type="nsubj"/>
                </token>
                <token content="then" id="9-2">
                    <pos type="RB"/>
                    <lemma type="then"/>
                    <dep head="9-3" type="advmod"/>
                </token>
                <token content="took" id="9-3">
                    <pos type="VBD"/>
                    <lemma type="take"/>
                </token>
                <token content="a" id="9-4">
                    <pos type="DT"/>
                    <lemma type="a"/>
                </token>
                <token content="few" id="9-5">
                    <pos type="JJ"/>
                    <lemma type="few"/>
                </token>
                <token content="minutes" id="9-6">
                    <pos type="NNS"/>
                    <lemma type="minute"/>
                    <dep head="9-3" type="dobj"/>
                </token>
                <token content="to" id="9-7">
                    <pos type="TO"/>
                    <lemma type="to"/>
                    <dep head="9-8" type="aux"/>
                </token>
                <token content="make" id="9-8">
                    <pos type="VB"/>
                    <lemma type="make"/>
                    <dep head="9-3" type="vmod"/>
                </token>
                <token content="sure" id="9-9">
                    <pos type="JJ"/>
                    <lemma type="sure"/>
                    <dep head="9-8" type="acomp"/>
                </token>
                <token content="I" id="9-10">
                    <pos type="PRP"/>
                    <lemma type="I"/>
                </token>
                <token content="was" id="9-11">
                    <pos type="VBD"/>
                    <lemma type="be"/>
                </token>
                <token content="clean" id="9-12">
                    <pos type="JJ"/>
                    <lemma type="clean"/>
                </token>
                <token content="," id="9-13"/>
                <token content="scrubbing" id="9-14">
                    <pos type="VBG"/>
                    <lemma type="scrub"/>
                </token>
                <token content="myself" id="9-15">
                    <pos type="PRP"/>
                    <lemma type="myself"/>
                    <dep head="9-14" type="dobj"/>
                </token>
                <token content="all" id="9-16">
                    <pos type="DT"/>
                    <lemma type="all"/>
                </token>
                <token content="over" id="9-17">
                    <pos type="RP"/>
                    <lemma type="over"/>
                    <dep head="9-14" type="advmod"/>
                </token>
                <token content="." id="9-18"/>
            </sentence>
            <sentence id="10">
                <token content="After" id="10-1">
                    <pos type="IN"/>
                    <lemma type="after"/>
                </token>
                <token content="that" id="10-2">
                    <pos type="DT"/>
                    <lemma type="that"/>
                </token>
                <token content="was" id="10-3">
                    <pos type="VBD"/>
                    <lemma type="be"/>
                </token>
                <token content="complete" id="10-4">
                    <pos type="JJ"/>
                    <lemma type="complete"/>
                    <dep head="10-7" type="advcl"/>
                </token>
                <token content="," id="10-5"/>
                <token content="I" id="10-6">
                    <pos type="PRP"/>
                    <lemma type="I"/>
                    <dep head="10-7" type="nsubj"/>
                </token>
                <token content="removed" id="10-7">
                    <pos type="VBD"/>
                    <lemma type="remove"/>
                </token>
                <token content="the" id="10-8">
                    <pos type="DT"/>
                    <lemma type="the"/>
                </token>
                <token content="stopper" id="10-9">
                    <pos type="NN"/>
                    <lemma type="stopper"/>
                    <dep head="10-7" type="dobj"/>
                </token>
                <token content="to" id="10-10">
                    <pos type="TO"/>
                    <lemma type="to"/>
                    <dep head="10-11" type="aux"/>
                </token>
                <token content="drain" id="10-11">
                    <pos type="VB"/>
                    <lemma type="drain"/>
                    <dep head="10-7" type="vmod"/>
                </token>
                <token content="the" id="10-12">
                    <pos type="DT"/>
                    <lemma type="the"/>
                </token>
                <token content="water" id="10-13">
                    <pos type="NN"/>
                    <lemma type="water"/>
                    <dep head="10-11" type="dobj"/>
                </token>
                <token content="," id="10-14"/>
                <token content="blew" id="10-15">
                    <pos type="VBD"/>
                    <lemma type="blow"/>
                    <dep head="10-7" type="conj"/>
                </token>
                <token content="out" id="10-16">
                    <pos type="RP"/>
                    <lemma type="out"/>
                    <dep head="10-15" type="prt"/>
                </token>
                <token content="the" id="10-17">
                    <pos type="DT"/>
                    <lemma type="the"/>
                </token>
                <token content="candles" id="10-18">
                    <pos type="NNS"/>
                    <lemma type="candle"/>
                    <dep head="10-15" type="dobj"/>
                </token>
                <token content="," id="10-19"/>
                <token content="and" id="10-20"/>
                <token content="climbed" id="10-21">
                    <pos type="VBD"/>
                    <lemma type="climb"/>
                    <dep head="10-7" type="conj"/>
                </token>
                <token content="out" id="10-22"/>
                <token content="of" id="10-23"/>
                <token content="the" id="10-24">
                    <pos type="DT"/>
                    <lemma type="the"/>
                </token>
                <token content="tub" id="10-25">
                    <pos type="NN"/>
                    <lemma type="tub"/>
                    <dep head="10-21" type="prep"/>
                </token>
                <token content="." id="10-26"/>
            </sentence>
            <sentence id="11">
                <token content="I" id="11-1">
                    <pos type="PRP"/>
                    <lemma type="I"/>
                    <dep head="11-3" type="nsubj"/>
                </token>
                <token content="then" id="11-2">
                    <pos type="RB"/>
                    <lemma type="then"/>
                    <dep head="11-3" type="advmod"/>
                </token>
                <token content="toweled" id="11-3">
                    <pos type="VBD"/>
                    <lemma type="towel"/>
                </token>
                <token content="off" id="11-4">
                    <pos type="RP"/>
                    <lemma type="off"/>
                    <dep head="11-3" type="prt"/>
                </token>
                <token content="and" id="11-5"/>
                <token content="put" id="11-6">
                    <pos type="VBD"/>
                    <lemma type="put"/>
                    <dep head="11-3" type="conj"/>
                </token>
                <token content="on" id="11-7"/>
                <token content="my" id="11-8">
                    <pos type="PRP$"/>
                    <lemma type="my"/>
                </token>
                <token content="bath" id="11-9">
                    <pos type="NN"/>
                    <lemma type="bath"/>
                </token>
                <token content="robe" id="11-10">
                    <pos type="NN"/>
                    <lemma type="robe"/>
                    <dep head="11-6" type="prep"/>
                </token>
                <token content="." id="11-11"/>
            </sentence>
        </sentences>
    </text>
    <annotations>
        <participants>
            <label from="1-4" id="0" name="NPart" text="decision" type="participant"/>
            <label from="1-8" id="1" name="ScrPart_bath" text="bath" type="participant"/>
            <label from="1-10" id="2" name="ScrPart_bather" text="I" type="participant"/>
            <label from="2-1" id="3" name="ScrPart_bather" text="I" type="participant"/>
            <label from="2-6" id="4" name="ScrPart_bather" text="my" type="participant"/>
            <label from="2-7" id="5" name="ScrPart_bath_means" text="bubble bath" to="2-8" type="participant"/>
            <label from="2-8" id="6" name="ScrPart_bath_means" text="bath" type="participant"/>
            <label from="2-11" id="7" name="ScrPart_in-bath_entertainment" text="candles" type="participant"/>
            <label from="2-15" id="8" name="ScrPart_in-bath_entertainment" text="book" type="participant"/>
            <label from="3-1" id="9" name="ScrPart_bather" text="I" type="participant"/>
            <label from="3-3" id="10" name="ScrPart_in-bath_entertainment" text="candles" type="participant"/>
            <label from="3-7" id="11" name="NPart" text="perimeter" type="participant"/>
            <label from="3-10" id="12" name="ScrPart_bathtub" text="tub" type="participant"/>
            <label from="3-15" id="13" name="ScrPart_in-bath_entertainment" text="them" type="participant"/>
            <label from="4-4" id="14" name="ScrPart_in-bath_entertainment" text="candles" type="participant"/>
            <label from="4-8" id="15" name="ScrPart_bather" text="I" type="participant"/>
            <label from="4-11" id="16" name="ScrPart_bathtub" text="tub" type="participant"/>
            <label from="4-13" id="17" name="ScrPart_water" text="water" type="participant"/>
            <label from="4-16" id="18" name="No_label" text="it" type="participant"/>
            <label from="4-20" id="19" name="ScrPart_temperature" text="temperature" type="participant"/>
            <label from="4-22" id="20" name="ScrPart_bather" text="I" type="participant"/>
            <label from="5-1" id="21" name="ScrPart_bather" text="I" type="participant"/>
            <label from="5-5" id="22" name="ScrPart_plug" text="stopper" type="participant"/>
            <label from="5-8" id="23" name="ScrPart_drain" text="drain" type="participant"/>
            <label from="5-13" id="24" name="Head_of_Partitive" text="amount" type="participant"/>
            <label from="5-15" id="25" name="ScrPart_bath_means" text="bubble bath" to="5-16" type="participant"/>
            <label from="5-16" id="26" name="ScrPart_bath_means" text="bath" type="participant"/>
            <label from="5-19" id="27" name="ScrPart_water" text="water" type="participant"/>
            <label from="6-3" id="28" name="ScrPart_bathtub" text="tub" type="participant"/>
            <label from="6-7" id="29" name="ScrPart_bather" text="I" type="participant"/>
            <label from="6-11" id="30" name="ScrPart_water" text="water" type="participant"/>
            <label from="7-3" id="31" name="ScrPart_bather" text="my" type="participant"/>
            <label from="7-4" id="32" name="ScrPart_clothes" text="clothing" type="participant"/>
            <label from="7-6" id="33" name="ScrPart_bather" text="I" type="participant"/>
            <label from="7-8" id="34" name="No_label" text="hold" type="participant"/>
            <label from="7-10" id="35" name="ScrPart_bather" text="my" type="participant"/>
            <label from="7-11" id="36" name="ScrPart_in-bath_entertainment" text="book" type="participant"/>
            <label from="7-17" id="37" name="ScrPart_bathtub" text="tub" type="participant"/>
            <label from="8-1" id="38" name="ScrPart_bather" text="I" type="participant"/>
            <label from="8-3" id="39" name="ScrPart_bather" text="my" type="participant"/>
            <label from="8-4" id="40" name="ScrPart_in-bath_entertainment" text="book" type="participant"/>
            <label from="8-7" id="41" name="ScrPart_water" text="water" type="participant"/>
            <label from="9-1" id="42" name="ScrPart_bather" text="I" type="participant"/>
            <label from="9-6" id="43" name="NPart" text="minutes" type="participant"/>
            <label from="9-10" id="44" name="ScrPart_bather" text="I" type="participant"/>
            <label from="9-15" id="45" name="ScrPart_bather" text="myself" type="participant"/>
            <label from="10-6" id="46" name="ScrPart_bather" text="I" type="participant"/>
            <label from="10-9" id="47" name="ScrPart_plug" text="stopper" type="participant"/>
            <label from="10-13" id="48" name="ScrPart_water" text="water" type="participant"/>
            <label from="10-18" id="49" name="ScrPart_in-bath_entertainment" text="candles" type="participant"/>
            <label from="10-25" id="50" name="ScrPart_bathtub" text="tub" type="participant"/>
            <label from="11-1" id="51" name="ScrPart_bather" text="I" type="participant"/>
            <label from="11-8" id="52" name="ScrPart_bather" text="my" type="participant"/>
            <label from="11-9" id="53" name="ScrPart_clothes" text="bath robe" to="11-10" type="participant"/>
            <label from="11-10" id="54" name="ScrPart_clothes" text="robe" type="participant"/>
        </participants>
        <events>
            <label from="1-2" id="55" name="UnrelEv" text="making" type="event"/>
            <label from="1-6" id="56" name="Evoking" text="take a bath" to="1-8" type="event"/>
            <label from="1-11" id="57" name="UnrelEv" text="began" type="event"/>
            <label from="1-13" id="58" name="ScrEv_prepare_bath" text="prepare" type="event"/>
            <label from="2-2" id="59" name="UnrelEv" text="started" type="event"/>
            <label from="2-4" id="60" name="ScrEv_prepare_bath" text="getting out" to="2-5" type="event"/>
            <label from="2-4" id="61" name="ScrEv_prepare_bath" text="getting" type="event"/>
            <label from="2-17" id="62" name="UnrelEv" text="read" type="event"/>
            <label from="3-2" id="63" name="ScrEv_prepare_bath" text="placed" type="event"/>
            <label from="3-12" id="64" name="UnrelEv" text="began" type="event"/>
            <label from="3-14" id="65" name="ScrEv_prepare_bath" text="light" type="event"/>
            <label from="4-6" id="66" name="ScrEv_prepare_bath" text="lit" type="event"/>
            <label from="4-9" id="67" name="ScrEv_turn_water_on" text="started" type="event"/>
            <label from="4-15" id="68" name="RelNScrEv" text="adjusted" type="event"/>
            <label from="4-23" id="69" name="UnrelEv" text="wanted" type="event"/>
            <label from="5-3" id="70" name="ScrEv_close_drain" text="placed" type="event"/>
            <label from="5-10" id="71" name="ScrEv_put_bubble_bath_scent" text="added" type="event"/>
            <label from="6-5" id="72" name="ScrEv_fill_water/wait" text="filled" type="event"/>
            <label from="6-8" id="73" name="ScrEv_turn_water_off" text="shut off" to="6-9" type="event"/>
            <label from="6-8" id="74" name="ScrEv_turn_water_off" text="shut" type="event"/>
            <label from="6-13" id="75" name="UnrelEv" text="began" type="event"/>
            <label from="6-15" id="76" name="ScrEv_undress" text="disrobe" type="event"/>
            <label from="7-2" id="77" name="ScrEv_undress" text="removing" type="event"/>
            <label from="7-7" id="78" name="UnrelEv" text="took hold" to="7-8" type="event"/>
            <label from="7-7" id="79" name="UnrelEv" text="took" type="event"/>
            <label from="7-13" id="80" name="ScrEv_sink_water" text="settled" type="event"/>
            <label from="7-19" id="81" name="RelNScrEv" text="soak" type="event"/>
            <label from="7-21" id="82" name="ScrEv_relax" text="relax" type="event"/>
            <label from="8-2" id="83" name="UnrelEv" text="read" type="event"/>
            <label from="8-8" id="84" name="UnrelEv" text="began" type="event"/>
            <label from="8-10" id="85" name="UnrelEv" text="get" type="event"/>
            <label from="9-3" id="86" name="UnrelEv" text="took" type="event"/>
            <label from="9-8" id="87" name="UnrelEv" text="make sure" to="9-9" type="event"/>
            <label from="9-8" id="88" name="UnrelEv" text="make" type="event"/>
            <label from="9-11" id="89" name="UnrelEv" text="was" type="event"/>
            <label from="9-14" id="90" name="ScrEv_wash" text="scrubbing" type="event"/>
            <label from="10-3" id="91" name="UnrelEv" text="was" type="event"/>
            <label from="10-7" id="92" name="ScrEv_open_drain" text="removed" type="event"/>
            <label from="10-11" id="93" name="RelNScrEv" text="drain" type="event"/>
            <label from="10-15" id="94" name="UnrelEv" text="blew out" to="10-16" type="event"/>
            <label from="10-15" id="95" name="UnrelEv" text="blew" type="event"/>
            <label from="10-21" id="96" name="ScrEv_get_out_bath" text="climbed out" to="10-22" type="event"/>
            <label from="10-21" id="97" name="ScrEv_get_out_bath" text="climbed" type="event"/>
            <label from="11-3" id="98" name="ScrEv_dry" text="toweled off" to="11-4" type="event"/>
            <label from="11-3" id="99" name="ScrEv_dry" text="toweled" type="event"/>
            <label from="11-6" id="100" name="ScrEv_get_dressed" text="put on" to="11-7" type="event"/>
            <label from="11-6" id="101" name="ScrEv_get_dressed" text="put" type="event"/>
        </events>
        <chains>
            <chain elements="2 3 4 9 15 20 21 29 31 33 35 38 39 42 44 45 46 51 52"/>
            <chain elements="7 10 13 14 49"/>
            <chain elements="12 16 28 37 50"/>
            <chain elements="6 26"/>
            <chain elements="17 27 30 41 48"/>
            <chain elements="8 36 40"/>
            <chain elements="22 47"/>
        </chains>
    </annotations>
</story>
