<?xml version="1.0" encoding="UTF-8" standalone="no"?>
<!DOCTYPE story SYSTEM "../InScript.dtd">
<story id="061" scenario="bath">
    <text>
        <content>I was had a very stressful day at work and decided the best way to relax tonight was with a nice , warm bath . 
I set down a few candles , not too many , and started the water . 
After I let the water warm up a bit , I stopped the drain , and the tub slowly filled with warm water . 
I put in some mineral salts to help make the experience more pleasing . 
Once the tub was full , I took off all my clothes and got inside . 
For the most part , all I did was rest there and relax . 
It was a great way to slow things down on a fast-paced day . 
For several minutes , I just enjoyed the warm water but I made sure to wash up with soap and shampoo before the water got too cold . 
Once , I was done I unplugged the tub drain and got to dry myself off . </content>
        <sentences>
            <sentence id="1">
                <token content="I" id="1-1">
                    <pos type="PRP"/>
                    <lemma type="I"/>
                    <dep head="1-3" type="nsubjpass"/>
                </token>
                <token content="was" id="1-2">
                    <pos type="VBD"/>
                    <lemma type="be"/>
                    <dep head="1-3" type="auxpass"/>
                </token>
                <token content="had" id="1-3">
                    <pos type="VBN"/>
                    <lemma type="have"/>
                </token>
                <token content="a" id="1-4">
                    <pos type="DT"/>
                    <lemma type="a"/>
                </token>
                <token content="very" id="1-5">
                    <pos type="RB"/>
                    <lemma type="very"/>
                </token>
                <token content="stressful" id="1-6">
                    <pos type="JJ"/>
                    <lemma type="stressful"/>
                </token>
                <token content="day" id="1-7">
                    <pos type="NN"/>
                    <lemma type="day"/>
                    <dep head="1-3" type="dobj"/>
                </token>
                <token content="at" id="1-8"/>
                <token content="work" id="1-9">
                    <pos type="NN"/>
                    <lemma type="work"/>
                </token>
                <token content="and" id="1-10"/>
                <token content="decided" id="1-11">
                    <pos type="VBD"/>
                    <lemma type="decide"/>
                    <dep head="1-3" type="conj"/>
                </token>
                <token content="the" id="1-12">
                    <pos type="DT"/>
                    <lemma type="the"/>
                </token>
                <token content="best" id="1-13">
                    <pos type="JJS"/>
                    <lemma type="best"/>
                </token>
                <token content="way" id="1-14">
                    <pos type="NN"/>
                    <lemma type="way"/>
                    <dep head="1-11" type="dobj"/>
                </token>
                <token content="to" id="1-15">
                    <pos type="TO"/>
                    <lemma type="to"/>
                    <dep head="1-16" type="aux"/>
                </token>
                <token content="relax" id="1-16">
                    <pos type="VB"/>
                    <lemma type="relax"/>
                    <dep head="1-11" type="vmod"/>
                </token>
                <token content="tonight" id="1-17">
                    <pos type="RB"/>
                    <lemma type="tonight"/>
                    <dep head="1-18" type="nsubj"/>
                </token>
                <token content="was" id="1-18">
                    <pos type="VBD"/>
                    <lemma type="be"/>
                    <dep head="1-16" type="ccomp"/>
                </token>
                <token content="with" id="1-19"/>
                <token content="a" id="1-20">
                    <pos type="DT"/>
                    <lemma type="a"/>
                </token>
                <token content="nice" id="1-21">
                    <pos type="JJ"/>
                    <lemma type="nice"/>
                </token>
                <token content="," id="1-22"/>
                <token content="warm" id="1-23">
                    <pos type="JJ"/>
                    <lemma type="warm"/>
                </token>
                <token content="bath" id="1-24">
                    <pos type="NN"/>
                    <lemma type="bath"/>
                    <dep head="1-18" type="prep"/>
                </token>
                <token content="." id="1-25"/>
            </sentence>
            <sentence id="2">
                <token content="I" id="2-1">
                    <pos type="PRP"/>
                    <lemma type="I"/>
                    <dep head="2-2" type="nsubj"/>
                </token>
                <token content="set" id="2-2">
                    <pos type="VBD"/>
                    <lemma type="set"/>
                </token>
                <token content="down" id="2-3">
                    <pos type="RP"/>
                    <lemma type="down"/>
                    <dep head="2-2" type="prt"/>
                </token>
                <token content="a" id="2-4">
                    <pos type="DT"/>
                    <lemma type="a"/>
                </token>
                <token content="few" id="2-5">
                    <pos type="JJ"/>
                    <lemma type="few"/>
                </token>
                <token content="candles" id="2-6">
                    <pos type="NNS"/>
                    <lemma type="candle"/>
                    <dep head="2-2" type="dobj"/>
                </token>
                <token content="," id="2-7"/>
                <token content="not" id="2-8">
                    <pos type="RB"/>
                    <lemma type="not"/>
                </token>
                <token content="too" id="2-9">
                    <pos type="RB"/>
                    <lemma type="too"/>
                </token>
                <token content="many" id="2-10">
                    <pos type="JJ"/>
                    <lemma type="many"/>
                    <dep head="2-2" type="conj"/>
                </token>
                <token content="," id="2-11"/>
                <token content="and" id="2-12"/>
                <token content="started" id="2-13">
                    <pos type="VBD"/>
                    <lemma type="start"/>
                    <dep head="2-2" type="conj"/>
                </token>
                <token content="the" id="2-14">
                    <pos type="DT"/>
                    <lemma type="the"/>
                </token>
                <token content="water" id="2-15">
                    <pos type="NN"/>
                    <lemma type="water"/>
                    <dep head="2-13" type="dobj"/>
                </token>
                <token content="." id="2-16"/>
            </sentence>
            <sentence id="3">
                <token content="After" id="3-1">
                    <pos type="IN"/>
                    <lemma type="after"/>
                    <dep head="3-3" type="mark"/>
                </token>
                <token content="I" id="3-2">
                    <pos type="PRP"/>
                    <lemma type="I"/>
                    <dep head="3-3" type="nsubj"/>
                </token>
                <token content="let" id="3-3">
                    <pos type="VBP"/>
                    <lemma type="let"/>
                    <dep head="3-12" type="advcl"/>
                </token>
                <token content="the" id="3-4">
                    <pos type="DT"/>
                    <lemma type="the"/>
                </token>
                <token content="water" id="3-5">
                    <pos type="NN"/>
                    <lemma type="water"/>
                    <dep head="3-6" type="nsubj"/>
                </token>
                <token content="warm" id="3-6">
                    <pos type="VB"/>
                    <lemma type="warm"/>
                    <dep head="3-3" type="ccomp"/>
                </token>
                <token content="up" id="3-7">
                    <pos type="RP"/>
                    <lemma type="up"/>
                    <dep head="3-6" type="prt"/>
                </token>
                <token content="a" id="3-8">
                    <pos type="DT"/>
                    <lemma type="a"/>
                </token>
                <token content="bit" id="3-9">
                    <pos type="NN"/>
                    <lemma type="bit"/>
                    <dep head="3-6" type="dobj"/>
                </token>
                <token content="," id="3-10"/>
                <token content="I" id="3-11">
                    <pos type="PRP"/>
                    <lemma type="I"/>
                    <dep head="3-12" type="nsubj"/>
                </token>
                <token content="stopped" id="3-12">
                    <pos type="VBD"/>
                    <lemma type="stop"/>
                </token>
                <token content="the" id="3-13">
                    <pos type="DT"/>
                    <lemma type="the"/>
                </token>
                <token content="drain" id="3-14">
                    <pos type="NN"/>
                    <lemma type="drain"/>
                    <dep head="3-12" type="dobj"/>
                </token>
                <token content="," id="3-15"/>
                <token content="and" id="3-16"/>
                <token content="the" id="3-17">
                    <pos type="DT"/>
                    <lemma type="the"/>
                </token>
                <token content="tub" id="3-18">
                    <pos type="NN"/>
                    <lemma type="tub"/>
                    <dep head="3-20" type="nsubj"/>
                </token>
                <token content="slowly" id="3-19">
                    <pos type="RB"/>
                    <lemma type="slowly"/>
                    <dep head="3-20" type="advmod"/>
                </token>
                <token content="filled" id="3-20">
                    <pos type="VBN"/>
                    <lemma type="fill"/>
                    <dep head="3-12" type="conj"/>
                </token>
                <token content="with" id="3-21"/>
                <token content="warm" id="3-22">
                    <pos type="JJ"/>
                    <lemma type="warm"/>
                </token>
                <token content="water" id="3-23">
                    <pos type="NN"/>
                    <lemma type="water"/>
                    <dep head="3-20" type="prep"/>
                </token>
                <token content="." id="3-24"/>
            </sentence>
            <sentence id="4">
                <token content="I" id="4-1">
                    <pos type="PRP"/>
                    <lemma type="I"/>
                    <dep head="4-2" type="nsubj"/>
                </token>
                <token content="put" id="4-2">
                    <pos type="VBD"/>
                    <lemma type="put"/>
                </token>
                <token content="in" id="4-3"/>
                <token content="some" id="4-4">
                    <pos type="DT"/>
                    <lemma type="some"/>
                </token>
                <token content="mineral" id="4-5">
                    <pos type="NN"/>
                    <lemma type="mineral"/>
                </token>
                <token content="salts" id="4-6">
                    <pos type="NNS"/>
                    <lemma type="salt"/>
                    <dep head="4-2" type="prep"/>
                </token>
                <token content="to" id="4-7">
                    <pos type="TO"/>
                    <lemma type="to"/>
                    <dep head="4-8" type="aux"/>
                </token>
                <token content="help" id="4-8">
                    <pos type="VB"/>
                    <lemma type="help"/>
                    <dep head="4-2" type="xcomp"/>
                </token>
                <token content="make" id="4-9">
                    <pos type="VB"/>
                    <lemma type="make"/>
                    <dep head="4-8" type="xcomp"/>
                </token>
                <token content="the" id="4-10">
                    <pos type="DT"/>
                    <lemma type="the"/>
                </token>
                <token content="experience" id="4-11">
                    <pos type="NN"/>
                    <lemma type="experience"/>
                    <dep head="4-9" type="dobj"/>
                </token>
                <token content="more" id="4-12">
                    <pos type="JJR"/>
                    <lemma type="more"/>
                </token>
                <token content="pleasing" id="4-13">
                    <pos type="NN"/>
                    <lemma type="pleasing"/>
                </token>
                <token content="." id="4-14"/>
            </sentence>
            <sentence id="5">
                <token content="Once" id="5-1">
                    <pos type="IN"/>
                    <lemma type="once"/>
                </token>
                <token content="the" id="5-2">
                    <pos type="DT"/>
                    <lemma type="the"/>
                </token>
                <token content="tub" id="5-3">
                    <pos type="NN"/>
                    <lemma type="tub"/>
                </token>
                <token content="was" id="5-4">
                    <pos type="VBD"/>
                    <lemma type="be"/>
                </token>
                <token content="full" id="5-5">
                    <pos type="JJ"/>
                    <lemma type="full"/>
                    <dep head="5-8" type="advcl"/>
                </token>
                <token content="," id="5-6"/>
                <token content="I" id="5-7">
                    <pos type="PRP"/>
                    <lemma type="I"/>
                    <dep head="5-8" type="nsubj"/>
                </token>
                <token content="took" id="5-8">
                    <pos type="VBD"/>
                    <lemma type="take"/>
                </token>
                <token content="off" id="5-9">
                    <pos type="RP"/>
                    <lemma type="off"/>
                    <dep head="5-8" type="prt"/>
                </token>
                <token content="all" id="5-10">
                    <pos type="PDT"/>
                    <lemma type="all"/>
                </token>
                <token content="my" id="5-11">
                    <pos type="PRP$"/>
                    <lemma type="my"/>
                </token>
                <token content="clothes" id="5-12">
                    <pos type="NNS"/>
                    <lemma type="clothes"/>
                    <dep head="5-8" type="dobj"/>
                </token>
                <token content="and" id="5-13"/>
                <token content="got" id="5-14">
                    <pos type="VBD"/>
                    <lemma type="get"/>
                    <dep head="5-8" type="conj"/>
                </token>
                <token content="inside" id="5-15">
                    <pos type="RB"/>
                    <lemma type="inside"/>
                    <dep head="5-14" type="advmod"/>
                </token>
                <token content="." id="5-16"/>
            </sentence>
            <sentence id="6">
                <token content="For" id="6-1"/>
                <token content="the" id="6-2">
                    <pos type="DT"/>
                    <lemma type="the"/>
                </token>
                <token content="most" id="6-3">
                    <pos type="JJS"/>
                    <lemma type="most"/>
                </token>
                <token content="part" id="6-4">
                    <pos type="NN"/>
                    <lemma type="part"/>
                    <dep head="6-9" type="prep"/>
                </token>
                <token content="," id="6-5"/>
                <token content="all" id="6-6">
                    <pos type="DT"/>
                    <lemma type="all"/>
                    <dep head="6-9" type="nsubj"/>
                </token>
                <token content="I" id="6-7">
                    <pos type="PRP"/>
                    <lemma type="I"/>
                    <dep head="6-8" type="nsubj"/>
                </token>
                <token content="did" id="6-8">
                    <pos type="VBD"/>
                    <lemma type="do"/>
                </token>
                <token content="was" id="6-9">
                    <pos type="VBD"/>
                    <lemma type="be"/>
                </token>
                <token content="rest" id="6-10">
                    <pos type="VB"/>
                    <lemma type="rest"/>
                    <dep head="6-9" type="ccomp"/>
                </token>
                <token content="there" id="6-11">
                    <pos type="RB"/>
                    <lemma type="there"/>
                    <dep head="6-10" type="advmod"/>
                </token>
                <token content="and" id="6-12"/>
                <token content="relax" id="6-13">
                    <pos type="VB"/>
                    <lemma type="relax"/>
                    <dep head="6-10" type="conj"/>
                </token>
                <token content="." id="6-14"/>
            </sentence>
            <sentence id="7">
                <token content="It" id="7-1">
                    <pos type="PRP"/>
                    <lemma type="it"/>
                </token>
                <token content="was" id="7-2">
                    <pos type="VBD"/>
                    <lemma type="be"/>
                </token>
                <token content="a" id="7-3">
                    <pos type="DT"/>
                    <lemma type="a"/>
                </token>
                <token content="great" id="7-4">
                    <pos type="JJ"/>
                    <lemma type="great"/>
                </token>
                <token content="way" id="7-5">
                    <pos type="NN"/>
                    <lemma type="way"/>
                </token>
                <token content="to" id="7-6">
                    <pos type="TO"/>
                    <lemma type="to"/>
                    <dep head="7-7" type="aux"/>
                </token>
                <token content="slow" id="7-7">
                    <pos type="VB"/>
                    <lemma type="slow"/>
                </token>
                <token content="things" id="7-8">
                    <pos type="NNS"/>
                    <lemma type="thing"/>
                    <dep head="7-7" type="dobj"/>
                </token>
                <token content="down" id="7-9">
                    <pos type="RP"/>
                    <lemma type="down"/>
                    <dep head="7-7" type="prt"/>
                </token>
                <token content="on" id="7-10"/>
                <token content="a" id="7-11">
                    <pos type="DT"/>
                    <lemma type="a"/>
                </token>
                <token content="fast-paced" id="7-12">
                    <pos type="JJ"/>
                    <lemma type="fast-paced"/>
                </token>
                <token content="day" id="7-13">
                    <pos type="NN"/>
                    <lemma type="day"/>
                    <dep head="7-7" type="prep"/>
                </token>
                <token content="." id="7-14"/>
            </sentence>
            <sentence id="8">
                <token content="For" id="8-1"/>
                <token content="several" id="8-2">
                    <pos type="JJ"/>
                    <lemma type="several"/>
                </token>
                <token content="minutes" id="8-3">
                    <pos type="NNS"/>
                    <lemma type="minute"/>
                    <dep head="8-7" type="prep"/>
                </token>
                <token content="," id="8-4"/>
                <token content="I" id="8-5">
                    <pos type="PRP"/>
                    <lemma type="I"/>
                    <dep head="8-7" type="nsubj"/>
                </token>
                <token content="just" id="8-6">
                    <pos type="RB"/>
                    <lemma type="just"/>
                    <dep head="8-7" type="advmod"/>
                </token>
                <token content="enjoyed" id="8-7">
                    <pos type="VBD"/>
                    <lemma type="enjoy"/>
                </token>
                <token content="the" id="8-8">
                    <pos type="DT"/>
                    <lemma type="the"/>
                </token>
                <token content="warm" id="8-9">
                    <pos type="JJ"/>
                    <lemma type="warm"/>
                </token>
                <token content="water" id="8-10">
                    <pos type="NN"/>
                    <lemma type="water"/>
                    <dep head="8-7" type="dobj"/>
                </token>
                <token content="but" id="8-11"/>
                <token content="I" id="8-12">
                    <pos type="PRP"/>
                    <lemma type="I"/>
                    <dep head="8-13" type="nsubj"/>
                </token>
                <token content="made" id="8-13">
                    <pos type="VBD"/>
                    <lemma type="make"/>
                    <dep head="8-7" type="conj"/>
                </token>
                <token content="sure" id="8-14">
                    <pos type="JJ"/>
                    <lemma type="sure"/>
                    <dep head="8-13" type="acomp"/>
                </token>
                <token content="to" id="8-15">
                    <pos type="TO"/>
                    <lemma type="to"/>
                    <dep head="8-16" type="aux"/>
                </token>
                <token content="wash" id="8-16">
                    <pos type="VB"/>
                    <lemma type="wash"/>
                </token>
                <token content="up" id="8-17">
                    <pos type="RP"/>
                    <lemma type="up"/>
                    <dep head="8-16" type="prt"/>
                </token>
                <token content="with" id="8-18"/>
                <token content="soap" id="8-19">
                    <pos type="NN"/>
                    <lemma type="soap"/>
                    <dep head="8-16" type="prep"/>
                </token>
                <token content="and" id="8-20"/>
                <token content="shampoo" id="8-21">
                    <pos type="NN"/>
                    <lemma type="shampoo"/>
                </token>
                <token content="before" id="8-22">
                    <pos type="IN"/>
                    <lemma type="before"/>
                </token>
                <token content="the" id="8-23">
                    <pos type="DT"/>
                    <lemma type="the"/>
                </token>
                <token content="water" id="8-24">
                    <pos type="NN"/>
                    <lemma type="water"/>
                </token>
                <token content="got" id="8-25">
                    <pos type="VBD"/>
                    <lemma type="get"/>
                </token>
                <token content="too" id="8-26">
                    <pos type="RB"/>
                    <lemma type="too"/>
                </token>
                <token content="cold" id="8-27">
                    <pos type="JJ"/>
                    <lemma type="cold"/>
                    <dep head="8-16" type="advcl"/>
                </token>
                <token content="." id="8-28"/>
            </sentence>
            <sentence id="9">
                <token content="Once" id="9-1">
                    <pos type="RB"/>
                    <lemma type="once"/>
                    <dep head="9-5" type="advmod"/>
                </token>
                <token content="," id="9-2"/>
                <token content="I" id="9-3">
                    <pos type="PRP"/>
                    <lemma type="I"/>
                    <dep head="9-5" type="nsubjpass"/>
                </token>
                <token content="was" id="9-4">
                    <pos type="VBD"/>
                    <lemma type="be"/>
                    <dep head="9-5" type="auxpass"/>
                </token>
                <token content="done" id="9-5">
                    <pos type="VBN"/>
                    <lemma type="do"/>
                </token>
                <token content="I" id="9-6">
                    <pos type="PRP"/>
                    <lemma type="I"/>
                    <dep head="9-7" type="nsubj"/>
                </token>
                <token content="unplugged" id="9-7">
                    <pos type="VBD"/>
                    <lemma type="unplug"/>
                    <dep head="9-5" type="ccomp"/>
                </token>
                <token content="the" id="9-8">
                    <pos type="DT"/>
                    <lemma type="the"/>
                </token>
                <token content="tub" id="9-9">
                    <pos type="NN"/>
                    <lemma type="tub"/>
                </token>
                <token content="drain" id="9-10">
                    <pos type="NN"/>
                    <lemma type="drain"/>
                    <dep head="9-7" type="dobj"/>
                </token>
                <token content="and" id="9-11"/>
                <token content="got" id="9-12">
                    <pos type="VBD"/>
                    <lemma type="get"/>
                    <dep head="9-7" type="conj"/>
                </token>
                <token content="to" id="9-13">
                    <pos type="TO"/>
                    <lemma type="to"/>
                    <dep head="9-14" type="aux"/>
                </token>
                <token content="dry" id="9-14">
                    <pos type="VB"/>
                    <lemma type="dry"/>
                    <dep head="9-12" type="xcomp"/>
                </token>
                <token content="myself" id="9-15">
                    <pos type="PRP"/>
                    <lemma type="myself"/>
                    <dep head="9-14" type="dobj"/>
                </token>
                <token content="off" id="9-16">
                    <pos type="RP"/>
                    <lemma type="off"/>
                    <dep head="9-14" type="prt"/>
                </token>
                <token content="." id="9-17"/>
            </sentence>
        </sentences>
    </text>
    <annotations>
        <participants>
            <label from="1-1" id="0" name="ScrPart_bather" text="I" type="participant"/>
            <label from="1-7" id="1" name="NPart" text="day" type="participant"/>
            <label from="1-9" id="2" name="NPart" text="work" type="participant"/>
            <label from="1-14" id="3" name="No_label" text="way" type="participant"/>
            <label from="1-17" id="4" name="NPart" text="tonight" type="participant"/>
            <label from="1-24" id="5" name="ScrPart_bath" text="bath" type="participant"/>
            <label from="2-1" id="6" name="ScrPart_bather" text="I" type="participant"/>
            <label from="2-6" id="7" name="ScrPart_in-bath_entertainment" text="candles" type="participant"/>
            <label from="2-15" id="8" name="ScrPart_water" text="water" type="participant"/>
            <label from="3-2" id="9" name="ScrPart_bather" text="I" type="participant"/>
            <label from="3-5" id="10" name="ScrPart_water" text="water" type="participant"/>
            <label from="3-9" id="11" name="No_label" text="bit" type="participant"/>
            <label from="3-11" id="12" name="ScrPart_bather" text="I" type="participant"/>
            <label from="3-14" id="13" name="ScrPart_drain" text="drain" type="participant"/>
            <label from="3-18" id="14" name="ScrPart_bathtub" text="tub" type="participant"/>
            <label from="3-23" id="15" name="ScrPart_water" text="water" type="participant"/>
            <label from="4-1" id="16" name="ScrPart_bather" text="I" type="participant"/>
            <label from="4-5" id="17" name="ScrPart_bath_means" text="mineral salts" to="4-6" type="participant"/>
            <label from="4-6" id="18" name="ScrPart_bath_means" text="salts" type="participant"/>
            <label from="4-11" id="19" name="NPart" text="experience" type="participant"/>
            <label from="5-3" id="20" name="ScrPart_bathtub" text="tub" type="participant"/>
            <label from="5-7" id="21" name="ScrPart_bather" text="I" type="participant"/>
            <label from="5-11" id="22" name="ScrPart_bather" text="my" type="participant"/>
            <label from="5-12" id="23" name="ScrPart_clothes" text="clothes" type="participant"/>
            <label from="6-4" id="24" name="No_label" text="part" type="participant"/>
            <label from="6-7" id="25" name="ScrPart_bather" text="I" type="participant"/>
            <label from="6-11" id="26" name="ScrPart_bathtub" text="there" type="participant"/>
            <label from="7-1" id="27" name="No_label" text="It" type="participant"/>
            <label from="7-5" id="28" name="No_label" text="way" type="participant"/>
            <label from="7-8" id="29" name="No_label" text="things" type="participant"/>
            <label from="7-13" id="30" name="NPart" text="day" type="participant"/>
            <label from="8-3" id="31" name="NPart" text="minutes" type="participant"/>
            <label from="8-5" id="32" name="ScrPart_bather" text="I" type="participant"/>
            <label from="8-10" id="33" name="ScrPart_water" text="water" type="participant"/>
            <label from="8-12" id="34" name="ScrPart_bather" text="I" type="participant"/>
            <label from="8-19" id="35" name="ScrPart_washing_tools" text="soap" type="participant"/>
            <label from="8-21" id="36" name="ScrPart_washing_tools" text="shampoo" type="participant"/>
            <label from="8-24" id="37" name="ScrPart_water" text="water" type="participant"/>
            <label from="9-3" id="38" name="ScrPart_bather" text="I" type="participant"/>
            <label from="9-6" id="39" name="ScrPart_bather" text="I" type="participant"/>
            <label from="9-9" id="40" name="ScrPart_drain" text="tub drain" to="9-10" type="participant"/>
            <label from="9-10" id="41" name="ScrPart_drain" text="drain" type="participant"/>
            <label from="9-15" id="42" name="ScrPart_bather" text="myself" type="participant"/>
        </participants>
        <events>
            <label from="1-3" id="43" name="UnrelEv" text="had" type="event"/>
            <label from="1-11" id="44" name="UnrelEv" text="decided" type="event"/>
            <label from="1-16" id="45" name="UnrelEv" text="relax" type="event"/>
            <label from="1-18" id="46" name="Evoking" text="was with a nice , warm bath" to="1-24" type="event"/>
            <label from="2-2" id="47" name="ScrEv_prepare_bath" text="set down" to="2-3" type="event"/>
            <label from="2-2" id="48" name="ScrEv_prepare_bath" text="set" type="event"/>
            <label from="2-13" id="49" name="ScrEv_turn_water_on" text="started" type="event"/>
            <label from="3-3" id="50" name="UnrelEv" text="let" type="event"/>
            <label from="3-6" id="51" name="RelNScrEv" text="warm up" to="3-7" type="event"/>
            <label from="3-6" id="52" name="RelNScrEv" text="warm" type="event"/>
            <label from="3-12" id="53" name="ScrEv_turn_water_off" text="stopped" type="event"/>
            <label from="3-20" id="54" name="RelNScrEv" text="filled" type="event"/>
            <label from="4-2" id="55" name="ScrEv_put_bubble_bath_scent" text="put in" to="4-3" type="event"/>
            <label from="4-2" id="56" name="ScrEv_put_bubble_bath_scent" text="put" type="event"/>
            <label from="4-8" id="57" name="UnrelEv" text="help" type="event"/>
            <label from="4-9" id="58" name="UnrelEv" text="make" type="event"/>
            <label from="4-13" id="59" name="UnrelEv" text="pleasing" type="event"/>
            <label from="5-4" id="60" name="UnrelEv" text="was" type="event"/>
            <label from="5-8" id="61" name="ScrEv_undress" text="took off" to="5-9" type="event"/>
            <label from="5-8" id="62" name="ScrEv_undress" text="took" type="event"/>
            <label from="5-14" id="63" name="ScrEv_sink_water" text="got" type="event"/>
            <label from="6-8" id="64" name="UnrelEv" text="did" type="event"/>
            <label from="6-10" id="65" name="ScrEv_relax" text="rest" type="event"/>
            <label from="6-13" id="66" name="ScrEv_relax" text="relax" type="event"/>
            <label from="7-2" id="67" name="UnrelEv" text="was" type="event"/>
            <label from="7-7" id="68" name="UnrelEv" text="slow" type="event"/>
            <label from="7-12" id="69" name="UnrelEv" text="fast-paced" type="event"/>
            <label from="8-7" id="70" name="ScrEv_relax" text="enjoyed" type="event"/>
            <label from="8-13" id="71" name="UnrelEv" text="made sure" to="8-14" type="event"/>
            <label from="8-13" id="72" name="UnrelEv" text="made" type="event"/>
            <label from="8-16" id="73" name="ScrEv_wash" text="wash up" to="8-17" type="event"/>
            <label from="8-16" id="74" name="ScrEv_wash" text="wash" type="event"/>
            <label from="8-25" id="75" name="RelNScrEv" text="got" type="event"/>
            <label from="9-5" id="76" name="UnrelEv" text="done" type="event"/>
            <label from="9-7" id="77" name="ScrEv_open_drain" text="unplugged" type="event"/>
            <label from="9-12" id="78" name="UnrelEv" text="got" type="event"/>
            <label from="9-14" id="79" name="ScrEv_dry" text="dry" type="event"/>
        </events>
        <chains>
            <chain elements="0 6 9 12 16 21 22 25 32 34 38 39 42"/>
            <chain elements="8 10 15 33 37"/>
            <chain elements="14 20 26"/>
        </chains>
    </annotations>
</story>
