<?xml version="1.0" encoding="UTF-8" standalone="no"?>
<!DOCTYPE story SYSTEM "../InScript.dtd">
<story id="074" scenario="bath">
    <text>
        <content>Everyone knows that cleanliness is close to Godliness . 
It was this mind frame that led me to take my third bath of the day a few minutes ago . 
I had decided to go outside and shoot my assault rifle and do some pistol drills since it was such a warm and beautiful day outside . 
The sweat started coming from my body as I trained hard and the spent gunpowder began to cling to my sweat moistened skin . 
Soon I was rather stinky and covered in gun powder . 
Time to go inside , clean my weapons and prepare a good hot bath . 
Not just any bath but one that is piping hot and with bubbles in it . 
I removed my clothing and carefully put one foot in the hot water . 
Ouch ! 
Very hot just the way I like it . 
I eased my body into the tub , lit a cigarette and soaked away the fatigue of my previous workout . </content>
        <sentences>
            <sentence id="1">
                <token content="Everyone" id="1-1">
                    <pos type="NN"/>
                    <lemma type="everyone"/>
                    <dep head="1-2" type="nsubj"/>
                </token>
                <token content="knows" id="1-2">
                    <pos type="VBZ"/>
                    <lemma type="know"/>
                </token>
                <token content="that" id="1-3">
                    <pos type="IN"/>
                    <lemma type="that"/>
                </token>
                <token content="cleanliness" id="1-4">
                    <pos type="NN"/>
                    <lemma type="cleanliness"/>
                </token>
                <token content="is" id="1-5">
                    <pos type="VBZ"/>
                    <lemma type="be"/>
                </token>
                <token content="close" id="1-6">
                    <pos type="JJ"/>
                    <lemma type="close"/>
                    <dep head="1-2" type="ccomp"/>
                </token>
                <token content="to" id="1-7"/>
                <token content="Godliness" id="1-8">
                    <pos type="NNP"/>
                    <lemma type="Godliness"/>
                </token>
                <token content="." id="1-9"/>
            </sentence>
            <sentence id="2">
                <token content="It" id="2-1">
                    <pos type="PRP"/>
                    <lemma type="it"/>
                </token>
                <token content="was" id="2-2">
                    <pos type="VBD"/>
                    <lemma type="be"/>
                </token>
                <token content="this" id="2-3">
                    <pos type="DT"/>
                    <lemma type="this"/>
                </token>
                <token content="mind" id="2-4">
                    <pos type="NN"/>
                    <lemma type="mind"/>
                </token>
                <token content="frame" id="2-5">
                    <pos type="NN"/>
                    <lemma type="frame"/>
                </token>
                <token content="that" id="2-6">
                    <pos type="WDT"/>
                    <lemma type="that"/>
                    <dep head="2-7" type="nsubj"/>
                </token>
                <token content="led" id="2-7">
                    <pos type="VBD"/>
                    <lemma type="lead"/>
                </token>
                <token content="me" id="2-8">
                    <pos type="PRP"/>
                    <lemma type="I"/>
                    <dep head="2-7" type="dobj"/>
                </token>
                <token content="to" id="2-9">
                    <pos type="TO"/>
                    <lemma type="to"/>
                    <dep head="2-10" type="aux"/>
                </token>
                <token content="take" id="2-10">
                    <pos type="VB"/>
                    <lemma type="take"/>
                    <dep head="2-7" type="xcomp"/>
                </token>
                <token content="my" id="2-11">
                    <pos type="PRP$"/>
                    <lemma type="my"/>
                </token>
                <token content="third" id="2-12">
                    <pos type="JJ"/>
                    <lemma type="third"/>
                </token>
                <token content="bath" id="2-13">
                    <pos type="NN"/>
                    <lemma type="bath"/>
                    <dep head="2-10" type="dobj"/>
                </token>
                <token content="of" id="2-14"/>
                <token content="the" id="2-15">
                    <pos type="DT"/>
                    <lemma type="the"/>
                </token>
                <token content="day" id="2-16">
                    <pos type="NN"/>
                    <lemma type="day"/>
                </token>
                <token content="a" id="2-17">
                    <pos type="DT"/>
                    <lemma type="a"/>
                </token>
                <token content="few" id="2-18">
                    <pos type="JJ"/>
                    <lemma type="few"/>
                </token>
                <token content="minutes" id="2-19">
                    <pos type="NNS"/>
                    <lemma type="minute"/>
                </token>
                <token content="ago" id="2-20">
                    <pos type="RB"/>
                    <lemma type="ago"/>
                </token>
                <token content="." id="2-21"/>
            </sentence>
            <sentence id="3">
                <token content="I" id="3-1">
                    <pos type="PRP"/>
                    <lemma type="I"/>
                    <dep head="3-3" type="nsubj"/>
                </token>
                <token content="had" id="3-2">
                    <pos type="VBD"/>
                    <lemma type="have"/>
                    <dep head="3-3" type="aux"/>
                </token>
                <token content="decided" id="3-3">
                    <pos type="VBN"/>
                    <lemma type="decide"/>
                </token>
                <token content="to" id="3-4">
                    <pos type="TO"/>
                    <lemma type="to"/>
                    <dep head="3-5" type="aux"/>
                </token>
                <token content="go" id="3-5">
                    <pos type="VB"/>
                    <lemma type="go"/>
                    <dep head="3-3" type="xcomp"/>
                </token>
                <token content="outside" id="3-6">
                    <pos type="RB"/>
                    <lemma type="outside"/>
                    <dep head="3-5" type="advmod"/>
                </token>
                <token content="and" id="3-7"/>
                <token content="shoot" id="3-8">
                    <pos type="VB"/>
                    <lemma type="shoot"/>
                    <dep head="3-5" type="conj"/>
                </token>
                <token content="my" id="3-9">
                    <pos type="PRP$"/>
                    <lemma type="my"/>
                </token>
                <token content="assault" id="3-10">
                    <pos type="NN"/>
                    <lemma type="assault"/>
                </token>
                <token content="rifle" id="3-11">
                    <pos type="NN"/>
                    <lemma type="rifle"/>
                    <dep head="3-8" type="dobj"/>
                </token>
                <token content="and" id="3-12"/>
                <token content="do" id="3-13">
                    <pos type="VB"/>
                    <lemma type="do"/>
                    <dep head="3-8" type="conj"/>
                </token>
                <token content="some" id="3-14">
                    <pos type="DT"/>
                    <lemma type="some"/>
                </token>
                <token content="pistol" id="3-15">
                    <pos type="NN"/>
                    <lemma type="pistol"/>
                </token>
                <token content="drills" id="3-16">
                    <pos type="NNS"/>
                    <lemma type="drill"/>
                    <dep head="3-13" type="dobj"/>
                </token>
                <token content="since" id="3-17">
                    <pos type="IN"/>
                    <lemma type="since"/>
                </token>
                <token content="it" id="3-18">
                    <pos type="PRP"/>
                    <lemma type="it"/>
                </token>
                <token content="was" id="3-19">
                    <pos type="VBD"/>
                    <lemma type="be"/>
                </token>
                <token content="such" id="3-20">
                    <pos type="PDT"/>
                    <lemma type="such"/>
                </token>
                <token content="a" id="3-21">
                    <pos type="DT"/>
                    <lemma type="a"/>
                </token>
                <token content="warm" id="3-22">
                    <pos type="JJ"/>
                    <lemma type="warm"/>
                    <dep head="3-13" type="advcl"/>
                </token>
                <token content="and" id="3-23"/>
                <token content="beautiful" id="3-24">
                    <pos type="JJ"/>
                    <lemma type="beautiful"/>
                </token>
                <token content="day" id="3-25">
                    <pos type="NN"/>
                    <lemma type="day"/>
                </token>
                <token content="outside" id="3-26">
                    <pos type="NN"/>
                    <lemma type="outside"/>
                </token>
                <token content="." id="3-27"/>
            </sentence>
            <sentence id="4">
                <token content="The" id="4-1">
                    <pos type="DT"/>
                    <lemma type="the"/>
                </token>
                <token content="sweat" id="4-2">
                    <pos type="NN"/>
                    <lemma type="sweat"/>
                    <dep head="4-3" type="nsubj"/>
                </token>
                <token content="started" id="4-3">
                    <pos type="VBD"/>
                    <lemma type="start"/>
                </token>
                <token content="coming" id="4-4">
                    <pos type="VBG"/>
                    <lemma type="come"/>
                    <dep head="4-3" type="xcomp"/>
                </token>
                <token content="from" id="4-5"/>
                <token content="my" id="4-6">
                    <pos type="PRP$"/>
                    <lemma type="my"/>
                </token>
                <token content="body" id="4-7">
                    <pos type="NN"/>
                    <lemma type="body"/>
                    <dep head="4-4" type="prep"/>
                </token>
                <token content="as" id="4-8">
                    <pos type="IN"/>
                    <lemma type="as"/>
                    <dep head="4-10" type="mark"/>
                </token>
                <token content="I" id="4-9">
                    <pos type="PRP"/>
                    <lemma type="I"/>
                    <dep head="4-10" type="nsubj"/>
                </token>
                <token content="trained" id="4-10">
                    <pos type="VBN"/>
                    <lemma type="train"/>
                    <dep head="4-3" type="advcl"/>
                </token>
                <token content="hard" id="4-11">
                    <pos type="RB"/>
                    <lemma type="hard"/>
                    <dep head="4-10" type="advmod"/>
                </token>
                <token content="and" id="4-12"/>
                <token content="the" id="4-13">
                    <pos type="DT"/>
                    <lemma type="the"/>
                </token>
                <token content="spent" id="4-14">
                    <pos type="VBN"/>
                    <lemma type="spend"/>
                </token>
                <token content="gunpowder" id="4-15">
                    <pos type="NN"/>
                    <lemma type="gunpowder"/>
                    <dep head="4-16" type="nsubj"/>
                </token>
                <token content="began" id="4-16">
                    <pos type="VBD"/>
                    <lemma type="begin"/>
                    <dep head="4-10" type="conj"/>
                </token>
                <token content="to" id="4-17">
                    <pos type="TO"/>
                    <lemma type="to"/>
                    <dep head="4-18" type="aux"/>
                </token>
                <token content="cling" id="4-18">
                    <pos type="VB"/>
                    <lemma type="cling"/>
                    <dep head="4-16" type="xcomp"/>
                </token>
                <token content="to" id="4-19"/>
                <token content="my" id="4-20">
                    <pos type="PRP$"/>
                    <lemma type="my"/>
                </token>
                <token content="sweat" id="4-21">
                    <pos type="NN"/>
                    <lemma type="sweat"/>
                </token>
                <token content="moistened" id="4-22">
                    <pos type="NN"/>
                    <lemma type="moistened"/>
                </token>
                <token content="skin" id="4-23">
                    <pos type="NN"/>
                    <lemma type="skin"/>
                    <dep head="4-18" type="prep"/>
                </token>
                <token content="." id="4-24"/>
            </sentence>
            <sentence id="5">
                <token content="Soon" id="5-1">
                    <pos type="RB"/>
                    <lemma type="soon"/>
                </token>
                <token content="I" id="5-2">
                    <pos type="PRP"/>
                    <lemma type="I"/>
                </token>
                <token content="was" id="5-3">
                    <pos type="VBD"/>
                    <lemma type="be"/>
                </token>
                <token content="rather" id="5-4">
                    <pos type="RB"/>
                    <lemma type="rather"/>
                </token>
                <token content="stinky" id="5-5">
                    <pos type="JJ"/>
                    <lemma type="stinky"/>
                </token>
                <token content="and" id="5-6"/>
                <token content="covered" id="5-7">
                    <pos type="VBN"/>
                    <lemma type="cover"/>
                </token>
                <token content="in" id="5-8"/>
                <token content="gun" id="5-9">
                    <pos type="NN"/>
                    <lemma type="gun"/>
                </token>
                <token content="powder" id="5-10">
                    <pos type="NN"/>
                    <lemma type="powder"/>
                    <dep head="5-7" type="prep"/>
                </token>
                <token content="." id="5-11"/>
            </sentence>
            <sentence id="6">
                <token content="Time" id="6-1">
                    <pos type="NNP"/>
                    <lemma type="Time"/>
                    <dep head="6-3" type="nsubj"/>
                </token>
                <token content="to" id="6-2">
                    <pos type="TO"/>
                    <lemma type="to"/>
                    <dep head="6-3" type="aux"/>
                </token>
                <token content="go" id="6-3">
                    <pos type="VB"/>
                    <lemma type="go"/>
                </token>
                <token content="inside" id="6-4">
                    <pos type="RB"/>
                    <lemma type="inside"/>
                    <dep head="6-3" type="advmod"/>
                </token>
                <token content="," id="6-5"/>
                <token content="clean" id="6-6">
                    <pos type="VB"/>
                    <lemma type="clean"/>
                    <dep head="6-3" type="conj"/>
                </token>
                <token content="my" id="6-7">
                    <pos type="PRP$"/>
                    <lemma type="my"/>
                </token>
                <token content="weapons" id="6-8">
                    <pos type="NNS"/>
                    <lemma type="weapon"/>
                    <dep head="6-6" type="dobj"/>
                </token>
                <token content="and" id="6-9"/>
                <token content="prepare" id="6-10">
                    <pos type="VB"/>
                    <lemma type="prepare"/>
                    <dep head="6-3" type="conj"/>
                </token>
                <token content="a" id="6-11">
                    <pos type="DT"/>
                    <lemma type="a"/>
                </token>
                <token content="good" id="6-12">
                    <pos type="JJ"/>
                    <lemma type="good"/>
                </token>
                <token content="hot" id="6-13">
                    <pos type="JJ"/>
                    <lemma type="hot"/>
                </token>
                <token content="bath" id="6-14">
                    <pos type="NN"/>
                    <lemma type="bath"/>
                    <dep head="6-10" type="dobj"/>
                </token>
                <token content="." id="6-15"/>
            </sentence>
            <sentence id="7">
                <token content="Not" id="7-1">
                    <pos type="RB"/>
                    <lemma type="not"/>
                </token>
                <token content="just" id="7-2">
                    <pos type="RB"/>
                    <lemma type="just"/>
                </token>
                <token content="any" id="7-3">
                    <pos type="DT"/>
                    <lemma type="any"/>
                </token>
                <token content="bath" id="7-4">
                    <pos type="NN"/>
                    <lemma type="bath"/>
                </token>
                <token content="but" id="7-5">
                    <pos type="CC"/>
                    <lemma type="but"/>
                </token>
                <token content="one" id="7-6">
                    <pos type="CD"/>
                    <lemma type="one"/>
                </token>
                <token content="that" id="7-7">
                    <pos type="WDT"/>
                    <lemma type="that"/>
                    <dep head="7-9" type="nsubj"/>
                </token>
                <token content="is" id="7-8">
                    <pos type="VBZ"/>
                    <lemma type="be"/>
                    <dep head="7-9" type="aux"/>
                </token>
                <token content="piping" id="7-9">
                    <pos type="VBG"/>
                    <lemma type="pipe"/>
                </token>
                <token content="hot" id="7-10">
                    <pos type="JJ"/>
                    <lemma type="hot"/>
                    <dep head="7-9" type="acomp"/>
                </token>
                <token content="and" id="7-11"/>
                <token content="with" id="7-12">
                    <pos type="IN"/>
                    <lemma type="with"/>
                </token>
                <token content="bubbles" id="7-13">
                    <pos type="NNS"/>
                    <lemma type="bubble"/>
                </token>
                <token content="in" id="7-14"/>
                <token content="it" id="7-15">
                    <pos type="PRP"/>
                    <lemma type="it"/>
                </token>
                <token content="." id="7-16"/>
            </sentence>
            <sentence id="8">
                <token content="I" id="8-1">
                    <pos type="PRP"/>
                    <lemma type="I"/>
                    <dep head="8-2" type="nsubj"/>
                </token>
                <token content="removed" id="8-2">
                    <pos type="VBD"/>
                    <lemma type="remove"/>
                </token>
                <token content="my" id="8-3">
                    <pos type="PRP$"/>
                    <lemma type="my"/>
                </token>
                <token content="clothing" id="8-4">
                    <pos type="NN"/>
                    <lemma type="clothing"/>
                    <dep head="8-2" type="dobj"/>
                </token>
                <token content="and" id="8-5"/>
                <token content="carefully" id="8-6">
                    <pos type="RB"/>
                    <lemma type="carefully"/>
                    <dep head="8-7" type="advmod"/>
                </token>
                <token content="put" id="8-7">
                    <pos type="VBD"/>
                    <lemma type="put"/>
                    <dep head="8-2" type="conj"/>
                </token>
                <token content="one" id="8-8">
                    <pos type="CD"/>
                    <lemma type="one"/>
                </token>
                <token content="foot" id="8-9">
                    <pos type="NN"/>
                    <lemma type="foot"/>
                    <dep head="8-7" type="dobj"/>
                </token>
                <token content="in" id="8-10"/>
                <token content="the" id="8-11">
                    <pos type="DT"/>
                    <lemma type="the"/>
                </token>
                <token content="hot" id="8-12">
                    <pos type="JJ"/>
                    <lemma type="hot"/>
                </token>
                <token content="water" id="8-13">
                    <pos type="NN"/>
                    <lemma type="water"/>
                </token>
                <token content="." id="8-14"/>
            </sentence>
            <sentence id="9">
                <token content="Ouch" id="9-1"/>
                <token content="!" id="9-2"/>
            </sentence>
            <sentence id="10">
                <token content="Very" id="10-1">
                    <pos type="RB"/>
                    <lemma type="very"/>
                </token>
                <token content="hot" id="10-2">
                    <pos type="JJ"/>
                    <lemma type="hot"/>
                </token>
                <token content="just" id="10-3">
                    <pos type="RB"/>
                    <lemma type="just"/>
                </token>
                <token content="the" id="10-4">
                    <pos type="DT"/>
                    <lemma type="the"/>
                </token>
                <token content="way" id="10-5">
                    <pos type="NN"/>
                    <lemma type="way"/>
                    <dep head="10-7" type="dep"/>
                </token>
                <token content="I" id="10-6">
                    <pos type="PRP"/>
                    <lemma type="I"/>
                    <dep head="10-7" type="nsubj"/>
                </token>
                <token content="like" id="10-7">
                    <pos type="VBP"/>
                    <lemma type="like"/>
                </token>
                <token content="it" id="10-8">
                    <pos type="PRP"/>
                    <lemma type="it"/>
                    <dep head="10-7" type="dobj"/>
                </token>
                <token content="." id="10-9"/>
            </sentence>
            <sentence id="11">
                <token content="I" id="11-1">
                    <pos type="PRP"/>
                    <lemma type="I"/>
                    <dep head="11-2" type="nsubj"/>
                </token>
                <token content="eased" id="11-2">
                    <pos type="VBD"/>
                    <lemma type="ease"/>
                </token>
                <token content="my" id="11-3">
                    <pos type="PRP$"/>
                    <lemma type="my"/>
                </token>
                <token content="body" id="11-4">
                    <pos type="NN"/>
                    <lemma type="body"/>
                    <dep head="11-2" type="dobj"/>
                </token>
                <token content="into" id="11-5"/>
                <token content="the" id="11-6">
                    <pos type="DT"/>
                    <lemma type="the"/>
                </token>
                <token content="tub" id="11-7">
                    <pos type="NN"/>
                    <lemma type="tub"/>
                    <dep head="11-2" type="prep"/>
                </token>
                <token content="," id="11-8"/>
                <token content="lit" id="11-9">
                    <pos type="VBD"/>
                    <lemma type="light"/>
                    <dep head="11-2" type="conj"/>
                </token>
                <token content="a" id="11-10">
                    <pos type="DT"/>
                    <lemma type="a"/>
                </token>
                <token content="cigarette" id="11-11">
                    <pos type="NN"/>
                    <lemma type="cigarette"/>
                    <dep head="11-9" type="dobj"/>
                </token>
                <token content="and" id="11-12"/>
                <token content="soaked" id="11-13">
                    <pos type="VBD"/>
                    <lemma type="soak"/>
                    <dep head="11-2" type="conj"/>
                </token>
                <token content="away" id="11-14">
                    <pos type="RP"/>
                    <lemma type="away"/>
                    <dep head="11-13" type="prt"/>
                </token>
                <token content="the" id="11-15">
                    <pos type="DT"/>
                    <lemma type="the"/>
                </token>
                <token content="fatigue" id="11-16">
                    <pos type="NN"/>
                    <lemma type="fatigue"/>
                    <dep head="11-13" type="dobj"/>
                </token>
                <token content="of" id="11-17"/>
                <token content="my" id="11-18">
                    <pos type="PRP$"/>
                    <lemma type="my"/>
                </token>
                <token content="previous" id="11-19">
                    <pos type="JJ"/>
                    <lemma type="previous"/>
                </token>
                <token content="workout" id="11-20">
                    <pos type="NN"/>
                    <lemma type="workout"/>
                </token>
                <token content="." id="11-21"/>
            </sentence>
        </sentences>
    </text>
    <annotations>
        <participants>
            <label from="1-1" id="0" name="No_label" text="Everyone" type="participant"/>
            <label from="1-4" id="1" name="NPart" text="cleanliness" type="participant"/>
            <label from="1-8" id="2" name="NPart" text="Godliness" type="participant"/>
            <label from="2-1" id="3" name="No_label" text="It" type="participant"/>
            <label from="2-4" id="4" name="NPart" text="mind frame" to="2-5" type="participant"/>
            <label from="2-8" id="5" name="ScrPart_bather" text="me" type="participant"/>
            <label from="2-11" id="6" name="ScrPart_bather" text="my" type="participant"/>
            <label from="2-13" id="7" name="ScrPart_bath" text="bath" type="participant"/>
            <label from="2-16" id="8" name="NPart" text="day" type="participant"/>
            <label from="2-19" id="9" name="NPart" text="minutes" type="participant"/>
            <label from="3-1" id="10" name="ScrPart_bather" text="I" type="participant"/>
            <label from="3-9" id="11" name="ScrPart_bather" text="my" type="participant"/>
            <label from="3-10" id="12" name="NPart" text="assault rifle" to="3-11" type="participant"/>
            <label from="3-15" id="13" name="NPart" text="pistol drills" to="3-16" type="participant"/>
            <label from="3-18" id="14" name="No_label" text="it" type="participant"/>
            <label from="3-25" id="15" name="NPart" text="day" type="participant"/>
            <label from="4-2" id="16" name="NPart" text="sweat" type="participant"/>
            <label from="4-6" id="17" name="ScrPart_bather" text="my" type="participant"/>
            <label from="4-7" id="18" name="NPart" text="body" type="participant"/>
            <label from="4-9" id="19" name="ScrPart_bather" text="I" type="participant"/>
            <label from="4-15" id="20" name="NPart" text="gunpowder" type="participant"/>
            <label from="4-20" id="21" name="ScrPart_bather" text="my" type="participant"/>
            <label from="4-21" id="22" name="NPart" text="sweat" type="participant"/>
            <label from="4-23" id="23" name="ScrPart_body_part" text="skin" type="participant"/>
            <label from="5-2" id="24" name="ScrPart_bather" text="I" type="participant"/>
            <label from="5-9" id="25" name="NPart" text="gun powder" to="5-10" type="participant"/>
            <label from="6-1" id="26" name="No_label" text="Time" type="participant"/>
            <label from="6-7" id="27" name="ScrPart_bather" text="my" type="participant"/>
            <label from="6-8" id="28" name="NPart" text="weapons" type="participant"/>
            <label from="6-14" id="29" name="ScrPart_bath" text="bath" type="participant"/>
            <label from="7-4" id="30" name="ScrPart_bath" text="bath" type="participant"/>
            <label from="7-6" id="31" name="Head_of_Partitive" text="one" type="participant"/>
            <label from="7-13" id="32" name="ScrPart_bath_means" text="bubbles" type="participant"/>
            <label from="7-15" id="33" name="ScrPart_bath" text="it" type="participant"/>
            <label from="8-1" id="34" name="ScrPart_bather" text="I" type="participant"/>
            <label from="8-3" id="35" name="ScrPart_bather" text="my" type="participant"/>
            <label from="8-4" id="36" name="ScrPart_clothes" text="clothing" type="participant"/>
            <label from="8-9" id="37" name="ScrPart_body_part" text="foot" type="participant"/>
            <label from="8-13" id="38" name="ScrPart_water" text="water" type="participant"/>
            <label from="10-5" id="39" name="No_label" text="way" type="participant"/>
            <label from="10-6" id="40" name="ScrPart_bather" text="I" type="participant"/>
            <label from="10-8" id="41" name="No_label" text="it" type="participant"/>
            <label from="11-1" id="42" name="ScrPart_bather" text="I" type="participant"/>
            <label from="11-3" id="43" name="ScrPart_bather" text="my" type="participant"/>
            <label from="11-4" id="44" name="ScrPart_body_part" text="body" type="participant"/>
            <label from="11-7" id="45" name="ScrPart_bathtub" text="tub" type="participant"/>
            <label from="11-11" id="46" name="ScrPart_in-bath_entertainment" text="cigarette" type="participant"/>
            <label from="11-16" id="47" name="NPart" text="fatigue" type="participant"/>
            <label from="11-18" id="48" name="ScrPart_bather" text="my" type="participant"/>
            <label from="11-20" id="49" name="NPart" text="workout" type="participant"/>
        </participants>
        <events>
            <label from="1-2" id="50" name="UnrelEv" text="knows" type="event"/>
            <label from="2-2" id="51" name="UnrelEv" text="was" type="event"/>
            <label from="2-7" id="52" name="UnrelEv" text="led" type="event"/>
            <label from="2-10" id="53" name="Evoking" text="take my third bath of the day" to="2-16" type="event"/>
            <label from="3-3" id="54" name="UnrelEv" text="decided" type="event"/>
            <label from="3-5" id="55" name="UnrelEv" text="go" type="event"/>
            <label from="3-8" id="56" name="UnrelEv" text="shoot" type="event"/>
            <label from="3-13" id="57" name="UnrelEv" text="do" type="event"/>
            <label from="3-19" id="58" name="UnrelEv" text="was" type="event"/>
            <label from="4-3" id="59" name="UnrelEv" text="started" type="event"/>
            <label from="4-4" id="60" name="UnrelEv" text="coming" type="event"/>
            <label from="4-10" id="61" name="UnrelEv" text="trained" type="event"/>
            <label from="4-14" id="62" name="UnrelEv" text="spent" type="event"/>
            <label from="4-16" id="63" name="UnrelEv" text="began" type="event"/>
            <label from="4-18" id="64" name="UnrelEv" text="cling" type="event"/>
            <label from="4-22" id="65" name="UnrelEv" text="moistened" type="event"/>
            <label from="5-3" id="66" name="UnrelEv" text="was" type="event"/>
            <label from="5-7" id="67" name="UnrelEv" text="covered" type="event"/>
            <label from="6-3" id="68" name="UnrelEv" text="go" type="event"/>
            <label from="6-6" id="69" name="UnrelEv" text="clean" type="event"/>
            <label from="6-10" id="70" name="ScrEv_prepare_bath" text="prepare" type="event"/>
            <label from="7-8" id="71" name="UnrelEv" text="is" type="event"/>
            <label from="8-2" id="72" name="ScrEv_undress" text="removed" type="event"/>
            <label from="8-7" id="73" name="ScrEv_sink_water" text="put" type="event"/>
            <label from="10-7" id="74" name="UnrelEv" text="like" type="event"/>
            <label from="11-2" id="75" name="ScrEv_sink_water" text="eased" type="event"/>
            <label from="11-9" id="76" name="UnrelEv" text="lit" type="event"/>
            <label from="11-13" id="77" name="UnrelEv" text="soaked" type="event"/>
        </events>
        <chains>
            <chain elements="6 10 11 17 19 21 24 27 5"/>
            <chain elements="7 29 30 33"/>
            <chain elements="34 40 42"/>
            <chain elements="43 48"/>
        </chains>
    </annotations>
</story>
