<?xml version="1.0" encoding="UTF-8" standalone="no"?>
<!DOCTYPE story SYSTEM "../InScript.dtd">
<story id="046" scenario="bath">
    <text>
        <content>When I have a long day at work , I like to take a bath before I go to bed . 
Baths are very relaxing . 
They make me sleepy and feel nice . 
I start my bath by turning on the warm water faucet . 
Then I plug the drain so the water will stay in the tub . 
Sometimes I pour some bubble bath into the tub . 
When I do this , I pour a little bit of bubble bath liquid under the running water . 
Whenever the tub is about halfway full of water , I get in the tub and relax . 
Sometimes I read a book in the bathtub , and other times I simply sit there . 
When I am not reading , I often think about my day and what I will do tomorrow . 
After about 15 or 20 minutes , I decide to get out of the tub . 
I drain the water and bubbles , and my bath is over . </content>
        <sentences>
            <sentence id="1">
                <token content="When" id="1-1">
                    <pos type="WRB"/>
                    <lemma type="when"/>
                    <dep head="1-3" type="advmod"/>
                </token>
                <token content="I" id="1-2">
                    <pos type="PRP"/>
                    <lemma type="I"/>
                    <dep head="1-3" type="nsubj"/>
                </token>
                <token content="have" id="1-3">
                    <pos type="VBP"/>
                    <lemma type="have"/>
                    <dep head="1-11" type="advcl"/>
                </token>
                <token content="a" id="1-4">
                    <pos type="DT"/>
                    <lemma type="a"/>
                </token>
                <token content="long" id="1-5">
                    <pos type="JJ"/>
                    <lemma type="long"/>
                </token>
                <token content="day" id="1-6">
                    <pos type="NN"/>
                    <lemma type="day"/>
                    <dep head="1-3" type="dobj"/>
                </token>
                <token content="at" id="1-7"/>
                <token content="work" id="1-8">
                    <pos type="NN"/>
                    <lemma type="work"/>
                </token>
                <token content="," id="1-9"/>
                <token content="I" id="1-10">
                    <pos type="PRP"/>
                    <lemma type="I"/>
                    <dep head="1-11" type="nsubj"/>
                </token>
                <token content="like" id="1-11">
                    <pos type="VBP"/>
                    <lemma type="like"/>
                </token>
                <token content="to" id="1-12">
                    <pos type="TO"/>
                    <lemma type="to"/>
                    <dep head="1-13" type="aux"/>
                </token>
                <token content="take" id="1-13">
                    <pos type="VB"/>
                    <lemma type="take"/>
                    <dep head="1-11" type="xcomp"/>
                </token>
                <token content="a" id="1-14">
                    <pos type="DT"/>
                    <lemma type="a"/>
                </token>
                <token content="bath" id="1-15">
                    <pos type="NN"/>
                    <lemma type="bath"/>
                    <dep head="1-13" type="dobj"/>
                </token>
                <token content="before" id="1-16">
                    <pos type="IN"/>
                    <lemma type="before"/>
                    <dep head="1-18" type="mark"/>
                </token>
                <token content="I" id="1-17">
                    <pos type="PRP"/>
                    <lemma type="I"/>
                    <dep head="1-18" type="nsubj"/>
                </token>
                <token content="go" id="1-18">
                    <pos type="VBP"/>
                    <lemma type="go"/>
                    <dep head="1-13" type="advcl"/>
                </token>
                <token content="to" id="1-19"/>
                <token content="bed" id="1-20">
                    <pos type="NN"/>
                    <lemma type="bed"/>
                    <dep head="1-18" type="prep"/>
                </token>
                <token content="." id="1-21"/>
            </sentence>
            <sentence id="2">
                <token content="Baths" id="2-1">
                    <pos type="NNS"/>
                    <lemma type="bath"/>
                </token>
                <token content="are" id="2-2">
                    <pos type="VBP"/>
                    <lemma type="be"/>
                </token>
                <token content="very" id="2-3">
                    <pos type="RB"/>
                    <lemma type="very"/>
                </token>
                <token content="relaxing" id="2-4">
                    <pos type="JJ"/>
                    <lemma type="relaxing"/>
                </token>
                <token content="." id="2-5"/>
            </sentence>
            <sentence id="3">
                <token content="They" id="3-1">
                    <pos type="PRP"/>
                    <lemma type="they"/>
                    <dep head="3-2" type="nsubj"/>
                </token>
                <token content="make" id="3-2">
                    <pos type="VBP"/>
                    <lemma type="make"/>
                </token>
                <token content="me" id="3-3">
                    <pos type="PRP"/>
                    <lemma type="I"/>
                </token>
                <token content="sleepy" id="3-4">
                    <pos type="JJ"/>
                    <lemma type="sleepy"/>
                    <dep head="3-2" type="xcomp"/>
                </token>
                <token content="and" id="3-5"/>
                <token content="feel" id="3-6">
                    <pos type="VBP"/>
                    <lemma type="feel"/>
                    <dep head="3-2" type="conj"/>
                </token>
                <token content="nice" id="3-7">
                    <pos type="JJ"/>
                    <lemma type="nice"/>
                    <dep head="3-6" type="acomp"/>
                </token>
                <token content="." id="3-8"/>
            </sentence>
            <sentence id="4">
                <token content="I" id="4-1">
                    <pos type="PRP"/>
                    <lemma type="I"/>
                    <dep head="4-2" type="nsubj"/>
                </token>
                <token content="start" id="4-2">
                    <pos type="VBP"/>
                    <lemma type="start"/>
                </token>
                <token content="my" id="4-3">
                    <pos type="PRP$"/>
                    <lemma type="my"/>
                </token>
                <token content="bath" id="4-4">
                    <pos type="NN"/>
                    <lemma type="bath"/>
                    <dep head="4-2" type="dobj"/>
                </token>
                <token content="by" id="4-5"/>
                <token content="turning" id="4-6">
                    <pos type="VBG"/>
                    <lemma type="turn"/>
                    <dep head="4-2" type="prepc"/>
                </token>
                <token content="on" id="4-7"/>
                <token content="the" id="4-8">
                    <pos type="DT"/>
                    <lemma type="the"/>
                </token>
                <token content="warm" id="4-9">
                    <pos type="JJ"/>
                    <lemma type="warm"/>
                </token>
                <token content="water" id="4-10">
                    <pos type="NN"/>
                    <lemma type="water"/>
                </token>
                <token content="faucet" id="4-11">
                    <pos type="NN"/>
                    <lemma type="faucet"/>
                    <dep head="4-6" type="prep"/>
                </token>
                <token content="." id="4-12"/>
            </sentence>
            <sentence id="5">
                <token content="Then" id="5-1">
                    <pos type="RB"/>
                    <lemma type="then"/>
                    <dep head="5-3" type="advmod"/>
                </token>
                <token content="I" id="5-2">
                    <pos type="PRP"/>
                    <lemma type="I"/>
                    <dep head="5-3" type="nsubj"/>
                </token>
                <token content="plug" id="5-3">
                    <pos type="VBP"/>
                    <lemma type="plug"/>
                </token>
                <token content="the" id="5-4">
                    <pos type="DT"/>
                    <lemma type="the"/>
                </token>
                <token content="drain" id="5-5">
                    <pos type="NN"/>
                    <lemma type="drain"/>
                    <dep head="5-3" type="dobj"/>
                </token>
                <token content="so" id="5-6">
                    <pos type="IN"/>
                    <lemma type="so"/>
                    <dep head="5-10" type="mark"/>
                </token>
                <token content="the" id="5-7">
                    <pos type="DT"/>
                    <lemma type="the"/>
                </token>
                <token content="water" id="5-8">
                    <pos type="NN"/>
                    <lemma type="water"/>
                    <dep head="5-10" type="nsubj"/>
                </token>
                <token content="will" id="5-9">
                    <pos type="MD"/>
                    <lemma type="will"/>
                    <dep head="5-10" type="aux"/>
                </token>
                <token content="stay" id="5-10">
                    <pos type="VB"/>
                    <lemma type="stay"/>
                    <dep head="5-3" type="advcl"/>
                </token>
                <token content="in" id="5-11"/>
                <token content="the" id="5-12">
                    <pos type="DT"/>
                    <lemma type="the"/>
                </token>
                <token content="tub" id="5-13">
                    <pos type="NN"/>
                    <lemma type="tub"/>
                    <dep head="5-10" type="prep"/>
                </token>
                <token content="." id="5-14"/>
            </sentence>
            <sentence id="6">
                <token content="Sometimes" id="6-1">
                    <pos type="RB"/>
                    <lemma type="sometimes"/>
                    <dep head="6-3" type="advmod"/>
                </token>
                <token content="I" id="6-2">
                    <pos type="PRP"/>
                    <lemma type="I"/>
                    <dep head="6-3" type="nsubj"/>
                </token>
                <token content="pour" id="6-3">
                    <pos type="VBP"/>
                    <lemma type="pour"/>
                </token>
                <token content="some" id="6-4">
                    <pos type="DT"/>
                    <lemma type="some"/>
                </token>
                <token content="bubble" id="6-5">
                    <pos type="NN"/>
                    <lemma type="bubble"/>
                </token>
                <token content="bath" id="6-6">
                    <pos type="NN"/>
                    <lemma type="bath"/>
                    <dep head="6-3" type="dobj"/>
                </token>
                <token content="into" id="6-7"/>
                <token content="the" id="6-8">
                    <pos type="DT"/>
                    <lemma type="the"/>
                </token>
                <token content="tub" id="6-9">
                    <pos type="NN"/>
                    <lemma type="tub"/>
                    <dep head="6-3" type="prep"/>
                </token>
                <token content="." id="6-10"/>
            </sentence>
            <sentence id="7">
                <token content="When" id="7-1">
                    <pos type="WRB"/>
                    <lemma type="when"/>
                    <dep head="7-3" type="advmod"/>
                </token>
                <token content="I" id="7-2">
                    <pos type="PRP"/>
                    <lemma type="I"/>
                    <dep head="7-3" type="nsubj"/>
                </token>
                <token content="do" id="7-3">
                    <pos type="VBP"/>
                    <lemma type="do"/>
                    <dep head="7-7" type="advcl"/>
                </token>
                <token content="this" id="7-4">
                    <pos type="DT"/>
                    <lemma type="this"/>
                    <dep head="7-3" type="dobj"/>
                </token>
                <token content="," id="7-5"/>
                <token content="I" id="7-6">
                    <pos type="PRP"/>
                    <lemma type="I"/>
                    <dep head="7-7" type="nsubj"/>
                </token>
                <token content="pour" id="7-7">
                    <pos type="VBP"/>
                    <lemma type="pour"/>
                </token>
                <token content="a" id="7-8">
                    <pos type="DT"/>
                    <lemma type="a"/>
                </token>
                <token content="little" id="7-9">
                    <pos type="JJ"/>
                    <lemma type="little"/>
                </token>
                <token content="bit" id="7-10">
                    <pos type="NN"/>
                    <lemma type="bit"/>
                    <dep head="7-7" type="iobj"/>
                </token>
                <token content="of" id="7-11"/>
                <token content="bubble" id="7-12">
                    <pos type="NN"/>
                    <lemma type="bubble"/>
                </token>
                <token content="bath" id="7-13">
                    <pos type="NN"/>
                    <lemma type="bath"/>
                </token>
                <token content="liquid" id="7-14">
                    <pos type="NN"/>
                    <lemma type="liquid"/>
                    <dep head="7-7" type="dobj"/>
                </token>
                <token content="under" id="7-15"/>
                <token content="the" id="7-16">
                    <pos type="DT"/>
                    <lemma type="the"/>
                </token>
                <token content="running" id="7-17">
                    <pos type="VBG"/>
                    <lemma type="run"/>
                </token>
                <token content="water" id="7-18">
                    <pos type="NN"/>
                    <lemma type="water"/>
                    <dep head="7-7" type="prep"/>
                </token>
                <token content="." id="7-19"/>
            </sentence>
            <sentence id="8">
                <token content="Whenever" id="8-1">
                    <pos type="WRB"/>
                    <lemma type="whenever"/>
                </token>
                <token content="the" id="8-2">
                    <pos type="DT"/>
                    <lemma type="the"/>
                </token>
                <token content="tub" id="8-3">
                    <pos type="NN"/>
                    <lemma type="tub"/>
                </token>
                <token content="is" id="8-4">
                    <pos type="VBZ"/>
                    <lemma type="be"/>
                </token>
                <token content="about" id="8-5">
                    <pos type="RB"/>
                    <lemma type="about"/>
                </token>
                <token content="halfway" id="8-6">
                    <pos type="CD"/>
                    <lemma type="halfway"/>
                    <dep head="8-12" type="advcl"/>
                </token>
                <token content="full" id="8-7">
                    <pos type="JJ"/>
                    <lemma type="full"/>
                </token>
                <token content="of" id="8-8"/>
                <token content="water" id="8-9">
                    <pos type="NN"/>
                    <lemma type="water"/>
                </token>
                <token content="," id="8-10"/>
                <token content="I" id="8-11">
                    <pos type="PRP"/>
                    <lemma type="I"/>
                    <dep head="8-12" type="nsubj"/>
                </token>
                <token content="get" id="8-12">
                    <pos type="VB"/>
                    <lemma type="get"/>
                </token>
                <token content="in" id="8-13"/>
                <token content="the" id="8-14">
                    <pos type="DT"/>
                    <lemma type="the"/>
                </token>
                <token content="tub" id="8-15">
                    <pos type="NN"/>
                    <lemma type="tub"/>
                    <dep head="8-12" type="prep"/>
                </token>
                <token content="and" id="8-16"/>
                <token content="relax" id="8-17">
                    <pos type="VB"/>
                    <lemma type="relax"/>
                    <dep head="8-12" type="conj"/>
                </token>
                <token content="." id="8-18"/>
            </sentence>
            <sentence id="9">
                <token content="Sometimes" id="9-1">
                    <pos type="RB"/>
                    <lemma type="sometimes"/>
                    <dep head="9-3" type="advmod"/>
                </token>
                <token content="I" id="9-2">
                    <pos type="PRP"/>
                    <lemma type="I"/>
                    <dep head="9-3" type="nsubj"/>
                </token>
                <token content="read" id="9-3">
                    <pos type="VBP"/>
                    <lemma type="read"/>
                </token>
                <token content="a" id="9-4">
                    <pos type="DT"/>
                    <lemma type="a"/>
                </token>
                <token content="book" id="9-5">
                    <pos type="NN"/>
                    <lemma type="book"/>
                    <dep head="9-3" type="dobj"/>
                </token>
                <token content="in" id="9-6"/>
                <token content="the" id="9-7">
                    <pos type="DT"/>
                    <lemma type="the"/>
                </token>
                <token content="bathtub" id="9-8">
                    <pos type="NN"/>
                    <lemma type="bathtub"/>
                </token>
                <token content="," id="9-9"/>
                <token content="and" id="9-10"/>
                <token content="other" id="9-11">
                    <pos type="JJ"/>
                    <lemma type="other"/>
                </token>
                <token content="times" id="9-12">
                    <pos type="NNS"/>
                    <lemma type="time"/>
                    <dep head="9-15" type="nsubj"/>
                </token>
                <token content="I" id="9-13">
                    <pos type="PRP"/>
                    <lemma type="I"/>
                    <dep head="9-15" type="nsubj"/>
                </token>
                <token content="simply" id="9-14">
                    <pos type="RB"/>
                    <lemma type="simply"/>
                    <dep head="9-15" type="advmod"/>
                </token>
                <token content="sit" id="9-15">
                    <pos type="VBP"/>
                    <lemma type="sit"/>
                    <dep head="9-3" type="conj"/>
                </token>
                <token content="there" id="9-16">
                    <pos type="RB"/>
                    <lemma type="there"/>
                    <dep head="9-15" type="dobj"/>
                </token>
                <token content="." id="9-17"/>
            </sentence>
            <sentence id="10">
                <token content="When" id="10-1">
                    <pos type="WRB"/>
                    <lemma type="when"/>
                    <dep head="10-5" type="advmod"/>
                </token>
                <token content="I" id="10-2">
                    <pos type="PRP"/>
                    <lemma type="I"/>
                    <dep head="10-5" type="nsubj"/>
                </token>
                <token content="am" id="10-3">
                    <pos type="VBP"/>
                    <lemma type="be"/>
                    <dep head="10-5" type="aux"/>
                </token>
                <token content="not" id="10-4">
                    <pos type="RB"/>
                    <lemma type="not"/>
                    <dep head="10-5" type="neg"/>
                </token>
                <token content="reading" id="10-5">
                    <pos type="VBG"/>
                    <lemma type="read"/>
                    <dep head="10-9" type="advcl"/>
                </token>
                <token content="," id="10-6"/>
                <token content="I" id="10-7">
                    <pos type="PRP"/>
                    <lemma type="I"/>
                    <dep head="10-9" type="nsubj"/>
                </token>
                <token content="often" id="10-8">
                    <pos type="RB"/>
                    <lemma type="often"/>
                    <dep head="10-9" type="advmod"/>
                </token>
                <token content="think" id="10-9">
                    <pos type="VBP"/>
                    <lemma type="think"/>
                </token>
                <token content="about" id="10-10">
                    <pos type="IN"/>
                    <lemma type="about"/>
                    <dep head="10-9" type="dep"/>
                </token>
                <token content="my" id="10-11">
                    <pos type="PRP$"/>
                    <lemma type="my"/>
                </token>
                <token content="day" id="10-12">
                    <pos type="NN"/>
                    <lemma type="day"/>
                </token>
                <token content="and" id="10-13"/>
                <token content="what" id="10-14">
                    <pos type="WP"/>
                    <lemma type="what"/>
                    <dep head="10-17" type="dobj"/>
                </token>
                <token content="I" id="10-15">
                    <pos type="PRP"/>
                    <lemma type="I"/>
                    <dep head="10-17" type="nsubj"/>
                </token>
                <token content="will" id="10-16">
                    <pos type="MD"/>
                    <lemma type="will"/>
                    <dep head="10-17" type="aux"/>
                </token>
                <token content="do" id="10-17">
                    <pos type="VB"/>
                    <lemma type="do"/>
                </token>
                <token content="tomorrow" id="10-18">
                    <pos type="NN"/>
                    <lemma type="tomorrow"/>
                    <dep head="10-17" type="tmod"/>
                </token>
                <token content="." id="10-19"/>
            </sentence>
            <sentence id="11">
                <token content="After" id="11-1"/>
                <token content="about" id="11-2">
                    <pos type="RB"/>
                    <lemma type="about"/>
                </token>
                <token content="15" id="11-3">
                    <pos type="CD"/>
                    <lemma type="15"/>
                </token>
                <token content="or" id="11-4"/>
                <token content="20" id="11-5">
                    <pos type="CD"/>
                    <lemma type="20"/>
                </token>
                <token content="minutes" id="11-6">
                    <pos type="NNS"/>
                    <lemma type="minute"/>
                    <dep head="11-9" type="prep"/>
                </token>
                <token content="," id="11-7"/>
                <token content="I" id="11-8">
                    <pos type="PRP"/>
                    <lemma type="I"/>
                    <dep head="11-9" type="nsubj"/>
                </token>
                <token content="decide" id="11-9">
                    <pos type="VBP"/>
                    <lemma type="decide"/>
                </token>
                <token content="to" id="11-10">
                    <pos type="TO"/>
                    <lemma type="to"/>
                    <dep head="11-11" type="aux"/>
                </token>
                <token content="get" id="11-11">
                    <pos type="VB"/>
                    <lemma type="get"/>
                    <dep head="11-9" type="xcomp"/>
                </token>
                <token content="out" id="11-12"/>
                <token content="of" id="11-13"/>
                <token content="the" id="11-14">
                    <pos type="DT"/>
                    <lemma type="the"/>
                </token>
                <token content="tub" id="11-15">
                    <pos type="NN"/>
                    <lemma type="tub"/>
                    <dep head="11-11" type="prep"/>
                </token>
                <token content="." id="11-16"/>
            </sentence>
            <sentence id="12">
                <token content="I" id="12-1">
                    <pos type="PRP"/>
                    <lemma type="I"/>
                    <dep head="12-2" type="nsubj"/>
                </token>
                <token content="drain" id="12-2">
                    <pos type="VB"/>
                    <lemma type="drain"/>
                </token>
                <token content="the" id="12-3">
                    <pos type="DT"/>
                    <lemma type="the"/>
                </token>
                <token content="water" id="12-4">
                    <pos type="NN"/>
                    <lemma type="water"/>
                    <dep head="12-2" type="dobj"/>
                </token>
                <token content="and" id="12-5"/>
                <token content="bubbles" id="12-6">
                    <pos type="NNS"/>
                    <lemma type="bubble"/>
                </token>
                <token content="," id="12-7"/>
                <token content="and" id="12-8"/>
                <token content="my" id="12-9">
                    <pos type="PRP$"/>
                    <lemma type="my"/>
                </token>
                <token content="bath" id="12-10">
                    <pos type="NN"/>
                    <lemma type="bath"/>
                </token>
                <token content="is" id="12-11">
                    <pos type="VBZ"/>
                    <lemma type="be"/>
                </token>
                <token content="over" id="12-12">
                    <pos type="RP"/>
                    <lemma type="over"/>
                    <dep head="12-2" type="conj"/>
                </token>
                <token content="." id="12-13"/>
            </sentence>
        </sentences>
    </text>
    <annotations>
        <participants>
            <label from="1-2" id="0" name="ScrPart_bather" text="I" type="participant"/>
            <label from="1-6" id="1" name="NPart" text="day" type="participant"/>
            <label from="1-8" id="2" name="NPart" text="work" type="participant"/>
            <label from="1-10" id="3" name="ScrPart_bather" text="I" type="participant"/>
            <label from="1-15" id="4" name="SuppVComp" text="bath" type="participant"/>
            <label from="1-17" id="5" name="ScrPart_bather" text="I" type="participant"/>
            <label from="1-20" id="6" name="NPart" text="bed" type="participant"/>
            <label from="2-1" id="7" name="ScrPart_bath" text="Baths" type="participant"/>
            <label from="3-1" id="8" name="ScrPart_bath" text="They" type="participant"/>
            <label from="3-3" id="9" name="ScrPart_bather" text="me" type="participant"/>
            <label from="4-1" id="10" name="ScrPart_bather" text="I" type="participant"/>
            <label from="4-3" id="11" name="ScrPart_bather" text="my" type="participant"/>
            <label from="4-4" id="12" name="ScrPart_bath" text="bath" type="participant"/>
            <label from="4-9" id="13" name="ScrPart_tap" text="warm water faucet" to="4-11" type="participant"/>
            <label from="4-11" id="14" name="ScrPart_tap" text="faucet" type="participant"/>
            <label from="5-2" id="15" name="ScrPart_bather" text="I" type="participant"/>
            <label from="5-5" id="16" name="ScrPart_drain" text="drain" type="participant"/>
            <label from="5-8" id="17" name="ScrPart_water" text="water" type="participant"/>
            <label from="5-13" id="18" name="ScrPart_bathtub" text="tub" type="participant"/>
            <label from="6-2" id="19" name="ScrPart_bather" text="I" type="participant"/>
            <label from="6-5" id="20" name="ScrPart_bath_means" text="bubble bath" to="6-6" type="participant"/>
            <label from="6-6" id="21" name="ScrPart_bath_means" text="bath" type="participant"/>
            <label from="6-9" id="22" name="ScrPart_bathtub" text="tub" type="participant"/>
            <label from="7-2" id="23" name="ScrPart_bather" text="I" type="participant"/>
            <label from="7-6" id="24" name="ScrPart_bather" text="I" type="participant"/>
            <label from="7-10" id="25" name="Head_of_Partitive" text="bit" type="participant"/>
            <label from="7-12" id="26" name="ScrPart_bath_means" text="bubble bath liquid" to="7-14" type="participant"/>
            <label from="7-14" id="27" name="ScrPart_bath_means" text="liquid" type="participant"/>
            <label from="7-18" id="28" name="ScrPart_water" text="water" type="participant"/>
            <label from="8-3" id="29" name="ScrPart_bathtub" text="tub" type="participant"/>
            <label from="8-9" id="30" name="ScrPart_water" text="water" type="participant"/>
            <label from="8-11" id="31" name="ScrPart_bather" text="I" type="participant"/>
            <label from="8-15" id="32" name="ScrPart_bathtub" text="tub" type="participant"/>
            <label from="9-2" id="33" name="ScrPart_bather" text="I" type="participant"/>
            <label from="9-5" id="34" name="ScrPart_in-bath_entertainment" text="book" type="participant"/>
            <label from="9-8" id="35" name="ScrPart_bathtub" text="bathtub" type="participant"/>
            <label from="9-12" id="36" name="No_label" text="times" type="participant"/>
            <label from="9-13" id="37" name="ScrPart_bather" text="I" type="participant"/>
            <label from="10-2" id="38" name="ScrPart_bather" text="I" type="participant"/>
            <label from="10-7" id="39" name="ScrPart_bather" text="I" type="participant"/>
            <label from="10-11" id="40" name="ScrPart_bather" text="my" type="participant"/>
            <label from="10-12" id="41" name="NPart" text="day" type="participant"/>
            <label from="10-14" id="42" name="NPart" text="what" type="participant"/>
            <label from="10-15" id="43" name="ScrPart_bather" text="I" type="participant"/>
            <label from="11-6" id="44" name="NPart" text="minutes" type="participant"/>
            <label from="11-8" id="45" name="ScrPart_bather" text="I" type="participant"/>
            <label from="11-15" id="46" name="ScrPart_bathtub" text="tub" type="participant"/>
            <label from="12-1" id="47" name="ScrPart_bather" text="I" type="participant"/>
            <label from="12-4" id="48" name="ScrPart_water" text="water" type="participant"/>
            <label from="12-6" id="49" name="ScrPart_bath_means" text="bubbles" type="participant"/>
            <label from="12-9" id="50" name="ScrPart_bather" text="my" type="participant"/>
            <label from="12-10" id="51" name="ScrPart_bath" text="bath" type="participant"/>
        </participants>
        <events>
            <label from="1-3" id="52" name="UnrelEv" text="have" type="event"/>
            <label from="1-11" id="53" name="UnrelEv" text="like" type="event"/>
            <label from="1-13" id="54" name="Evoking" text="take a bath" to="1-15" type="event"/>
            <label from="1-18" id="55" name="UnrelEv" text="go" type="event"/>
            <label from="2-2" id="56" name="UnrelEv" text="are" type="event"/>
            <label from="2-4" id="57" name="ScrEv_relax" text="relaxing" type="event"/>
            <label from="3-2" id="58" name="UnrelEv" text="make" type="event"/>
            <label from="4-2" id="59" name="UnrelEv" text="start" type="event"/>
            <label from="4-6" id="60" name="ScrEv_turn_water_on" text="turning on" to="4-7" type="event"/>
            <label from="5-3" id="61" name="ScrEv_close_drain" text="plug" type="event"/>
            <label from="5-10" id="62" name="RelNScrEv" text="stay" type="event"/>
            <label from="6-3" id="63" name="ScrEv_put_bubble_bath_scent" text="pour" type="event"/>
            <label from="7-3" id="64" name="UnrelEv" text="do" type="event"/>
            <label from="7-7" id="65" name="ScrEv_put_bubble_bath_scent" text="pour" type="event"/>
            <label from="7-17" id="66" name="ScrEv_fill_water/wait" text="running" type="event"/>
            <label from="8-4" id="67" name="UnrelEv" text="is" type="event"/>
            <label from="8-12" id="68" name="ScrEv_sink_water" text="get" type="event"/>
            <label from="8-17" id="69" name="ScrEv_relax" text="relax" type="event"/>
            <label from="9-3" id="70" name="RelNScrEv" text="read" type="event"/>
            <label from="9-15" id="71" name="RelNScrEv" text="sit" type="event"/>
            <label from="10-5" id="72" name="RelNScrEv" text="reading" type="event"/>
            <label from="10-9" id="73" name="RelNScrEv" text="think" type="event"/>
            <label from="10-17" id="74" name="UnrelEv" text="do" type="event"/>
            <label from="11-9" id="75" name="UnrelEv" text="decide" type="event"/>
            <label from="11-11" id="76" name="ScrEv_get_out_bath" text="get out" to="11-12" type="event"/>
            <label from="12-2" id="77" name="ScrEv_open_drain" text="drain" type="event"/>
            <label from="12-11" id="78" name="UnrelEv" text="is" type="event"/>
        </events>
        <chains>
            <chain elements="0 3 5 9 10 11 15 19 23 24 31 33 37 38 39 40 43 45 47 50"/>
            <chain elements="7 8 12 51"/>
            <chain elements="18 22 29 32 35 46"/>
            <chain elements="21 27 49"/>
            <chain elements="17 28 30 48"/>
        </chains>
    </annotations>
</story>
