<?xml version="1.0" encoding="UTF-8" standalone="no"?>
<!DOCTYPE story SYSTEM "../InScript.dtd">
<story id="012" scenario="bath">
    <text>
        <content>I had a long day at work . 
I worked very hard and carried many boxes in the hot weather . 
My muscles were sore and I thought a hot bath was just what I needed ! 
I got home and lit a few candles . 
I turned on the hot water , closed the drain in the bathtub and put some bubble bath in there . 
As the water rose and the bubbles grew , I got out my bath pillow and stuck the suction cups to the back of the tub . 
It floated on the water . 
I also got my favorite book . 
I turned the water off in the tub , put one foot in at a time , then sank into the hot water and bubbles . 
I washed my face and laid back . 
I read my book by candlelight and felt my aches melt away into the hot water . 
When I was ready to get out of the tub , I opened the drain to let all the water run out . 
I felt a million times better ! </content>
        <sentences>
            <sentence id="1">
                <token content="I" id="1-1">
                    <pos type="PRP"/>
                    <lemma type="I"/>
                    <dep head="1-2" type="nsubj"/>
                </token>
                <token content="had" id="1-2">
                    <pos type="VBD"/>
                    <lemma type="have"/>
                </token>
                <token content="a" id="1-3">
                    <pos type="DT"/>
                    <lemma type="a"/>
                </token>
                <token content="long" id="1-4">
                    <pos type="JJ"/>
                    <lemma type="long"/>
                </token>
                <token content="day" id="1-5">
                    <pos type="NN"/>
                    <lemma type="day"/>
                    <dep head="1-2" type="dobj"/>
                </token>
                <token content="at" id="1-6"/>
                <token content="work" id="1-7">
                    <pos type="NN"/>
                    <lemma type="work"/>
                </token>
                <token content="." id="1-8"/>
            </sentence>
            <sentence id="2">
                <token content="I" id="2-1">
                    <pos type="PRP"/>
                    <lemma type="I"/>
                    <dep head="2-2" type="nsubj"/>
                </token>
                <token content="worked" id="2-2">
                    <pos type="VBD"/>
                    <lemma type="work"/>
                </token>
                <token content="very" id="2-3">
                    <pos type="RB"/>
                    <lemma type="very"/>
                </token>
                <token content="hard" id="2-4">
                    <pos type="JJ"/>
                    <lemma type="hard"/>
                    <dep head="2-2" type="acomp"/>
                </token>
                <token content="and" id="2-5"/>
                <token content="carried" id="2-6">
                    <pos type="VBD"/>
                    <lemma type="carry"/>
                    <dep head="2-2" type="conj"/>
                </token>
                <token content="many" id="2-7">
                    <pos type="JJ"/>
                    <lemma type="many"/>
                </token>
                <token content="boxes" id="2-8">
                    <pos type="NNS"/>
                    <lemma type="box"/>
                    <dep head="2-6" type="dobj"/>
                </token>
                <token content="in" id="2-9"/>
                <token content="the" id="2-10">
                    <pos type="DT"/>
                    <lemma type="the"/>
                </token>
                <token content="hot" id="2-11">
                    <pos type="JJ"/>
                    <lemma type="hot"/>
                </token>
                <token content="weather" id="2-12">
                    <pos type="NN"/>
                    <lemma type="weather"/>
                    <dep head="2-6" type="prep"/>
                </token>
                <token content="." id="2-13"/>
            </sentence>
            <sentence id="3">
                <token content="My" id="3-1">
                    <pos type="PRP$"/>
                    <lemma type="my"/>
                </token>
                <token content="muscles" id="3-2">
                    <pos type="NNS"/>
                    <lemma type="muscle"/>
                </token>
                <token content="were" id="3-3">
                    <pos type="VBD"/>
                    <lemma type="be"/>
                </token>
                <token content="sore" id="3-4">
                    <pos type="JJ"/>
                    <lemma type="sore"/>
                </token>
                <token content="and" id="3-5"/>
                <token content="I" id="3-6">
                    <pos type="PRP"/>
                    <lemma type="I"/>
                    <dep head="3-7" type="nsubj"/>
                </token>
                <token content="thought" id="3-7">
                    <pos type="VBD"/>
                    <lemma type="think"/>
                </token>
                <token content="a" id="3-8">
                    <pos type="DT"/>
                    <lemma type="a"/>
                </token>
                <token content="hot" id="3-9">
                    <pos type="JJ"/>
                    <lemma type="hot"/>
                </token>
                <token content="bath" id="3-10">
                    <pos type="NN"/>
                    <lemma type="bath"/>
                    <dep head="3-11" type="nsubj"/>
                </token>
                <token content="was" id="3-11">
                    <pos type="VBD"/>
                    <lemma type="be"/>
                    <dep head="3-7" type="ccomp"/>
                </token>
                <token content="just" id="3-12">
                    <pos type="RB"/>
                    <lemma type="just"/>
                </token>
                <token content="what" id="3-13">
                    <pos type="WP"/>
                    <lemma type="what"/>
                    <dep head="3-15" type="dep"/>
                </token>
                <token content="I" id="3-14">
                    <pos type="PRP"/>
                    <lemma type="I"/>
                    <dep head="3-15" type="nsubj"/>
                </token>
                <token content="needed" id="3-15">
                    <pos type="VBD"/>
                    <lemma type="need"/>
                    <dep head="3-11" type="ccomp"/>
                </token>
                <token content="!" id="3-16"/>
            </sentence>
            <sentence id="4">
                <token content="I" id="4-1">
                    <pos type="PRP"/>
                    <lemma type="I"/>
                    <dep head="4-2" type="nsubj"/>
                </token>
                <token content="got" id="4-2">
                    <pos type="VBD"/>
                    <lemma type="get"/>
                </token>
                <token content="home" id="4-3">
                    <pos type="NN"/>
                    <lemma type="home"/>
                    <dep head="4-2" type="dobj"/>
                </token>
                <token content="and" id="4-4"/>
                <token content="lit" id="4-5">
                    <pos type="VBD"/>
                    <lemma type="light"/>
                    <dep head="4-2" type="conj"/>
                </token>
                <token content="a" id="4-6">
                    <pos type="DT"/>
                    <lemma type="a"/>
                </token>
                <token content="few" id="4-7">
                    <pos type="JJ"/>
                    <lemma type="few"/>
                </token>
                <token content="candles" id="4-8">
                    <pos type="NNS"/>
                    <lemma type="candle"/>
                    <dep head="4-5" type="dobj"/>
                </token>
                <token content="." id="4-9"/>
            </sentence>
            <sentence id="5">
                <token content="I" id="5-1">
                    <pos type="PRP"/>
                    <lemma type="I"/>
                    <dep head="5-2" type="nsubj"/>
                </token>
                <token content="turned" id="5-2">
                    <pos type="VBD"/>
                    <lemma type="turn"/>
                </token>
                <token content="on" id="5-3"/>
                <token content="the" id="5-4">
                    <pos type="DT"/>
                    <lemma type="the"/>
                </token>
                <token content="hot" id="5-5">
                    <pos type="JJ"/>
                    <lemma type="hot"/>
                </token>
                <token content="water" id="5-6">
                    <pos type="NN"/>
                    <lemma type="water"/>
                    <dep head="5-2" type="prep"/>
                </token>
                <token content="," id="5-7"/>
                <token content="closed" id="5-8">
                    <pos type="VBD"/>
                    <lemma type="close"/>
                    <dep head="5-2" type="conj"/>
                </token>
                <token content="the" id="5-9">
                    <pos type="DT"/>
                    <lemma type="the"/>
                </token>
                <token content="drain" id="5-10">
                    <pos type="NN"/>
                    <lemma type="drain"/>
                    <dep head="5-8" type="dobj"/>
                </token>
                <token content="in" id="5-11"/>
                <token content="the" id="5-12">
                    <pos type="DT"/>
                    <lemma type="the"/>
                </token>
                <token content="bathtub" id="5-13">
                    <pos type="NN"/>
                    <lemma type="bathtub"/>
                    <dep head="5-8" type="prep"/>
                </token>
                <token content="and" id="5-14"/>
                <token content="put" id="5-15">
                    <pos type="VBD"/>
                    <lemma type="put"/>
                    <dep head="5-2" type="conj"/>
                </token>
                <token content="some" id="5-16">
                    <pos type="DT"/>
                    <lemma type="some"/>
                </token>
                <token content="bubble" id="5-17">
                    <pos type="NN"/>
                    <lemma type="bubble"/>
                </token>
                <token content="bath" id="5-18">
                    <pos type="NN"/>
                    <lemma type="bath"/>
                    <dep head="5-15" type="dobj"/>
                </token>
                <token content="in" id="5-19">
                    <pos type="IN"/>
                    <lemma type="in"/>
                    <dep head="5-15" type="prep"/>
                </token>
                <token content="there" id="5-20">
                    <pos type="RB"/>
                    <lemma type="there"/>
                </token>
                <token content="." id="5-21"/>
            </sentence>
            <sentence id="6">
                <token content="As" id="6-1">
                    <pos type="IN"/>
                    <lemma type="as"/>
                    <dep head="6-4" type="mark"/>
                </token>
                <token content="the" id="6-2">
                    <pos type="DT"/>
                    <lemma type="the"/>
                </token>
                <token content="water" id="6-3">
                    <pos type="NN"/>
                    <lemma type="water"/>
                    <dep head="6-4" type="nsubj"/>
                </token>
                <token content="rose" id="6-4">
                    <pos type="VBD"/>
                    <lemma type="rise"/>
                    <dep head="6-11" type="advcl"/>
                </token>
                <token content="and" id="6-5"/>
                <token content="the" id="6-6">
                    <pos type="DT"/>
                    <lemma type="the"/>
                </token>
                <token content="bubbles" id="6-7">
                    <pos type="NNS"/>
                    <lemma type="bubble"/>
                    <dep head="6-8" type="nsubj"/>
                </token>
                <token content="grew" id="6-8">
                    <pos type="VBD"/>
                    <lemma type="grow"/>
                    <dep head="6-4" type="conj"/>
                </token>
                <token content="," id="6-9"/>
                <token content="I" id="6-10">
                    <pos type="PRP"/>
                    <lemma type="I"/>
                    <dep head="6-11" type="nsubj"/>
                </token>
                <token content="got" id="6-11">
                    <pos type="VBD"/>
                    <lemma type="get"/>
                </token>
                <token content="out" id="6-12">
                    <pos type="RP"/>
                    <lemma type="out"/>
                    <dep head="6-11" type="prt"/>
                </token>
                <token content="my" id="6-13">
                    <pos type="PRP$"/>
                    <lemma type="my"/>
                </token>
                <token content="bath" id="6-14">
                    <pos type="NN"/>
                    <lemma type="bath"/>
                </token>
                <token content="pillow" id="6-15">
                    <pos type="NN"/>
                    <lemma type="pillow"/>
                    <dep head="6-11" type="dobj"/>
                </token>
                <token content="and" id="6-16"/>
                <token content="stuck" id="6-17">
                    <pos type="VBD"/>
                    <lemma type="stick"/>
                    <dep head="6-11" type="conj"/>
                </token>
                <token content="the" id="6-18">
                    <pos type="DT"/>
                    <lemma type="the"/>
                </token>
                <token content="suction" id="6-19">
                    <pos type="NN"/>
                    <lemma type="suction"/>
                </token>
                <token content="cups" id="6-20">
                    <pos type="NNS"/>
                    <lemma type="cup"/>
                    <dep head="6-17" type="dobj"/>
                </token>
                <token content="to" id="6-21"/>
                <token content="the" id="6-22">
                    <pos type="DT"/>
                    <lemma type="the"/>
                </token>
                <token content="back" id="6-23">
                    <pos type="NN"/>
                    <lemma type="back"/>
                    <dep head="6-17" type="prep"/>
                </token>
                <token content="of" id="6-24"/>
                <token content="the" id="6-25">
                    <pos type="DT"/>
                    <lemma type="the"/>
                </token>
                <token content="tub" id="6-26">
                    <pos type="NN"/>
                    <lemma type="tub"/>
                </token>
                <token content="." id="6-27"/>
            </sentence>
            <sentence id="7">
                <token content="It" id="7-1">
                    <pos type="PRP"/>
                    <lemma type="it"/>
                    <dep head="7-2" type="nsubj"/>
                </token>
                <token content="floated" id="7-2">
                    <pos type="VBD"/>
                    <lemma type="float"/>
                </token>
                <token content="on" id="7-3"/>
                <token content="the" id="7-4">
                    <pos type="DT"/>
                    <lemma type="the"/>
                </token>
                <token content="water" id="7-5">
                    <pos type="NN"/>
                    <lemma type="water"/>
                    <dep head="7-2" type="prep"/>
                </token>
                <token content="." id="7-6"/>
            </sentence>
            <sentence id="8">
                <token content="I" id="8-1">
                    <pos type="PRP"/>
                    <lemma type="I"/>
                    <dep head="8-3" type="nsubj"/>
                </token>
                <token content="also" id="8-2">
                    <pos type="RB"/>
                    <lemma type="also"/>
                    <dep head="8-3" type="advmod"/>
                </token>
                <token content="got" id="8-3">
                    <pos type="VBD"/>
                    <lemma type="get"/>
                </token>
                <token content="my" id="8-4">
                    <pos type="PRP$"/>
                    <lemma type="my"/>
                </token>
                <token content="favorite" id="8-5">
                    <pos type="JJ"/>
                    <lemma type="favorite"/>
                </token>
                <token content="book" id="8-6">
                    <pos type="NN"/>
                    <lemma type="book"/>
                    <dep head="8-3" type="dobj"/>
                </token>
                <token content="." id="8-7"/>
            </sentence>
            <sentence id="9">
                <token content="I" id="9-1">
                    <pos type="PRP"/>
                    <lemma type="I"/>
                    <dep head="9-2" type="nsubj"/>
                </token>
                <token content="turned" id="9-2">
                    <pos type="VBD"/>
                    <lemma type="turn"/>
                </token>
                <token content="the" id="9-3">
                    <pos type="DT"/>
                    <lemma type="the"/>
                </token>
                <token content="water" id="9-4">
                    <pos type="NN"/>
                    <lemma type="water"/>
                    <dep head="9-2" type="dobj"/>
                </token>
                <token content="off" id="9-5">
                    <pos type="RP"/>
                    <lemma type="off"/>
                    <dep head="9-2" type="prt"/>
                </token>
                <token content="in" id="9-6"/>
                <token content="the" id="9-7">
                    <pos type="DT"/>
                    <lemma type="the"/>
                </token>
                <token content="tub" id="9-8">
                    <pos type="NN"/>
                    <lemma type="tub"/>
                    <dep head="9-2" type="prep"/>
                </token>
                <token content="," id="9-9"/>
                <token content="put" id="9-10">
                    <pos type="VBD"/>
                    <lemma type="put"/>
                    <dep head="9-2" type="conj"/>
                </token>
                <token content="one" id="9-11">
                    <pos type="CD"/>
                    <lemma type="one"/>
                </token>
                <token content="foot" id="9-12">
                    <pos type="NN"/>
                    <lemma type="foot"/>
                    <dep head="9-10" type="dobj"/>
                </token>
                <token content="in" id="9-13">
                    <pos type="IN"/>
                    <lemma type="in"/>
                    <dep head="9-10" type="prep"/>
                </token>
                <token content="at" id="9-14">
                    <pos type="IN"/>
                    <lemma type="at"/>
                </token>
                <token content="a" id="9-15">
                    <pos type="DT"/>
                    <lemma type="a"/>
                </token>
                <token content="time" id="9-16">
                    <pos type="NN"/>
                    <lemma type="time"/>
                </token>
                <token content="," id="9-17"/>
                <token content="then" id="9-18">
                    <pos type="RB"/>
                    <lemma type="then"/>
                    <dep head="9-19" type="advmod"/>
                </token>
                <token content="sank" id="9-19">
                    <pos type="VBD"/>
                    <lemma type="sink"/>
                    <dep head="9-2" type="conj"/>
                </token>
                <token content="into" id="9-20"/>
                <token content="the" id="9-21">
                    <pos type="DT"/>
                    <lemma type="the"/>
                </token>
                <token content="hot" id="9-22">
                    <pos type="JJ"/>
                    <lemma type="hot"/>
                </token>
                <token content="water" id="9-23">
                    <pos type="NN"/>
                    <lemma type="water"/>
                    <dep head="9-19" type="prep"/>
                </token>
                <token content="and" id="9-24"/>
                <token content="bubbles" id="9-25">
                    <pos type="VBZ"/>
                    <lemma type="bubble"/>
                    <dep head="9-2" type="conj"/>
                </token>
                <token content="." id="9-26"/>
            </sentence>
            <sentence id="10">
                <token content="I" id="10-1">
                    <pos type="PRP"/>
                    <lemma type="I"/>
                    <dep head="10-2" type="nsubj"/>
                </token>
                <token content="washed" id="10-2">
                    <pos type="VBD"/>
                    <lemma type="wash"/>
                </token>
                <token content="my" id="10-3">
                    <pos type="PRP$"/>
                    <lemma type="my"/>
                </token>
                <token content="face" id="10-4">
                    <pos type="NN"/>
                    <lemma type="face"/>
                    <dep head="10-2" type="dobj"/>
                </token>
                <token content="and" id="10-5"/>
                <token content="laid" id="10-6">
                    <pos type="VBD"/>
                    <lemma type="lay"/>
                    <dep head="10-2" type="conj"/>
                </token>
                <token content="back" id="10-7">
                    <pos type="RB"/>
                    <lemma type="back"/>
                    <dep head="10-6" type="advmod"/>
                </token>
                <token content="." id="10-8"/>
            </sentence>
            <sentence id="11">
                <token content="I" id="11-1">
                    <pos type="PRP"/>
                    <lemma type="I"/>
                    <dep head="11-2" type="nsubj"/>
                </token>
                <token content="read" id="11-2">
                    <pos type="VBD"/>
                    <lemma type="read"/>
                </token>
                <token content="my" id="11-3">
                    <pos type="PRP$"/>
                    <lemma type="my"/>
                </token>
                <token content="book" id="11-4">
                    <pos type="NN"/>
                    <lemma type="book"/>
                    <dep head="11-2" type="dobj"/>
                </token>
                <token content="by" id="11-5"/>
                <token content="candlelight" id="11-6">
                    <pos type="NN"/>
                    <lemma type="candlelight"/>
                    <dep head="11-2" type="prep"/>
                </token>
                <token content="and" id="11-7"/>
                <token content="felt" id="11-8">
                    <pos type="VBD"/>
                    <lemma type="feel"/>
                    <dep head="11-2" type="conj"/>
                </token>
                <token content="my" id="11-9">
                    <pos type="PRP$"/>
                    <lemma type="my"/>
                </token>
                <token content="aches" id="11-10">
                    <pos type="NNS"/>
                    <lemma type="ache"/>
                    <dep head="11-11" type="nsubj"/>
                </token>
                <token content="melt" id="11-11">
                    <pos type="VB"/>
                    <lemma type="melt"/>
                    <dep head="11-8" type="ccomp"/>
                </token>
                <token content="away" id="11-12">
                    <pos type="RP"/>
                    <lemma type="away"/>
                    <dep head="11-11" type="prt"/>
                </token>
                <token content="into" id="11-13"/>
                <token content="the" id="11-14">
                    <pos type="DT"/>
                    <lemma type="the"/>
                </token>
                <token content="hot" id="11-15">
                    <pos type="JJ"/>
                    <lemma type="hot"/>
                </token>
                <token content="water" id="11-16">
                    <pos type="NN"/>
                    <lemma type="water"/>
                    <dep head="11-11" type="prep"/>
                </token>
                <token content="." id="11-17"/>
            </sentence>
            <sentence id="12">
                <token content="When" id="12-1">
                    <pos type="WRB"/>
                    <lemma type="when"/>
                </token>
                <token content="I" id="12-2">
                    <pos type="PRP"/>
                    <lemma type="I"/>
                </token>
                <token content="was" id="12-3">
                    <pos type="VBD"/>
                    <lemma type="be"/>
                </token>
                <token content="ready" id="12-4">
                    <pos type="JJ"/>
                    <lemma type="ready"/>
                    <dep head="12-13" type="advcl"/>
                </token>
                <token content="to" id="12-5">
                    <pos type="TO"/>
                    <lemma type="to"/>
                    <dep head="12-6" type="aux"/>
                </token>
                <token content="get" id="12-6">
                    <pos type="VB"/>
                    <lemma type="get"/>
                </token>
                <token content="out" id="12-7">
                    <pos type="RP"/>
                    <lemma type="out"/>
                    <dep head="12-6" type="prt"/>
                </token>
                <token content="of" id="12-8"/>
                <token content="the" id="12-9">
                    <pos type="DT"/>
                    <lemma type="the"/>
                </token>
                <token content="tub" id="12-10">
                    <pos type="NN"/>
                    <lemma type="tub"/>
                    <dep head="12-6" type="prep"/>
                </token>
                <token content="," id="12-11"/>
                <token content="I" id="12-12">
                    <pos type="PRP"/>
                    <lemma type="I"/>
                    <dep head="12-13" type="nsubj"/>
                </token>
                <token content="opened" id="12-13">
                    <pos type="VBD"/>
                    <lemma type="open"/>
                </token>
                <token content="the" id="12-14">
                    <pos type="DT"/>
                    <lemma type="the"/>
                </token>
                <token content="drain" id="12-15">
                    <pos type="NN"/>
                    <lemma type="drain"/>
                    <dep head="12-13" type="dobj"/>
                </token>
                <token content="to" id="12-16">
                    <pos type="TO"/>
                    <lemma type="to"/>
                    <dep head="12-17" type="aux"/>
                </token>
                <token content="let" id="12-17">
                    <pos type="VB"/>
                    <lemma type="let"/>
                </token>
                <token content="all" id="12-18">
                    <pos type="PDT"/>
                    <lemma type="all"/>
                </token>
                <token content="the" id="12-19">
                    <pos type="DT"/>
                    <lemma type="the"/>
                </token>
                <token content="water" id="12-20">
                    <pos type="NN"/>
                    <lemma type="water"/>
                </token>
                <token content="run" id="12-21">
                    <pos type="NN"/>
                    <lemma type="run"/>
                    <dep head="12-17" type="dobj"/>
                </token>
                <token content="out" id="12-22">
                    <pos type="RP"/>
                    <lemma type="out"/>
                    <dep head="12-17" type="prt"/>
                </token>
                <token content="." id="12-23"/>
            </sentence>
            <sentence id="13">
                <token content="I" id="13-1">
                    <pos type="PRP"/>
                    <lemma type="I"/>
                    <dep head="13-2" type="nsubj"/>
                </token>
                <token content="felt" id="13-2">
                    <pos type="VBD"/>
                    <lemma type="feel"/>
                </token>
                <token content="a" id="13-3">
                    <pos type="DT"/>
                    <lemma type="a"/>
                </token>
                <token content="million" id="13-4">
                    <pos type="CD"/>
                    <lemma type="million"/>
                </token>
                <token content="times" id="13-5">
                    <pos type="NNS"/>
                    <lemma type="time"/>
                </token>
                <token content="better" id="13-6">
                    <pos type="JJR"/>
                    <lemma type="better"/>
                    <dep head="13-2" type="acomp"/>
                </token>
                <token content="!" id="13-7"/>
            </sentence>
        </sentences>
    </text>
    <annotations>
        <participants>
            <label from="1-1" id="0" name="ScrPart_bather" text="I" type="participant"/>
            <label from="1-5" id="1" name="NPart" text="day" type="participant"/>
            <label from="1-7" id="2" name="NPart" text="work" type="participant"/>
            <label from="2-1" id="3" name="ScrPart_bather" text="I" type="participant"/>
            <label from="2-8" id="4" name="NPart" text="boxes" type="participant"/>
            <label from="2-12" id="5" name="NPart" text="weather" type="participant"/>
            <label from="3-1" id="6" name="ScrPart_bather" text="My" type="participant"/>
            <label from="3-2" id="7" name="ScrPart_body_part" text="muscles" type="participant"/>
            <label from="3-6" id="8" name="ScrPart_bather" text="I" type="participant"/>
            <label from="3-10" id="9" name="ScrPart_bath" text="bath" type="participant"/>
            <label from="3-14" id="10" name="ScrPart_bather" text="I" type="participant"/>
            <label from="4-1" id="11" name="ScrPart_bather" text="I" type="participant"/>
            <label from="4-3" id="12" name="NPart" text="home" type="participant"/>
            <label from="4-8" id="13" name="ScrPart_in-bath_entertainment" text="candles" type="participant"/>
            <label from="5-1" id="14" name="ScrPart_bather" text="I" type="participant"/>
            <label from="5-6" id="15" name="ScrPart_water" text="water" type="participant"/>
            <label from="5-10" id="16" name="ScrPart_drain" text="drain" type="participant"/>
            <label from="5-13" id="17" name="ScrPart_bathtub" text="bathtub" type="participant"/>
            <label from="5-17" id="18" name="ScrPart_bath_means" text="bubble bath" to="5-18" type="participant"/>
            <label from="5-20" id="19" name="ScrPart_bathtub" text="there" type="participant"/>
            <label from="6-3" id="20" name="ScrPart_water" text="water" type="participant"/>
            <label from="6-7" id="21" name="ScrPart_other" text="bubbles" type="participant"/>
            <label from="6-10" id="22" name="ScrPart_bather" text="I" type="participant"/>
            <label from="6-13" id="23" name="ScrPart_bather" text="my" type="participant"/>
            <label from="6-14" id="24" name="ScrPart_bath_means" text="bath pillow" to="6-15" type="participant"/>
            <label from="6-15" id="25" name="ScrPart_bath_means" text="pillow" type="participant"/>
            <label from="6-19" id="26" name="NPart" text="suction cups" to="6-20" type="participant"/>
            <label from="6-23" id="27" name="NPart" text="back" type="participant"/>
            <label from="6-26" id="28" name="ScrPart_bathtub" text="tub" type="participant"/>
            <label from="7-1" id="29" name="ScrPart_bath_means" text="It" type="participant"/>
            <label from="7-5" id="30" name="ScrPart_water" text="water" type="participant"/>
            <label from="8-1" id="31" name="ScrPart_bather" text="I" type="participant"/>
            <label from="8-4" id="32" name="ScrPart_bather" text="my" type="participant"/>
            <label from="8-6" id="33" name="ScrPart_in-bath_entertainment" text="book" type="participant"/>
            <label from="9-1" id="34" name="ScrPart_bather" text="I" type="participant"/>
            <label from="9-4" id="35" name="ScrPart_water" text="water" type="participant"/>
            <label from="9-8" id="36" name="ScrPart_bathtub" text="tub" type="participant"/>
            <label from="9-12" id="37" name="ScrPart_body_part" text="foot" type="participant"/>
            <label from="9-16" id="38" name="NPart" text="time" type="participant"/>
            <label from="9-23" id="39" name="ScrPart_water" text="water" type="participant"/>
            <label from="9-25" id="40" name="ScrPart_bath_means" text="bubbles" type="participant"/>
            <label from="10-1" id="41" name="ScrPart_bather" text="I" type="participant"/>
            <label from="10-3" id="42" name="ScrPart_bather" text="my" type="participant"/>
            <label from="10-4" id="43" name="ScrPart_body_part" text="face" type="participant"/>
            <label from="11-1" id="44" name="ScrPart_bather" text="I" type="participant"/>
            <label from="11-3" id="45" name="ScrPart_bather" text="my" type="participant"/>
            <label from="11-4" id="46" name="ScrPart_in-bath_entertainment" text="book" type="participant"/>
            <label from="11-6" id="47" name="ScrPart_in-bath_entertainment" text="candlelight" type="participant"/>
            <label from="11-9" id="48" name="ScrPart_bather" text="my" type="participant"/>
            <label from="11-10" id="49" name="NPart" text="aches" type="participant"/>
            <label from="11-16" id="50" name="ScrPart_water" text="water" type="participant"/>
            <label from="12-2" id="51" name="ScrPart_bather" text="I" type="participant"/>
            <label from="12-10" id="52" name="ScrPart_bathtub" text="tub" type="participant"/>
            <label from="12-12" id="53" name="ScrPart_bather" text="I" type="participant"/>
            <label from="12-15" id="54" name="ScrPart_drain" text="drain" type="participant"/>
            <label from="12-20" id="55" name="ScrPart_water" text="water" type="participant"/>
            <label from="13-1" id="56" name="ScrPart_bather" text="I" type="participant"/>
            <label from="13-5" id="57" name="No_label" text="times" type="participant"/>
        </participants>
        <events>
            <label from="1-2" id="58" name="UnrelEv" text="had" type="event"/>
            <label from="2-2" id="59" name="UnrelEv" text="worked" type="event"/>
            <label from="2-6" id="60" name="UnrelEv" text="carried" type="event"/>
            <label from="3-3" id="61" name="UnrelEv" text="were" type="event"/>
            <label from="3-7" id="62" name="UnrelEv" text="thought" type="event"/>
            <label from="3-11" id="63" name="UnrelEv" text="was" type="event"/>
            <label from="3-15" id="64" name="UnrelEv" text="needed" type="event"/>
            <label from="4-2" id="65" name="UnrelEv" text="got" type="event"/>
            <label from="4-5" id="66" name="ScrEv_prepare_bath" text="lit" type="event"/>
            <label from="5-2" id="67" name="ScrEv_turn_water_on" text="turned on" to="5-3" type="event"/>
            <label from="5-8" id="68" name="ScrEv_close_drain" text="closed" type="event"/>
            <label from="5-15" id="69" name="ScrEv_put_bubble_bath_scent" text="put" type="event"/>
            <label from="6-4" id="70" name="ScrEv_fill_water/wait" text="rose" type="event"/>
            <label from="6-8" id="71" name="UnrelEv" text="grew" type="event"/>
            <label from="6-11" id="72" name="ScrEv_prepare_bath" text="got out" to="6-12" type="event"/>
            <label from="6-17" id="73" name="UnrelEv" text="stuck" type="event"/>
            <label from="7-2" id="74" name="UnrelEv" text="floated" type="event"/>
            <label from="8-3" id="75" name="ScrEv_prepare_bath" text="got" type="event"/>
            <label from="9-2" id="76" name="ScrEv_turn_water_off" text="turned" type="event"/>
            <label from="9-10" id="77" name="RelNScrEv" text="put" type="event"/>
            <label from="9-19" id="78" name="ScrEv_sink_water" text="sank" type="event"/>
            <label from="10-2" id="79" name="ScrEv_wash" text="washed" type="event"/>
            <label from="10-6" id="80" name="ScrEv_relax" text="laid back" to="10-7" type="event"/>
            <label from="11-2" id="81" name="RelNScrEv" text="read" type="event"/>
            <label from="11-8" id="82" name="UnrelEv" text="felt" type="event"/>
            <label from="11-11" id="83" name="UnrelEv" text="melt away" to="11-12" type="event"/>
            <label from="12-3" id="84" name="UnrelEv" text="was" type="event"/>
            <label from="12-6" id="85" name="ScrEv_get_out_bath" text="get" type="event"/>
            <label from="12-13" id="86" name="ScrEv_open_drain" text="opened" type="event"/>
            <label from="12-17" id="87" name="UnrelEv" text="let" type="event"/>
            <label from="12-21" id="88" name="RelNScrEv" text="run out" to="12-22" type="event"/>
            <label from="13-2" id="89" name="UnrelEv" text="felt" type="event"/>
        </events>
        <chains>
            <chain elements="0 3 6 8 10 11 14 22 23 31 32 34 41 42 44 45 48 51 53 56"/>
            <chain elements="17 19 28 36 52"/>
            <chain elements="15 20 30 35 39 50 55"/>
            <chain elements="25 29"/>
            <chain elements="18 40"/>
            <chain elements="33 46"/>
            <chain elements="16 54"/>
        </chains>
    </annotations>
</story>
