<?xml version="1.0" encoding="UTF-8" standalone="no"?>
<!DOCTYPE story SYSTEM "../InScript.dtd">
<story id="089" scenario="bus">
    <text>
        <content>Before leaving my house , I check the bus schedule on the internet . 
I noticed the bus was running late today , but I went outside to wait at the bus stop anyway . 
The bus actually arrived even later than it was estimated on the internet . 
I got onto the bus after the arriving passengers exited . 
I paid with exact change into the money collector . 
There were no empty seats on the bus and almost all the places to stand were full too . 
I found a spot next to a man who smelled like he was eating onions . 
For the next 22 blocks I had to smell him before he exited the bus . 
The next person who stood by me was a morbidly obese man who liked to talk about anything he could think of . 
I tried to just look out the window because it was so uncomfortable . 
Finally , seven blocks later I was at my stop and I could not have been more relieved . </content>
        <sentences>
            <sentence id="1">
                <token content="Before" id="1-1"/>
                <token content="leaving" id="1-2">
                    <pos type="VBG"/>
                    <lemma type="leave"/>
                    <dep head="1-7" type="prepc"/>
                </token>
                <token content="my" id="1-3">
                    <pos type="PRP$"/>
                    <lemma type="my"/>
                </token>
                <token content="house" id="1-4">
                    <pos type="NN"/>
                    <lemma type="house"/>
                    <dep head="1-2" type="dobj"/>
                </token>
                <token content="," id="1-5"/>
                <token content="I" id="1-6">
                    <pos type="PRP"/>
                    <lemma type="I"/>
                    <dep head="1-7" type="nsubj"/>
                </token>
                <token content="check" id="1-7">
                    <pos type="VBP"/>
                    <lemma type="check"/>
                </token>
                <token content="the" id="1-8">
                    <pos type="DT"/>
                    <lemma type="the"/>
                </token>
                <token content="bus" id="1-9">
                    <pos type="NN"/>
                    <lemma type="bus"/>
                </token>
                <token content="schedule" id="1-10">
                    <pos type="NN"/>
                    <lemma type="schedule"/>
                    <dep head="1-7" type="dobj"/>
                </token>
                <token content="on" id="1-11"/>
                <token content="the" id="1-12">
                    <pos type="DT"/>
                    <lemma type="the"/>
                </token>
                <token content="internet" id="1-13">
                    <pos type="NN"/>
                    <lemma type="internet"/>
                </token>
                <token content="." id="1-14"/>
            </sentence>
            <sentence id="2">
                <token content="I" id="2-1">
                    <pos type="PRP"/>
                    <lemma type="I"/>
                    <dep head="2-2" type="nsubj"/>
                </token>
                <token content="noticed" id="2-2">
                    <pos type="VBD"/>
                    <lemma type="notice"/>
                </token>
                <token content="the" id="2-3">
                    <pos type="DT"/>
                    <lemma type="the"/>
                </token>
                <token content="bus" id="2-4">
                    <pos type="NN"/>
                    <lemma type="bus"/>
                    <dep head="2-6" type="nsubj"/>
                </token>
                <token content="was" id="2-5">
                    <pos type="VBD"/>
                    <lemma type="be"/>
                    <dep head="2-6" type="aux"/>
                </token>
                <token content="running" id="2-6">
                    <pos type="VBG"/>
                    <lemma type="run"/>
                    <dep head="2-2" type="ccomp"/>
                </token>
                <token content="late" id="2-7">
                    <pos type="JJ"/>
                    <lemma type="late"/>
                </token>
                <token content="today" id="2-8">
                    <pos type="NN"/>
                    <lemma type="today"/>
                    <dep head="2-6" type="tmod"/>
                </token>
                <token content="," id="2-9"/>
                <token content="but" id="2-10"/>
                <token content="I" id="2-11">
                    <pos type="PRP"/>
                    <lemma type="I"/>
                    <dep head="2-12" type="nsubj"/>
                </token>
                <token content="went" id="2-12">
                    <pos type="VBD"/>
                    <lemma type="go"/>
                    <dep head="2-2" type="conj"/>
                </token>
                <token content="outside" id="2-13">
                    <pos type="RB"/>
                    <lemma type="outside"/>
                    <dep head="2-12" type="advmod"/>
                </token>
                <token content="to" id="2-14">
                    <pos type="TO"/>
                    <lemma type="to"/>
                    <dep head="2-15" type="aux"/>
                </token>
                <token content="wait" id="2-15">
                    <pos type="VB"/>
                    <lemma type="wait"/>
                    <dep head="2-12" type="xcomp"/>
                </token>
                <token content="at" id="2-16"/>
                <token content="the" id="2-17">
                    <pos type="DT"/>
                    <lemma type="the"/>
                </token>
                <token content="bus" id="2-18">
                    <pos type="NN"/>
                    <lemma type="bus"/>
                </token>
                <token content="stop" id="2-19">
                    <pos type="NN"/>
                    <lemma type="stop"/>
                    <dep head="2-15" type="prep"/>
                </token>
                <token content="anyway" id="2-20">
                    <pos type="RB"/>
                    <lemma type="anyway"/>
                    <dep head="2-15" type="advmod"/>
                </token>
                <token content="." id="2-21"/>
            </sentence>
            <sentence id="3">
                <token content="The" id="3-1">
                    <pos type="DT"/>
                    <lemma type="the"/>
                </token>
                <token content="bus" id="3-2">
                    <pos type="NN"/>
                    <lemma type="bus"/>
                    <dep head="3-4" type="nsubj"/>
                </token>
                <token content="actually" id="3-3">
                    <pos type="RB"/>
                    <lemma type="actually"/>
                    <dep head="3-4" type="advmod"/>
                </token>
                <token content="arrived" id="3-4">
                    <pos type="VBD"/>
                    <lemma type="arrive"/>
                </token>
                <token content="even" id="3-5">
                    <pos type="RB"/>
                    <lemma type="even"/>
                </token>
                <token content="later" id="3-6">
                    <pos type="RB"/>
                    <lemma type="later"/>
                    <dep head="3-4" type="advmod"/>
                </token>
                <token content="than" id="3-7">
                    <pos type="IN"/>
                    <lemma type="than"/>
                    <dep head="3-10" type="mark"/>
                </token>
                <token content="it" id="3-8">
                    <pos type="PRP"/>
                    <lemma type="it"/>
                    <dep head="3-10" type="nsubjpass"/>
                </token>
                <token content="was" id="3-9">
                    <pos type="VBD"/>
                    <lemma type="be"/>
                    <dep head="3-10" type="auxpass"/>
                </token>
                <token content="estimated" id="3-10">
                    <pos type="VBN"/>
                    <lemma type="estimate"/>
                    <dep head="3-4" type="advcl"/>
                </token>
                <token content="on" id="3-11"/>
                <token content="the" id="3-12">
                    <pos type="DT"/>
                    <lemma type="the"/>
                </token>
                <token content="internet" id="3-13">
                    <pos type="NN"/>
                    <lemma type="internet"/>
                    <dep head="3-10" type="prep"/>
                </token>
                <token content="." id="3-14"/>
            </sentence>
            <sentence id="4">
                <token content="I" id="4-1">
                    <pos type="PRP"/>
                    <lemma type="I"/>
                    <dep head="4-2" type="nsubj"/>
                </token>
                <token content="got" id="4-2">
                    <pos type="VBD"/>
                    <lemma type="get"/>
                </token>
                <token content="onto" id="4-3"/>
                <token content="the" id="4-4">
                    <pos type="DT"/>
                    <lemma type="the"/>
                </token>
                <token content="bus" id="4-5">
                    <pos type="NN"/>
                    <lemma type="bus"/>
                    <dep head="4-2" type="prep"/>
                </token>
                <token content="after" id="4-6">
                    <pos type="IN"/>
                    <lemma type="after"/>
                    <dep head="4-10" type="mark"/>
                </token>
                <token content="the" id="4-7">
                    <pos type="DT"/>
                    <lemma type="the"/>
                </token>
                <token content="arriving" id="4-8">
                    <pos type="JJ"/>
                    <lemma type="arriving"/>
                </token>
                <token content="passengers" id="4-9">
                    <pos type="NNS"/>
                    <lemma type="passenger"/>
                    <dep head="4-10" type="nsubj"/>
                </token>
                <token content="exited" id="4-10">
                    <pos type="VBD"/>
                    <lemma type="exit"/>
                    <dep head="4-2" type="advcl"/>
                </token>
                <token content="." id="4-11"/>
            </sentence>
            <sentence id="5">
                <token content="I" id="5-1">
                    <pos type="PRP"/>
                    <lemma type="I"/>
                    <dep head="5-2" type="nsubj"/>
                </token>
                <token content="paid" id="5-2">
                    <pos type="VBD"/>
                    <lemma type="pay"/>
                </token>
                <token content="with" id="5-3"/>
                <token content="exact" id="5-4">
                    <pos type="JJ"/>
                    <lemma type="exact"/>
                </token>
                <token content="change" id="5-5">
                    <pos type="NN"/>
                    <lemma type="change"/>
                    <dep head="5-2" type="prep"/>
                </token>
                <token content="into" id="5-6"/>
                <token content="the" id="5-7">
                    <pos type="DT"/>
                    <lemma type="the"/>
                </token>
                <token content="money" id="5-8">
                    <pos type="NN"/>
                    <lemma type="money"/>
                </token>
                <token content="collector" id="5-9">
                    <pos type="NN"/>
                    <lemma type="collector"/>
                    <dep head="5-2" type="prep"/>
                </token>
                <token content="." id="5-10"/>
            </sentence>
            <sentence id="6">
                <token content="There" id="6-1">
                    <pos type="EX"/>
                    <lemma type="there"/>
                    <dep head="6-2" type="expl"/>
                </token>
                <token content="were" id="6-2">
                    <pos type="VBD"/>
                    <lemma type="be"/>
                </token>
                <token content="no" id="6-3">
                    <pos type="DT"/>
                    <lemma type="no"/>
                </token>
                <token content="empty" id="6-4">
                    <pos type="JJ"/>
                    <lemma type="empty"/>
                </token>
                <token content="seats" id="6-5">
                    <pos type="NNS"/>
                    <lemma type="seat"/>
                    <dep head="6-2" type="nsubj"/>
                </token>
                <token content="on" id="6-6"/>
                <token content="the" id="6-7">
                    <pos type="DT"/>
                    <lemma type="the"/>
                </token>
                <token content="bus" id="6-8">
                    <pos type="NN"/>
                    <lemma type="bus"/>
                </token>
                <token content="and" id="6-9"/>
                <token content="almost" id="6-10">
                    <pos type="RB"/>
                    <lemma type="almost"/>
                </token>
                <token content="all" id="6-11">
                    <pos type="PDT"/>
                    <lemma type="all"/>
                </token>
                <token content="the" id="6-12">
                    <pos type="DT"/>
                    <lemma type="the"/>
                </token>
                <token content="places" id="6-13">
                    <pos type="VBZ"/>
                    <lemma type="place"/>
                </token>
                <token content="to" id="6-14">
                    <pos type="TO"/>
                    <lemma type="to"/>
                    <dep head="6-15" type="aux"/>
                </token>
                <token content="stand" id="6-15">
                    <pos type="VB"/>
                    <lemma type="stand"/>
                    <dep head="6-13" type="xcomp"/>
                </token>
                <token content="were" id="6-16">
                    <pos type="VBD"/>
                    <lemma type="be"/>
                </token>
                <token content="full" id="6-17">
                    <pos type="JJ"/>
                    <lemma type="full"/>
                    <dep head="6-2" type="conj"/>
                </token>
                <token content="too" id="6-18">
                    <pos type="RB"/>
                    <lemma type="too"/>
                </token>
                <token content="." id="6-19"/>
            </sentence>
            <sentence id="7">
                <token content="I" id="7-1">
                    <pos type="PRP"/>
                    <lemma type="I"/>
                    <dep head="7-2" type="nsubj"/>
                </token>
                <token content="found" id="7-2">
                    <pos type="VBD"/>
                    <lemma type="find"/>
                </token>
                <token content="a" id="7-3">
                    <pos type="DT"/>
                    <lemma type="a"/>
                </token>
                <token content="spot" id="7-4">
                    <pos type="NN"/>
                    <lemma type="spot"/>
                    <dep head="7-2" type="dobj"/>
                </token>
                <token content="next" id="7-5"/>
                <token content="to" id="7-6"/>
                <token content="a" id="7-7">
                    <pos type="DT"/>
                    <lemma type="a"/>
                </token>
                <token content="man" id="7-8">
                    <pos type="NN"/>
                    <lemma type="man"/>
                    <dep head="7-2" type="prep"/>
                </token>
                <token content="who" id="7-9">
                    <pos type="WP"/>
                    <lemma type="who"/>
                    <dep head="7-10" type="nsubj"/>
                </token>
                <token content="smelled" id="7-10">
                    <pos type="VBD"/>
                    <lemma type="smell"/>
                </token>
                <token content="like" id="7-11">
                    <pos type="IN"/>
                    <lemma type="like"/>
                    <dep head="7-14" type="mark"/>
                </token>
                <token content="he" id="7-12">
                    <pos type="PRP"/>
                    <lemma type="he"/>
                    <dep head="7-14" type="nsubj"/>
                </token>
                <token content="was" id="7-13">
                    <pos type="VBD"/>
                    <lemma type="be"/>
                    <dep head="7-14" type="aux"/>
                </token>
                <token content="eating" id="7-14">
                    <pos type="VBG"/>
                    <lemma type="eat"/>
                    <dep head="7-10" type="advcl"/>
                </token>
                <token content="onions" id="7-15">
                    <pos type="NNS"/>
                    <lemma type="onion"/>
                    <dep head="7-14" type="dobj"/>
                </token>
                <token content="." id="7-16"/>
            </sentence>
            <sentence id="8">
                <token content="For" id="8-1"/>
                <token content="the" id="8-2">
                    <pos type="DT"/>
                    <lemma type="the"/>
                </token>
                <token content="next" id="8-3">
                    <pos type="JJ"/>
                    <lemma type="next"/>
                </token>
                <token content="22" id="8-4">
                    <pos type="CD"/>
                    <lemma type="22"/>
                </token>
                <token content="blocks" id="8-5">
                    <pos type="NNS"/>
                    <lemma type="block"/>
                    <dep head="8-7" type="prep"/>
                </token>
                <token content="I" id="8-6">
                    <pos type="PRP"/>
                    <lemma type="I"/>
                    <dep head="8-7" type="nsubj"/>
                </token>
                <token content="had" id="8-7">
                    <pos type="VBD"/>
                    <lemma type="have"/>
                </token>
                <token content="to" id="8-8">
                    <pos type="TO"/>
                    <lemma type="to"/>
                    <dep head="8-9" type="aux"/>
                </token>
                <token content="smell" id="8-9">
                    <pos type="VB"/>
                    <lemma type="smell"/>
                    <dep head="8-7" type="xcomp"/>
                </token>
                <token content="him" id="8-10">
                    <pos type="PRP"/>
                    <lemma type="he"/>
                    <dep head="8-9" type="dobj"/>
                </token>
                <token content="before" id="8-11">
                    <pos type="IN"/>
                    <lemma type="before"/>
                    <dep head="8-13" type="mark"/>
                </token>
                <token content="he" id="8-12">
                    <pos type="PRP"/>
                    <lemma type="he"/>
                    <dep head="8-13" type="nsubj"/>
                </token>
                <token content="exited" id="8-13">
                    <pos type="VBD"/>
                    <lemma type="exit"/>
                    <dep head="8-9" type="advcl"/>
                </token>
                <token content="the" id="8-14">
                    <pos type="DT"/>
                    <lemma type="the"/>
                </token>
                <token content="bus" id="8-15">
                    <pos type="NN"/>
                    <lemma type="bus"/>
                    <dep head="8-13" type="dobj"/>
                </token>
                <token content="." id="8-16"/>
            </sentence>
            <sentence id="9">
                <token content="The" id="9-1">
                    <pos type="DT"/>
                    <lemma type="the"/>
                </token>
                <token content="next" id="9-2">
                    <pos type="JJ"/>
                    <lemma type="next"/>
                </token>
                <token content="person" id="9-3">
                    <pos type="NN"/>
                    <lemma type="person"/>
                </token>
                <token content="who" id="9-4">
                    <pos type="WP"/>
                    <lemma type="who"/>
                    <dep head="9-5" type="nsubj"/>
                </token>
                <token content="stood" id="9-5">
                    <pos type="VBD"/>
                    <lemma type="stand"/>
                </token>
                <token content="by" id="9-6"/>
                <token content="me" id="9-7">
                    <pos type="PRP"/>
                    <lemma type="I"/>
                    <dep head="9-5" type="prep"/>
                </token>
                <token content="was" id="9-8">
                    <pos type="VBD"/>
                    <lemma type="be"/>
                </token>
                <token content="a" id="9-9">
                    <pos type="DT"/>
                    <lemma type="a"/>
                </token>
                <token content="morbidly" id="9-10">
                    <pos type="RB"/>
                    <lemma type="morbidly"/>
                </token>
                <token content="obese" id="9-11">
                    <pos type="JJ"/>
                    <lemma type="obese"/>
                </token>
                <token content="man" id="9-12">
                    <pos type="NN"/>
                    <lemma type="man"/>
                </token>
                <token content="who" id="9-13">
                    <pos type="WP"/>
                    <lemma type="who"/>
                    <dep head="9-14" type="nsubj"/>
                </token>
                <token content="liked" id="9-14">
                    <pos type="VBD"/>
                    <lemma type="like"/>
                </token>
                <token content="to" id="9-15">
                    <pos type="TO"/>
                    <lemma type="to"/>
                    <dep head="9-16" type="aux"/>
                </token>
                <token content="talk" id="9-16">
                    <pos type="VB"/>
                    <lemma type="talk"/>
                    <dep head="9-14" type="xcomp"/>
                </token>
                <token content="about" id="9-17"/>
                <token content="anything" id="9-18">
                    <pos type="NN"/>
                    <lemma type="anything"/>
                    <dep head="9-16" type="prep"/>
                </token>
                <token content="he" id="9-19">
                    <pos type="PRP"/>
                    <lemma type="he"/>
                    <dep head="9-21" type="nsubj"/>
                </token>
                <token content="could" id="9-20">
                    <pos type="MD"/>
                    <lemma type="could"/>
                    <dep head="9-21" type="aux"/>
                </token>
                <token content="think" id="9-21">
                    <pos type="VB"/>
                    <lemma type="think"/>
                </token>
                <token content="of" id="9-22">
                    <pos type="IN"/>
                    <lemma type="of"/>
                    <dep head="9-21" type="prep"/>
                </token>
                <token content="." id="9-23"/>
            </sentence>
            <sentence id="10">
                <token content="I" id="10-1">
                    <pos type="PRP"/>
                    <lemma type="I"/>
                    <dep head="10-2" type="nsubj"/>
                </token>
                <token content="tried" id="10-2">
                    <pos type="VBD"/>
                    <lemma type="try"/>
                </token>
                <token content="to" id="10-3">
                    <pos type="TO"/>
                    <lemma type="to"/>
                    <dep head="10-5" type="aux"/>
                </token>
                <token content="just" id="10-4">
                    <pos type="RB"/>
                    <lemma type="just"/>
                    <dep head="10-5" type="advmod"/>
                </token>
                <token content="look" id="10-5">
                    <pos type="VB"/>
                    <lemma type="look"/>
                    <dep head="10-2" type="xcomp"/>
                </token>
                <token content="out" id="10-6">
                    <pos type="RP"/>
                    <lemma type="out"/>
                    <dep head="10-5" type="prt"/>
                </token>
                <token content="the" id="10-7">
                    <pos type="DT"/>
                    <lemma type="the"/>
                </token>
                <token content="window" id="10-8">
                    <pos type="NN"/>
                    <lemma type="window"/>
                    <dep head="10-5" type="dobj"/>
                </token>
                <token content="because" id="10-9">
                    <pos type="IN"/>
                    <lemma type="because"/>
                </token>
                <token content="it" id="10-10">
                    <pos type="PRP"/>
                    <lemma type="it"/>
                </token>
                <token content="was" id="10-11">
                    <pos type="VBD"/>
                    <lemma type="be"/>
                </token>
                <token content="so" id="10-12">
                    <pos type="RB"/>
                    <lemma type="so"/>
                </token>
                <token content="uncomfortable" id="10-13">
                    <pos type="JJ"/>
                    <lemma type="uncomfortable"/>
                    <dep head="10-2" type="advcl"/>
                </token>
                <token content="." id="10-14"/>
            </sentence>
            <sentence id="11">
                <token content="Finally" id="11-1">
                    <pos type="RB"/>
                    <lemma type="finally"/>
                    <dep head="11-7" type="advmod"/>
                </token>
                <token content="," id="11-2"/>
                <token content="seven" id="11-3">
                    <pos type="CD"/>
                    <lemma type="seven"/>
                </token>
                <token content="blocks" id="11-4">
                    <pos type="NNS"/>
                    <lemma type="block"/>
                </token>
                <token content="later" id="11-5">
                    <pos type="RB"/>
                    <lemma type="later"/>
                    <dep head="11-7" type="advmod"/>
                </token>
                <token content="I" id="11-6">
                    <pos type="PRP"/>
                    <lemma type="I"/>
                    <dep head="11-7" type="nsubj"/>
                </token>
                <token content="was" id="11-7">
                    <pos type="VBD"/>
                    <lemma type="be"/>
                </token>
                <token content="at" id="11-8"/>
                <token content="my" id="11-9">
                    <pos type="PRP$"/>
                    <lemma type="my"/>
                </token>
                <token content="stop" id="11-10">
                    <pos type="NN"/>
                    <lemma type="stop"/>
                    <dep head="11-7" type="prep"/>
                </token>
                <token content="and" id="11-11"/>
                <token content="I" id="11-12">
                    <pos type="PRP"/>
                    <lemma type="I"/>
                    <dep head="11-18" type="nsubjpass"/>
                </token>
                <token content="could" id="11-13">
                    <pos type="MD"/>
                    <lemma type="could"/>
                    <dep head="11-18" type="aux"/>
                </token>
                <token content="not" id="11-14">
                    <pos type="RB"/>
                    <lemma type="not"/>
                    <dep head="11-18" type="neg"/>
                </token>
                <token content="have" id="11-15">
                    <pos type="VB"/>
                    <lemma type="have"/>
                    <dep head="11-18" type="aux"/>
                </token>
                <token content="been" id="11-16">
                    <pos type="VBN"/>
                    <lemma type="be"/>
                    <dep head="11-18" type="auxpass"/>
                </token>
                <token content="more" id="11-17">
                    <pos type="RBR"/>
                    <lemma type="more"/>
                    <dep head="11-18" type="advmod"/>
                </token>
                <token content="relieved" id="11-18">
                    <pos type="VBN"/>
                    <lemma type="relieve"/>
                    <dep head="11-7" type="conj"/>
                </token>
                <token content="." id="11-19"/>
            </sentence>
        </sentences>
    </text>
    <annotations>
        <participants>
            <label from="1-3" id="0" name="ScrPart_passenger" text="my" type="participant"/>
            <label from="1-4" id="1" name="NPart" text="house" type="participant"/>
            <label from="1-6" id="2" name="ScrPart_passenger" text="I" type="participant"/>
            <label from="1-9" id="3" name="ScrPart_time-table" text="bus schedule" to="1-10" type="participant"/>
            <label from="1-10" id="4" name="ScrPart_time-table" text="schedule" type="participant"/>
            <label from="1-13" id="5" name="NPart" text="internet" type="participant"/>
            <label from="2-1" id="6" name="ScrPart_passenger" text="I" type="participant"/>
            <label from="2-4" id="7" name="ScrPart_bus" text="bus" type="participant"/>
            <label from="2-8" id="8" name="ScrPart_time/date" text="today" type="participant"/>
            <label from="2-11" id="9" name="ScrPart_passenger" text="I" type="participant"/>
            <label from="2-18" id="10" name="ScrPart_bus_stop" text="bus stop" to="2-19" type="participant"/>
            <label from="2-19" id="11" name="ScrPart_bus_stop" text="stop" type="participant"/>
            <label from="3-2" id="12" name="ScrPart_bus" text="bus" type="participant"/>
            <label from="3-8" id="13" name="No_label" text="it" type="participant"/>
            <label from="3-13" id="14" name="NPart" text="internet" type="participant"/>
            <label from="4-1" id="15" name="ScrPart_passenger" text="I" type="participant"/>
            <label from="4-5" id="16" name="ScrPart_bus" text="bus" type="participant"/>
            <label from="4-9" id="17" name="ScrPart_passenger" text="passengers" type="participant"/>
            <label from="5-1" id="18" name="ScrPart_passenger" text="I" type="participant"/>
            <label from="5-5" id="19" name="ScrPart_money" text="change" type="participant"/>
            <label from="5-8" id="20" name="ScrPart_payment_machine" text="money collector" to="5-9" type="participant"/>
            <label from="5-9" id="21" name="ScrPart_payment_machine" text="collector" type="participant"/>
            <label from="6-5" id="22" name="ScrPart_seat_in_bus" text="seats" type="participant"/>
            <label from="6-8" id="23" name="ScrPart_bus" text="bus" type="participant"/>
            <label from="6-13" id="24" name="ScrPart_other" text="places" type="participant"/>
            <label from="7-1" id="25" name="ScrPart_passenger" text="I" type="participant"/>
            <label from="7-4" id="26" name="ScrPart_other" text="spot" type="participant"/>
            <label from="7-8" id="27" name="ScrPart_passenger" text="man" type="participant"/>
            <label from="7-12" id="28" name="ScrPart_passenger" text="he" type="participant"/>
            <label from="7-15" id="29" name="NPart" text="onions" type="participant"/>
            <label from="8-5" id="30" name="NPart" text="blocks" type="participant"/>
            <label from="8-6" id="31" name="ScrPart_passenger" text="I" type="participant"/>
            <label from="8-10" id="32" name="ScrPart_passenger" text="him" type="participant"/>
            <label from="8-12" id="33" name="ScrPart_passenger" text="he" type="participant"/>
            <label from="8-15" id="34" name="ScrPart_bus" text="bus" type="participant"/>
            <label from="9-3" id="35" name="ScrPart_passenger" text="person" type="participant"/>
            <label from="9-7" id="36" name="ScrPart_passenger" text="me" type="participant"/>
            <label from="9-12" id="37" name="ScrPart_passenger" text="man" type="participant"/>
            <label from="9-18" id="38" name="NPart" text="anything" type="participant"/>
            <label from="9-19" id="39" name="ScrPart_passenger" text="he" type="participant"/>
            <label from="10-1" id="40" name="ScrPart_passenger" text="I" type="participant"/>
            <label from="10-8" id="41" name="NPart" text="window" type="participant"/>
            <label from="10-10" id="42" name="No_label" text="it" type="participant"/>
            <label from="11-4" id="43" name="NPart" text="blocks" type="participant"/>
            <label from="11-6" id="44" name="ScrPart_passenger" text="I" type="participant"/>
            <label from="11-9" id="45" name="ScrPart_passenger" text="my" type="participant"/>
            <label from="11-10" id="46" name="ScrPart_bus_stop" text="stop" type="participant"/>
            <label from="11-12" id="47" name="ScrPart_passenger" text="I" type="participant"/>
        </participants>
        <events>
            <label from="1-2" id="48" name="RelNScrEv" text="leaving" type="event"/>
            <label from="1-7" id="49" name="ScrEv_check_time-table" text="check" type="event"/>
            <label from="2-2" id="50" name="ScrEv_check_time-table" text="noticed" type="event"/>
            <label from="2-6" id="51" name="RelNScrEv" text="running late" to="2-7" type="event"/>
            <label from="2-12" id="52" name="ScrEv_get_bus_stop" text="went" type="event"/>
            <label from="2-15" id="53" name="ScrEv_wait" text="wait" type="event"/>
            <label from="3-4" id="54" name="ScrEv_bus_comes" text="arrived" type="event"/>
            <label from="3-10" id="55" name="UnrelEv" text="estimated" type="event"/>
            <label from="4-2" id="56" name="ScrEv_board_bus" text="got onto" to="4-3" type="event"/>
            <label from="4-8" id="57" name="Unclear" text="arriving" type="event"/>
            <label from="4-10" id="58" name="ScrEv_get_off" text="exited" type="event"/>
            <label from="5-2" id="59" name="ScrEv_get_ticket" text="paid" type="event"/>
            <label from="6-2" id="60" name="UnrelEv" text="were" type="event"/>
            <label from="6-15" id="61" name="ScrEv_spend_time_bus" text="stand" type="event"/>
            <label from="6-16" id="62" name="UnrelEv" text="were" type="event"/>
            <label from="7-2" id="63" name="ScrEv_find_place" text="found" type="event"/>
            <label from="7-10" id="64" name="UnrelEv" text="smelled" type="event"/>
            <label from="7-14" id="65" name="UnrelEv" text="eating" type="event"/>
            <label from="8-9" id="66" name="UnrelEv" text="smell" type="event"/>
            <label from="8-13" id="67" name="ScrEv_get_off" text="exited" type="event"/>
            <label from="9-5" id="68" name="ScrEv_spend_time_bus" text="stood" type="event"/>
            <label from="9-8" id="69" name="UnrelEv" text="was" type="event"/>
            <label from="9-14" id="70" name="UnrelEv" text="liked" type="event"/>
            <label from="9-16" id="71" name="ScrEv_spend_time_bus" text="talk" type="event"/>
            <label from="9-21" id="72" name="UnrelEv" text="think" type="event"/>
            <label from="10-2" id="73" name="UnrelEv" text="tried" type="event"/>
            <label from="10-5" id="74" name="ScrEv_spend_time_bus" text="look" type="event"/>
            <label from="10-11" id="75" name="UnrelEv" text="was" type="event"/>
            <label from="11-7" id="76" name="UnrelEv" text="was" type="event"/>
            <label from="11-16" id="77" name="UnrelEv" text="been" type="event"/>
        </events>
        <chains>
            <chain elements="0 2 6 9 15 18 25 31 36 40 44 45 47"/>
            <chain elements="7 12 16 23 34"/>
            <chain elements="27 28 32 33"/>
            <chain elements="35 37 39"/>
            <chain elements="24 26"/>
        </chains>
    </annotations>
</story>
