<?xml version="1.0" encoding="UTF-8" standalone="no"?>
<!DOCTYPE story SYSTEM "../InScript.dtd">
<story id="043" scenario="bus">
    <text>
        <content>I really like to take the bus when I have to run errands . 
There is a bus stop right outside of my apartment building . 
When I have to go to the store , I wait at the bus stop . 
When the bus pulls up , I pay the bus fare using quarters . 
It costs six quarters to ride the bus . 
The bus makes lots of different stops before it gets to the grocery store , so I am on it for several minutes . 
I sit quietly in my seat . 
Sometimes other people on the bus will say hello and we will have a small conversation . 
When I get to the store and finish shopping , I wait at another bus stop so I can go home . 
I pay the bus fare again , sit in my seat and patiently wait for the bus to get to my apartment . 
When it stops in front of my apartment , I get off the bus and go inside . </content>
        <sentences>
            <sentence id="1">
                <token content="I" id="1-1">
                    <pos type="PRP"/>
                    <lemma type="I"/>
                    <dep head="1-3" type="nsubj"/>
                </token>
                <token content="really" id="1-2">
                    <pos type="RB"/>
                    <lemma type="really"/>
                    <dep head="1-3" type="advmod"/>
                </token>
                <token content="like" id="1-3">
                    <pos type="VBP"/>
                    <lemma type="like"/>
                </token>
                <token content="to" id="1-4">
                    <pos type="TO"/>
                    <lemma type="to"/>
                    <dep head="1-5" type="aux"/>
                </token>
                <token content="take" id="1-5">
                    <pos type="VB"/>
                    <lemma type="take"/>
                    <dep head="1-3" type="xcomp"/>
                </token>
                <token content="the" id="1-6">
                    <pos type="DT"/>
                    <lemma type="the"/>
                </token>
                <token content="bus" id="1-7">
                    <pos type="NN"/>
                    <lemma type="bus"/>
                    <dep head="1-5" type="dobj"/>
                </token>
                <token content="when" id="1-8">
                    <pos type="WRB"/>
                    <lemma type="when"/>
                    <dep head="1-10" type="advmod"/>
                </token>
                <token content="I" id="1-9">
                    <pos type="PRP"/>
                    <lemma type="I"/>
                    <dep head="1-10" type="nsubj"/>
                </token>
                <token content="have" id="1-10">
                    <pos type="VBP"/>
                    <lemma type="have"/>
                    <dep head="1-5" type="advcl"/>
                </token>
                <token content="to" id="1-11">
                    <pos type="TO"/>
                    <lemma type="to"/>
                    <dep head="1-12" type="aux"/>
                </token>
                <token content="run" id="1-12">
                    <pos type="VB"/>
                    <lemma type="run"/>
                    <dep head="1-10" type="xcomp"/>
                </token>
                <token content="errands" id="1-13">
                    <pos type="NNS"/>
                    <lemma type="errand"/>
                    <dep head="1-12" type="dobj"/>
                </token>
                <token content="." id="1-14"/>
            </sentence>
            <sentence id="2">
                <token content="There" id="2-1">
                    <pos type="EX"/>
                    <lemma type="there"/>
                    <dep head="2-2" type="expl"/>
                </token>
                <token content="is" id="2-2">
                    <pos type="VBZ"/>
                    <lemma type="be"/>
                </token>
                <token content="a" id="2-3">
                    <pos type="DT"/>
                    <lemma type="a"/>
                </token>
                <token content="bus" id="2-4">
                    <pos type="NN"/>
                    <lemma type="bus"/>
                </token>
                <token content="stop" id="2-5">
                    <pos type="NN"/>
                    <lemma type="stop"/>
                    <dep head="2-2" type="nsubj"/>
                </token>
                <token content="right" id="2-6">
                    <pos type="RB"/>
                    <lemma type="right"/>
                </token>
                <token content="outside" id="2-7"/>
                <token content="of" id="2-8"/>
                <token content="my" id="2-9">
                    <pos type="PRP$"/>
                    <lemma type="my"/>
                </token>
                <token content="apartment" id="2-10">
                    <pos type="NN"/>
                    <lemma type="apartment"/>
                </token>
                <token content="building" id="2-11">
                    <pos type="NN"/>
                    <lemma type="building"/>
                </token>
                <token content="." id="2-12"/>
            </sentence>
            <sentence id="3">
                <token content="When" id="3-1">
                    <pos type="WRB"/>
                    <lemma type="when"/>
                    <dep head="3-3" type="advmod"/>
                </token>
                <token content="I" id="3-2">
                    <pos type="PRP"/>
                    <lemma type="I"/>
                    <dep head="3-3" type="nsubj"/>
                </token>
                <token content="have" id="3-3">
                    <pos type="VBP"/>
                    <lemma type="have"/>
                    <dep head="3-11" type="advcl"/>
                </token>
                <token content="to" id="3-4">
                    <pos type="TO"/>
                    <lemma type="to"/>
                    <dep head="3-5" type="aux"/>
                </token>
                <token content="go" id="3-5">
                    <pos type="VB"/>
                    <lemma type="go"/>
                    <dep head="3-3" type="xcomp"/>
                </token>
                <token content="to" id="3-6"/>
                <token content="the" id="3-7">
                    <pos type="DT"/>
                    <lemma type="the"/>
                </token>
                <token content="store" id="3-8">
                    <pos type="NN"/>
                    <lemma type="store"/>
                    <dep head="3-5" type="prep"/>
                </token>
                <token content="," id="3-9"/>
                <token content="I" id="3-10">
                    <pos type="PRP"/>
                    <lemma type="I"/>
                    <dep head="3-11" type="nsubj"/>
                </token>
                <token content="wait" id="3-11">
                    <pos type="VBP"/>
                    <lemma type="wait"/>
                </token>
                <token content="at" id="3-12"/>
                <token content="the" id="3-13">
                    <pos type="DT"/>
                    <lemma type="the"/>
                </token>
                <token content="bus" id="3-14">
                    <pos type="NN"/>
                    <lemma type="bus"/>
                </token>
                <token content="stop" id="3-15">
                    <pos type="NN"/>
                    <lemma type="stop"/>
                    <dep head="3-11" type="prep"/>
                </token>
                <token content="." id="3-16"/>
            </sentence>
            <sentence id="4">
                <token content="When" id="4-1">
                    <pos type="WRB"/>
                    <lemma type="when"/>
                    <dep head="4-4" type="advmod"/>
                </token>
                <token content="the" id="4-2">
                    <pos type="DT"/>
                    <lemma type="the"/>
                </token>
                <token content="bus" id="4-3">
                    <pos type="NN"/>
                    <lemma type="bus"/>
                    <dep head="4-4" type="nsubj"/>
                </token>
                <token content="pulls" id="4-4">
                    <pos type="VBZ"/>
                    <lemma type="pull"/>
                    <dep head="4-8" type="advcl"/>
                </token>
                <token content="up" id="4-5">
                    <pos type="RP"/>
                    <lemma type="up"/>
                    <dep head="4-4" type="prt"/>
                </token>
                <token content="," id="4-6"/>
                <token content="I" id="4-7">
                    <pos type="PRP"/>
                    <lemma type="I"/>
                    <dep head="4-8" type="nsubj"/>
                </token>
                <token content="pay" id="4-8">
                    <pos type="VBP"/>
                    <lemma type="pay"/>
                </token>
                <token content="the" id="4-9">
                    <pos type="DT"/>
                    <lemma type="the"/>
                </token>
                <token content="bus" id="4-10">
                    <pos type="NN"/>
                    <lemma type="bus"/>
                    <dep head="4-11" type="nsubj"/>
                </token>
                <token content="fare" id="4-11">
                    <pos type="VBP"/>
                    <lemma type="fare"/>
                    <dep head="4-8" type="ccomp"/>
                </token>
                <token content="using" id="4-12">
                    <pos type="VBG"/>
                    <lemma type="use"/>
                    <dep head="4-11" type="xcomp"/>
                </token>
                <token content="quarters" id="4-13">
                    <pos type="NNS"/>
                    <lemma type="quarter"/>
                    <dep head="4-12" type="dobj"/>
                </token>
                <token content="." id="4-14"/>
            </sentence>
            <sentence id="5">
                <token content="It" id="5-1">
                    <pos type="PRP"/>
                    <lemma type="it"/>
                    <dep head="5-2" type="nsubj"/>
                </token>
                <token content="costs" id="5-2">
                    <pos type="VBZ"/>
                    <lemma type="cost"/>
                </token>
                <token content="six" id="5-3">
                    <pos type="CD"/>
                    <lemma type="six"/>
                </token>
                <token content="quarters" id="5-4">
                    <pos type="NNS"/>
                    <lemma type="quarter"/>
                    <dep head="5-2" type="dobj"/>
                </token>
                <token content="to" id="5-5">
                    <pos type="TO"/>
                    <lemma type="to"/>
                    <dep head="5-6" type="aux"/>
                </token>
                <token content="ride" id="5-6">
                    <pos type="VB"/>
                    <lemma type="ride"/>
                    <dep head="5-2" type="vmod"/>
                </token>
                <token content="the" id="5-7">
                    <pos type="DT"/>
                    <lemma type="the"/>
                </token>
                <token content="bus" id="5-8">
                    <pos type="NN"/>
                    <lemma type="bus"/>
                    <dep head="5-6" type="dobj"/>
                </token>
                <token content="." id="5-9"/>
            </sentence>
            <sentence id="6">
                <token content="The" id="6-1">
                    <pos type="DT"/>
                    <lemma type="the"/>
                </token>
                <token content="bus" id="6-2">
                    <pos type="NN"/>
                    <lemma type="bus"/>
                    <dep head="6-3" type="nsubj"/>
                </token>
                <token content="makes" id="6-3">
                    <pos type="VBZ"/>
                    <lemma type="make"/>
                </token>
                <token content="lots" id="6-4">
                    <pos type="NNS"/>
                    <lemma type="lot"/>
                    <dep head="6-3" type="dobj"/>
                </token>
                <token content="of" id="6-5"/>
                <token content="different" id="6-6">
                    <pos type="JJ"/>
                    <lemma type="different"/>
                </token>
                <token content="stops" id="6-7">
                    <pos type="NNS"/>
                    <lemma type="stop"/>
                </token>
                <token content="before" id="6-8">
                    <pos type="IN"/>
                    <lemma type="before"/>
                    <dep head="6-10" type="mark"/>
                </token>
                <token content="it" id="6-9">
                    <pos type="PRP"/>
                    <lemma type="it"/>
                    <dep head="6-10" type="nsubj"/>
                </token>
                <token content="gets" id="6-10">
                    <pos type="VBZ"/>
                    <lemma type="get"/>
                    <dep head="6-3" type="advcl"/>
                </token>
                <token content="to" id="6-11"/>
                <token content="the" id="6-12">
                    <pos type="DT"/>
                    <lemma type="the"/>
                </token>
                <token content="grocery" id="6-13">
                    <pos type="NN"/>
                    <lemma type="grocery"/>
                </token>
                <token content="store" id="6-14">
                    <pos type="NN"/>
                    <lemma type="store"/>
                    <dep head="6-10" type="prep"/>
                </token>
                <token content="," id="6-15"/>
                <token content="so" id="6-16">
                    <pos type="IN"/>
                    <lemma type="so"/>
                    <dep head="6-3" type="dep"/>
                </token>
                <token content="I" id="6-17">
                    <pos type="PRP"/>
                    <lemma type="I"/>
                    <dep head="6-18" type="nsubj"/>
                </token>
                <token content="am" id="6-18">
                    <pos type="VBP"/>
                    <lemma type="be"/>
                    <dep head="6-3" type="parataxis"/>
                </token>
                <token content="on" id="6-19"/>
                <token content="it" id="6-20">
                    <pos type="PRP"/>
                    <lemma type="it"/>
                    <dep head="6-18" type="prep"/>
                </token>
                <token content="for" id="6-21"/>
                <token content="several" id="6-22">
                    <pos type="JJ"/>
                    <lemma type="several"/>
                </token>
                <token content="minutes" id="6-23">
                    <pos type="NNS"/>
                    <lemma type="minute"/>
                </token>
                <token content="." id="6-24"/>
            </sentence>
            <sentence id="7">
                <token content="I" id="7-1">
                    <pos type="PRP"/>
                    <lemma type="I"/>
                    <dep head="7-2" type="nsubj"/>
                </token>
                <token content="sit" id="7-2">
                    <pos type="VBP"/>
                    <lemma type="sit"/>
                </token>
                <token content="quietly" id="7-3">
                    <pos type="RB"/>
                    <lemma type="quietly"/>
                    <dep head="7-2" type="advmod"/>
                </token>
                <token content="in" id="7-4"/>
                <token content="my" id="7-5">
                    <pos type="PRP$"/>
                    <lemma type="my"/>
                </token>
                <token content="seat" id="7-6">
                    <pos type="NN"/>
                    <lemma type="seat"/>
                    <dep head="7-2" type="prep"/>
                </token>
                <token content="." id="7-7"/>
            </sentence>
            <sentence id="8">
                <token content="Sometimes" id="8-1">
                    <pos type="RB"/>
                    <lemma type="sometimes"/>
                    <dep head="8-8" type="advmod"/>
                </token>
                <token content="other" id="8-2">
                    <pos type="JJ"/>
                    <lemma type="other"/>
                </token>
                <token content="people" id="8-3">
                    <pos type="NNS"/>
                    <lemma type="people"/>
                    <dep head="8-8" type="nsubj"/>
                </token>
                <token content="on" id="8-4"/>
                <token content="the" id="8-5">
                    <pos type="DT"/>
                    <lemma type="the"/>
                </token>
                <token content="bus" id="8-6">
                    <pos type="NN"/>
                    <lemma type="bus"/>
                </token>
                <token content="will" id="8-7">
                    <pos type="MD"/>
                    <lemma type="will"/>
                    <dep head="8-8" type="aux"/>
                </token>
                <token content="say" id="8-8">
                    <pos type="VB"/>
                    <lemma type="say"/>
                </token>
                <token content="hello" id="8-9">
                    <pos type="UH"/>
                    <lemma type="hello"/>
                    <dep head="8-8" type="dobj"/>
                </token>
                <token content="and" id="8-10"/>
                <token content="we" id="8-11">
                    <pos type="PRP"/>
                    <lemma type="we"/>
                    <dep head="8-13" type="nsubj"/>
                </token>
                <token content="will" id="8-12">
                    <pos type="MD"/>
                    <lemma type="will"/>
                    <dep head="8-13" type="aux"/>
                </token>
                <token content="have" id="8-13">
                    <pos type="VB"/>
                    <lemma type="have"/>
                    <dep head="8-8" type="conj"/>
                </token>
                <token content="a" id="8-14">
                    <pos type="DT"/>
                    <lemma type="a"/>
                </token>
                <token content="small" id="8-15">
                    <pos type="JJ"/>
                    <lemma type="small"/>
                </token>
                <token content="conversation" id="8-16">
                    <pos type="NN"/>
                    <lemma type="conversation"/>
                    <dep head="8-13" type="dobj"/>
                </token>
                <token content="." id="8-17"/>
            </sentence>
            <sentence id="9">
                <token content="When" id="9-1">
                    <pos type="WRB"/>
                    <lemma type="when"/>
                    <dep head="9-3" type="advmod"/>
                </token>
                <token content="I" id="9-2">
                    <pos type="PRP"/>
                    <lemma type="I"/>
                    <dep head="9-3" type="nsubj"/>
                </token>
                <token content="get" id="9-3">
                    <pos type="VBP"/>
                    <lemma type="get"/>
                    <dep head="9-12" type="advcl"/>
                </token>
                <token content="to" id="9-4"/>
                <token content="the" id="9-5">
                    <pos type="DT"/>
                    <lemma type="the"/>
                </token>
                <token content="store" id="9-6">
                    <pos type="NN"/>
                    <lemma type="store"/>
                </token>
                <token content="and" id="9-7"/>
                <token content="finish" id="9-8">
                    <pos type="NN"/>
                    <lemma type="finish"/>
                </token>
                <token content="shopping" id="9-9">
                    <pos type="NN"/>
                    <lemma type="shopping"/>
                    <dep head="9-3" type="prep"/>
                </token>
                <token content="," id="9-10"/>
                <token content="I" id="9-11">
                    <pos type="PRP"/>
                    <lemma type="I"/>
                    <dep head="9-12" type="nsubj"/>
                </token>
                <token content="wait" id="9-12">
                    <pos type="VBP"/>
                    <lemma type="wait"/>
                </token>
                <token content="at" id="9-13"/>
                <token content="another" id="9-14">
                    <pos type="DT"/>
                    <lemma type="another"/>
                </token>
                <token content="bus" id="9-15">
                    <pos type="NN"/>
                    <lemma type="bus"/>
                </token>
                <token content="stop" id="9-16">
                    <pos type="NN"/>
                    <lemma type="stop"/>
                    <dep head="9-12" type="prep"/>
                </token>
                <token content="so" id="9-17">
                    <pos type="IN"/>
                    <lemma type="so"/>
                    <dep head="9-20" type="mark"/>
                </token>
                <token content="I" id="9-18">
                    <pos type="PRP"/>
                    <lemma type="I"/>
                    <dep head="9-20" type="nsubj"/>
                </token>
                <token content="can" id="9-19">
                    <pos type="MD"/>
                    <lemma type="can"/>
                    <dep head="9-20" type="aux"/>
                </token>
                <token content="go" id="9-20">
                    <pos type="VB"/>
                    <lemma type="go"/>
                    <dep head="9-12" type="advcl"/>
                </token>
                <token content="home" id="9-21">
                    <pos type="NN"/>
                    <lemma type="home"/>
                    <dep head="9-20" type="dobj"/>
                </token>
                <token content="." id="9-22"/>
            </sentence>
            <sentence id="10">
                <token content="I" id="10-1">
                    <pos type="PRP"/>
                    <lemma type="I"/>
                    <dep head="10-2" type="nsubj"/>
                </token>
                <token content="pay" id="10-2">
                    <pos type="VBP"/>
                    <lemma type="pay"/>
                </token>
                <token content="the" id="10-3">
                    <pos type="DT"/>
                    <lemma type="the"/>
                </token>
                <token content="bus" id="10-4">
                    <pos type="NN"/>
                    <lemma type="bus"/>
                    <dep head="10-5" type="nsubj"/>
                </token>
                <token content="fare" id="10-5">
                    <pos type="VBP"/>
                    <lemma type="fare"/>
                    <dep head="10-2" type="ccomp"/>
                </token>
                <token content="again" id="10-6">
                    <pos type="RB"/>
                    <lemma type="again"/>
                    <dep head="10-5" type="advmod"/>
                </token>
                <token content="," id="10-7"/>
                <token content="sit" id="10-8">
                    <pos type="VBP"/>
                    <lemma type="sit"/>
                    <dep head="10-5" type="conj"/>
                </token>
                <token content="in" id="10-9"/>
                <token content="my" id="10-10">
                    <pos type="PRP$"/>
                    <lemma type="my"/>
                </token>
                <token content="seat" id="10-11">
                    <pos type="NN"/>
                    <lemma type="seat"/>
                    <dep head="10-8" type="prep"/>
                </token>
                <token content="and" id="10-12"/>
                <token content="patiently" id="10-13">
                    <pos type="RB"/>
                    <lemma type="patiently"/>
                    <dep head="10-14" type="advmod"/>
                </token>
                <token content="wait" id="10-14">
                    <pos type="VBP"/>
                    <lemma type="wait"/>
                    <dep head="10-5" type="conj"/>
                </token>
                <token content="for" id="10-15"/>
                <token content="the" id="10-16">
                    <pos type="DT"/>
                    <lemma type="the"/>
                </token>
                <token content="bus" id="10-17">
                    <pos type="NN"/>
                    <lemma type="bus"/>
                    <dep head="10-14" type="prep"/>
                </token>
                <token content="to" id="10-18">
                    <pos type="TO"/>
                    <lemma type="to"/>
                    <dep head="10-19" type="aux"/>
                </token>
                <token content="get" id="10-19">
                    <pos type="VB"/>
                    <lemma type="get"/>
                    <dep head="10-14" type="xcomp"/>
                </token>
                <token content="to" id="10-20"/>
                <token content="my" id="10-21">
                    <pos type="PRP$"/>
                    <lemma type="my"/>
                </token>
                <token content="apartment" id="10-22">
                    <pos type="NN"/>
                    <lemma type="apartment"/>
                    <dep head="10-19" type="prep"/>
                </token>
                <token content="." id="10-23"/>
            </sentence>
            <sentence id="11">
                <token content="When" id="11-1">
                    <pos type="WRB"/>
                    <lemma type="when"/>
                    <dep head="11-3" type="advmod"/>
                </token>
                <token content="it" id="11-2">
                    <pos type="PRP"/>
                    <lemma type="it"/>
                    <dep head="11-3" type="nsubj"/>
                </token>
                <token content="stops" id="11-3">
                    <pos type="VBZ"/>
                    <lemma type="stop"/>
                    <dep head="11-11" type="advcl"/>
                </token>
                <token content="in" id="11-4"/>
                <token content="front" id="11-5"/>
                <token content="of" id="11-6"/>
                <token content="my" id="11-7">
                    <pos type="PRP$"/>
                    <lemma type="my"/>
                </token>
                <token content="apartment" id="11-8">
                    <pos type="NN"/>
                    <lemma type="apartment"/>
                    <dep head="11-3" type="prep"/>
                </token>
                <token content="," id="11-9"/>
                <token content="I" id="11-10">
                    <pos type="PRP"/>
                    <lemma type="I"/>
                    <dep head="11-11" type="nsubj"/>
                </token>
                <token content="get" id="11-11">
                    <pos type="VBP"/>
                    <lemma type="get"/>
                </token>
                <token content="off" id="11-12">
                    <pos type="RP"/>
                    <lemma type="off"/>
                    <dep head="11-11" type="prt"/>
                </token>
                <token content="the" id="11-13">
                    <pos type="DT"/>
                    <lemma type="the"/>
                </token>
                <token content="bus" id="11-14">
                    <pos type="NN"/>
                    <lemma type="bus"/>
                    <dep head="11-11" type="dobj"/>
                </token>
                <token content="and" id="11-15"/>
                <token content="go" id="11-16">
                    <pos type="VBP"/>
                    <lemma type="go"/>
                    <dep head="11-11" type="conj"/>
                </token>
                <token content="inside" id="11-17">
                    <pos type="RB"/>
                    <lemma type="inside"/>
                    <dep head="11-16" type="advmod"/>
                </token>
                <token content="." id="11-18"/>
            </sentence>
        </sentences>
    </text>
    <annotations>
        <participants>
            <label from="1-1" id="0" name="ScrPart_passenger" text="I" type="participant"/>
            <label from="1-7" id="1" name="ScrPart_bus" text="bus" type="participant"/>
            <label from="1-9" id="2" name="ScrPart_passenger" text="I" type="participant"/>
            <label from="1-13" id="3" name="NPart" text="errands" type="participant"/>
            <label from="2-4" id="4" name="ScrPart_bus_stop" text="bus stop" to="2-5" type="participant"/>
            <label from="2-5" id="5" name="ScrPart_bus_stop" text="stop" type="participant"/>
            <label from="2-9" id="6" name="ScrPart_passenger" text="my" type="participant"/>
            <label from="2-10" id="7" name="NPart" text="apartment building" to="2-11" type="participant"/>
            <label from="2-11" id="8" name="NPart" text="building" type="participant"/>
            <label from="3-2" id="9" name="ScrPart_passenger" text="I" type="participant"/>
            <label from="3-8" id="10" name="NPart" text="store" type="participant"/>
            <label from="3-10" id="11" name="ScrPart_passenger" text="I" type="participant"/>
            <label from="3-14" id="12" name="ScrPart_bus_stop" text="bus stop" to="3-15" type="participant"/>
            <label from="3-15" id="13" name="ScrPart_bus_stop" text="stop" type="participant"/>
            <label from="4-3" id="14" name="ScrPart_bus" text="bus" type="participant"/>
            <label from="4-7" id="15" name="ScrPart_passenger" text="I" type="participant"/>
            <label from="4-10" id="16" name="ScrPart_money" text="bus fare" to="4-11" type="participant"/>
            <label from="4-11" id="17" name="ScrPart_money" text="fare" type="participant"/>
            <label from="4-13" id="18" name="ScrPart_money" text="quarters" type="participant"/>
            <label from="5-1" id="19" name="No_label" text="It" type="participant"/>
            <label from="5-4" id="20" name="ScrPart_money" text="quarters" type="participant"/>
            <label from="5-8" id="21" name="ScrPart_bus" text="bus" type="participant"/>
            <label from="6-2" id="22" name="ScrPart_bus" text="bus" type="participant"/>
            <label from="6-4" id="23" name="Head_of_Partitive" text="lots" type="participant"/>
            <label from="6-7" id="24" name="ScrPart_bus_stop" text="stops" type="participant"/>
            <label from="6-9" id="25" name="ScrPart_bus" text="it" type="participant"/>
            <label from="6-13" id="26" name="ScrPart_destination" text="grocery store" to="6-14" type="participant"/>
            <label from="6-14" id="27" name="ScrPart_destination" text="store" type="participant"/>
            <label from="6-17" id="28" name="ScrPart_passenger" text="I" type="participant"/>
            <label from="6-20" id="29" name="ScrPart_bus" text="it" type="participant"/>
            <label from="6-23" id="30" name="ScrPart_time/date" text="minutes" type="participant"/>
            <label from="7-1" id="31" name="ScrPart_passenger" text="I" type="participant"/>
            <label from="7-5" id="32" name="ScrPart_passenger" text="my" type="participant"/>
            <label from="7-6" id="33" name="ScrPart_seat_in_bus" text="seat" type="participant"/>
            <label from="8-3" id="34" name="ScrPart_passenger" text="people" type="participant"/>
            <label from="8-6" id="35" name="ScrPart_bus" text="bus" type="participant"/>
            <label from="8-9" id="36" name="NPart" text="hello" type="participant"/>
            <label from="8-11" id="37" name="ScrPart_passenger" text="we" type="participant"/>
            <label from="8-16" id="38" name="ScrPart_in-bus_entertainment" text="conversation" type="participant"/>
            <label from="9-2" id="39" name="ScrPart_passenger" text="I" type="participant"/>
            <label from="9-6" id="40" name="ScrPart_destination" text="store" type="participant"/>
            <label from="9-11" id="41" name="ScrPart_passenger" text="I" type="participant"/>
            <label from="9-15" id="42" name="ScrPart_bus_stop" text="bus stop" to="9-16" type="participant"/>
            <label from="9-16" id="43" name="ScrPart_bus_stop" text="stop" type="participant"/>
            <label from="9-18" id="44" name="ScrPart_passenger" text="I" type="participant"/>
            <label from="9-21" id="45" name="ScrPart_destination" text="home" type="participant"/>
            <label from="10-1" id="46" name="ScrPart_passenger" text="I" type="participant"/>
            <label from="10-4" id="47" name="ScrPart_money" text="bus fare" to="10-5" type="participant"/>
            <label from="10-10" id="48" name="ScrPart_passenger" text="my" type="participant"/>
            <label from="10-11" id="49" name="ScrPart_seat_in_bus" text="seat" type="participant"/>
            <label from="10-17" id="50" name="ScrPart_bus" text="bus" type="participant"/>
            <label from="10-21" id="51" name="ScrPart_passenger" text="my" type="participant"/>
            <label from="10-22" id="52" name="ScrPart_destination" text="apartment" type="participant"/>
            <label from="11-2" id="53" name="ScrPart_bus" text="it" type="participant"/>
            <label from="11-7" id="54" name="ScrPart_passenger" text="my" type="participant"/>
            <label from="11-8" id="55" name="ScrPart_destination" text="apartment" type="participant"/>
            <label from="11-10" id="56" name="ScrPart_passenger" text="I" type="participant"/>
            <label from="11-14" id="57" name="ScrPart_bus" text="bus" type="participant"/>
        </participants>
        <events>
            <label from="1-3" id="58" name="UnrelEv" text="like" type="event"/>
            <label from="1-5" id="59" name="Evoking" text="take the bus" to="1-7" type="event"/>
            <label from="1-12" id="60" name="UnrelEv" text="run" type="event"/>
            <label from="2-2" id="61" name="UnrelEv" text="is" type="event"/>
            <label from="3-5" id="62" name="UnrelEv" text="go" type="event"/>
            <label from="3-11" id="63" name="ScrEv_wait" text="wait" type="event"/>
            <label from="4-4" id="64" name="ScrEv_bus_comes" text="pulls up" to="4-5" type="event"/>
            <label from="4-8" id="65" name="ScrEv_get_ticket" text="pay" type="event"/>
            <label from="4-12" id="66" name="UnrelEv" text="using" type="event"/>
            <label from="5-2" id="67" name="ScrEv_get_ticket" text="costs" type="event"/>
            <label from="5-6" id="68" name="Evoking" text="ride the bus" to="5-8" type="event"/>
            <label from="6-3" id="69" name="ScrEv_bus_stops" text="makes" type="event"/>
            <label from="6-10" id="70" name="ScrEv_bus_stops" text="gets" type="event"/>
            <label from="6-18" id="71" name="ScrEv_ride" text="am on" to="6-19" type="event"/>
            <label from="7-2" id="72" name="ScrEv_find_place" text="sit" type="event"/>
            <label from="8-8" id="73" name="ScrEv_spend_time_bus" text="say" type="event"/>
            <label from="8-13" id="74" name="ScrEv_spend_time_bus" text="have" type="event"/>
            <label from="9-3" id="75" name="ScrEv_bus_stops" text="get" type="event"/>
            <label from="9-8" id="76" name="UnrelEv" text="finish" type="event"/>
            <label from="9-9" id="77" name="UnrelEv" text="shopping" type="event"/>
            <label from="9-12" id="78" name="ScrEv_wait" text="wait" type="event"/>
            <label from="9-20" id="79" name="Evoking" text="go" type="event"/>
            <label from="10-2" id="80" name="ScrEv_get_ticket" text="pay" type="event"/>
            <label from="10-8" id="81" name="ScrEv_find_place" text="sit" type="event"/>
            <label from="10-14" id="82" name="ScrEv_ride" text="wait for" to="10-15" type="event"/>
            <label from="10-19" id="83" name="ScrEv_bus_stops" text="get to" to="10-20" type="event"/>
            <label from="11-3" id="84" name="ScrEv_bus_stops" text="stops" type="event"/>
            <label from="11-11" id="85" name="ScrEv_get_off" text="get off" to="11-12" type="event"/>
            <label from="11-16" id="86" name="UnrelEv" text="go" type="event"/>
        </events>
        <chains>
            <chain elements="2 0 6 9 11 15 28 31 32 39 41 44 46 48 51 54 56"/>
            <chain elements="14 1 21 22 25 29 35 50 53 57"/>
            <chain elements="13 5"/>
            <chain elements="18 17 20 47"/>
            <chain elements="40 27"/>
            <chain elements="37 32 34" name="coref3_group_I_people"/>
            <chain elements="49 33"/>
            <chain elements="52 45 55"/>
        </chains>
    </annotations>
</story>
