<?xml version="1.0" encoding="UTF-8" standalone="no"?>
<!DOCTYPE story SYSTEM "../InScript.dtd">
<story id="035" scenario="bus">
    <text>
        <content>I live in an area with good train and bus coverage . 
I typically choose the train as it is more predictable but for some parts of the city that the train can not reach , I will take the bus . 
The bus stations are typically outdoors so depending on where I 'm going I 'll head to the nearest bus stop . 
There 's an app that shoes when the next bus is coming so I 'll take out my phone to see how long the wait is . 
Typically the wait is about 10-15 minutes . 
Once the bus arrives , I take out my transit card to tap on the machine that collects the fare . 
This is done at the very beginning at the entrance of the bus . 
Once I hear the beep notifying me that the fare has been collected I will take a seat upstairs if it 's a double decker bus . 
The view is much better from the top and there are usually seats at the top . 
Now it 's time to sit back and enjoy the ride and get off at my destination . </content>
        <sentences>
            <sentence id="1">
                <token content="I" id="1-1">
                    <pos type="PRP"/>
                    <lemma type="I"/>
                    <dep head="1-2" type="nsubj"/>
                </token>
                <token content="live" id="1-2">
                    <pos type="VBP"/>
                    <lemma type="live"/>
                </token>
                <token content="in" id="1-3"/>
                <token content="an" id="1-4">
                    <pos type="DT"/>
                    <lemma type="a"/>
                </token>
                <token content="area" id="1-5">
                    <pos type="NN"/>
                    <lemma type="area"/>
                    <dep head="1-2" type="prep"/>
                </token>
                <token content="with" id="1-6"/>
                <token content="good" id="1-7">
                    <pos type="JJ"/>
                    <lemma type="good"/>
                </token>
                <token content="train" id="1-8">
                    <pos type="NN"/>
                    <lemma type="train"/>
                </token>
                <token content="and" id="1-9"/>
                <token content="bus" id="1-10">
                    <pos type="NN"/>
                    <lemma type="bus"/>
                </token>
                <token content="coverage" id="1-11">
                    <pos type="NN"/>
                    <lemma type="coverage"/>
                </token>
                <token content="." id="1-12"/>
            </sentence>
            <sentence id="2">
                <token content="I" id="2-1">
                    <pos type="PRP"/>
                    <lemma type="I"/>
                    <dep head="2-3" type="nsubj"/>
                </token>
                <token content="typically" id="2-2">
                    <pos type="RB"/>
                    <lemma type="typically"/>
                    <dep head="2-3" type="advmod"/>
                </token>
                <token content="choose" id="2-3">
                    <pos type="VB"/>
                    <lemma type="choose"/>
                    <dep head="2-27" type="ccomp"/>
                </token>
                <token content="the" id="2-4">
                    <pos type="DT"/>
                    <lemma type="the"/>
                </token>
                <token content="train" id="2-5">
                    <pos type="NN"/>
                    <lemma type="train"/>
                    <dep head="2-3" type="dobj"/>
                </token>
                <token content="as" id="2-6">
                    <pos type="IN"/>
                    <lemma type="as"/>
                </token>
                <token content="it" id="2-7">
                    <pos type="PRP"/>
                    <lemma type="it"/>
                </token>
                <token content="is" id="2-8">
                    <pos type="VBZ"/>
                    <lemma type="be"/>
                </token>
                <token content="more" id="2-9">
                    <pos type="RBR"/>
                    <lemma type="more"/>
                </token>
                <token content="predictable" id="2-10">
                    <pos type="JJ"/>
                    <lemma type="predictable"/>
                    <dep head="2-3" type="advcl"/>
                </token>
                <token content="but" id="2-11">
                    <pos type="CC"/>
                    <lemma type="but"/>
                </token>
                <token content="for" id="2-12"/>
                <token content="some" id="2-13">
                    <pos type="DT"/>
                    <lemma type="some"/>
                </token>
                <token content="parts" id="2-14">
                    <pos type="NNS"/>
                    <lemma type="part"/>
                </token>
                <token content="of" id="2-15"/>
                <token content="the" id="2-16">
                    <pos type="DT"/>
                    <lemma type="the"/>
                </token>
                <token content="city" id="2-17">
                    <pos type="NN"/>
                    <lemma type="city"/>
                </token>
                <token content="that" id="2-18">
                    <pos type="IN"/>
                    <lemma type="that"/>
                    <dep head="2-23" type="mark"/>
                </token>
                <token content="the" id="2-19">
                    <pos type="DT"/>
                    <lemma type="the"/>
                </token>
                <token content="train" id="2-20">
                    <pos type="NN"/>
                    <lemma type="train"/>
                    <dep head="2-23" type="nsubj"/>
                </token>
                <token content="can" id="2-21">
                    <pos type="MD"/>
                    <lemma type="can"/>
                    <dep head="2-23" type="aux"/>
                </token>
                <token content="not" id="2-22">
                    <pos type="RB"/>
                    <lemma type="not"/>
                    <dep head="2-23" type="neg"/>
                </token>
                <token content="reach" id="2-23">
                    <pos type="VB"/>
                    <lemma type="reach"/>
                </token>
                <token content="," id="2-24"/>
                <token content="I" id="2-25">
                    <pos type="PRP"/>
                    <lemma type="I"/>
                    <dep head="2-27" type="nsubj"/>
                </token>
                <token content="will" id="2-26">
                    <pos type="MD"/>
                    <lemma type="will"/>
                    <dep head="2-27" type="aux"/>
                </token>
                <token content="take" id="2-27">
                    <pos type="VB"/>
                    <lemma type="take"/>
                </token>
                <token content="the" id="2-28">
                    <pos type="DT"/>
                    <lemma type="the"/>
                </token>
                <token content="bus" id="2-29">
                    <pos type="NN"/>
                    <lemma type="bus"/>
                    <dep head="2-27" type="dobj"/>
                </token>
                <token content="." id="2-30"/>
            </sentence>
            <sentence id="3">
                <token content="The" id="3-1">
                    <pos type="DT"/>
                    <lemma type="the"/>
                </token>
                <token content="bus" id="3-2">
                    <pos type="NN"/>
                    <lemma type="bus"/>
                </token>
                <token content="stations" id="3-3">
                    <pos type="NNS"/>
                    <lemma type="station"/>
                </token>
                <token content="are" id="3-4">
                    <pos type="VBP"/>
                    <lemma type="be"/>
                </token>
                <token content="typically" id="3-5">
                    <pos type="RB"/>
                    <lemma type="typically"/>
                </token>
                <token content="outdoors" id="3-6">
                    <pos type="JJ"/>
                    <lemma type="outdoors"/>
                </token>
                <token content="so" id="3-7">
                    <pos type="RB"/>
                    <lemma type="so"/>
                </token>
                <token content="depending" id="3-8"/>
                <token content="on" id="3-9">
                    <pos type="IN"/>
                    <lemma type="on"/>
                </token>
                <token content="where" id="3-10">
                    <pos type="WRB"/>
                    <lemma type="where"/>
                    <dep head="3-13" type="advmod"/>
                </token>
                <token content="I" id="3-11">
                    <pos type="PRP"/>
                    <lemma type="I"/>
                    <dep head="3-13" type="nsubj"/>
                </token>
                <token content="'m" id="3-12">
                    <pos type="VBP"/>
                    <lemma type="be"/>
                    <dep head="3-13" type="aux"/>
                </token>
                <token content="going" id="3-13">
                    <pos type="VBG"/>
                    <lemma type="go"/>
                </token>
                <token content="I" id="3-14">
                    <pos type="PRP"/>
                    <lemma type="I"/>
                    <dep head="3-16" type="nsubj"/>
                </token>
                <token content="'ll" id="3-15">
                    <pos type="MD"/>
                    <lemma type="'ll"/>
                    <dep head="3-16" type="aux"/>
                </token>
                <token content="head" id="3-16">
                    <pos type="VB"/>
                    <lemma type="head"/>
                    <dep head="3-13" type="ccomp"/>
                </token>
                <token content="to" id="3-17"/>
                <token content="the" id="3-18">
                    <pos type="DT"/>
                    <lemma type="the"/>
                </token>
                <token content="nearest" id="3-19">
                    <pos type="JJS"/>
                    <lemma type="nearest"/>
                </token>
                <token content="bus" id="3-20">
                    <pos type="NN"/>
                    <lemma type="bus"/>
                </token>
                <token content="stop" id="3-21">
                    <pos type="NN"/>
                    <lemma type="stop"/>
                    <dep head="3-16" type="prep"/>
                </token>
                <token content="." id="3-22"/>
            </sentence>
            <sentence id="4">
                <token content="There" id="4-1">
                    <pos type="EX"/>
                    <lemma type="there"/>
                    <dep head="4-2" type="expl"/>
                </token>
                <token content="'s" id="4-2">
                    <pos type="VBZ"/>
                    <lemma type="be"/>
                </token>
                <token content="an" id="4-3">
                    <pos type="DT"/>
                    <lemma type="a"/>
                </token>
                <token content="app" id="4-4">
                    <pos type="NN"/>
                    <lemma type="app"/>
                    <dep head="4-2" type="nsubj"/>
                </token>
                <token content="that" id="4-5">
                    <pos type="IN"/>
                    <lemma type="that"/>
                    <dep head="4-21" type="mark"/>
                </token>
                <token content="shoes" id="4-6">
                    <pos type="NNS"/>
                    <lemma type="shoe"/>
                    <dep head="4-21" type="nsubj"/>
                </token>
                <token content="when" id="4-7">
                    <pos type="WRB"/>
                    <lemma type="when"/>
                    <dep head="4-12" type="advmod"/>
                </token>
                <token content="the" id="4-8">
                    <pos type="DT"/>
                    <lemma type="the"/>
                </token>
                <token content="next" id="4-9">
                    <pos type="JJ"/>
                    <lemma type="next"/>
                </token>
                <token content="bus" id="4-10">
                    <pos type="NN"/>
                    <lemma type="bus"/>
                    <dep head="4-12" type="nsubj"/>
                </token>
                <token content="is" id="4-11">
                    <pos type="VBZ"/>
                    <lemma type="be"/>
                    <dep head="4-12" type="aux"/>
                </token>
                <token content="coming" id="4-12">
                    <pos type="VBG"/>
                    <lemma type="come"/>
                </token>
                <token content="so" id="4-13">
                    <pos type="IN"/>
                    <lemma type="so"/>
                    <dep head="4-16" type="mark"/>
                </token>
                <token content="I" id="4-14">
                    <pos type="PRP"/>
                    <lemma type="I"/>
                    <dep head="4-16" type="nsubj"/>
                </token>
                <token content="'ll" id="4-15">
                    <pos type="MD"/>
                    <lemma type="'ll"/>
                    <dep head="4-16" type="aux"/>
                </token>
                <token content="take" id="4-16">
                    <pos type="VB"/>
                    <lemma type="take"/>
                    <dep head="4-12" type="advcl"/>
                </token>
                <token content="out" id="4-17">
                    <pos type="RP"/>
                    <lemma type="out"/>
                    <dep head="4-16" type="prt"/>
                </token>
                <token content="my" id="4-18">
                    <pos type="PRP$"/>
                    <lemma type="my"/>
                </token>
                <token content="phone" id="4-19">
                    <pos type="NN"/>
                    <lemma type="phone"/>
                    <dep head="4-16" type="dobj"/>
                </token>
                <token content="to" id="4-20">
                    <pos type="TO"/>
                    <lemma type="to"/>
                    <dep head="4-21" type="aux"/>
                </token>
                <token content="see" id="4-21">
                    <pos type="VB"/>
                    <lemma type="see"/>
                    <dep head="4-2" type="ccomp"/>
                </token>
                <token content="how" id="4-22">
                    <pos type="WRB"/>
                    <lemma type="how"/>
                </token>
                <token content="long" id="4-23">
                    <pos type="RB"/>
                    <lemma type="long"/>
                    <dep head="4-26" type="advmod"/>
                </token>
                <token content="the" id="4-24">
                    <pos type="DT"/>
                    <lemma type="the"/>
                </token>
                <token content="wait" id="4-25">
                    <pos type="NN"/>
                    <lemma type="wait"/>
                    <dep head="4-26" type="nsubj"/>
                </token>
                <token content="is" id="4-26">
                    <pos type="VBZ"/>
                    <lemma type="be"/>
                    <dep head="4-21" type="ccomp"/>
                </token>
                <token content="." id="4-27"/>
            </sentence>
            <sentence id="5">
                <token content="Typically" id="5-1">
                    <pos type="RB"/>
                    <lemma type="typically"/>
                    <dep head="5-4" type="advmod"/>
                </token>
                <token content="the" id="5-2">
                    <pos type="DT"/>
                    <lemma type="the"/>
                </token>
                <token content="wait" id="5-3">
                    <pos type="NN"/>
                    <lemma type="wait"/>
                    <dep head="5-4" type="nsubj"/>
                </token>
                <token content="is" id="5-4">
                    <pos type="VBZ"/>
                    <lemma type="be"/>
                </token>
                <token content="about" id="5-5"/>
                <token content="10-15" id="5-6">
                    <pos type="CD"/>
                    <lemma type="10-15"/>
                </token>
                <token content="minutes" id="5-7">
                    <pos type="NNS"/>
                    <lemma type="minute"/>
                    <dep head="5-4" type="prep"/>
                </token>
                <token content="." id="5-8"/>
            </sentence>
            <sentence id="6">
                <token content="Once" id="6-1">
                    <pos type="IN"/>
                    <lemma type="once"/>
                    <dep head="6-4" type="mark"/>
                </token>
                <token content="the" id="6-2">
                    <pos type="DT"/>
                    <lemma type="the"/>
                </token>
                <token content="bus" id="6-3">
                    <pos type="NN"/>
                    <lemma type="bus"/>
                    <dep head="6-4" type="nsubj"/>
                </token>
                <token content="arrives" id="6-4">
                    <pos type="VBZ"/>
                    <lemma type="arrive"/>
                    <dep head="6-7" type="advcl"/>
                </token>
                <token content="," id="6-5"/>
                <token content="I" id="6-6">
                    <pos type="PRP"/>
                    <lemma type="I"/>
                    <dep head="6-7" type="nsubj"/>
                </token>
                <token content="take" id="6-7">
                    <pos type="VBP"/>
                    <lemma type="take"/>
                </token>
                <token content="out" id="6-8">
                    <pos type="RP"/>
                    <lemma type="out"/>
                    <dep head="6-7" type="prt"/>
                </token>
                <token content="my" id="6-9">
                    <pos type="PRP$"/>
                    <lemma type="my"/>
                </token>
                <token content="transit" id="6-10">
                    <pos type="NN"/>
                    <lemma type="transit"/>
                </token>
                <token content="card" id="6-11">
                    <pos type="NN"/>
                    <lemma type="card"/>
                    <dep head="6-7" type="dobj"/>
                </token>
                <token content="to" id="6-12">
                    <pos type="TO"/>
                    <lemma type="to"/>
                    <dep head="6-13" type="aux"/>
                </token>
                <token content="tap" id="6-13">
                    <pos type="VB"/>
                    <lemma type="tap"/>
                    <dep head="6-7" type="vmod"/>
                </token>
                <token content="on" id="6-14"/>
                <token content="the" id="6-15">
                    <pos type="DT"/>
                    <lemma type="the"/>
                </token>
                <token content="machine" id="6-16">
                    <pos type="NN"/>
                    <lemma type="machine"/>
                    <dep head="6-13" type="prep"/>
                </token>
                <token content="that" id="6-17">
                    <pos type="WDT"/>
                    <lemma type="that"/>
                    <dep head="6-18" type="nsubj"/>
                </token>
                <token content="collects" id="6-18">
                    <pos type="VBZ"/>
                    <lemma type="collect"/>
                </token>
                <token content="the" id="6-19">
                    <pos type="DT"/>
                    <lemma type="the"/>
                </token>
                <token content="fare" id="6-20">
                    <pos type="NN"/>
                    <lemma type="fare"/>
                    <dep head="6-18" type="dobj"/>
                </token>
                <token content="." id="6-21"/>
            </sentence>
            <sentence id="7">
                <token content="This" id="7-1">
                    <pos type="DT"/>
                    <lemma type="this"/>
                    <dep head="7-3" type="nsubjpass"/>
                </token>
                <token content="is" id="7-2">
                    <pos type="VBZ"/>
                    <lemma type="be"/>
                    <dep head="7-3" type="auxpass"/>
                </token>
                <token content="done" id="7-3">
                    <pos type="VBN"/>
                    <lemma type="do"/>
                </token>
                <token content="at" id="7-4"/>
                <token content="the" id="7-5">
                    <pos type="DT"/>
                    <lemma type="the"/>
                </token>
                <token content="very" id="7-6">
                    <pos type="JJ"/>
                    <lemma type="very"/>
                </token>
                <token content="beginning" id="7-7">
                    <pos type="NN"/>
                    <lemma type="beginning"/>
                    <dep head="7-3" type="prep"/>
                </token>
                <token content="at" id="7-8"/>
                <token content="the" id="7-9">
                    <pos type="DT"/>
                    <lemma type="the"/>
                </token>
                <token content="entrance" id="7-10">
                    <pos type="NN"/>
                    <lemma type="entrance"/>
                    <dep head="7-3" type="prep"/>
                </token>
                <token content="of" id="7-11"/>
                <token content="the" id="7-12">
                    <pos type="DT"/>
                    <lemma type="the"/>
                </token>
                <token content="bus" id="7-13">
                    <pos type="NN"/>
                    <lemma type="bus"/>
                </token>
                <token content="." id="7-14"/>
            </sentence>
            <sentence id="8">
                <token content="Once" id="8-1">
                    <pos type="IN"/>
                    <lemma type="once"/>
                    <dep head="8-3" type="mark"/>
                </token>
                <token content="I" id="8-2">
                    <pos type="PRP"/>
                    <lemma type="I"/>
                    <dep head="8-3" type="nsubj"/>
                </token>
                <token content="hear" id="8-3">
                    <pos type="VBP"/>
                    <lemma type="hear"/>
                    <dep head="8-16" type="advcl"/>
                </token>
                <token content="the" id="8-4">
                    <pos type="DT"/>
                    <lemma type="the"/>
                </token>
                <token content="beep" id="8-5">
                    <pos type="NN"/>
                    <lemma type="beep"/>
                    <dep head="8-3" type="dobj"/>
                </token>
                <token content="notifying" id="8-6">
                    <pos type="VBG"/>
                    <lemma type="notify"/>
                </token>
                <token content="me" id="8-7">
                    <pos type="PRP"/>
                    <lemma type="I"/>
                    <dep head="8-6" type="dobj"/>
                </token>
                <token content="that" id="8-8">
                    <pos type="IN"/>
                    <lemma type="that"/>
                    <dep head="8-13" type="mark"/>
                </token>
                <token content="the" id="8-9">
                    <pos type="DT"/>
                    <lemma type="the"/>
                </token>
                <token content="fare" id="8-10">
                    <pos type="NN"/>
                    <lemma type="fare"/>
                    <dep head="8-13" type="nsubjpass"/>
                </token>
                <token content="has" id="8-11">
                    <pos type="VBZ"/>
                    <lemma type="have"/>
                    <dep head="8-13" type="aux"/>
                </token>
                <token content="been" id="8-12">
                    <pos type="VBN"/>
                    <lemma type="be"/>
                    <dep head="8-13" type="auxpass"/>
                </token>
                <token content="collected" id="8-13">
                    <pos type="VBN"/>
                    <lemma type="collect"/>
                    <dep head="8-6" type="ccomp"/>
                </token>
                <token content="I" id="8-14">
                    <pos type="PRP"/>
                    <lemma type="I"/>
                    <dep head="8-16" type="nsubj"/>
                </token>
                <token content="will" id="8-15">
                    <pos type="MD"/>
                    <lemma type="will"/>
                    <dep head="8-16" type="aux"/>
                </token>
                <token content="take" id="8-16">
                    <pos type="VB"/>
                    <lemma type="take"/>
                </token>
                <token content="a" id="8-17">
                    <pos type="DT"/>
                    <lemma type="a"/>
                </token>
                <token content="seat" id="8-18">
                    <pos type="NN"/>
                    <lemma type="seat"/>
                </token>
                <token content="upstairs" id="8-19">
                    <pos type="NN"/>
                    <lemma type="upstairs"/>
                    <dep head="8-16" type="dobj"/>
                </token>
                <token content="if" id="8-20">
                    <pos type="IN"/>
                    <lemma type="if"/>
                </token>
                <token content="it" id="8-21">
                    <pos type="PRP"/>
                    <lemma type="it"/>
                </token>
                <token content="'s" id="8-22">
                    <pos type="VBZ"/>
                    <lemma type="be"/>
                </token>
                <token content="a" id="8-23">
                    <pos type="DT"/>
                    <lemma type="a"/>
                </token>
                <token content="double" id="8-24">
                    <pos type="JJ"/>
                    <lemma type="double"/>
                </token>
                <token content="decker" id="8-25">
                    <pos type="NN"/>
                    <lemma type="decker"/>
                </token>
                <token content="bus" id="8-26">
                    <pos type="NN"/>
                    <lemma type="bus"/>
                    <dep head="8-16" type="advcl"/>
                </token>
                <token content="." id="8-27"/>
            </sentence>
            <sentence id="9">
                <token content="The" id="9-1">
                    <pos type="DT"/>
                    <lemma type="the"/>
                </token>
                <token content="view" id="9-2">
                    <pos type="NN"/>
                    <lemma type="view"/>
                </token>
                <token content="is" id="9-3">
                    <pos type="VBZ"/>
                    <lemma type="be"/>
                </token>
                <token content="much" id="9-4">
                    <pos type="RB"/>
                    <lemma type="much"/>
                </token>
                <token content="better" id="9-5">
                    <pos type="JJR"/>
                    <lemma type="better"/>
                </token>
                <token content="from" id="9-6"/>
                <token content="the" id="9-7">
                    <pos type="DT"/>
                    <lemma type="the"/>
                </token>
                <token content="top" id="9-8">
                    <pos type="NN"/>
                    <lemma type="top"/>
                </token>
                <token content="and" id="9-9"/>
                <token content="there" id="9-10">
                    <pos type="EX"/>
                    <lemma type="there"/>
                    <dep head="9-11" type="expl"/>
                </token>
                <token content="are" id="9-11">
                    <pos type="VBP"/>
                    <lemma type="be"/>
                </token>
                <token content="usually" id="9-12">
                    <pos type="RB"/>
                    <lemma type="usually"/>
                    <dep head="9-11" type="advmod"/>
                </token>
                <token content="seats" id="9-13">
                    <pos type="NNS"/>
                    <lemma type="seat"/>
                    <dep head="9-11" type="nsubj"/>
                </token>
                <token content="at" id="9-14"/>
                <token content="the" id="9-15">
                    <pos type="DT"/>
                    <lemma type="the"/>
                </token>
                <token content="top" id="9-16">
                    <pos type="NN"/>
                    <lemma type="top"/>
                </token>
                <token content="." id="9-17"/>
            </sentence>
            <sentence id="10">
                <token content="Now" id="10-1">
                    <pos type="RB"/>
                    <lemma type="now"/>
                </token>
                <token content="it" id="10-2">
                    <pos type="PRP"/>
                    <lemma type="it"/>
                </token>
                <token content="'s" id="10-3">
                    <pos type="VBZ"/>
                    <lemma type="be"/>
                </token>
                <token content="time" id="10-4">
                    <pos type="NN"/>
                    <lemma type="time"/>
                </token>
                <token content="to" id="10-5">
                    <pos type="TO"/>
                    <lemma type="to"/>
                    <dep head="10-6" type="aux"/>
                </token>
                <token content="sit" id="10-6">
                    <pos type="VB"/>
                    <lemma type="sit"/>
                </token>
                <token content="back" id="10-7">
                    <pos type="RB"/>
                    <lemma type="back"/>
                    <dep head="10-6" type="advmod"/>
                </token>
                <token content="and" id="10-8"/>
                <token content="enjoy" id="10-9">
                    <pos type="VB"/>
                    <lemma type="enjoy"/>
                    <dep head="10-6" type="conj"/>
                </token>
                <token content="the" id="10-10">
                    <pos type="DT"/>
                    <lemma type="the"/>
                </token>
                <token content="ride" id="10-11">
                    <pos type="NN"/>
                    <lemma type="ride"/>
                    <dep head="10-9" type="dobj"/>
                </token>
                <token content="and" id="10-12"/>
                <token content="get" id="10-13">
                    <pos type="VB"/>
                    <lemma type="get"/>
                    <dep head="10-9" type="conj"/>
                </token>
                <token content="off" id="10-14">
                    <pos type="RP"/>
                    <lemma type="off"/>
                    <dep head="10-13" type="prt"/>
                </token>
                <token content="at" id="10-15"/>
                <token content="my" id="10-16">
                    <pos type="PRP$"/>
                    <lemma type="my"/>
                </token>
                <token content="destination" id="10-17">
                    <pos type="NN"/>
                    <lemma type="destination"/>
                    <dep head="10-13" type="prep"/>
                </token>
                <token content="." id="10-18"/>
            </sentence>
        </sentences>
    </text>
    <annotations>
        <participants>
            <label from="1-1" id="0" name="ScrPart_passenger" text="I" type="participant"/>
            <label from="1-5" id="1" name="NPart" text="area" type="participant"/>
            <label from="1-8" id="2" name="NPart" text="train and bus coverage" to="1-11" type="participant"/>
            <label from="1-11" id="3" name="NPart" text="coverage" type="participant"/>
            <label from="2-1" id="4" name="ScrPart_passenger" text="I" type="participant"/>
            <label from="2-5" id="5" name="NPart" text="train" type="participant"/>
            <label from="2-7" id="6" name="NPart" text="it" type="participant"/>
            <label from="2-14" id="7" name="Head_of_Partitive" text="parts" type="participant"/>
            <label from="2-17" id="8" name="NPart" text="city" type="participant"/>
            <label from="2-20" id="9" name="NPart" text="train" type="participant"/>
            <label from="2-25" id="10" name="ScrPart_passenger" text="I" type="participant"/>
            <label from="2-29" id="11" name="ScrPart_bus" text="bus" type="participant"/>
            <label from="3-2" id="12" name="ScrPart_bus_stop" text="bus stations" to="3-3" type="participant"/>
            <label from="3-3" id="13" name="ScrPart_bus_stop" text="stations" type="participant"/>
            <label from="3-11" id="14" name="ScrPart_passenger" text="I" type="participant"/>
            <label from="3-14" id="15" name="ScrPart_passenger" text="I" type="participant"/>
            <label from="3-20" id="16" name="ScrPart_bus_stop" text="bus stop" to="3-21" type="participant"/>
            <label from="3-21" id="17" name="ScrPart_bus_stop" text="stop" type="participant"/>
            <label from="4-4" id="18" name="ScrPart_time-table" text="app" type="participant"/>
            <label from="4-5" id="19" name="ScrPart_time-table" text="that" type="participant"/>
            <label from="4-10" id="20" name="ScrPart_bus" text="bus" type="participant"/>
            <label from="4-14" id="21" name="ScrPart_passenger" text="I" type="participant"/>
            <label from="4-18" id="22" name="ScrPart_passenger" text="my" type="participant"/>
            <label from="4-19" id="23" name="NPart" text="phone" type="participant"/>
            <label from="4-25" id="24" name="ScrPart_other" text="wait" type="participant"/>
            <label from="5-3" id="25" name="ScrPart_other" text="wait" type="participant"/>
            <label from="5-6" id="26" name="ScrPart_time/date" text="10-15 minutes" to="5-7" type="participant"/>
            <label from="6-3" id="27" name="ScrPart_bus" text="bus" type="participant"/>
            <label from="6-6" id="28" name="ScrPart_passenger" text="I" type="participant"/>
            <label from="6-9" id="29" name="ScrPart_passenger" text="my" type="participant"/>
            <label from="6-10" id="30" name="ScrPart_card/ticket" text="transit card" to="6-11" type="participant"/>
            <label from="6-11" id="31" name="ScrPart_card/ticket" text="card" type="participant"/>
            <label from="6-16" id="32" name="ScrPart_payment_machine" text="machine" type="participant"/>
            <label from="6-17" id="33" name="ScrPart_payment_machine" text="that" type="participant"/>
            <label from="6-20" id="34" name="ScrPart_money" text="fare" type="participant"/>
            <label from="7-10" id="35" name="ScrPart_door" text="entrance" type="participant"/>
            <label from="7-13" id="36" name="ScrPart_bus" text="bus" type="participant"/>
            <label from="8-2" id="37" name="ScrPart_passenger" text="I" type="participant"/>
            <label from="8-5" id="38" name="NPart" text="beep" type="participant"/>
            <label from="8-7" id="39" name="ScrPart_passenger" text="me" type="participant"/>
            <label from="8-10" id="40" name="ScrPart_money" text="fare" type="participant"/>
            <label from="8-14" id="41" name="ScrPart_passenger" text="I" type="participant"/>
            <label from="8-18" id="42" name="ScrPart_seat_in_bus" text="seat" type="participant"/>
            <label from="8-21" id="43" name="ScrPart_bus" text="it" type="participant"/>
            <label from="8-24" id="44" name="ScrPart_bus" text="double decker bus" to="8-26" type="participant"/>
            <label from="8-26" id="45" name="ScrPart_bus" text="bus" type="participant"/>
            <label from="9-2" id="46" name="ScrPart_in-bus_entertainment" text="view" type="participant"/>
            <label from="9-8" id="47" name="NPart" text="top" type="participant"/>
            <label from="9-13" id="48" name="ScrPart_seat_in_bus" text="seats" type="participant"/>
            <label from="9-16" id="49" name="NPart" text="top" type="participant"/>
            <label from="10-2" id="50" name="No_label" text="it" type="participant"/>
            <label from="10-4" id="51" name="No_label" text="time" type="participant"/>
            <label from="10-11" id="52" name="ScrPart_ride" text="ride" type="participant"/>
            <label from="10-16" id="53" name="ScrPart_passenger" text="my" type="participant"/>
            <label from="10-17" id="54" name="ScrPart_destination" text="destination" type="participant"/>
        </participants>
        <events>
            <label from="1-2" id="55" name="UnrelEv" text="live" type="event"/>
            <label from="2-3" id="56" name="UnrelEv" text="choose" type="event"/>
            <label from="2-8" id="57" name="UnrelEv" text="is" type="event"/>
            <label from="2-23" id="58" name="UnrelEv" text="reach" type="event"/>
            <label from="2-27" id="59" name="Evoking" text="take the bus" to="2-29" type="event"/>
            <label from="3-4" id="60" name="UnrelEv" text="are" type="event"/>
            <label from="3-8" id="61" name="UnrelEv" text="depending" type="event"/>
            <label from="3-13" id="62" name="UnrelEv" text="going" type="event"/>
            <label from="3-16" id="63" name="ScrEv_get_bus_stop" text="head" type="event"/>
            <label from="4-2" id="64" name="UnrelEv" text="'s" type="event"/>
            <label from="4-6" id="65" name="ScrEv_check_time-table" text="shoes" type="event"/>
            <label from="4-12" id="66" name="ScrEv_bus_comes" text="coming" type="event"/>
            <label from="4-16" id="67" name="RelNScrEv" text="take out" to="4-17" type="event"/>
            <label from="4-21" id="68" name="ScrEv_check_time-table" text="see" type="event"/>
            <label from="4-26" id="69" name="ScrEv_wait" text="is" type="event"/>
            <label from="5-4" id="70" name="ScrEv_wait" text="is" type="event"/>
            <label from="6-4" id="71" name="ScrEv_bus_comes" text="arrives" type="event"/>
            <label from="6-7" id="72" name="RelNScrEv" text="take out" to="6-8" type="event"/>
            <label from="6-13" id="73" name="ScrEv_get_ticket" text="tap" type="event"/>
            <label from="6-18" id="74" name="ScrEv_get_ticket" text="collects" type="event"/>
            <label from="7-3" id="75" name="UnrelEv" text="done" type="event"/>
            <label from="8-3" id="76" name="RelNScrEv" text="hear" type="event"/>
            <label from="8-6" id="77" name="RelNScrEv" text="notifying" type="event"/>
            <label from="8-13" id="78" name="ScrEv_get_ticket" text="collected" type="event"/>
            <label from="8-16" id="79" name="ScrEv_find_place" text="take" type="event"/>
            <label from="8-22" id="80" name="UnrelEv" text="'s" type="event"/>
            <label from="9-3" id="81" name="UnrelEv" text="is" type="event"/>
            <label from="9-11" id="82" name="UnrelEv" text="are" type="event"/>
            <label from="10-3" id="83" name="UnrelEv" text="'s" type="event"/>
            <label from="10-6" id="84" name="ScrEv_spend_time_bus" text="sit back" to="10-7" type="event"/>
            <label from="10-9" id="85" name="ScrEv_spend_time_bus" text="enjoy" type="event"/>
            <label from="10-13" id="86" name="ScrEv_get_off" text="get off" to="10-14" type="event"/>
        </events>
        <chains>
            <chain elements="4 0 10 14 15 21 22 28 29 37 39 41 53"/>
            <chain elements="20 11 27 36 43 45"/>
            <chain elements="17 13"/>
            <chain elements="19 18"/>
            <chain elements="33 32"/>
            <chain elements="40 34"/>
            <chain elements="48 42"/>
            <chain elements="24 25"/>
        </chains>
    </annotations>
</story>
