<?xml version="1.0" encoding="UTF-8" standalone="no"?>
<!DOCTYPE story SYSTEM "../InScript.dtd">
<story id="011" scenario="bus">
    <text>
        <content>Today , I had to ride the bus home from the market . 
I walked over to the bus stop to wait for the next bus . 
It was supposed to arrive in 10 minutes . 
When the bus pulled up to the bus stop where I was waiting , I stood up and walked over to curb . 
The bus driver opened the bus doors and I stepped up into the bus . 
I had to hand my money to the bus driver so that I could ride . 
Once the driver took my money , I walked down the aisle to find a seat . 
There were many seats available so I picked one beside an older lady that looked like my grandmother . 
She was very nice and talked to me while we rode down the street . 
Once the bus stopped down the street from my house , I got off and walked down the sidewalk to my house . 
I was very glad to be home . </content>
        <sentences>
            <sentence id="1">
                <token content="Today" id="1-1">
                    <pos type="NN"/>
                    <lemma type="today"/>
                    <dep head="1-4" type="tmod"/>
                </token>
                <token content="," id="1-2"/>
                <token content="I" id="1-3">
                    <pos type="PRP"/>
                    <lemma type="I"/>
                    <dep head="1-4" type="nsubj"/>
                </token>
                <token content="had" id="1-4">
                    <pos type="VBD"/>
                    <lemma type="have"/>
                </token>
                <token content="to" id="1-5">
                    <pos type="TO"/>
                    <lemma type="to"/>
                    <dep head="1-6" type="aux"/>
                </token>
                <token content="ride" id="1-6">
                    <pos type="VB"/>
                    <lemma type="ride"/>
                    <dep head="1-4" type="xcomp"/>
                </token>
                <token content="the" id="1-7">
                    <pos type="DT"/>
                    <lemma type="the"/>
                </token>
                <token content="bus" id="1-8">
                    <pos type="NN"/>
                    <lemma type="bus"/>
                </token>
                <token content="home" id="1-9">
                    <pos type="NN"/>
                    <lemma type="home"/>
                    <dep head="1-6" type="dobj"/>
                </token>
                <token content="from" id="1-10"/>
                <token content="the" id="1-11">
                    <pos type="DT"/>
                    <lemma type="the"/>
                </token>
                <token content="market" id="1-12">
                    <pos type="NN"/>
                    <lemma type="market"/>
                    <dep head="1-6" type="prep"/>
                </token>
                <token content="." id="1-13"/>
            </sentence>
            <sentence id="2">
                <token content="I" id="2-1">
                    <pos type="PRP"/>
                    <lemma type="I"/>
                    <dep head="2-2" type="nsubj"/>
                </token>
                <token content="walked" id="2-2">
                    <pos type="VBD"/>
                    <lemma type="walk"/>
                </token>
                <token content="over" id="2-3">
                    <pos type="RP"/>
                    <lemma type="over"/>
                    <dep head="2-2" type="prt"/>
                </token>
                <token content="to" id="2-4"/>
                <token content="the" id="2-5">
                    <pos type="DT"/>
                    <lemma type="the"/>
                </token>
                <token content="bus" id="2-6">
                    <pos type="NN"/>
                    <lemma type="bus"/>
                </token>
                <token content="stop" id="2-7">
                    <pos type="NN"/>
                    <lemma type="stop"/>
                    <dep head="2-2" type="prep"/>
                </token>
                <token content="to" id="2-8">
                    <pos type="TO"/>
                    <lemma type="to"/>
                    <dep head="2-9" type="aux"/>
                </token>
                <token content="wait" id="2-9">
                    <pos type="VB"/>
                    <lemma type="wait"/>
                    <dep head="2-2" type="xcomp"/>
                </token>
                <token content="for" id="2-10"/>
                <token content="the" id="2-11">
                    <pos type="DT"/>
                    <lemma type="the"/>
                </token>
                <token content="next" id="2-12">
                    <pos type="JJ"/>
                    <lemma type="next"/>
                </token>
                <token content="bus" id="2-13">
                    <pos type="NN"/>
                    <lemma type="bus"/>
                    <dep head="2-9" type="prep"/>
                </token>
                <token content="." id="2-14"/>
            </sentence>
            <sentence id="3">
                <token content="It" id="3-1">
                    <pos type="PRP"/>
                    <lemma type="it"/>
                    <dep head="3-3" type="nsubjpass"/>
                </token>
                <token content="was" id="3-2">
                    <pos type="VBD"/>
                    <lemma type="be"/>
                    <dep head="3-3" type="auxpass"/>
                </token>
                <token content="supposed" id="3-3">
                    <pos type="VBN"/>
                    <lemma type="suppose"/>
                </token>
                <token content="to" id="3-4">
                    <pos type="TO"/>
                    <lemma type="to"/>
                    <dep head="3-5" type="aux"/>
                </token>
                <token content="arrive" id="3-5">
                    <pos type="VB"/>
                    <lemma type="arrive"/>
                    <dep head="3-3" type="xcomp"/>
                </token>
                <token content="in" id="3-6"/>
                <token content="10" id="3-7">
                    <pos type="CD"/>
                    <lemma type="10"/>
                </token>
                <token content="minutes" id="3-8">
                    <pos type="NNS"/>
                    <lemma type="minute"/>
                    <dep head="3-5" type="prep"/>
                </token>
                <token content="." id="3-9"/>
            </sentence>
            <sentence id="4">
                <token content="When" id="4-1">
                    <pos type="WRB"/>
                    <lemma type="when"/>
                    <dep head="4-4" type="advmod"/>
                </token>
                <token content="the" id="4-2">
                    <pos type="DT"/>
                    <lemma type="the"/>
                </token>
                <token content="bus" id="4-3">
                    <pos type="NN"/>
                    <lemma type="bus"/>
                    <dep head="4-4" type="nsubj"/>
                </token>
                <token content="pulled" id="4-4">
                    <pos type="VBD"/>
                    <lemma type="pull"/>
                    <dep head="4-16" type="advcl"/>
                </token>
                <token content="up" id="4-5">
                    <pos type="RP"/>
                    <lemma type="up"/>
                    <dep head="4-4" type="prt"/>
                </token>
                <token content="to" id="4-6"/>
                <token content="the" id="4-7">
                    <pos type="DT"/>
                    <lemma type="the"/>
                </token>
                <token content="bus" id="4-8">
                    <pos type="NN"/>
                    <lemma type="bus"/>
                </token>
                <token content="stop" id="4-9">
                    <pos type="NN"/>
                    <lemma type="stop"/>
                    <dep head="4-4" type="prep"/>
                </token>
                <token content="where" id="4-10">
                    <pos type="WRB"/>
                    <lemma type="where"/>
                    <dep head="4-13" type="advmod"/>
                </token>
                <token content="I" id="4-11">
                    <pos type="PRP"/>
                    <lemma type="I"/>
                    <dep head="4-13" type="nsubj"/>
                </token>
                <token content="was" id="4-12">
                    <pos type="VBD"/>
                    <lemma type="be"/>
                    <dep head="4-13" type="aux"/>
                </token>
                <token content="waiting" id="4-13">
                    <pos type="VBG"/>
                    <lemma type="wait"/>
                    <dep head="4-4" type="advcl"/>
                </token>
                <token content="," id="4-14"/>
                <token content="I" id="4-15">
                    <pos type="PRP"/>
                    <lemma type="I"/>
                    <dep head="4-16" type="nsubj"/>
                </token>
                <token content="stood" id="4-16">
                    <pos type="VBD"/>
                    <lemma type="stand"/>
                </token>
                <token content="up" id="4-17">
                    <pos type="RP"/>
                    <lemma type="up"/>
                    <dep head="4-16" type="prt"/>
                </token>
                <token content="and" id="4-18"/>
                <token content="walked" id="4-19">
                    <pos type="VBD"/>
                    <lemma type="walk"/>
                    <dep head="4-16" type="conj"/>
                </token>
                <token content="over" id="4-20">
                    <pos type="RP"/>
                    <lemma type="over"/>
                    <dep head="4-19" type="prt"/>
                </token>
                <token content="to" id="4-21">
                    <pos type="TO"/>
                    <lemma type="to"/>
                    <dep head="4-22" type="aux"/>
                </token>
                <token content="curb" id="4-22">
                    <pos type="VB"/>
                    <lemma type="curb"/>
                    <dep head="4-19" type="xcomp"/>
                </token>
                <token content="." id="4-23"/>
            </sentence>
            <sentence id="5">
                <token content="The" id="5-1">
                    <pos type="DT"/>
                    <lemma type="the"/>
                </token>
                <token content="bus" id="5-2">
                    <pos type="NN"/>
                    <lemma type="bus"/>
                </token>
                <token content="driver" id="5-3">
                    <pos type="NN"/>
                    <lemma type="driver"/>
                    <dep head="5-4" type="nsubj"/>
                </token>
                <token content="opened" id="5-4">
                    <pos type="VBD"/>
                    <lemma type="open"/>
                </token>
                <token content="the" id="5-5">
                    <pos type="DT"/>
                    <lemma type="the"/>
                </token>
                <token content="bus" id="5-6">
                    <pos type="NN"/>
                    <lemma type="bus"/>
                </token>
                <token content="doors" id="5-7">
                    <pos type="NNS"/>
                    <lemma type="door"/>
                    <dep head="5-4" type="dobj"/>
                </token>
                <token content="and" id="5-8"/>
                <token content="I" id="5-9">
                    <pos type="PRP"/>
                    <lemma type="I"/>
                    <dep head="5-10" type="nsubj"/>
                </token>
                <token content="stepped" id="5-10">
                    <pos type="VBD"/>
                    <lemma type="step"/>
                    <dep head="5-4" type="conj"/>
                </token>
                <token content="up" id="5-11">
                    <pos type="RP"/>
                    <lemma type="up"/>
                    <dep head="5-10" type="prt"/>
                </token>
                <token content="into" id="5-12"/>
                <token content="the" id="5-13">
                    <pos type="DT"/>
                    <lemma type="the"/>
                </token>
                <token content="bus" id="5-14">
                    <pos type="NN"/>
                    <lemma type="bus"/>
                    <dep head="5-10" type="prep"/>
                </token>
                <token content="." id="5-15"/>
            </sentence>
            <sentence id="6">
                <token content="I" id="6-1">
                    <pos type="PRP"/>
                    <lemma type="I"/>
                    <dep head="6-2" type="nsubj"/>
                </token>
                <token content="had" id="6-2">
                    <pos type="VBD"/>
                    <lemma type="have"/>
                </token>
                <token content="to" id="6-3">
                    <pos type="TO"/>
                    <lemma type="to"/>
                    <dep head="6-4" type="aux"/>
                </token>
                <token content="hand" id="6-4">
                    <pos type="VB"/>
                    <lemma type="hand"/>
                    <dep head="6-2" type="xcomp"/>
                </token>
                <token content="my" id="6-5">
                    <pos type="PRP$"/>
                    <lemma type="my"/>
                </token>
                <token content="money" id="6-6">
                    <pos type="NN"/>
                    <lemma type="money"/>
                    <dep head="6-4" type="dobj"/>
                </token>
                <token content="to" id="6-7"/>
                <token content="the" id="6-8">
                    <pos type="DT"/>
                    <lemma type="the"/>
                </token>
                <token content="bus" id="6-9">
                    <pos type="NN"/>
                    <lemma type="bus"/>
                </token>
                <token content="driver" id="6-10">
                    <pos type="NN"/>
                    <lemma type="driver"/>
                    <dep head="6-4" type="prep"/>
                </token>
                <token content="so" id="6-11">
                    <pos type="RB"/>
                    <lemma type="so"/>
                    <dep head="6-15" type="advmod"/>
                </token>
                <token content="that" id="6-12">
                    <pos type="IN"/>
                    <lemma type="that"/>
                    <dep head="6-15" type="mark"/>
                </token>
                <token content="I" id="6-13">
                    <pos type="PRP"/>
                    <lemma type="I"/>
                    <dep head="6-15" type="nsubj"/>
                </token>
                <token content="could" id="6-14">
                    <pos type="MD"/>
                    <lemma type="could"/>
                    <dep head="6-15" type="aux"/>
                </token>
                <token content="ride" id="6-15">
                    <pos type="VB"/>
                    <lemma type="ride"/>
                    <dep head="6-2" type="advcl"/>
                </token>
                <token content="." id="6-16"/>
            </sentence>
            <sentence id="7">
                <token content="Once" id="7-1">
                    <pos type="IN"/>
                    <lemma type="once"/>
                    <dep head="7-4" type="mark"/>
                </token>
                <token content="the" id="7-2">
                    <pos type="DT"/>
                    <lemma type="the"/>
                </token>
                <token content="driver" id="7-3">
                    <pos type="NN"/>
                    <lemma type="driver"/>
                    <dep head="7-4" type="nsubj"/>
                </token>
                <token content="took" id="7-4">
                    <pos type="VBD"/>
                    <lemma type="take"/>
                    <dep head="7-9" type="advcl"/>
                </token>
                <token content="my" id="7-5">
                    <pos type="PRP$"/>
                    <lemma type="my"/>
                </token>
                <token content="money" id="7-6">
                    <pos type="NN"/>
                    <lemma type="money"/>
                    <dep head="7-4" type="dobj"/>
                </token>
                <token content="," id="7-7"/>
                <token content="I" id="7-8">
                    <pos type="PRP"/>
                    <lemma type="I"/>
                    <dep head="7-9" type="nsubj"/>
                </token>
                <token content="walked" id="7-9">
                    <pos type="VBD"/>
                    <lemma type="walk"/>
                </token>
                <token content="down" id="7-10">
                    <pos type="RP"/>
                    <lemma type="down"/>
                    <dep head="7-9" type="prt"/>
                </token>
                <token content="the" id="7-11">
                    <pos type="DT"/>
                    <lemma type="the"/>
                </token>
                <token content="aisle" id="7-12">
                    <pos type="NN"/>
                    <lemma type="aisle"/>
                    <dep head="7-9" type="dobj"/>
                </token>
                <token content="to" id="7-13">
                    <pos type="TO"/>
                    <lemma type="to"/>
                    <dep head="7-14" type="aux"/>
                </token>
                <token content="find" id="7-14">
                    <pos type="VB"/>
                    <lemma type="find"/>
                </token>
                <token content="a" id="7-15">
                    <pos type="DT"/>
                    <lemma type="a"/>
                </token>
                <token content="seat" id="7-16">
                    <pos type="NN"/>
                    <lemma type="seat"/>
                    <dep head="7-14" type="dobj"/>
                </token>
                <token content="." id="7-17"/>
            </sentence>
            <sentence id="8">
                <token content="There" id="8-1">
                    <pos type="EX"/>
                    <lemma type="there"/>
                    <dep head="8-2" type="expl"/>
                </token>
                <token content="were" id="8-2">
                    <pos type="VBD"/>
                    <lemma type="be"/>
                </token>
                <token content="many" id="8-3">
                    <pos type="JJ"/>
                    <lemma type="many"/>
                </token>
                <token content="seats" id="8-4">
                    <pos type="NNS"/>
                    <lemma type="seat"/>
                </token>
                <token content="available" id="8-5">
                    <pos type="JJ"/>
                    <lemma type="available"/>
                    <dep head="8-2" type="acomp"/>
                </token>
                <token content="so" id="8-6">
                    <pos type="IN"/>
                    <lemma type="so"/>
                    <dep head="8-8" type="mark"/>
                </token>
                <token content="I" id="8-7">
                    <pos type="PRP"/>
                    <lemma type="I"/>
                    <dep head="8-8" type="nsubj"/>
                </token>
                <token content="picked" id="8-8">
                    <pos type="VBD"/>
                    <lemma type="pick"/>
                </token>
                <token content="one" id="8-9">
                    <pos type="CD"/>
                    <lemma type="one"/>
                    <dep head="8-8" type="dobj"/>
                </token>
                <token content="beside" id="8-10"/>
                <token content="an" id="8-11">
                    <pos type="DT"/>
                    <lemma type="a"/>
                </token>
                <token content="older" id="8-12">
                    <pos type="JJR"/>
                    <lemma type="older"/>
                </token>
                <token content="lady" id="8-13">
                    <pos type="NN"/>
                    <lemma type="lady"/>
                    <dep head="8-8" type="prep"/>
                </token>
                <token content="that" id="8-14">
                    <pos type="WDT"/>
                    <lemma type="that"/>
                    <dep head="8-15" type="nsubj"/>
                </token>
                <token content="looked" id="8-15">
                    <pos type="VBD"/>
                    <lemma type="look"/>
                </token>
                <token content="like" id="8-16"/>
                <token content="my" id="8-17">
                    <pos type="PRP$"/>
                    <lemma type="my"/>
                </token>
                <token content="grandmother" id="8-18">
                    <pos type="NN"/>
                    <lemma type="grandmother"/>
                    <dep head="8-15" type="prep"/>
                </token>
                <token content="." id="8-19"/>
            </sentence>
            <sentence id="9">
                <token content="She" id="9-1">
                    <pos type="PRP"/>
                    <lemma type="she"/>
                </token>
                <token content="was" id="9-2">
                    <pos type="VBD"/>
                    <lemma type="be"/>
                </token>
                <token content="very" id="9-3">
                    <pos type="RB"/>
                    <lemma type="very"/>
                </token>
                <token content="nice" id="9-4">
                    <pos type="JJ"/>
                    <lemma type="nice"/>
                </token>
                <token content="and" id="9-5"/>
                <token content="talked" id="9-6">
                    <pos type="VBN"/>
                    <lemma type="talk"/>
                </token>
                <token content="to" id="9-7"/>
                <token content="me" id="9-8">
                    <pos type="PRP"/>
                    <lemma type="I"/>
                    <dep head="9-6" type="prep"/>
                </token>
                <token content="while" id="9-9">
                    <pos type="IN"/>
                    <lemma type="while"/>
                    <dep head="9-11" type="mark"/>
                </token>
                <token content="we" id="9-10">
                    <pos type="PRP"/>
                    <lemma type="we"/>
                    <dep head="9-11" type="nsubj"/>
                </token>
                <token content="rode" id="9-11">
                    <pos type="VBD"/>
                    <lemma type="ride"/>
                    <dep head="9-6" type="advcl"/>
                </token>
                <token content="down" id="9-12">
                    <pos type="RP"/>
                    <lemma type="down"/>
                    <dep head="9-11" type="prt"/>
                </token>
                <token content="the" id="9-13">
                    <pos type="DT"/>
                    <lemma type="the"/>
                </token>
                <token content="street" id="9-14">
                    <pos type="NN"/>
                    <lemma type="street"/>
                    <dep head="9-11" type="dobj"/>
                </token>
                <token content="." id="9-15"/>
            </sentence>
            <sentence id="10">
                <token content="Once" id="10-1">
                    <pos type="IN"/>
                    <lemma type="once"/>
                    <dep head="10-4" type="mark"/>
                </token>
                <token content="the" id="10-2">
                    <pos type="DT"/>
                    <lemma type="the"/>
                </token>
                <token content="bus" id="10-3">
                    <pos type="NN"/>
                    <lemma type="bus"/>
                    <dep head="10-4" type="nsubj"/>
                </token>
                <token content="stopped" id="10-4">
                    <pos type="VBD"/>
                    <lemma type="stop"/>
                    <dep head="10-13" type="advcl"/>
                </token>
                <token content="down" id="10-5">
                    <pos type="RP"/>
                    <lemma type="down"/>
                    <dep head="10-4" type="prt"/>
                </token>
                <token content="the" id="10-6">
                    <pos type="DT"/>
                    <lemma type="the"/>
                </token>
                <token content="street" id="10-7">
                    <pos type="NN"/>
                    <lemma type="street"/>
                    <dep head="10-4" type="dobj"/>
                </token>
                <token content="from" id="10-8"/>
                <token content="my" id="10-9">
                    <pos type="PRP$"/>
                    <lemma type="my"/>
                </token>
                <token content="house" id="10-10">
                    <pos type="NN"/>
                    <lemma type="house"/>
                    <dep head="10-4" type="prep"/>
                </token>
                <token content="," id="10-11"/>
                <token content="I" id="10-12">
                    <pos type="PRP"/>
                    <lemma type="I"/>
                    <dep head="10-13" type="nsubj"/>
                </token>
                <token content="got" id="10-13">
                    <pos type="VBD"/>
                    <lemma type="get"/>
                </token>
                <token content="off" id="10-14">
                    <pos type="RP"/>
                    <lemma type="off"/>
                    <dep head="10-13" type="prt"/>
                </token>
                <token content="and" id="10-15"/>
                <token content="walked" id="10-16">
                    <pos type="VBD"/>
                    <lemma type="walk"/>
                    <dep head="10-13" type="conj"/>
                </token>
                <token content="down" id="10-17">
                    <pos type="RP"/>
                    <lemma type="down"/>
                    <dep head="10-16" type="prt"/>
                </token>
                <token content="the" id="10-18">
                    <pos type="DT"/>
                    <lemma type="the"/>
                </token>
                <token content="sidewalk" id="10-19">
                    <pos type="NN"/>
                    <lemma type="sidewalk"/>
                    <dep head="10-16" type="dobj"/>
                </token>
                <token content="to" id="10-20"/>
                <token content="my" id="10-21">
                    <pos type="PRP$"/>
                    <lemma type="my"/>
                </token>
                <token content="house" id="10-22">
                    <pos type="NN"/>
                    <lemma type="house"/>
                    <dep head="10-16" type="prep"/>
                </token>
                <token content="." id="10-23"/>
            </sentence>
            <sentence id="11">
                <token content="I" id="11-1">
                    <pos type="PRP"/>
                    <lemma type="I"/>
                </token>
                <token content="was" id="11-2">
                    <pos type="VBD"/>
                    <lemma type="be"/>
                </token>
                <token content="very" id="11-3">
                    <pos type="RB"/>
                    <lemma type="very"/>
                </token>
                <token content="glad" id="11-4">
                    <pos type="JJ"/>
                    <lemma type="glad"/>
                </token>
                <token content="to" id="11-5">
                    <pos type="TO"/>
                    <lemma type="to"/>
                </token>
                <token content="be" id="11-6">
                    <pos type="VB"/>
                    <lemma type="be"/>
                </token>
                <token content="home" id="11-7">
                    <pos type="NN"/>
                    <lemma type="home"/>
                </token>
                <token content="." id="11-8"/>
            </sentence>
        </sentences>
    </text>
    <annotations>
        <participants>
            <label from="1-1" id="0" name="No_label" text="Today" type="participant"/>
            <label from="1-3" id="1" name="ScrPart_passenger" text="I" type="participant"/>
            <label from="1-8" id="2" name="ScrPart_bus" text="bus" type="participant"/>
            <label from="1-9" id="3" name="ScrPart_destination" text="home" type="participant"/>
            <label from="1-12" id="4" name="NPart" text="market" type="participant"/>
            <label from="2-1" id="5" name="ScrPart_passenger" text="I" type="participant"/>
            <label from="2-6" id="6" name="ScrPart_bus_stop" text="bus stop" to="2-7" type="participant"/>
            <label from="2-7" id="7" name="ScrPart_bus_stop" text="stop" type="participant"/>
            <label from="2-13" id="8" name="ScrPart_bus" text="bus" type="participant"/>
            <label from="3-1" id="9" name="ScrPart_bus" text="It" type="participant"/>
            <label from="3-8" id="10" name="ScrPart_time/date" text="minutes" type="participant"/>
            <label from="4-3" id="11" name="ScrPart_bus" text="bus" type="participant"/>
            <label from="4-8" id="12" name="ScrPart_bus_stop" text="bus stop" to="4-9" type="participant"/>
            <label from="4-9" id="13" name="ScrPart_bus_stop" text="stop" type="participant"/>
            <label from="4-11" id="14" name="ScrPart_passenger" text="I" type="participant"/>
            <label from="4-15" id="15" name="ScrPart_passenger" text="I" type="participant"/>
            <label from="4-22" id="16" name="ScrPart_other" text="curb" type="participant"/>
            <label from="5-2" id="17" name="ScrPart_bus_staff" text="bus driver" to="5-3" type="participant"/>
            <label from="5-3" id="18" name="ScrPart_bus_staff" text="driver" type="participant"/>
            <label from="5-7" id="19" name="ScrPart_door" text="doors" type="participant"/>
            <label from="5-9" id="20" name="ScrPart_passenger" text="I" type="participant"/>
            <label from="5-14" id="21" name="ScrPart_bus" text="bus" type="participant"/>
            <label from="6-1" id="22" name="ScrPart_passenger" text="I" type="participant"/>
            <label from="6-5" id="23" name="ScrPart_passenger" text="my" type="participant"/>
            <label from="6-6" id="24" name="ScrPart_money" text="money" type="participant"/>
            <label from="6-10" id="25" name="ScrPart_bus_staff" text="driver" type="participant"/>
            <label from="6-13" id="26" name="ScrPart_passenger" text="I" type="participant"/>
            <label from="7-3" id="27" name="ScrPart_bus_staff" text="driver" type="participant"/>
            <label from="7-5" id="28" name="ScrPart_passenger" text="my" type="participant"/>
            <label from="7-6" id="29" name="ScrPart_money" text="money" type="participant"/>
            <label from="7-8" id="30" name="ScrPart_passenger" text="I" type="participant"/>
            <label from="7-12" id="31" name="ScrPart_other" text="aisle" type="participant"/>
            <label from="7-16" id="32" name="ScrPart_seat_in_bus" text="seat" type="participant"/>
            <label from="8-4" id="33" name="ScrPart_seat_in_bus" text="seats" type="participant"/>
            <label from="8-7" id="34" name="ScrPart_passenger" text="I" type="participant"/>
            <label from="8-9" id="35" name="ScrPart_seat_in_bus" text="one" type="participant"/>
            <label from="8-13" id="36" name="ScrPart_passenger" text="lady" type="participant"/>
            <label from="8-17" id="37" name="NPart" text="my" type="participant"/>
            <label from="8-18" id="38" name="NPart" text="grandmother" type="participant"/>
            <label from="9-1" id="39" name="ScrPart_passenger" text="She" type="participant"/>
            <label from="9-8" id="40" name="ScrPart_passenger" text="me" type="participant"/>
            <label from="9-10" id="41" name="ScrPart_bus" text="we" type="participant"/>
            <label from="9-14" id="42" name="ScrPart_route" text="street" type="participant"/>
            <label from="10-3" id="43" name="ScrPart_bus" text="bus" type="participant"/>
            <label from="10-7" id="44" name="ScrPart_route" text="street" type="participant"/>
            <label from="10-9" id="45" name="ScrPart_passenger" text="my" type="participant"/>
            <label from="10-10" id="46" name="NPart" text="house" type="participant"/>
            <label from="10-12" id="47" name="ScrPart_passenger" text="I" type="participant"/>
            <label from="10-19" id="48" name="ScrPart_other" text="sidewalk" type="participant"/>
            <label from="10-21" id="49" name="ScrPart_passenger" text="my" type="participant"/>
            <label from="10-22" id="50" name="ScrPart_destination" text="house" type="participant"/>
            <label from="11-1" id="51" name="ScrPart_passenger" text="I" type="participant"/>
            <label from="11-7" id="52" name="ScrPart_destination" text="home" type="participant"/>
        </participants>
        <events>
            <label from="1-6" id="53" name="Evoking" text="ride the bus" to="1-8" type="event"/>
            <label from="2-2" id="54" name="ScrEv_get_bus_stop" text="walked over" to="2-3" type="event"/>
            <label from="2-2" id="55" name="ScrEv_get_bus_stop" text="walked" type="event"/>
            <label from="2-9" id="56" name="ScrEv_wait" text="wait for" to="2-10" type="event"/>
            <label from="2-9" id="57" name="ScrEv_wait" text="wait" type="event"/>
            <label from="3-3" id="58" name="UnrelEv" text="supposed" type="event"/>
            <label from="3-5" id="59" name="ScrEv_bus_comes" text="arrive" type="event"/>
            <label from="4-4" id="60" name="ScrEv_bus_comes" text="pulled up" to="4-5" type="event"/>
            <label from="4-4" id="61" name="ScrEv_bus_comes" text="pulled" type="event"/>
            <label from="4-13" id="62" name="ScrEv_wait" text="waiting" type="event"/>
            <label from="4-16" id="63" name="ScrEv_other" text="stood up" to="4-17" type="event"/>
            <label from="4-16" id="64" name="ScrEv_other" text="stood" type="event"/>
            <label from="4-19" id="65" name="ScrEv_other" text="walked over" to="4-20" type="event"/>
            <label from="4-19" id="66" name="ScrEv_other" text="walked" type="event"/>
            <label from="5-4" id="67" name="ScrEv_door_opens" text="opened" type="event"/>
            <label from="5-10" id="68" name="ScrEv_board_bus" text="stepped up" to="5-11" type="event"/>
            <label from="5-10" id="69" name="ScrEv_board_bus" text="stepped" type="event"/>
            <label from="6-4" id="70" name="ScrEv_get_ticket" text="hand" type="event"/>
            <label from="6-15" id="71" name="ScrEv_ride" text="ride" type="event"/>
            <label from="7-4" id="72" name="RelNScrEv" text="took" type="event"/>
            <label from="7-9" id="73" name="ScrEv_other" text="walked down" to="7-10" type="event"/>
            <label from="7-9" id="74" name="ScrEv_other" text="walked" type="event"/>
            <label from="7-14" id="75" name="ScrEv_find_place" text="find" type="event"/>
            <label from="8-2" id="76" name="UnrelEv" text="were" type="event"/>
            <label from="8-8" id="77" name="ScrEv_find_place" text="picked" type="event"/>
            <label from="8-15" id="78" name="UnrelEv" text="looked" type="event"/>
            <label from="9-2" id="79" name="UnrelEv" text="was" type="event"/>
            <label from="9-6" id="80" name="UnrelEv" text="talked" type="event"/>
            <label from="9-11" id="81" name="RelNScrEv" text="rode" type="event"/>
            <label from="10-4" id="82" name="ScrEv_bus_stops" text="stopped" type="event"/>
            <label from="10-13" id="83" name="ScrEv_get_off" text="got off" to="10-14" type="event"/>
            <label from="10-13" id="84" name="ScrEv_get_off" text="got" type="event"/>
            <label from="10-16" id="85" name="UnrelEv" text="walked" type="event"/>
            <label from="11-2" id="86" name="UnrelEv" text="was" type="event"/>
        </events>
        <chains>
            <chain elements="1 5 14 15 20 22 23 26 28 30 34 40 45 47 49 51"/>
            <chain elements="2 8 9 11 21 41 43"/>
            <chain elements="7 13"/>
            <chain elements="18 25 27"/>
            <chain elements="24 29"/>
            <chain elements="32 35"/>
            <chain elements="36 39"/>
            <chain elements="3 50 52"/>
            <chain elements="42 44"/>
        </chains>
    </annotations>
</story>
