<?xml version="1.0" encoding="UTF-8" standalone="no"?>
<!DOCTYPE story SYSTEM "../InScript.dtd">
<story id="099" scenario="bus">
    <text>
        <content>Riding in a public bus is an inexpensive way to get around your city . 
I did this often last year . 
First , I look up where I need to go on google maps and map it from my address to my destination address using public transit as my option . 
I then factor the departure and arrival times into my schedule , as well as make sure I have the proper amount of cash and\/or change for the fare . 
I would then walk to the bus stop at least 5 minuted ahead of time , as they can sometimes come early . 
When the bus appears I wait for him to stop and then I greet the driver , deposit the fare -LRB- exact change -RRB- and take a seat where available . 
While on the bus I look out the window to see where I am , and make sure that I press the button or pull the cord when my stop is near . </content>
        <sentences>
            <sentence id="1">
                <token content="Riding" id="1-1">
                    <pos type="VBG"/>
                    <lemma type="ride"/>
                </token>
                <token content="in" id="1-2"/>
                <token content="a" id="1-3">
                    <pos type="DT"/>
                    <lemma type="a"/>
                </token>
                <token content="public" id="1-4">
                    <pos type="JJ"/>
                    <lemma type="public"/>
                </token>
                <token content="bus" id="1-5">
                    <pos type="NN"/>
                    <lemma type="bus"/>
                    <dep head="1-1" type="prep"/>
                </token>
                <token content="is" id="1-6">
                    <pos type="VBZ"/>
                    <lemma type="be"/>
                </token>
                <token content="an" id="1-7">
                    <pos type="DT"/>
                    <lemma type="a"/>
                </token>
                <token content="inexpensive" id="1-8">
                    <pos type="JJ"/>
                    <lemma type="inexpensive"/>
                </token>
                <token content="way" id="1-9">
                    <pos type="NN"/>
                    <lemma type="way"/>
                </token>
                <token content="to" id="1-10">
                    <pos type="TO"/>
                    <lemma type="to"/>
                    <dep head="1-11" type="aux"/>
                </token>
                <token content="get" id="1-11">
                    <pos type="VB"/>
                    <lemma type="get"/>
                </token>
                <token content="around" id="1-12">
                    <pos type="RP"/>
                    <lemma type="around"/>
                    <dep head="1-11" type="prt"/>
                </token>
                <token content="your" id="1-13">
                    <pos type="PRP$"/>
                    <lemma type="you"/>
                </token>
                <token content="city" id="1-14">
                    <pos type="NN"/>
                    <lemma type="city"/>
                    <dep head="1-11" type="dobj"/>
                </token>
                <token content="." id="1-15"/>
            </sentence>
            <sentence id="2">
                <token content="I" id="2-1">
                    <pos type="PRP"/>
                    <lemma type="I"/>
                    <dep head="2-2" type="nsubj"/>
                </token>
                <token content="did" id="2-2">
                    <pos type="VBD"/>
                    <lemma type="do"/>
                </token>
                <token content="this" id="2-3">
                    <pos type="DT"/>
                    <lemma type="this"/>
                    <dep head="2-2" type="dep"/>
                </token>
                <token content="often" id="2-4">
                    <pos type="RB"/>
                    <lemma type="often"/>
                </token>
                <token content="last" id="2-5">
                    <pos type="JJ"/>
                    <lemma type="last"/>
                </token>
                <token content="year" id="2-6">
                    <pos type="NN"/>
                    <lemma type="year"/>
                    <dep head="2-2" type="tmod"/>
                </token>
                <token content="." id="2-7"/>
            </sentence>
            <sentence id="3">
                <token content="First" id="3-1">
                    <pos type="RB"/>
                    <lemma type="first"/>
                    <dep head="3-4" type="advmod"/>
                </token>
                <token content="," id="3-2"/>
                <token content="I" id="3-3">
                    <pos type="PRP"/>
                    <lemma type="I"/>
                    <dep head="3-4" type="nsubj"/>
                </token>
                <token content="look" id="3-4">
                    <pos type="VBP"/>
                    <lemma type="look"/>
                </token>
                <token content="up" id="3-5">
                    <pos type="RP"/>
                    <lemma type="up"/>
                    <dep head="3-4" type="prt"/>
                </token>
                <token content="where" id="3-6">
                    <pos type="WRB"/>
                    <lemma type="where"/>
                    <dep head="3-8" type="advmod"/>
                </token>
                <token content="I" id="3-7">
                    <pos type="PRP"/>
                    <lemma type="I"/>
                    <dep head="3-8" type="nsubj"/>
                </token>
                <token content="need" id="3-8">
                    <pos type="VBP"/>
                    <lemma type="need"/>
                    <dep head="3-4" type="advcl"/>
                </token>
                <token content="to" id="3-9">
                    <pos type="TO"/>
                    <lemma type="to"/>
                    <dep head="3-10" type="aux"/>
                </token>
                <token content="go" id="3-10">
                    <pos type="VB"/>
                    <lemma type="go"/>
                    <dep head="3-8" type="xcomp"/>
                </token>
                <token content="on" id="3-11"/>
                <token content="google" id="3-12">
                    <pos type="JJ"/>
                    <lemma type="google"/>
                </token>
                <token content="maps" id="3-13">
                    <pos type="NNS"/>
                    <lemma type="map"/>
                    <dep head="3-10" type="prep"/>
                </token>
                <token content="and" id="3-14"/>
                <token content="map" id="3-15">
                    <pos type="VBP"/>
                    <lemma type="map"/>
                    <dep head="3-4" type="conj"/>
                </token>
                <token content="it" id="3-16">
                    <pos type="PRP"/>
                    <lemma type="it"/>
                    <dep head="3-15" type="dobj"/>
                </token>
                <token content="from" id="3-17"/>
                <token content="my" id="3-18">
                    <pos type="PRP$"/>
                    <lemma type="my"/>
                </token>
                <token content="address" id="3-19">
                    <pos type="NN"/>
                    <lemma type="address"/>
                    <dep head="3-24" type="nsubj"/>
                </token>
                <token content="to" id="3-20"/>
                <token content="my" id="3-21">
                    <pos type="PRP$"/>
                    <lemma type="my"/>
                </token>
                <token content="destination" id="3-22">
                    <pos type="NN"/>
                    <lemma type="destination"/>
                </token>
                <token content="address" id="3-23">
                    <pos type="NN"/>
                    <lemma type="address"/>
                </token>
                <token content="using" id="3-24">
                    <pos type="VBG"/>
                    <lemma type="use"/>
                    <dep head="3-15" type="prepc"/>
                </token>
                <token content="public" id="3-25">
                    <pos type="JJ"/>
                    <lemma type="public"/>
                </token>
                <token content="transit" id="3-26">
                    <pos type="NN"/>
                    <lemma type="transit"/>
                    <dep head="3-24" type="dobj"/>
                </token>
                <token content="as" id="3-27"/>
                <token content="my" id="3-28">
                    <pos type="PRP$"/>
                    <lemma type="my"/>
                </token>
                <token content="option" id="3-29">
                    <pos type="NN"/>
                    <lemma type="option"/>
                    <dep head="3-24" type="prep"/>
                </token>
                <token content="." id="3-30"/>
            </sentence>
            <sentence id="4">
                <token content="I" id="4-1">
                    <pos type="PRP"/>
                    <lemma type="I"/>
                    <dep head="4-3" type="nsubj"/>
                </token>
                <token content="then" id="4-2">
                    <pos type="RB"/>
                    <lemma type="then"/>
                    <dep head="4-3" type="advmod"/>
                </token>
                <token content="factor" id="4-3">
                    <pos type="VBD"/>
                    <lemma type="factor"/>
                </token>
                <token content="the" id="4-4">
                    <pos type="DT"/>
                    <lemma type="the"/>
                </token>
                <token content="departure" id="4-5">
                    <pos type="NN"/>
                    <lemma type="departure"/>
                </token>
                <token content="and" id="4-6"/>
                <token content="arrival" id="4-7">
                    <pos type="NN"/>
                    <lemma type="arrival"/>
                </token>
                <token content="times" id="4-8">
                    <pos type="NNS"/>
                    <lemma type="time"/>
                    <dep head="4-3" type="dobj"/>
                </token>
                <token content="into" id="4-9"/>
                <token content="my" id="4-10">
                    <pos type="PRP$"/>
                    <lemma type="my"/>
                </token>
                <token content="schedule" id="4-11">
                    <pos type="NN"/>
                    <lemma type="schedule"/>
                    <dep head="4-3" type="prep"/>
                </token>
                <token content="," id="4-12"/>
                <token content="as" id="4-13"/>
                <token content="well" id="4-14"/>
                <token content="as" id="4-15"/>
                <token content="make" id="4-16">
                    <pos type="VBP"/>
                    <lemma type="make"/>
                    <dep head="4-3" type="conj"/>
                </token>
                <token content="sure" id="4-17">
                    <pos type="JJ"/>
                    <lemma type="sure"/>
                    <dep head="4-3" type="acomp"/>
                </token>
                <token content="I" id="4-18">
                    <pos type="PRP"/>
                    <lemma type="I"/>
                    <dep head="4-19" type="nsubj"/>
                </token>
                <token content="have" id="4-19">
                    <pos type="VBP"/>
                    <lemma type="have"/>
                </token>
                <token content="the" id="4-20">
                    <pos type="DT"/>
                    <lemma type="the"/>
                </token>
                <token content="proper" id="4-21">
                    <pos type="JJ"/>
                    <lemma type="proper"/>
                </token>
                <token content="amount" id="4-22">
                    <pos type="NN"/>
                    <lemma type="amount"/>
                    <dep head="4-19" type="dobj"/>
                </token>
                <token content="of" id="4-23"/>
                <token content="cash" id="4-24">
                    <pos type="NN"/>
                    <lemma type="cash"/>
                </token>
                <token content="and\/or" id="4-25">
                    <pos type="NN"/>
                    <lemma type="and\/or"/>
                </token>
                <token content="change" id="4-26">
                    <pos type="NN"/>
                    <lemma type="change"/>
                </token>
                <token content="for" id="4-27"/>
                <token content="the" id="4-28">
                    <pos type="DT"/>
                    <lemma type="the"/>
                </token>
                <token content="fare" id="4-29">
                    <pos type="NN"/>
                    <lemma type="fare"/>
                </token>
                <token content="." id="4-30"/>
            </sentence>
            <sentence id="5">
                <token content="I" id="5-1">
                    <pos type="PRP"/>
                    <lemma type="I"/>
                    <dep head="5-4" type="nsubj"/>
                </token>
                <token content="would" id="5-2">
                    <pos type="MD"/>
                    <lemma type="would"/>
                    <dep head="5-4" type="aux"/>
                </token>
                <token content="then" id="5-3">
                    <pos type="RB"/>
                    <lemma type="then"/>
                    <dep head="5-4" type="advmod"/>
                </token>
                <token content="walk" id="5-4">
                    <pos type="VB"/>
                    <lemma type="walk"/>
                </token>
                <token content="to" id="5-5"/>
                <token content="the" id="5-6">
                    <pos type="DT"/>
                    <lemma type="the"/>
                </token>
                <token content="bus" id="5-7">
                    <pos type="NN"/>
                    <lemma type="bus"/>
                </token>
                <token content="stop" id="5-8">
                    <pos type="NN"/>
                    <lemma type="stop"/>
                    <dep head="5-4" type="prep"/>
                </token>
                <token content="at" id="5-9">
                    <pos type="IN"/>
                    <lemma type="at"/>
                </token>
                <token content="least" id="5-10">
                    <pos type="JJS"/>
                    <lemma type="least"/>
                </token>
                <token content="5" id="5-11">
                    <pos type="CD"/>
                    <lemma type="5"/>
                </token>
                <token content="minuted" id="5-12">
                    <pos type="NN"/>
                    <lemma type="minuted"/>
                </token>
                <token content="ahead" id="5-13"/>
                <token content="of" id="5-14"/>
                <token content="time" id="5-15">
                    <pos type="NN"/>
                    <lemma type="time"/>
                </token>
                <token content="," id="5-16"/>
                <token content="as" id="5-17">
                    <pos type="IN"/>
                    <lemma type="as"/>
                    <dep head="5-21" type="mark"/>
                </token>
                <token content="they" id="5-18">
                    <pos type="PRP"/>
                    <lemma type="they"/>
                    <dep head="5-21" type="nsubj"/>
                </token>
                <token content="can" id="5-19">
                    <pos type="MD"/>
                    <lemma type="can"/>
                    <dep head="5-21" type="aux"/>
                </token>
                <token content="sometimes" id="5-20">
                    <pos type="RB"/>
                    <lemma type="sometimes"/>
                    <dep head="5-21" type="advmod"/>
                </token>
                <token content="come" id="5-21">
                    <pos type="VB"/>
                    <lemma type="come"/>
                    <dep head="5-4" type="advcl"/>
                </token>
                <token content="early" id="5-22">
                    <pos type="RB"/>
                    <lemma type="early"/>
                    <dep head="5-21" type="advmod"/>
                </token>
                <token content="." id="5-23"/>
            </sentence>
            <sentence id="6">
                <token content="When" id="6-1">
                    <pos type="WRB"/>
                    <lemma type="when"/>
                    <dep head="6-4" type="advmod"/>
                </token>
                <token content="the" id="6-2">
                    <pos type="DT"/>
                    <lemma type="the"/>
                </token>
                <token content="bus" id="6-3">
                    <pos type="NN"/>
                    <lemma type="bus"/>
                    <dep head="6-4" type="nsubj"/>
                </token>
                <token content="appears" id="6-4">
                    <pos type="VBZ"/>
                    <lemma type="appear"/>
                    <dep head="6-18" type="advcl"/>
                </token>
                <token content="I" id="6-5">
                    <pos type="PRP"/>
                    <lemma type="I"/>
                    <dep head="6-6" type="nsubj"/>
                </token>
                <token content="wait" id="6-6">
                    <pos type="VB"/>
                    <lemma type="wait"/>
                    <dep head="6-4" type="ccomp"/>
                </token>
                <token content="for" id="6-7">
                    <pos type="IN"/>
                    <lemma type="for"/>
                    <dep head="6-10" type="mark"/>
                </token>
                <token content="him" id="6-8">
                    <pos type="PRP"/>
                    <lemma type="he"/>
                    <dep head="6-10" type="nsubj"/>
                </token>
                <token content="to" id="6-9">
                    <pos type="TO"/>
                    <lemma type="to"/>
                    <dep head="6-10" type="aux"/>
                </token>
                <token content="stop" id="6-10">
                    <pos type="VB"/>
                    <lemma type="stop"/>
                    <dep head="6-6" type="advcl"/>
                </token>
                <token content="and" id="6-11"/>
                <token content="then" id="6-12">
                    <pos type="RB"/>
                    <lemma type="then"/>
                    <dep head="6-14" type="advmod"/>
                </token>
                <token content="I" id="6-13">
                    <pos type="PRP"/>
                    <lemma type="I"/>
                    <dep head="6-14" type="nsubj"/>
                </token>
                <token content="greet" id="6-14">
                    <pos type="VBP"/>
                    <lemma type="greet"/>
                    <dep head="6-4" type="conj"/>
                </token>
                <token content="the" id="6-15">
                    <pos type="DT"/>
                    <lemma type="the"/>
                </token>
                <token content="driver" id="6-16">
                    <pos type="NN"/>
                    <lemma type="driver"/>
                    <dep head="6-14" type="dobj"/>
                </token>
                <token content="," id="6-17"/>
                <token content="deposit" id="6-18">
                    <pos type="VB"/>
                    <lemma type="deposit"/>
                </token>
                <token content="the" id="6-19">
                    <pos type="DT"/>
                    <lemma type="the"/>
                </token>
                <token content="fare" id="6-20">
                    <pos type="NN"/>
                    <lemma type="fare"/>
                    <dep head="6-18" type="dobj"/>
                </token>
                <token content="-LRB-" id="6-21"/>
                <token content="exact" id="6-22">
                    <pos type="JJ"/>
                    <lemma type="exact"/>
                </token>
                <token content="change" id="6-23">
                    <pos type="NN"/>
                    <lemma type="change"/>
                </token>
                <token content="-RRB-" id="6-24"/>
                <token content="and" id="6-25"/>
                <token content="take" id="6-26">
                    <pos type="VB"/>
                    <lemma type="take"/>
                    <dep head="6-18" type="conj"/>
                </token>
                <token content="a" id="6-27">
                    <pos type="DT"/>
                    <lemma type="a"/>
                </token>
                <token content="seat" id="6-28">
                    <pos type="NN"/>
                    <lemma type="seat"/>
                    <dep head="6-26" type="dobj"/>
                </token>
                <token content="where" id="6-29">
                    <pos type="WRB"/>
                    <lemma type="where"/>
                </token>
                <token content="available" id="6-30">
                    <pos type="JJ"/>
                    <lemma type="available"/>
                    <dep head="6-26" type="advcl"/>
                </token>
                <token content="." id="6-31"/>
            </sentence>
            <sentence id="7">
                <token content="While" id="7-1">
                    <pos type="IN"/>
                    <lemma type="while"/>
                    <dep head="7-6" type="mark"/>
                </token>
                <token content="on" id="7-2"/>
                <token content="the" id="7-3">
                    <pos type="DT"/>
                    <lemma type="the"/>
                </token>
                <token content="bus" id="7-4">
                    <pos type="NN"/>
                    <lemma type="bus"/>
                    <dep head="7-6" type="prep"/>
                </token>
                <token content="I" id="7-5">
                    <pos type="PRP"/>
                    <lemma type="I"/>
                    <dep head="7-6" type="nsubj"/>
                </token>
                <token content="look" id="7-6">
                    <pos type="VBP"/>
                    <lemma type="look"/>
                    <dep head="7-14" type="advcl"/>
                </token>
                <token content="out" id="7-7">
                    <pos type="RP"/>
                    <lemma type="out"/>
                    <dep head="7-6" type="prt"/>
                </token>
                <token content="the" id="7-8">
                    <pos type="DT"/>
                    <lemma type="the"/>
                </token>
                <token content="window" id="7-9">
                    <pos type="NN"/>
                    <lemma type="window"/>
                    <dep head="7-6" type="dobj"/>
                </token>
                <token content="to" id="7-10">
                    <pos type="TO"/>
                    <lemma type="to"/>
                    <dep head="7-11" type="aux"/>
                </token>
                <token content="see" id="7-11">
                    <pos type="VB"/>
                    <lemma type="see"/>
                </token>
                <token content="where" id="7-12">
                    <pos type="WRB"/>
                    <lemma type="where"/>
                    <dep head="7-11" type="ccomp"/>
                </token>
                <token content="I" id="7-13">
                    <pos type="PRP"/>
                    <lemma type="I"/>
                    <dep head="7-14" type="nsubj"/>
                </token>
                <token content="am" id="7-14">
                    <pos type="VBP"/>
                    <lemma type="be"/>
                </token>
                <token content="," id="7-15"/>
                <token content="and" id="7-16"/>
                <token content="make" id="7-17">
                    <pos type="VB"/>
                    <lemma type="make"/>
                    <dep head="7-14" type="conj"/>
                </token>
                <token content="sure" id="7-18">
                    <pos type="JJ"/>
                    <lemma type="sure"/>
                    <dep head="7-17" type="acomp"/>
                </token>
                <token content="that" id="7-19">
                    <pos type="IN"/>
                    <lemma type="that"/>
                    <dep head="7-21" type="mark"/>
                </token>
                <token content="I" id="7-20">
                    <pos type="PRP"/>
                    <lemma type="I"/>
                    <dep head="7-21" type="nsubj"/>
                </token>
                <token content="press" id="7-21">
                    <pos type="VBP"/>
                    <lemma type="press"/>
                    <dep head="7-17" type="ccomp"/>
                </token>
                <token content="the" id="7-22">
                    <pos type="DT"/>
                    <lemma type="the"/>
                </token>
                <token content="button" id="7-23">
                    <pos type="NN"/>
                    <lemma type="button"/>
                    <dep head="7-21" type="dobj"/>
                </token>
                <token content="or" id="7-24"/>
                <token content="pull" id="7-25">
                    <pos type="VB"/>
                    <lemma type="pull"/>
                    <dep head="7-17" type="conj"/>
                </token>
                <token content="the" id="7-26">
                    <pos type="DT"/>
                    <lemma type="the"/>
                </token>
                <token content="cord" id="7-27">
                    <pos type="NN"/>
                    <lemma type="cord"/>
                    <dep head="7-25" type="dobj"/>
                </token>
                <token content="when" id="7-28">
                    <pos type="WRB"/>
                    <lemma type="when"/>
                </token>
                <token content="my" id="7-29">
                    <pos type="PRP$"/>
                    <lemma type="my"/>
                </token>
                <token content="stop" id="7-30">
                    <pos type="NN"/>
                    <lemma type="stop"/>
                </token>
                <token content="is" id="7-31">
                    <pos type="VBZ"/>
                    <lemma type="be"/>
                </token>
                <token content="near" id="7-32">
                    <pos type="JJ"/>
                    <lemma type="near"/>
                    <dep head="7-25" type="advcl"/>
                </token>
                <token content="." id="7-33"/>
            </sentence>
        </sentences>
    </text>
    <annotations>
        <participants>
            <label from="1-5" id="0" name="ScrPart_bus" text="bus" type="participant"/>
            <label from="1-9" id="1" name="No_label" text="way" type="participant"/>
            <label from="1-13" id="2" name="ScrPart_passenger" text="your" type="participant"/>
            <label from="1-14" id="3" name="NPart" text="city" type="participant"/>
            <label from="2-1" id="4" name="ScrPart_passenger" text="I" type="participant"/>
            <label from="2-6" id="5" name="ScrPart_time/date" text="year" type="participant"/>
            <label from="3-3" id="6" name="ScrPart_passenger" text="I" type="participant"/>
            <label from="3-7" id="7" name="ScrPart_passenger" text="I" type="participant"/>
            <label from="3-12" id="8" name="NPart" text="google maps" to="3-13" type="participant"/>
            <label from="3-13" id="9" name="NPart" text="maps" type="participant"/>
            <label from="3-16" id="10" name="No_label" text="it" type="participant"/>
            <label from="3-18" id="11" name="ScrPart_passenger" text="my" type="participant"/>
            <label from="3-19" id="12" name="NPart" text="address" type="participant"/>
            <label from="3-21" id="13" name="ScrPart_passenger" text="my" type="participant"/>
            <label from="3-22" id="14" name="ScrPart_destination" text="destination address" to="3-23" type="participant"/>
            <label from="3-23" id="15" name="ScrPart_destination" text="address" type="participant"/>
            <label from="3-26" id="16" name="ScrPart_other" text="transit" type="participant"/>
            <label from="3-28" id="17" name="ScrPart_passenger" text="my" type="participant"/>
            <label from="3-29" id="18" name="NPart" text="option" type="participant"/>
            <label from="4-1" id="19" name="ScrPart_passenger" text="I" type="participant"/>
            <label from="4-5" id="20" name="ScrPart_time/date" text="departure and arrival times" to="4-8" type="participant"/>
            <label from="4-8" id="21" name="ScrPart_time/date" text="times" type="participant"/>
            <label from="4-10" id="22" name="ScrPart_passenger" text="my" type="participant"/>
            <label from="4-11" id="23" name="ScrPart_time-table" text="schedule" type="participant"/>
            <label from="4-18" id="24" name="ScrPart_passenger" text="I" type="participant"/>
            <label from="4-22" id="25" name="Head_of_Partitive" text="amount" type="participant"/>
            <label from="4-24" id="26" name="ScrPart_money" text="cash" type="participant"/>
            <label from="4-26" id="27" name="ScrPart_money" text="change" type="participant"/>
            <label from="4-29" id="28" name="ScrPart_money" text="fare" type="participant"/>
            <label from="5-1" id="29" name="ScrPart_passenger" text="I" type="participant"/>
            <label from="5-7" id="30" name="ScrPart_bus_stop" text="bus stop" to="5-8" type="participant"/>
            <label from="5-8" id="31" name="ScrPart_bus_stop" text="stop" type="participant"/>
            <label from="5-12" id="32" name="ScrPart_time/date" text="minuted" type="participant"/>
            <label from="5-15" id="33" name="No_label" text="time" type="participant"/>
            <label from="5-18" id="34" name="ScrPart_bus" text="they" type="participant"/>
            <label from="6-3" id="35" name="ScrPart_bus" text="bus" type="participant"/>
            <label from="6-5" id="36" name="ScrPart_passenger" text="I" type="participant"/>
            <label from="6-8" id="37" name="ScrPart_bus" text="him" type="participant"/>
            <label from="6-13" id="38" name="ScrPart_passenger" text="I" type="participant"/>
            <label from="6-16" id="39" name="ScrPart_bus_staff" text="driver" type="participant"/>
            <label from="6-20" id="40" name="ScrPart_money" text="fare" type="participant"/>
            <label from="6-23" id="41" name="ScrPart_money" text="change" type="participant"/>
            <label from="6-28" id="42" name="ScrPart_seat_in_bus" text="seat" type="participant"/>
            <label from="7-4" id="43" name="ScrPart_bus" text="bus" type="participant"/>
            <label from="7-5" id="44" name="ScrPart_passenger" text="I" type="participant"/>
            <label from="7-9" id="45" name="NPart" text="window" type="participant"/>
            <label from="7-13" id="46" name="ScrPart_passenger" text="I" type="participant"/>
            <label from="7-20" id="47" name="ScrPart_passenger" text="I" type="participant"/>
            <label from="7-23" id="48" name="ScrPart_stop_button/door_opener" text="button" type="participant"/>
            <label from="7-27" id="49" name="ScrPart_stop_button/door_opener" text="cord" type="participant"/>
            <label from="7-29" id="50" name="ScrPart_passenger" text="my" type="participant"/>
            <label from="7-30" id="51" name="ScrPart_bus_stop" text="stop" type="participant"/>
        </participants>
        <events>
            <label from="1-1" id="52" name="Evoking" text="Riding in a public bus" to="1-5" type="event"/>
            <label from="1-6" id="53" name="UnrelEv" text="is" type="event"/>
            <label from="1-11" id="54" name="RelNScrEv" text="get around" to="1-12" type="event"/>
            <label from="2-2" id="55" name="UnrelEv" text="did" type="event"/>
            <label from="3-4" id="56" name="ScrEv_find_bus" text="look up" to="3-5" type="event"/>
            <label from="3-10" id="57" name="RelNScrEv" text="go" type="event"/>
            <label from="3-15" id="58" name="UnrelEv" text="map" type="event"/>
            <label from="3-24" id="59" name="UnrelEv" text="using" type="event"/>
            <label from="4-3" id="60" name="UnrelEv" text="factor" type="event"/>
            <label from="4-16" id="61" name="RelNScrEv" text="make sure" to="4-17" type="event"/>
            <label from="4-19" id="62" name="UnrelEv" text="have" type="event"/>
            <label from="5-4" id="63" name="ScrEv_get_bus_stop" text="walk" type="event"/>
            <label from="5-21" id="64" name="ScrEv_bus_comes" text="come" type="event"/>
            <label from="6-4" id="65" name="ScrEv_bus_comes" text="appears" type="event"/>
            <label from="6-6" id="66" name="ScrEv_wait" text="wait" type="event"/>
            <label from="6-10" id="67" name="ScrEv_bus_stops" text="stop" type="event"/>
            <label from="6-14" id="68" name="RelNScrEv" text="greet" type="event"/>
            <label from="6-18" id="69" name="ScrEv_get_ticket" text="deposit" type="event"/>
            <label from="6-26" id="70" name="ScrEv_find_place" text="take" type="event"/>
            <label from="7-6" id="71" name="ScrEv_spend_time_bus" text="look" type="event"/>
            <label from="7-11" id="72" name="RelNScrEv" text="see" type="event"/>
            <label from="7-14" id="73" name="UnrelEv" text="am" type="event"/>
            <label from="7-17" id="74" name="UnrelEv" text="make sure" to="7-18" type="event"/>
            <label from="7-21" id="75" name="ScrEv_press_stop_button" text="press" type="event"/>
            <label from="7-25" id="76" name="ScrEv_press_stop_button" text="pull" type="event"/>
            <label from="7-31" id="77" name="UnrelEv" text="is" type="event"/>
        </events>
        <chains>
            <chain elements="2 4 6 7 11 13 17 19 22 24 29 36 38 44 46 47 50"/>
            <chain elements="26 27 41"/>
            <chain elements="0 35 37 43"/>
            <chain elements="28 40"/>
        </chains>
    </annotations>
</story>
