<?xml version="1.0" encoding="UTF-8" standalone="no"?>
<!DOCTYPE story SYSTEM "../InScript.dtd">
<story id="096" scenario="bus">
    <text>
        <content>Last weekend there was a parade in the downtown area of my city , and I decided to take my little sister - we had so much fun ! 
I 'm not old enough to drive and our parents were busy , so I decided to take the bus . 
I went online and looked at the bus route to determine which stop let us off closest to the parade , and then I looked at the bus schedule to see what time the bus would come and how often it ran . 
I also found out how much the ride costs , and Mom gave me the money I needed for both of us . 
The day of the parade my sister and I walked the two short blocks to the bus stop and waited inside the little bus shelter . 
When the bus came , the driver came to a stop and the doors opened and we walked up the two steps . 
We said hello to the driver and paid the fare - my sister loved putting the coins in the fare box . 
We walked a few steps down the aisle and took a seat near the front of the bus and settled in to look out of the window . 
The bus made a lot of stops and all types of people got on and off of the bus ; it was pretty noisy ! 
When I could tell we were getting close to our stop , I pulled the chord to alert the driver that we were getting off at the next stop . 
When we reached our stop , my sister and I walked down the aisle and off of the bus . 
We were just in time to see the beginning of the parade ! </content>
        <sentences>
            <sentence id="1">
                <token content="Last" id="1-1">
                    <pos type="JJ"/>
                    <lemma type="last"/>
                </token>
                <token content="weekend" id="1-2">
                    <pos type="NN"/>
                    <lemma type="weekend"/>
                    <dep head="1-4" type="nsubj"/>
                </token>
                <token content="there" id="1-3">
                    <pos type="EX"/>
                    <lemma type="there"/>
                    <dep head="1-4" type="expl"/>
                </token>
                <token content="was" id="1-4">
                    <pos type="VBD"/>
                    <lemma type="be"/>
                </token>
                <token content="a" id="1-5">
                    <pos type="DT"/>
                    <lemma type="a"/>
                </token>
                <token content="parade" id="1-6">
                    <pos type="NN"/>
                    <lemma type="parade"/>
                    <dep head="1-4" type="nsubj"/>
                </token>
                <token content="in" id="1-7"/>
                <token content="the" id="1-8">
                    <pos type="DT"/>
                    <lemma type="the"/>
                </token>
                <token content="downtown" id="1-9">
                    <pos type="JJ"/>
                    <lemma type="downtown"/>
                </token>
                <token content="area" id="1-10">
                    <pos type="NN"/>
                    <lemma type="area"/>
                </token>
                <token content="of" id="1-11"/>
                <token content="my" id="1-12">
                    <pos type="PRP$"/>
                    <lemma type="my"/>
                </token>
                <token content="city" id="1-13">
                    <pos type="NN"/>
                    <lemma type="city"/>
                </token>
                <token content="," id="1-14"/>
                <token content="and" id="1-15"/>
                <token content="I" id="1-16">
                    <pos type="PRP"/>
                    <lemma type="I"/>
                    <dep head="1-17" type="nsubj"/>
                </token>
                <token content="decided" id="1-17">
                    <pos type="VBD"/>
                    <lemma type="decide"/>
                    <dep head="1-4" type="conj"/>
                </token>
                <token content="to" id="1-18">
                    <pos type="TO"/>
                    <lemma type="to"/>
                    <dep head="1-19" type="aux"/>
                </token>
                <token content="take" id="1-19">
                    <pos type="VB"/>
                    <lemma type="take"/>
                    <dep head="1-17" type="xcomp"/>
                </token>
                <token content="my" id="1-20">
                    <pos type="PRP$"/>
                    <lemma type="my"/>
                </token>
                <token content="little" id="1-21">
                    <pos type="JJ"/>
                    <lemma type="little"/>
                </token>
                <token content="sister" id="1-22">
                    <pos type="NN"/>
                    <lemma type="sister"/>
                    <dep head="1-19" type="dobj"/>
                </token>
                <token content="-" id="1-23"/>
                <token content="we" id="1-24">
                    <pos type="PRP"/>
                    <lemma type="we"/>
                    <dep head="1-25" type="nsubj"/>
                </token>
                <token content="had" id="1-25">
                    <pos type="VBD"/>
                    <lemma type="have"/>
                    <dep head="1-4" type="parataxis"/>
                </token>
                <token content="so" id="1-26">
                    <pos type="RB"/>
                    <lemma type="so"/>
                </token>
                <token content="much" id="1-27">
                    <pos type="JJ"/>
                    <lemma type="much"/>
                </token>
                <token content="fun" id="1-28">
                    <pos type="NN"/>
                    <lemma type="fun"/>
                    <dep head="1-25" type="dobj"/>
                </token>
                <token content="!" id="1-29"/>
            </sentence>
            <sentence id="2">
                <token content="I" id="2-1">
                    <pos type="PRP"/>
                    <lemma type="I"/>
                </token>
                <token content="'m" id="2-2">
                    <pos type="VBP"/>
                    <lemma type="be"/>
                </token>
                <token content="not" id="2-3">
                    <pos type="RB"/>
                    <lemma type="not"/>
                </token>
                <token content="old" id="2-4">
                    <pos type="JJ"/>
                    <lemma type="old"/>
                </token>
                <token content="enough" id="2-5">
                    <pos type="RB"/>
                    <lemma type="enough"/>
                </token>
                <token content="to" id="2-6">
                    <pos type="TO"/>
                    <lemma type="to"/>
                    <dep head="2-7" type="aux"/>
                </token>
                <token content="drive" id="2-7">
                    <pos type="VB"/>
                    <lemma type="drive"/>
                </token>
                <token content="and" id="2-8"/>
                <token content="our" id="2-9">
                    <pos type="PRP$"/>
                    <lemma type="we"/>
                </token>
                <token content="parents" id="2-10">
                    <pos type="NNS"/>
                    <lemma type="parent"/>
                </token>
                <token content="were" id="2-11">
                    <pos type="VBD"/>
                    <lemma type="be"/>
                </token>
                <token content="busy" id="2-12">
                    <pos type="JJ"/>
                    <lemma type="busy"/>
                </token>
                <token content="," id="2-13"/>
                <token content="so" id="2-14">
                    <pos type="IN"/>
                    <lemma type="so"/>
                </token>
                <token content="I" id="2-15">
                    <pos type="PRP"/>
                    <lemma type="I"/>
                    <dep head="2-16" type="nsubj"/>
                </token>
                <token content="decided" id="2-16">
                    <pos type="VBD"/>
                    <lemma type="decide"/>
                </token>
                <token content="to" id="2-17">
                    <pos type="TO"/>
                    <lemma type="to"/>
                    <dep head="2-18" type="aux"/>
                </token>
                <token content="take" id="2-18">
                    <pos type="VB"/>
                    <lemma type="take"/>
                    <dep head="2-16" type="xcomp"/>
                </token>
                <token content="the" id="2-19">
                    <pos type="DT"/>
                    <lemma type="the"/>
                </token>
                <token content="bus" id="2-20">
                    <pos type="NN"/>
                    <lemma type="bus"/>
                    <dep head="2-18" type="dobj"/>
                </token>
                <token content="." id="2-21"/>
            </sentence>
            <sentence id="3">
                <token content="I" id="3-1">
                    <pos type="PRP"/>
                    <lemma type="I"/>
                    <dep head="3-2" type="nsubj"/>
                </token>
                <token content="went" id="3-2">
                    <pos type="VBD"/>
                    <lemma type="go"/>
                </token>
                <token content="online" id="3-3">
                    <pos type="NN"/>
                    <lemma type="online"/>
                    <dep head="3-2" type="prep"/>
                </token>
                <token content="and" id="3-4"/>
                <token content="looked" id="3-5">
                    <pos type="VBD"/>
                    <lemma type="look"/>
                    <dep head="3-2" type="conj"/>
                </token>
                <token content="at" id="3-6"/>
                <token content="the" id="3-7">
                    <pos type="DT"/>
                    <lemma type="the"/>
                </token>
                <token content="bus" id="3-8">
                    <pos type="NN"/>
                    <lemma type="bus"/>
                </token>
                <token content="route" id="3-9">
                    <pos type="NN"/>
                    <lemma type="route"/>
                    <dep head="3-5" type="prep"/>
                </token>
                <token content="to" id="3-10">
                    <pos type="TO"/>
                    <lemma type="to"/>
                    <dep head="3-11" type="aux"/>
                </token>
                <token content="determine" id="3-11">
                    <pos type="VB"/>
                    <lemma type="determine"/>
                    <dep head="3-5" type="xcomp"/>
                </token>
                <token content="which" id="3-12">
                    <pos type="WDT"/>
                    <lemma type="which"/>
                    <dep head="3-13" type="nsubj"/>
                </token>
                <token content="stop" id="3-13">
                    <pos type="VBP"/>
                    <lemma type="stop"/>
                    <dep head="3-11" type="ccomp"/>
                </token>
                <token content="let" id="3-14">
                    <pos type="VB"/>
                    <lemma type="let"/>
                    <dep head="3-13" type="xcomp"/>
                </token>
                <token content="us" id="3-15">
                    <pos type="PRP"/>
                    <lemma type="we"/>
                    <dep head="3-14" type="dobj"/>
                </token>
                <token content="off" id="3-16">
                    <pos type="IN"/>
                    <lemma type="off"/>
                    <dep head="3-14" type="advmod"/>
                </token>
                <token content="closest" id="3-17">
                    <pos type="JJS"/>
                    <lemma type="closest"/>
                </token>
                <token content="to" id="3-18"/>
                <token content="the" id="3-19">
                    <pos type="DT"/>
                    <lemma type="the"/>
                </token>
                <token content="parade" id="3-20">
                    <pos type="NN"/>
                    <lemma type="parade"/>
                </token>
                <token content="," id="3-21"/>
                <token content="and" id="3-22"/>
                <token content="then" id="3-23">
                    <pos type="RB"/>
                    <lemma type="then"/>
                    <dep head="3-25" type="advmod"/>
                </token>
                <token content="I" id="3-24">
                    <pos type="PRP"/>
                    <lemma type="I"/>
                    <dep head="3-25" type="nsubj"/>
                </token>
                <token content="looked" id="3-25">
                    <pos type="VBD"/>
                    <lemma type="look"/>
                    <dep head="3-2" type="conj"/>
                </token>
                <token content="at" id="3-26"/>
                <token content="the" id="3-27">
                    <pos type="DT"/>
                    <lemma type="the"/>
                </token>
                <token content="bus" id="3-28">
                    <pos type="NN"/>
                    <lemma type="bus"/>
                </token>
                <token content="schedule" id="3-29">
                    <pos type="NN"/>
                    <lemma type="schedule"/>
                    <dep head="3-25" type="prep"/>
                </token>
                <token content="to" id="3-30">
                    <pos type="TO"/>
                    <lemma type="to"/>
                    <dep head="3-31" type="aux"/>
                </token>
                <token content="see" id="3-31">
                    <pos type="VB"/>
                    <lemma type="see"/>
                    <dep head="3-25" type="xcomp"/>
                </token>
                <token content="what" id="3-32">
                    <pos type="WP"/>
                    <lemma type="what"/>
                </token>
                <token content="time" id="3-33">
                    <pos type="NN"/>
                    <lemma type="time"/>
                    <dep head="3-37" type="dobj"/>
                </token>
                <token content="the" id="3-34">
                    <pos type="DT"/>
                    <lemma type="the"/>
                </token>
                <token content="bus" id="3-35">
                    <pos type="NN"/>
                    <lemma type="bus"/>
                    <dep head="3-37" type="nsubj"/>
                </token>
                <token content="would" id="3-36">
                    <pos type="MD"/>
                    <lemma type="would"/>
                    <dep head="3-37" type="aux"/>
                </token>
                <token content="come" id="3-37">
                    <pos type="VB"/>
                    <lemma type="come"/>
                    <dep head="3-31" type="dep"/>
                </token>
                <token content="and" id="3-38"/>
                <token content="how" id="3-39">
                    <pos type="WRB"/>
                    <lemma type="how"/>
                </token>
                <token content="often" id="3-40">
                    <pos type="RB"/>
                    <lemma type="often"/>
                    <dep head="3-42" type="advmod"/>
                </token>
                <token content="it" id="3-41">
                    <pos type="PRP"/>
                    <lemma type="it"/>
                    <dep head="3-42" type="nsubj"/>
                </token>
                <token content="ran" id="3-42">
                    <pos type="VBD"/>
                    <lemma type="run"/>
                    <dep head="3-37" type="conj"/>
                </token>
                <token content="." id="3-43"/>
            </sentence>
            <sentence id="4">
                <token content="I" id="4-1">
                    <pos type="PRP"/>
                    <lemma type="I"/>
                    <dep head="4-3" type="nsubj"/>
                </token>
                <token content="also" id="4-2">
                    <pos type="RB"/>
                    <lemma type="also"/>
                    <dep head="4-3" type="advmod"/>
                </token>
                <token content="found" id="4-3">
                    <pos type="VBD"/>
                    <lemma type="find"/>
                </token>
                <token content="out" id="4-4">
                    <pos type="RP"/>
                    <lemma type="out"/>
                    <dep head="4-3" type="prt"/>
                </token>
                <token content="how" id="4-5">
                    <pos type="WRB"/>
                    <lemma type="how"/>
                </token>
                <token content="much" id="4-6">
                    <pos type="JJ"/>
                    <lemma type="much"/>
                    <dep head="4-9" type="dep"/>
                </token>
                <token content="the" id="4-7">
                    <pos type="DT"/>
                    <lemma type="the"/>
                </token>
                <token content="ride" id="4-8">
                    <pos type="NN"/>
                    <lemma type="ride"/>
                    <dep head="4-9" type="nsubj"/>
                </token>
                <token content="costs" id="4-9">
                    <pos type="VBZ"/>
                    <lemma type="cost"/>
                    <dep head="4-3" type="ccomp"/>
                </token>
                <token content="," id="4-10"/>
                <token content="and" id="4-11"/>
                <token content="Mom" id="4-12">
                    <pos type="NN"/>
                    <lemma type="mom"/>
                    <dep head="4-13" type="nsubj"/>
                </token>
                <token content="gave" id="4-13">
                    <pos type="VBD"/>
                    <lemma type="give"/>
                    <dep head="4-3" type="conj"/>
                </token>
                <token content="me" id="4-14">
                    <pos type="PRP"/>
                    <lemma type="I"/>
                    <dep head="4-13" type="iobj"/>
                </token>
                <token content="the" id="4-15">
                    <pos type="DT"/>
                    <lemma type="the"/>
                </token>
                <token content="money" id="4-16">
                    <pos type="NN"/>
                    <lemma type="money"/>
                    <dep head="4-13" type="dobj"/>
                </token>
                <token content="I" id="4-17">
                    <pos type="PRP"/>
                    <lemma type="I"/>
                    <dep head="4-18" type="nsubj"/>
                </token>
                <token content="needed" id="4-18">
                    <pos type="VBD"/>
                    <lemma type="need"/>
                </token>
                <token content="for" id="4-19"/>
                <token content="both" id="4-20">
                    <pos type="DT"/>
                    <lemma type="both"/>
                    <dep head="4-18" type="prep"/>
                </token>
                <token content="of" id="4-21"/>
                <token content="us" id="4-22">
                    <pos type="PRP"/>
                    <lemma type="we"/>
                </token>
                <token content="." id="4-23"/>
            </sentence>
            <sentence id="5">
                <token content="The" id="5-1">
                    <pos type="DT"/>
                    <lemma type="the"/>
                </token>
                <token content="day" id="5-2">
                    <pos type="NN"/>
                    <lemma type="day"/>
                    <dep head="5-10" type="nsubj"/>
                </token>
                <token content="of" id="5-3"/>
                <token content="the" id="5-4">
                    <pos type="DT"/>
                    <lemma type="the"/>
                </token>
                <token content="parade" id="5-5">
                    <pos type="NN"/>
                    <lemma type="parade"/>
                </token>
                <token content="my" id="5-6">
                    <pos type="PRP$"/>
                    <lemma type="my"/>
                </token>
                <token content="sister" id="5-7">
                    <pos type="NN"/>
                    <lemma type="sister"/>
                </token>
                <token content="and" id="5-8"/>
                <token content="I" id="5-9">
                    <pos type="PRP"/>
                    <lemma type="I"/>
                </token>
                <token content="walked" id="5-10">
                    <pos type="VBD"/>
                    <lemma type="walk"/>
                </token>
                <token content="the" id="5-11">
                    <pos type="DT"/>
                    <lemma type="the"/>
                </token>
                <token content="two" id="5-12">
                    <pos type="CD"/>
                    <lemma type="two"/>
                </token>
                <token content="short" id="5-13">
                    <pos type="JJ"/>
                    <lemma type="short"/>
                </token>
                <token content="blocks" id="5-14">
                    <pos type="NNS"/>
                    <lemma type="block"/>
                    <dep head="5-10" type="dobj"/>
                </token>
                <token content="to" id="5-15"/>
                <token content="the" id="5-16">
                    <pos type="DT"/>
                    <lemma type="the"/>
                </token>
                <token content="bus" id="5-17">
                    <pos type="NN"/>
                    <lemma type="bus"/>
                </token>
                <token content="stop" id="5-18">
                    <pos type="NN"/>
                    <lemma type="stop"/>
                    <dep head="5-10" type="prep"/>
                </token>
                <token content="and" id="5-19"/>
                <token content="waited" id="5-20">
                    <pos type="VBD"/>
                    <lemma type="wait"/>
                    <dep head="5-10" type="conj"/>
                </token>
                <token content="inside" id="5-21"/>
                <token content="the" id="5-22">
                    <pos type="DT"/>
                    <lemma type="the"/>
                </token>
                <token content="little" id="5-23">
                    <pos type="JJ"/>
                    <lemma type="little"/>
                </token>
                <token content="bus" id="5-24">
                    <pos type="NN"/>
                    <lemma type="bus"/>
                </token>
                <token content="shelter" id="5-25">
                    <pos type="NN"/>
                    <lemma type="shelter"/>
                    <dep head="5-20" type="prep"/>
                </token>
                <token content="." id="5-26"/>
            </sentence>
            <sentence id="6">
                <token content="When" id="6-1">
                    <pos type="WRB"/>
                    <lemma type="when"/>
                    <dep head="6-4" type="advmod"/>
                </token>
                <token content="the" id="6-2">
                    <pos type="DT"/>
                    <lemma type="the"/>
                </token>
                <token content="bus" id="6-3">
                    <pos type="NN"/>
                    <lemma type="bus"/>
                    <dep head="6-4" type="nsubj"/>
                </token>
                <token content="came" id="6-4">
                    <pos type="VBD"/>
                    <lemma type="come"/>
                    <dep head="6-8" type="advcl"/>
                </token>
                <token content="," id="6-5"/>
                <token content="the" id="6-6">
                    <pos type="DT"/>
                    <lemma type="the"/>
                </token>
                <token content="driver" id="6-7">
                    <pos type="NN"/>
                    <lemma type="driver"/>
                    <dep head="6-8" type="nsubj"/>
                </token>
                <token content="came" id="6-8">
                    <pos type="VBD"/>
                    <lemma type="come"/>
                </token>
                <token content="to" id="6-9"/>
                <token content="a" id="6-10">
                    <pos type="DT"/>
                    <lemma type="a"/>
                </token>
                <token content="stop" id="6-11">
                    <pos type="NN"/>
                    <lemma type="stop"/>
                    <dep head="6-8" type="prep"/>
                </token>
                <token content="and" id="6-12"/>
                <token content="the" id="6-13">
                    <pos type="DT"/>
                    <lemma type="the"/>
                </token>
                <token content="doors" id="6-14">
                    <pos type="NNS"/>
                    <lemma type="door"/>
                    <dep head="6-15" type="nsubj"/>
                </token>
                <token content="opened" id="6-15">
                    <pos type="VBD"/>
                    <lemma type="open"/>
                    <dep head="6-8" type="conj"/>
                </token>
                <token content="and" id="6-16"/>
                <token content="we" id="6-17">
                    <pos type="PRP"/>
                    <lemma type="we"/>
                    <dep head="6-18" type="nsubj"/>
                </token>
                <token content="walked" id="6-18">
                    <pos type="VBD"/>
                    <lemma type="walk"/>
                    <dep head="6-15" type="conj"/>
                </token>
                <token content="up" id="6-19">
                    <pos type="RP"/>
                    <lemma type="up"/>
                    <dep head="6-18" type="prt"/>
                </token>
                <token content="the" id="6-20">
                    <pos type="DT"/>
                    <lemma type="the"/>
                </token>
                <token content="two" id="6-21">
                    <pos type="CD"/>
                    <lemma type="two"/>
                </token>
                <token content="steps" id="6-22">
                    <pos type="NNS"/>
                    <lemma type="step"/>
                    <dep head="6-18" type="dobj"/>
                </token>
                <token content="." id="6-23"/>
            </sentence>
            <sentence id="7">
                <token content="We" id="7-1">
                    <pos type="PRP"/>
                    <lemma type="we"/>
                    <dep head="7-2" type="nsubj"/>
                </token>
                <token content="said" id="7-2">
                    <pos type="VBD"/>
                    <lemma type="say"/>
                </token>
                <token content="hello" id="7-3">
                    <pos type="UH"/>
                    <lemma type="hello"/>
                    <dep head="7-2" type="dobj"/>
                </token>
                <token content="to" id="7-4"/>
                <token content="the" id="7-5">
                    <pos type="DT"/>
                    <lemma type="the"/>
                </token>
                <token content="driver" id="7-6">
                    <pos type="NN"/>
                    <lemma type="driver"/>
                    <dep head="7-2" type="prep"/>
                </token>
                <token content="and" id="7-7"/>
                <token content="paid" id="7-8">
                    <pos type="VBD"/>
                    <lemma type="pay"/>
                    <dep head="7-2" type="conj"/>
                </token>
                <token content="the" id="7-9">
                    <pos type="DT"/>
                    <lemma type="the"/>
                </token>
                <token content="fare" id="7-10">
                    <pos type="NN"/>
                    <lemma type="fare"/>
                    <dep head="7-8" type="dobj"/>
                </token>
                <token content="-" id="7-11"/>
                <token content="my" id="7-12">
                    <pos type="PRP$"/>
                    <lemma type="my"/>
                </token>
                <token content="sister" id="7-13">
                    <pos type="NN"/>
                    <lemma type="sister"/>
                    <dep head="7-14" type="nsubj"/>
                </token>
                <token content="loved" id="7-14">
                    <pos type="VBD"/>
                    <lemma type="love"/>
                    <dep head="7-2" type="parataxis"/>
                </token>
                <token content="putting" id="7-15">
                    <pos type="VBG"/>
                    <lemma type="put"/>
                    <dep head="7-14" type="xcomp"/>
                </token>
                <token content="the" id="7-16">
                    <pos type="DT"/>
                    <lemma type="the"/>
                </token>
                <token content="coins" id="7-17">
                    <pos type="NNS"/>
                    <lemma type="coin"/>
                    <dep head="7-15" type="dobj"/>
                </token>
                <token content="in" id="7-18"/>
                <token content="the" id="7-19">
                    <pos type="DT"/>
                    <lemma type="the"/>
                </token>
                <token content="fare" id="7-20">
                    <pos type="NN"/>
                    <lemma type="fare"/>
                </token>
                <token content="box" id="7-21">
                    <pos type="NN"/>
                    <lemma type="box"/>
                    <dep head="7-15" type="prep"/>
                </token>
                <token content="." id="7-22"/>
            </sentence>
            <sentence id="8">
                <token content="We" id="8-1">
                    <pos type="PRP"/>
                    <lemma type="we"/>
                    <dep head="8-2" type="nsubj"/>
                </token>
                <token content="walked" id="8-2">
                    <pos type="VBD"/>
                    <lemma type="walk"/>
                </token>
                <token content="a" id="8-3">
                    <pos type="DT"/>
                    <lemma type="a"/>
                </token>
                <token content="few" id="8-4">
                    <pos type="JJ"/>
                    <lemma type="few"/>
                </token>
                <token content="steps" id="8-5">
                    <pos type="NNS"/>
                    <lemma type="step"/>
                    <dep head="8-2" type="dobj"/>
                </token>
                <token content="down" id="8-6">
                    <pos type="RB"/>
                    <lemma type="down"/>
                    <dep head="8-2" type="advmod"/>
                </token>
                <token content="the" id="8-7">
                    <pos type="DT"/>
                    <lemma type="the"/>
                </token>
                <token content="aisle" id="8-8">
                    <pos type="NN"/>
                    <lemma type="aisle"/>
                </token>
                <token content="and" id="8-9"/>
                <token content="took" id="8-10">
                    <pos type="VBD"/>
                    <lemma type="take"/>
                    <dep head="8-2" type="conj"/>
                </token>
                <token content="a" id="8-11">
                    <pos type="DT"/>
                    <lemma type="a"/>
                </token>
                <token content="seat" id="8-12">
                    <pos type="NN"/>
                    <lemma type="seat"/>
                    <dep head="8-10" type="dobj"/>
                </token>
                <token content="near" id="8-13"/>
                <token content="the" id="8-14">
                    <pos type="DT"/>
                    <lemma type="the"/>
                </token>
                <token content="front" id="8-15">
                    <pos type="NN"/>
                    <lemma type="front"/>
                    <dep head="8-10" type="prep"/>
                </token>
                <token content="of" id="8-16"/>
                <token content="the" id="8-17">
                    <pos type="DT"/>
                    <lemma type="the"/>
                </token>
                <token content="bus" id="8-18">
                    <pos type="NN"/>
                    <lemma type="bus"/>
                </token>
                <token content="and" id="8-19"/>
                <token content="settled" id="8-20">
                    <pos type="VBD"/>
                    <lemma type="settle"/>
                    <dep head="8-10" type="conj"/>
                </token>
                <token content="in" id="8-21">
                    <pos type="RP"/>
                    <lemma type="in"/>
                    <dep head="8-20" type="prt"/>
                </token>
                <token content="to" id="8-22">
                    <pos type="TO"/>
                    <lemma type="to"/>
                    <dep head="8-23" type="aux"/>
                </token>
                <token content="look" id="8-23">
                    <pos type="VB"/>
                    <lemma type="look"/>
                    <dep head="8-20" type="xcomp"/>
                </token>
                <token content="out" id="8-24"/>
                <token content="of" id="8-25"/>
                <token content="the" id="8-26">
                    <pos type="DT"/>
                    <lemma type="the"/>
                </token>
                <token content="window" id="8-27">
                    <pos type="NN"/>
                    <lemma type="window"/>
                    <dep head="8-23" type="prep"/>
                </token>
                <token content="." id="8-28"/>
            </sentence>
            <sentence id="9">
                <token content="The" id="9-1">
                    <pos type="DT"/>
                    <lemma type="the"/>
                </token>
                <token content="bus" id="9-2">
                    <pos type="NN"/>
                    <lemma type="bus"/>
                    <dep head="9-3" type="nsubj"/>
                </token>
                <token content="made" id="9-3">
                    <pos type="VBD"/>
                    <lemma type="make"/>
                </token>
                <token content="a" id="9-4">
                    <pos type="DT"/>
                    <lemma type="a"/>
                </token>
                <token content="lot" id="9-5">
                    <pos type="NN"/>
                    <lemma type="lot"/>
                    <dep head="9-13" type="nsubj"/>
                </token>
                <token content="of" id="9-6"/>
                <token content="stops" id="9-7">
                    <pos type="NNS"/>
                    <lemma type="stop"/>
                </token>
                <token content="and" id="9-8"/>
                <token content="all" id="9-9">
                    <pos type="DT"/>
                    <lemma type="all"/>
                </token>
                <token content="types" id="9-10">
                    <pos type="NNS"/>
                    <lemma type="type"/>
                </token>
                <token content="of" id="9-11"/>
                <token content="people" id="9-12">
                    <pos type="NNS"/>
                    <lemma type="people"/>
                </token>
                <token content="got" id="9-13">
                    <pos type="VBD"/>
                    <lemma type="get"/>
                    <dep head="9-3" type="ccomp"/>
                </token>
                <token content="on" id="9-14">
                    <pos type="RP"/>
                    <lemma type="on"/>
                    <dep head="9-13" type="prt"/>
                </token>
                <token content="and" id="9-15">
                    <pos type="CC"/>
                    <lemma type="and"/>
                </token>
                <token content="off" id="9-16">
                    <pos type="RP"/>
                    <lemma type="off"/>
                </token>
                <token content="of" id="9-17"/>
                <token content="the" id="9-18">
                    <pos type="DT"/>
                    <lemma type="the"/>
                </token>
                <token content="bus" id="9-19">
                    <pos type="NN"/>
                    <lemma type="bus"/>
                    <dep head="9-13" type="prep"/>
                </token>
                <token content=";" id="9-20"/>
                <token content="it" id="9-21">
                    <pos type="PRP"/>
                    <lemma type="it"/>
                </token>
                <token content="was" id="9-22">
                    <pos type="VBD"/>
                    <lemma type="be"/>
                </token>
                <token content="pretty" id="9-23">
                    <pos type="RB"/>
                    <lemma type="pretty"/>
                </token>
                <token content="noisy" id="9-24">
                    <pos type="JJ"/>
                    <lemma type="noisy"/>
                    <dep head="9-3" type="parataxis"/>
                </token>
                <token content="!" id="9-25"/>
            </sentence>
            <sentence id="10">
                <token content="When" id="10-1">
                    <pos type="WRB"/>
                    <lemma type="when"/>
                    <dep head="10-4" type="advmod"/>
                </token>
                <token content="I" id="10-2">
                    <pos type="PRP"/>
                    <lemma type="I"/>
                    <dep head="10-4" type="nsubj"/>
                </token>
                <token content="could" id="10-3">
                    <pos type="MD"/>
                    <lemma type="could"/>
                    <dep head="10-4" type="aux"/>
                </token>
                <token content="tell" id="10-4">
                    <pos type="VB"/>
                    <lemma type="tell"/>
                    <dep head="10-14" type="advcl"/>
                </token>
                <token content="we" id="10-5">
                    <pos type="PRP"/>
                    <lemma type="we"/>
                    <dep head="10-7" type="nsubj"/>
                </token>
                <token content="were" id="10-6">
                    <pos type="VBD"/>
                    <lemma type="be"/>
                    <dep head="10-7" type="aux"/>
                </token>
                <token content="getting" id="10-7">
                    <pos type="VBG"/>
                    <lemma type="get"/>
                    <dep head="10-4" type="ccomp"/>
                </token>
                <token content="close" id="10-8"/>
                <token content="to" id="10-9"/>
                <token content="our" id="10-10">
                    <pos type="PRP$"/>
                    <lemma type="we"/>
                </token>
                <token content="stop" id="10-11">
                    <pos type="NN"/>
                    <lemma type="stop"/>
                    <dep head="10-7" type="prep"/>
                </token>
                <token content="," id="10-12"/>
                <token content="I" id="10-13">
                    <pos type="PRP"/>
                    <lemma type="I"/>
                    <dep head="10-14" type="nsubj"/>
                </token>
                <token content="pulled" id="10-14">
                    <pos type="VBD"/>
                    <lemma type="pull"/>
                </token>
                <token content="the" id="10-15">
                    <pos type="DT"/>
                    <lemma type="the"/>
                </token>
                <token content="chord" id="10-16">
                    <pos type="NN"/>
                    <lemma type="chord"/>
                    <dep head="10-14" type="dobj"/>
                </token>
                <token content="to" id="10-17">
                    <pos type="TO"/>
                    <lemma type="to"/>
                    <dep head="10-18" type="aux"/>
                </token>
                <token content="alert" id="10-18">
                    <pos type="VB"/>
                    <lemma type="alert"/>
                </token>
                <token content="the" id="10-19">
                    <pos type="DT"/>
                    <lemma type="the"/>
                </token>
                <token content="driver" id="10-20">
                    <pos type="NN"/>
                    <lemma type="driver"/>
                    <dep head="10-18" type="dobj"/>
                </token>
                <token content="that" id="10-21">
                    <pos type="IN"/>
                    <lemma type="that"/>
                    <dep head="10-24" type="mark"/>
                </token>
                <token content="we" id="10-22">
                    <pos type="PRP"/>
                    <lemma type="we"/>
                    <dep head="10-24" type="nsubj"/>
                </token>
                <token content="were" id="10-23">
                    <pos type="VBD"/>
                    <lemma type="be"/>
                    <dep head="10-24" type="aux"/>
                </token>
                <token content="getting" id="10-24">
                    <pos type="VBG"/>
                    <lemma type="get"/>
                    <dep head="10-18" type="ccomp"/>
                </token>
                <token content="off" id="10-25">
                    <pos type="RP"/>
                    <lemma type="off"/>
                    <dep head="10-24" type="prt"/>
                </token>
                <token content="at" id="10-26"/>
                <token content="the" id="10-27">
                    <pos type="DT"/>
                    <lemma type="the"/>
                </token>
                <token content="next" id="10-28">
                    <pos type="JJ"/>
                    <lemma type="next"/>
                </token>
                <token content="stop" id="10-29">
                    <pos type="NN"/>
                    <lemma type="stop"/>
                    <dep head="10-24" type="prep"/>
                </token>
                <token content="." id="10-30"/>
            </sentence>
            <sentence id="11">
                <token content="When" id="11-1">
                    <pos type="WRB"/>
                    <lemma type="when"/>
                    <dep head="11-3" type="advmod"/>
                </token>
                <token content="we" id="11-2">
                    <pos type="PRP"/>
                    <lemma type="we"/>
                    <dep head="11-3" type="nsubj"/>
                </token>
                <token content="reached" id="11-3">
                    <pos type="VBD"/>
                    <lemma type="reach"/>
                    <dep head="11-11" type="advcl"/>
                </token>
                <token content="our" id="11-4">
                    <pos type="PRP$"/>
                    <lemma type="we"/>
                </token>
                <token content="stop" id="11-5">
                    <pos type="NN"/>
                    <lemma type="stop"/>
                    <dep head="11-3" type="dobj"/>
                </token>
                <token content="," id="11-6"/>
                <token content="my" id="11-7">
                    <pos type="PRP$"/>
                    <lemma type="my"/>
                </token>
                <token content="sister" id="11-8">
                    <pos type="NN"/>
                    <lemma type="sister"/>
                    <dep head="11-11" type="nsubj"/>
                </token>
                <token content="and" id="11-9"/>
                <token content="I" id="11-10">
                    <pos type="PRP"/>
                    <lemma type="I"/>
                </token>
                <token content="walked" id="11-11">
                    <pos type="VBD"/>
                    <lemma type="walk"/>
                </token>
                <token content="down" id="11-12">
                    <pos type="RP"/>
                    <lemma type="down"/>
                    <dep head="11-11" type="prt"/>
                </token>
                <token content="the" id="11-13">
                    <pos type="DT"/>
                    <lemma type="the"/>
                </token>
                <token content="aisle" id="11-14">
                    <pos type="NN"/>
                    <lemma type="aisle"/>
                    <dep head="11-11" type="dobj"/>
                </token>
                <token content="and" id="11-15"/>
                <token content="off" id="11-16">
                    <pos type="IN"/>
                    <lemma type="off"/>
                </token>
                <token content="of" id="11-17"/>
                <token content="the" id="11-18">
                    <pos type="DT"/>
                    <lemma type="the"/>
                </token>
                <token content="bus" id="11-19">
                    <pos type="NN"/>
                    <lemma type="bus"/>
                </token>
                <token content="." id="11-20"/>
            </sentence>
            <sentence id="12">
                <token content="We" id="12-1">
                    <pos type="PRP"/>
                    <lemma type="we"/>
                    <dep head="12-2" type="nsubj"/>
                </token>
                <token content="were" id="12-2">
                    <pos type="VBD"/>
                    <lemma type="be"/>
                </token>
                <token content="just" id="12-3">
                    <pos type="RB"/>
                    <lemma type="just"/>
                    <dep head="12-2" type="advmod"/>
                </token>
                <token content="in" id="12-4"/>
                <token content="time" id="12-5">
                    <pos type="NN"/>
                    <lemma type="time"/>
                    <dep head="12-2" type="prep"/>
                </token>
                <token content="to" id="12-6">
                    <pos type="TO"/>
                    <lemma type="to"/>
                    <dep head="12-7" type="aux"/>
                </token>
                <token content="see" id="12-7">
                    <pos type="VB"/>
                    <lemma type="see"/>
                    <dep head="12-2" type="xcomp"/>
                </token>
                <token content="the" id="12-8">
                    <pos type="DT"/>
                    <lemma type="the"/>
                </token>
                <token content="beginning" id="12-9">
                    <pos type="NN"/>
                    <lemma type="beginning"/>
                    <dep head="12-7" type="dobj"/>
                </token>
                <token content="of" id="12-10"/>
                <token content="the" id="12-11">
                    <pos type="DT"/>
                    <lemma type="the"/>
                </token>
                <token content="parade" id="12-12">
                    <pos type="NN"/>
                    <lemma type="parade"/>
                </token>
                <token content="!" id="12-13"/>
            </sentence>
        </sentences>
    </text>
    <annotations>
        <participants>
            <label from="1-2" id="0" name="NPart" text="weekend" type="participant"/>
            <label from="1-6" id="1" name="NPart" text="parade" type="participant"/>
            <label from="1-9" id="2" name="NPart" text="downtown area" to="1-10" type="participant"/>
            <label from="1-12" id="3" name="ScrPart_passenger" text="my" type="participant"/>
            <label from="1-13" id="4" name="NPart" text="city" type="participant"/>
            <label from="1-16" id="5" name="ScrPart_passenger" text="I" type="participant"/>
            <label from="1-20" id="6" name="ScrPart_passenger" text="my" type="participant"/>
            <label from="1-22" id="7" name="ScrPart_passenger" text="sister" type="participant"/>
            <label from="1-24" id="8" name="ScrPart_passenger" text="we" type="participant"/>
            <label from="1-28" id="9" name="NPart" text="fun" type="participant"/>
            <label from="2-1" id="10" name="ScrPart_passenger" text="I" type="participant"/>
            <label from="2-9" id="11" name="ScrPart_passenger" text="our" type="participant"/>
            <label from="2-10" id="12" name="NPart" text="parents" type="participant"/>
            <label from="2-15" id="13" name="ScrPart_passenger" text="I" type="participant"/>
            <label from="2-20" id="14" name="ScrPart_bus" text="bus" type="participant"/>
            <label from="3-1" id="15" name="ScrPart_passenger" text="I" type="participant"/>
            <label from="3-8" id="16" name="ScrPart_route" text="bus route" to="3-9" type="participant"/>
            <label from="3-9" id="17" name="ScrPart_route" text="route" type="participant"/>
            <label from="3-13" id="18" name="ScrPart_bus_stop" text="stop" type="participant"/>
            <label from="3-15" id="19" name="ScrPart_passenger" text="us" type="participant"/>
            <label from="3-20" id="20" name="NPart" text="parade" type="participant"/>
            <label from="3-24" id="21" name="ScrPart_passenger" text="I" type="participant"/>
            <label from="3-28" id="22" name="ScrPart_time-table" text="bus schedule" to="3-29" type="participant"/>
            <label from="3-29" id="23" name="ScrPart_time-table" text="schedule" type="participant"/>
            <label from="3-33" id="24" name="ScrPart_time/date" text="time" type="participant"/>
            <label from="3-35" id="25" name="ScrPart_bus" text="bus" type="participant"/>
            <label from="3-41" id="26" name="ScrPart_bus" text="it" type="participant"/>
            <label from="4-1" id="27" name="ScrPart_passenger" text="I" type="participant"/>
            <label from="4-8" id="28" name="ScrPart_ride" text="ride" type="participant"/>
            <label from="4-12" id="29" name="NPart" text="Mom" type="participant"/>
            <label from="4-14" id="30" name="ScrPart_passenger" text="me" type="participant"/>
            <label from="4-16" id="31" name="ScrPart_money" text="money" type="participant"/>
            <label from="4-17" id="32" name="ScrPart_passenger" text="I" type="participant"/>
            <label from="4-22" id="33" name="ScrPart_passenger" text="us" type="participant"/>
            <label from="5-2" id="34" name="NPart" text="day" type="participant"/>
            <label from="5-5" id="35" name="NPart" text="parade" type="participant"/>
            <label from="5-6" id="36" name="ScrPart_passenger" text="my sister and I" to="5-9" type="participant"/>
            <label from="5-6" id="37" name="ScrPart_passenger" text="my" type="participant"/>
            <label from="5-7" id="38" name="ScrPart_passenger" text="sister" type="participant"/>
            <label from="5-9" id="39" name="ScrPart_passenger" text="I" type="participant"/>
            <label from="5-14" id="40" name="NPart" text="blocks" type="participant"/>
            <label from="5-17" id="41" name="ScrPart_bus_stop" text="bus stop" to="5-18" type="participant"/>
            <label from="5-18" id="42" name="ScrPart_bus_stop" text="stop" type="participant"/>
            <label from="5-24" id="43" name="NPart" text="bus shelter" to="5-25" type="participant"/>
            <label from="5-25" id="44" name="NPart" text="shelter" type="participant"/>
            <label from="6-3" id="45" name="ScrPart_bus" text="bus" type="participant"/>
            <label from="6-7" id="46" name="ScrPart_bus_staff" text="driver" type="participant"/>
            <label from="6-11" id="47" name="SuppVComp" text="stop" type="participant"/>
            <label from="6-14" id="48" name="ScrPart_door" text="doors" type="participant"/>
            <label from="6-17" id="49" name="ScrPart_passenger" text="we" type="participant"/>
            <label from="6-22" id="50" name="NPart" text="steps" type="participant"/>
            <label from="7-1" id="51" name="ScrPart_passenger" text="We" type="participant"/>
            <label from="7-6" id="52" name="ScrPart_bus_staff" text="driver" type="participant"/>
            <label from="7-10" id="53" name="ScrPart_money" text="fare" type="participant"/>
            <label from="7-12" id="54" name="ScrPart_passenger" text="my" type="participant"/>
            <label from="7-13" id="55" name="ScrPart_passenger" text="sister" type="participant"/>
            <label from="7-17" id="56" name="ScrPart_money" text="coins" type="participant"/>
            <label from="7-20" id="57" name="ScrPart_payment_machine" text="fare box" to="7-21" type="participant"/>
            <label from="7-21" id="58" name="ScrPart_payment_machine" text="box" type="participant"/>
            <label from="8-1" id="59" name="ScrPart_passenger" text="We" type="participant"/>
            <label from="8-5" id="60" name="NPart" text="steps" type="participant"/>
            <label from="8-8" id="61" name="NPart" text="aisle" type="participant"/>
            <label from="8-12" id="62" name="ScrPart_seat_in_bus" text="seat" type="participant"/>
            <label from="8-15" id="63" name="NPart" text="front" type="participant"/>
            <label from="8-18" id="64" name="ScrPart_bus" text="bus" type="participant"/>
            <label from="8-27" id="65" name="NPart" text="window" type="participant"/>
            <label from="9-2" id="66" name="ScrPart_bus" text="bus" type="participant"/>
            <label from="9-5" id="67" name="Head_of_Partitive" text="lot" type="participant"/>
            <label from="9-7" id="68" name="SuppVComp" text="stops" type="participant"/>
            <label from="9-10" id="69" name="Head_of_Partitive" text="types" type="participant"/>
            <label from="9-12" id="70" name="ScrPart_passenger" text="people" type="participant"/>
            <label from="9-19" id="71" name="ScrPart_bus" text="bus" type="participant"/>
            <label from="9-21" id="72" name="No_label" text="it" type="participant"/>
            <label from="10-2" id="73" name="ScrPart_passenger" text="I" type="participant"/>
            <label from="10-5" id="74" name="ScrPart_passenger" text="we" type="participant"/>
            <label from="10-10" id="75" name="ScrPart_passenger" text="our" type="participant"/>
            <label from="10-11" id="76" name="ScrPart_bus_stop" text="stop" type="participant"/>
            <label from="10-13" id="77" name="ScrPart_passenger" text="I" type="participant"/>
            <label from="10-16" id="78" name="ScrPart_stop_button/door_opener" text="chord" type="participant"/>
            <label from="10-20" id="79" name="ScrPart_bus_staff" text="driver" type="participant"/>
            <label from="10-22" id="80" name="ScrPart_passenger" text="we" type="participant"/>
            <label from="10-29" id="81" name="ScrPart_bus_stop" text="stop" type="participant"/>
            <label from="11-2" id="82" name="ScrPart_passenger" text="we" type="participant"/>
            <label from="11-4" id="83" name="ScrPart_passenger" text="our" type="participant"/>
            <label from="11-5" id="84" name="ScrPart_bus_stop" text="stop" type="participant"/>
            <label from="11-7" id="85" name="ScrPart_passenger" text="my sister and I" to="11-10" type="participant"/>
            <label from="11-7" id="86" name="ScrPart_passenger" text="my" type="participant"/>
            <label from="11-8" id="87" name="ScrPart_passenger" text="sister" type="participant"/>
            <label from="11-10" id="88" name="ScrPart_passenger" text="I" type="participant"/>
            <label from="11-14" id="89" name="NPart" text="aisle" type="participant"/>
            <label from="11-19" id="90" name="ScrPart_bus" text="bus" type="participant"/>
            <label from="12-1" id="91" name="ScrPart_passenger" text="We" type="participant"/>
            <label from="12-5" id="92" name="No_label" text="time" type="participant"/>
            <label from="12-9" id="93" name="NPart" text="beginning" type="participant"/>
            <label from="12-12" id="94" name="NPart" text="parade" type="participant"/>
        </participants>
        <events>
            <label from="1-4" id="95" name="UnrelEv" text="was" type="event"/>
            <label from="1-17" id="96" name="UnrelEv" text="decided" type="event"/>
            <label from="1-19" id="97" name="UnrelEv" text="take" type="event"/>
            <label from="1-25" id="98" name="UnrelEv" text="had" type="event"/>
            <label from="2-2" id="99" name="UnrelEv" text="'m" type="event"/>
            <label from="2-7" id="100" name="UnrelEv" text="drive" type="event"/>
            <label from="2-11" id="101" name="UnrelEv" text="were" type="event"/>
            <label from="2-16" id="102" name="UnrelEv" text="decided" type="event"/>
            <label from="2-18" id="103" name="Evoking" text="take the bus" to="2-20" type="event"/>
            <label from="3-2" id="104" name="RelNScrEv" text="went online" to="3-3" type="event"/>
            <label from="3-5" id="105" name="ScrEv_find_bus" text="looked" type="event"/>
            <label from="3-11" id="106" name="ScrEv_find_bus" text="determine" type="event"/>
            <label from="3-14" id="107" name="ScrEv_get_off" text="let" type="event"/>
            <label from="3-25" id="108" name="ScrEv_check_time-table" text="looked" type="event"/>
            <label from="3-31" id="109" name="ScrEv_check_time-table" text="see" type="event"/>
            <label from="3-37" id="110" name="ScrEv_bus_comes" text="come" type="event"/>
            <label from="3-42" id="111" name="RelNScrEv" text="ran" type="event"/>
            <label from="4-3" id="112" name="RelNScrEv" text="found out" to="4-4" type="event"/>
            <label from="4-9" id="113" name="RelNScrEv" text="costs" type="event"/>
            <label from="4-13" id="114" name="UnrelEv" text="gave" type="event"/>
            <label from="4-18" id="115" name="UnrelEv" text="needed" type="event"/>
            <label from="5-10" id="116" name="ScrEv_get_bus_stop" text="walked" type="event"/>
            <label from="5-20" id="117" name="ScrEv_wait" text="waited" type="event"/>
            <label from="6-4" id="118" name="ScrEv_bus_comes" text="came" type="event"/>
            <label from="6-8" id="119" name="ScrEv_bus_stops" text="came" type="event"/>
            <label from="6-15" id="120" name="ScrEv_door_opens" text="opened" type="event"/>
            <label from="6-18" id="121" name="ScrEv_board_bus" text="walked up" to="6-19" type="event"/>
            <label from="7-2" id="122" name="RelNScrEv" text="said" type="event"/>
            <label from="7-8" id="123" name="ScrEv_get_ticket" text="paid" type="event"/>
            <label from="7-14" id="124" name="UnrelEv" text="loved" type="event"/>
            <label from="7-15" id="125" name="ScrEv_get_ticket" text="putting" type="event"/>
            <label from="8-2" id="126" name="ScrEv_find_place" text="walked" type="event"/>
            <label from="8-10" id="127" name="ScrEv_find_place" text="took" type="event"/>
            <label from="8-20" id="128" name="ScrEv_find_place" text="settled in" to="8-21" type="event"/>
            <label from="8-23" id="129" name="ScrEv_spend_time_bus" text="look" type="event"/>
            <label from="9-3" id="130" name="ScrEv_bus_stops" text="made" type="event"/>
            <label from="9-13" id="131" name="Unclear" text="got" type="event"/>
            <label from="9-22" id="132" name="UnrelEv" text="was" type="event"/>
            <label from="10-4" id="133" name="UnrelEv" text="tell" type="event"/>
            <label from="10-7" id="134" name="RelNScrEv" text="getting close" to="10-8" type="event"/>
            <label from="10-14" id="135" name="ScrEv_press_stop_button" text="pulled" type="event"/>
            <label from="10-18" id="136" name="ScrEv_press_stop_button" text="alert" type="event"/>
            <label from="10-24" id="137" name="ScrEv_get_off" text="getting off" to="10-25" type="event"/>
            <label from="11-3" id="138" name="ScrEv_bus_stops" text="reached" type="event"/>
            <label from="11-11" id="139" name="ScrEv_go_exit" text="walked" type="event"/>
            <label from="12-2" id="140" name="UnrelEv" text="were" type="event"/>
            <label from="12-7" id="141" name="UnrelEv" text="see" type="event"/>
        </events>
        <chains>
            <chain elements="5 6 7 10 13 15 21 27 30 32 36 33 38 39 49 51 54 55 59 73 74 75 77 80 82 83 85 87 88 91 3"/>
            <chain elements="8 6 7" name="group_I_sister"/>
            <chain elements="8 11 19 33"/>
            <chain elements="14 25 26 45 64 66 71 90"/>
            <chain elements="46 52 79"/>
            <chain elements="31 53 56"/>
            <chain elements="18 76 81 84"/>
        </chains>
    </annotations>
</story>
