<?xml version="1.0" encoding="UTF-8" standalone="no"?>
<!DOCTYPE story SYSTEM "../InScript.dtd">
<story id="076" scenario="bus">
    <text>
        <content>Every time I have to go to school or work I have to always ride a public bus . 
I have to make sure that I am by the bus stop in order to catch the bus on time . 
When I get on the bus , I have to pay the bus fare . 
I live in a big city , so there 's always a lot of people needing to take the bus . 
Therefore ; sometimes I am not lucky to find a seat to sit on . 
In that case , I would have to stand up . 
Overall , riding a bus is not enjoyable because it tends to be dirty , people are very loud , and it is very crowded . 
Not to mention , it always smells like urine . 
My commute is always a long one . 
I usually stay on the bus for one hour . 
For that one hour on the bus , I listen to music or play on my cell phone . 
Eventually , I get to my stop . 
I get off the bus and reach my destination . </content>
        <sentences>
            <sentence id="1">
                <token content="Every" id="1-1">
                    <pos type="DT"/>
                    <lemma type="every"/>
                </token>
                <token content="time" id="1-2">
                    <pos type="NN"/>
                    <lemma type="time"/>
                    <dep head="1-12" type="nsubj"/>
                </token>
                <token content="I" id="1-3">
                    <pos type="PRP"/>
                    <lemma type="I"/>
                    <dep head="1-4" type="nsubj"/>
                </token>
                <token content="have" id="1-4">
                    <pos type="VBP"/>
                    <lemma type="have"/>
                </token>
                <token content="to" id="1-5">
                    <pos type="TO"/>
                    <lemma type="to"/>
                    <dep head="1-6" type="aux"/>
                </token>
                <token content="go" id="1-6">
                    <pos type="VB"/>
                    <lemma type="go"/>
                    <dep head="1-4" type="xcomp"/>
                </token>
                <token content="to" id="1-7"/>
                <token content="school" id="1-8">
                    <pos type="NN"/>
                    <lemma type="school"/>
                    <dep head="1-6" type="prep"/>
                </token>
                <token content="or" id="1-9"/>
                <token content="work" id="1-10">
                    <pos type="VB"/>
                    <lemma type="work"/>
                    <dep head="1-6" type="conj"/>
                </token>
                <token content="I" id="1-11">
                    <pos type="PRP"/>
                    <lemma type="I"/>
                    <dep head="1-10" type="dobj"/>
                </token>
                <token content="have" id="1-12">
                    <pos type="VBP"/>
                    <lemma type="have"/>
                </token>
                <token content="to" id="1-13">
                    <pos type="TO"/>
                    <lemma type="to"/>
                    <dep head="1-15" type="aux"/>
                </token>
                <token content="always" id="1-14">
                    <pos type="RB"/>
                    <lemma type="always"/>
                    <dep head="1-15" type="advmod"/>
                </token>
                <token content="ride" id="1-15">
                    <pos type="VB"/>
                    <lemma type="ride"/>
                    <dep head="1-12" type="xcomp"/>
                </token>
                <token content="a" id="1-16">
                    <pos type="DT"/>
                    <lemma type="a"/>
                </token>
                <token content="public" id="1-17">
                    <pos type="JJ"/>
                    <lemma type="public"/>
                </token>
                <token content="bus" id="1-18">
                    <pos type="NN"/>
                    <lemma type="bus"/>
                    <dep head="1-15" type="dobj"/>
                </token>
                <token content="." id="1-19"/>
            </sentence>
            <sentence id="2">
                <token content="I" id="2-1">
                    <pos type="PRP"/>
                    <lemma type="I"/>
                    <dep head="2-2" type="nsubj"/>
                </token>
                <token content="have" id="2-2">
                    <pos type="VBP"/>
                    <lemma type="have"/>
                </token>
                <token content="to" id="2-3">
                    <pos type="TO"/>
                    <lemma type="to"/>
                    <dep head="2-4" type="aux"/>
                </token>
                <token content="make" id="2-4">
                    <pos type="VB"/>
                    <lemma type="make"/>
                    <dep head="2-2" type="xcomp"/>
                </token>
                <token content="sure" id="2-5">
                    <pos type="JJ"/>
                    <lemma type="sure"/>
                    <dep head="2-4" type="acomp"/>
                </token>
                <token content="that" id="2-6">
                    <pos type="IN"/>
                    <lemma type="that"/>
                    <dep head="2-8" type="mark"/>
                </token>
                <token content="I" id="2-7">
                    <pos type="PRP"/>
                    <lemma type="I"/>
                    <dep head="2-8" type="nsubj"/>
                </token>
                <token content="am" id="2-8">
                    <pos type="VBP"/>
                    <lemma type="be"/>
                    <dep head="2-4" type="ccomp"/>
                </token>
                <token content="by" id="2-9"/>
                <token content="the" id="2-10">
                    <pos type="DT"/>
                    <lemma type="the"/>
                </token>
                <token content="bus" id="2-11">
                    <pos type="NN"/>
                    <lemma type="bus"/>
                </token>
                <token content="stop" id="2-12">
                    <pos type="NN"/>
                    <lemma type="stop"/>
                    <dep head="2-8" type="prep"/>
                </token>
                <token content="in" id="2-13">
                    <pos type="IN"/>
                    <lemma type="in"/>
                    <dep head="2-16" type="mark"/>
                </token>
                <token content="order" id="2-14">
                    <pos type="NN"/>
                    <lemma type="order"/>
                    <dep head="2-16" type="dep"/>
                </token>
                <token content="to" id="2-15">
                    <pos type="TO"/>
                    <lemma type="to"/>
                    <dep head="2-16" type="aux"/>
                </token>
                <token content="catch" id="2-16">
                    <pos type="VB"/>
                    <lemma type="catch"/>
                    <dep head="2-8" type="advcl"/>
                </token>
                <token content="the" id="2-17">
                    <pos type="DT"/>
                    <lemma type="the"/>
                </token>
                <token content="bus" id="2-18">
                    <pos type="NN"/>
                    <lemma type="bus"/>
                    <dep head="2-16" type="dobj"/>
                </token>
                <token content="on" id="2-19"/>
                <token content="time" id="2-20">
                    <pos type="NN"/>
                    <lemma type="time"/>
                    <dep head="2-16" type="prep"/>
                </token>
                <token content="." id="2-21"/>
            </sentence>
            <sentence id="3">
                <token content="When" id="3-1">
                    <pos type="WRB"/>
                    <lemma type="when"/>
                    <dep head="3-3" type="advmod"/>
                </token>
                <token content="I" id="3-2">
                    <pos type="PRP"/>
                    <lemma type="I"/>
                    <dep head="3-3" type="nsubj"/>
                </token>
                <token content="get" id="3-3">
                    <pos type="VBP"/>
                    <lemma type="get"/>
                    <dep head="3-9" type="advcl"/>
                </token>
                <token content="on" id="3-4"/>
                <token content="the" id="3-5">
                    <pos type="DT"/>
                    <lemma type="the"/>
                </token>
                <token content="bus" id="3-6">
                    <pos type="NN"/>
                    <lemma type="bus"/>
                    <dep head="3-3" type="prep"/>
                </token>
                <token content="," id="3-7"/>
                <token content="I" id="3-8">
                    <pos type="PRP"/>
                    <lemma type="I"/>
                    <dep head="3-9" type="nsubj"/>
                </token>
                <token content="have" id="3-9">
                    <pos type="VBP"/>
                    <lemma type="have"/>
                </token>
                <token content="to" id="3-10">
                    <pos type="TO"/>
                    <lemma type="to"/>
                    <dep head="3-11" type="aux"/>
                </token>
                <token content="pay" id="3-11">
                    <pos type="VB"/>
                    <lemma type="pay"/>
                    <dep head="3-9" type="xcomp"/>
                </token>
                <token content="the" id="3-12">
                    <pos type="DT"/>
                    <lemma type="the"/>
                </token>
                <token content="bus" id="3-13">
                    <pos type="NN"/>
                    <lemma type="bus"/>
                </token>
                <token content="fare" id="3-14">
                    <pos type="NN"/>
                    <lemma type="fare"/>
                    <dep head="3-11" type="dobj"/>
                </token>
                <token content="." id="3-15"/>
            </sentence>
            <sentence id="4">
                <token content="I" id="4-1">
                    <pos type="PRP"/>
                    <lemma type="I"/>
                    <dep head="4-2" type="nsubj"/>
                </token>
                <token content="live" id="4-2">
                    <pos type="VBP"/>
                    <lemma type="live"/>
                </token>
                <token content="in" id="4-3"/>
                <token content="a" id="4-4">
                    <pos type="DT"/>
                    <lemma type="a"/>
                </token>
                <token content="big" id="4-5">
                    <pos type="JJ"/>
                    <lemma type="big"/>
                </token>
                <token content="city" id="4-6">
                    <pos type="NN"/>
                    <lemma type="city"/>
                    <dep head="4-2" type="prep"/>
                </token>
                <token content="," id="4-7"/>
                <token content="so" id="4-8">
                    <pos type="IN"/>
                    <lemma type="so"/>
                    <dep head="4-2" type="dep"/>
                </token>
                <token content="there" id="4-9">
                    <pos type="EX"/>
                    <lemma type="there"/>
                    <dep head="4-10" type="expl"/>
                </token>
                <token content="'s" id="4-10">
                    <pos type="VBZ"/>
                    <lemma type="be"/>
                    <dep head="4-2" type="parataxis"/>
                </token>
                <token content="always" id="4-11">
                    <pos type="RB"/>
                    <lemma type="always"/>
                    <dep head="4-10" type="advmod"/>
                </token>
                <token content="a" id="4-12">
                    <pos type="DT"/>
                    <lemma type="a"/>
                </token>
                <token content="lot" id="4-13">
                    <pos type="NN"/>
                    <lemma type="lot"/>
                    <dep head="4-10" type="nsubj"/>
                </token>
                <token content="of" id="4-14"/>
                <token content="people" id="4-15">
                    <pos type="NNS"/>
                    <lemma type="people"/>
                </token>
                <token content="needing" id="4-16">
                    <pos type="VBG"/>
                    <lemma type="need"/>
                </token>
                <token content="to" id="4-17">
                    <pos type="TO"/>
                    <lemma type="to"/>
                    <dep head="4-18" type="aux"/>
                </token>
                <token content="take" id="4-18">
                    <pos type="VB"/>
                    <lemma type="take"/>
                    <dep head="4-16" type="xcomp"/>
                </token>
                <token content="the" id="4-19">
                    <pos type="DT"/>
                    <lemma type="the"/>
                </token>
                <token content="bus" id="4-20">
                    <pos type="NN"/>
                    <lemma type="bus"/>
                    <dep head="4-18" type="dobj"/>
                </token>
                <token content="." id="4-21"/>
            </sentence>
            <sentence id="5">
                <token content="Therefore" id="5-1">
                    <pos type="RB"/>
                    <lemma type="therefore"/>
                </token>
                <token content=";" id="5-2"/>
                <token content="sometimes" id="5-3">
                    <pos type="RB"/>
                    <lemma type="sometimes"/>
                </token>
                <token content="I" id="5-4">
                    <pos type="PRP"/>
                    <lemma type="I"/>
                </token>
                <token content="am" id="5-5">
                    <pos type="VBP"/>
                    <lemma type="be"/>
                </token>
                <token content="not" id="5-6">
                    <pos type="RB"/>
                    <lemma type="not"/>
                </token>
                <token content="lucky" id="5-7">
                    <pos type="JJ"/>
                    <lemma type="lucky"/>
                </token>
                <token content="to" id="5-8">
                    <pos type="TO"/>
                    <lemma type="to"/>
                    <dep head="5-9" type="aux"/>
                </token>
                <token content="find" id="5-9">
                    <pos type="VB"/>
                    <lemma type="find"/>
                </token>
                <token content="a" id="5-10">
                    <pos type="DT"/>
                    <lemma type="a"/>
                </token>
                <token content="seat" id="5-11">
                    <pos type="NN"/>
                    <lemma type="seat"/>
                    <dep head="5-9" type="dobj"/>
                </token>
                <token content="to" id="5-12">
                    <pos type="TO"/>
                    <lemma type="to"/>
                    <dep head="5-13" type="aux"/>
                </token>
                <token content="sit" id="5-13">
                    <pos type="VB"/>
                    <lemma type="sit"/>
                </token>
                <token content="on" id="5-14">
                    <pos type="RP"/>
                    <lemma type="on"/>
                    <dep head="5-13" type="prt"/>
                </token>
                <token content="." id="5-15"/>
            </sentence>
            <sentence id="6">
                <token content="In" id="6-1"/>
                <token content="that" id="6-2">
                    <pos type="DT"/>
                    <lemma type="that"/>
                </token>
                <token content="case" id="6-3">
                    <pos type="NN"/>
                    <lemma type="case"/>
                    <dep head="6-7" type="prep"/>
                </token>
                <token content="," id="6-4"/>
                <token content="I" id="6-5">
                    <pos type="PRP"/>
                    <lemma type="I"/>
                    <dep head="6-7" type="nsubj"/>
                </token>
                <token content="would" id="6-6">
                    <pos type="MD"/>
                    <lemma type="would"/>
                    <dep head="6-7" type="aux"/>
                </token>
                <token content="have" id="6-7">
                    <pos type="VB"/>
                    <lemma type="have"/>
                </token>
                <token content="to" id="6-8">
                    <pos type="TO"/>
                    <lemma type="to"/>
                    <dep head="6-9" type="aux"/>
                </token>
                <token content="stand" id="6-9">
                    <pos type="VB"/>
                    <lemma type="stand"/>
                    <dep head="6-7" type="xcomp"/>
                </token>
                <token content="up" id="6-10">
                    <pos type="RP"/>
                    <lemma type="up"/>
                    <dep head="6-9" type="prt"/>
                </token>
                <token content="." id="6-11"/>
            </sentence>
            <sentence id="7">
                <token content="Overall" id="7-1">
                    <pos type="RB"/>
                    <lemma type="overall"/>
                </token>
                <token content="," id="7-2"/>
                <token content="riding" id="7-3">
                    <pos type="VBG"/>
                    <lemma type="ride"/>
                </token>
                <token content="a" id="7-4">
                    <pos type="DT"/>
                    <lemma type="a"/>
                </token>
                <token content="bus" id="7-5">
                    <pos type="NN"/>
                    <lemma type="bus"/>
                </token>
                <token content="is" id="7-6">
                    <pos type="VBZ"/>
                    <lemma type="be"/>
                </token>
                <token content="not" id="7-7">
                    <pos type="RB"/>
                    <lemma type="not"/>
                </token>
                <token content="enjoyable" id="7-8">
                    <pos type="JJ"/>
                    <lemma type="enjoyable"/>
                    <dep head="7-3" type="ccomp"/>
                </token>
                <token content="because" id="7-9">
                    <pos type="IN"/>
                    <lemma type="because"/>
                    <dep head="7-11" type="mark"/>
                </token>
                <token content="it" id="7-10">
                    <pos type="PRP"/>
                    <lemma type="it"/>
                    <dep head="7-11" type="nsubj"/>
                </token>
                <token content="tends" id="7-11">
                    <pos type="VBZ"/>
                    <lemma type="tend"/>
                </token>
                <token content="to" id="7-12">
                    <pos type="TO"/>
                    <lemma type="to"/>
                </token>
                <token content="be" id="7-13">
                    <pos type="VB"/>
                    <lemma type="be"/>
                </token>
                <token content="dirty" id="7-14">
                    <pos type="JJ"/>
                    <lemma type="dirty"/>
                    <dep head="7-11" type="xcomp"/>
                </token>
                <token content="," id="7-15"/>
                <token content="people" id="7-16">
                    <pos type="NNS"/>
                    <lemma type="people"/>
                </token>
                <token content="are" id="7-17">
                    <pos type="VBP"/>
                    <lemma type="be"/>
                </token>
                <token content="very" id="7-18">
                    <pos type="RB"/>
                    <lemma type="very"/>
                </token>
                <token content="loud" id="7-19">
                    <pos type="JJ"/>
                    <lemma type="loud"/>
                </token>
                <token content="," id="7-20"/>
                <token content="and" id="7-21"/>
                <token content="it" id="7-22">
                    <pos type="PRP"/>
                    <lemma type="it"/>
                    <dep head="7-25" type="nsubjpass"/>
                </token>
                <token content="is" id="7-23">
                    <pos type="VBZ"/>
                    <lemma type="be"/>
                    <dep head="7-25" type="auxpass"/>
                </token>
                <token content="very" id="7-24">
                    <pos type="RB"/>
                    <lemma type="very"/>
                    <dep head="7-25" type="advmod"/>
                </token>
                <token content="crowded" id="7-25">
                    <pos type="VBN"/>
                    <lemma type="crowd"/>
                </token>
                <token content="." id="7-26"/>
            </sentence>
            <sentence id="8">
                <token content="Not" id="8-1">
                    <pos type="RB"/>
                    <lemma type="not"/>
                    <dep head="8-3" type="neg"/>
                </token>
                <token content="to" id="8-2">
                    <pos type="TO"/>
                    <lemma type="to"/>
                    <dep head="8-3" type="aux"/>
                </token>
                <token content="mention" id="8-3">
                    <pos type="VB"/>
                    <lemma type="mention"/>
                    <dep head="8-7" type="advcl"/>
                </token>
                <token content="," id="8-4"/>
                <token content="it" id="8-5">
                    <pos type="PRP"/>
                    <lemma type="it"/>
                    <dep head="8-7" type="nsubj"/>
                </token>
                <token content="always" id="8-6">
                    <pos type="RB"/>
                    <lemma type="always"/>
                    <dep head="8-7" type="advmod"/>
                </token>
                <token content="smells" id="8-7">
                    <pos type="VBZ"/>
                    <lemma type="smell"/>
                </token>
                <token content="like" id="8-8"/>
                <token content="urine" id="8-9">
                    <pos type="NN"/>
                    <lemma type="urine"/>
                    <dep head="8-7" type="prep"/>
                </token>
                <token content="." id="8-10"/>
            </sentence>
            <sentence id="9">
                <token content="My" id="9-1">
                    <pos type="PRP$"/>
                    <lemma type="my"/>
                </token>
                <token content="commute" id="9-2">
                    <pos type="NN"/>
                    <lemma type="commute"/>
                </token>
                <token content="is" id="9-3">
                    <pos type="VBZ"/>
                    <lemma type="be"/>
                </token>
                <token content="always" id="9-4">
                    <pos type="RB"/>
                    <lemma type="always"/>
                </token>
                <token content="a" id="9-5">
                    <pos type="DT"/>
                    <lemma type="a"/>
                </token>
                <token content="long" id="9-6">
                    <pos type="JJ"/>
                    <lemma type="long"/>
                </token>
                <token content="one" id="9-7">
                    <pos type="NN"/>
                    <lemma type="one"/>
                </token>
                <token content="." id="9-8"/>
            </sentence>
            <sentence id="10">
                <token content="I" id="10-1">
                    <pos type="PRP"/>
                    <lemma type="I"/>
                    <dep head="10-3" type="nsubj"/>
                </token>
                <token content="usually" id="10-2">
                    <pos type="RB"/>
                    <lemma type="usually"/>
                    <dep head="10-3" type="advmod"/>
                </token>
                <token content="stay" id="10-3">
                    <pos type="VBP"/>
                    <lemma type="stay"/>
                </token>
                <token content="on" id="10-4"/>
                <token content="the" id="10-5">
                    <pos type="DT"/>
                    <lemma type="the"/>
                </token>
                <token content="bus" id="10-6">
                    <pos type="NN"/>
                    <lemma type="bus"/>
                    <dep head="10-3" type="prep"/>
                </token>
                <token content="for" id="10-7"/>
                <token content="one" id="10-8">
                    <pos type="CD"/>
                    <lemma type="one"/>
                </token>
                <token content="hour" id="10-9">
                    <pos type="NN"/>
                    <lemma type="hour"/>
                </token>
                <token content="." id="10-10"/>
            </sentence>
            <sentence id="11">
                <token content="For" id="11-1"/>
                <token content="that" id="11-2">
                    <pos type="DT"/>
                    <lemma type="that"/>
                </token>
                <token content="one" id="11-3">
                    <pos type="CD"/>
                    <lemma type="one"/>
                </token>
                <token content="hour" id="11-4">
                    <pos type="NN"/>
                    <lemma type="hour"/>
                    <dep head="11-10" type="prep"/>
                </token>
                <token content="on" id="11-5"/>
                <token content="the" id="11-6">
                    <pos type="DT"/>
                    <lemma type="the"/>
                </token>
                <token content="bus" id="11-7">
                    <pos type="NN"/>
                    <lemma type="bus"/>
                </token>
                <token content="," id="11-8"/>
                <token content="I" id="11-9">
                    <pos type="PRP"/>
                    <lemma type="I"/>
                    <dep head="11-10" type="nsubj"/>
                </token>
                <token content="listen" id="11-10">
                    <pos type="VBP"/>
                    <lemma type="listen"/>
                </token>
                <token content="to" id="11-11"/>
                <token content="music" id="11-12">
                    <pos type="NN"/>
                    <lemma type="music"/>
                    <dep head="11-10" type="prep"/>
                </token>
                <token content="or" id="11-13"/>
                <token content="play" id="11-14">
                    <pos type="NN"/>
                    <lemma type="play"/>
                </token>
                <token content="on" id="11-15"/>
                <token content="my" id="11-16">
                    <pos type="PRP$"/>
                    <lemma type="my"/>
                </token>
                <token content="cell" id="11-17">
                    <pos type="NN"/>
                    <lemma type="cell"/>
                </token>
                <token content="phone" id="11-18">
                    <pos type="NN"/>
                    <lemma type="phone"/>
                    <dep head="11-10" type="prep"/>
                </token>
                <token content="." id="11-19"/>
            </sentence>
            <sentence id="12">
                <token content="Eventually" id="12-1">
                    <pos type="RB"/>
                    <lemma type="eventually"/>
                    <dep head="12-4" type="advmod"/>
                </token>
                <token content="," id="12-2"/>
                <token content="I" id="12-3">
                    <pos type="PRP"/>
                    <lemma type="I"/>
                    <dep head="12-4" type="nsubj"/>
                </token>
                <token content="get" id="12-4">
                    <pos type="VBP"/>
                    <lemma type="get"/>
                </token>
                <token content="to" id="12-5"/>
                <token content="my" id="12-6">
                    <pos type="PRP$"/>
                    <lemma type="my"/>
                </token>
                <token content="stop" id="12-7">
                    <pos type="NN"/>
                    <lemma type="stop"/>
                    <dep head="12-4" type="prep"/>
                </token>
                <token content="." id="12-8"/>
            </sentence>
            <sentence id="13">
                <token content="I" id="13-1">
                    <pos type="PRP"/>
                    <lemma type="I"/>
                    <dep head="13-2" type="nsubj"/>
                </token>
                <token content="get" id="13-2">
                    <pos type="VBP"/>
                    <lemma type="get"/>
                </token>
                <token content="off" id="13-3">
                    <pos type="RP"/>
                    <lemma type="off"/>
                    <dep head="13-2" type="prt"/>
                </token>
                <token content="the" id="13-4">
                    <pos type="DT"/>
                    <lemma type="the"/>
                </token>
                <token content="bus" id="13-5">
                    <pos type="NN"/>
                    <lemma type="bus"/>
                    <dep head="13-2" type="dobj"/>
                </token>
                <token content="and" id="13-6"/>
                <token content="reach" id="13-7">
                    <pos type="VBP"/>
                    <lemma type="reach"/>
                    <dep head="13-2" type="conj"/>
                </token>
                <token content="my" id="13-8">
                    <pos type="PRP$"/>
                    <lemma type="my"/>
                </token>
                <token content="destination" id="13-9">
                    <pos type="NN"/>
                    <lemma type="destination"/>
                    <dep head="13-7" type="dobj"/>
                </token>
                <token content="." id="13-10"/>
            </sentence>
        </sentences>
    </text>
    <annotations>
        <participants>
            <label from="1-2" id="0" name="No_label" text="time" type="participant"/>
            <label from="1-3" id="1" name="ScrPart_passenger" text="I" type="participant"/>
            <label from="1-8" id="2" name="ScrPart_destination" text="school" type="participant"/>
            <label from="1-10" id="3" name="ScrPart_destination" text="work" type="participant"/>
            <label from="1-11" id="4" name="ScrPart_passenger" text="I" type="participant"/>
            <label from="1-18" id="5" name="ScrPart_bus" text="bus" type="participant"/>
            <label from="2-1" id="6" name="ScrPart_passenger" text="I" type="participant"/>
            <label from="2-7" id="7" name="ScrPart_passenger" text="I" type="participant"/>
            <label from="2-11" id="8" name="ScrPart_bus_stop" text="bus stop" to="2-12" type="participant"/>
            <label from="2-12" id="9" name="ScrPart_bus_stop" text="stop" type="participant"/>
            <label from="2-18" id="10" name="ScrPart_bus" text="bus" type="participant"/>
            <label from="2-20" id="11" name="No_label" text="time" type="participant"/>
            <label from="3-2" id="12" name="ScrPart_passenger" text="I" type="participant"/>
            <label from="3-6" id="13" name="ScrPart_bus" text="bus" type="participant"/>
            <label from="3-8" id="14" name="ScrPart_passenger" text="I" type="participant"/>
            <label from="3-13" id="15" name="ScrPart_money" text="bus fare" to="3-14" type="participant"/>
            <label from="3-14" id="16" name="ScrPart_money" text="fare" type="participant"/>
            <label from="4-1" id="17" name="ScrPart_passenger" text="I" type="participant"/>
            <label from="4-6" id="18" name="NPart" text="city" type="participant"/>
            <label from="4-13" id="19" name="Head_of_Partitive" text="lot" type="participant"/>
            <label from="4-15" id="20" name="ScrPart_passenger" text="people" type="participant"/>
            <label from="4-20" id="21" name="ScrPart_bus" text="bus" type="participant"/>
            <label from="5-4" id="22" name="ScrPart_passenger" text="I" type="participant"/>
            <label from="5-11" id="23" name="ScrPart_seat_in_bus" text="seat" type="participant"/>
            <label from="6-3" id="24" name="No_label" text="case" type="participant"/>
            <label from="6-5" id="25" name="ScrPart_passenger" text="I" type="participant"/>
            <label from="7-5" id="26" name="ScrPart_bus" text="bus" type="participant"/>
            <label from="7-10" id="27" name="No_label" text="it" type="participant"/>
            <label from="7-16" id="28" name="ScrPart_passenger" text="people" type="participant"/>
            <label from="7-22" id="29" name="No_label" text="it" type="participant"/>
            <label from="8-5" id="30" name="No_label" text="it" type="participant"/>
            <label from="8-9" id="31" name="NPart" text="urine" type="participant"/>
            <label from="9-1" id="32" name="ScrPart_passenger" text="My" type="participant"/>
            <label from="9-2" id="33" name="ScrPart_ride" text="commute" type="participant"/>
            <label from="10-1" id="34" name="ScrPart_passenger" text="I" type="participant"/>
            <label from="10-6" id="35" name="ScrPart_bus" text="bus" type="participant"/>
            <label from="10-9" id="36" name="ScrPart_time/date" text="hour" type="participant"/>
            <label from="11-4" id="37" name="ScrPart_time/date" text="hour" type="participant"/>
            <label from="11-7" id="38" name="ScrPart_bus" text="bus" type="participant"/>
            <label from="11-9" id="39" name="ScrPart_passenger" text="I" type="participant"/>
            <label from="11-12" id="40" name="ScrPart_in-bus_entertainment" text="music" type="participant"/>
            <label from="11-16" id="41" name="ScrPart_passenger" text="my" type="participant"/>
            <label from="11-17" id="42" name="ScrPart_in-bus_entertainment" text="cell phone" to="11-18" type="participant"/>
            <label from="11-18" id="43" name="ScrPart_in-bus_entertainment" text="phone" type="participant"/>
            <label from="12-3" id="44" name="ScrPart_passenger" text="I" type="participant"/>
            <label from="12-6" id="45" name="ScrPart_passenger" text="my" type="participant"/>
            <label from="12-7" id="46" name="ScrPart_bus_stop" text="stop" type="participant"/>
            <label from="13-1" id="47" name="ScrPart_passenger" text="I" type="participant"/>
            <label from="13-5" id="48" name="ScrPart_bus" text="bus" type="participant"/>
            <label from="13-8" id="49" name="ScrPart_passenger" text="my" type="participant"/>
            <label from="13-9" id="50" name="ScrPart_destination" text="destination" type="participant"/>
        </participants>
        <events>
            <label from="1-6" id="51" name="RelNScrEv" text="go" type="event"/>
            <label from="1-15" id="52" name="Evoking" text="ride a public bus" to="1-18" type="event"/>
            <label from="2-4" id="53" name="UnrelEv" text="make sure" to="2-5" type="event"/>
            <label from="2-8" id="54" name="UnrelEv" text="am" type="event"/>
            <label from="2-16" id="55" name="RelNScrEv" text="catch" type="event"/>
            <label from="3-3" id="56" name="ScrEv_board_bus" text="get on" to="3-4" type="event"/>
            <label from="3-11" id="57" name="ScrEv_get_ticket" text="pay" type="event"/>
            <label from="4-2" id="58" name="UnrelEv" text="live" type="event"/>
            <label from="4-10" id="59" name="UnrelEv" text="'s" type="event"/>
            <label from="4-18" id="60" name="Evoking" text="take the bus" to="4-20" type="event"/>
            <label from="5-5" id="61" name="UnrelEv" text="am" type="event"/>
            <label from="5-9" id="62" name="ScrEv_find_place" text="find" type="event"/>
            <label from="5-13" id="63" name="ScrEv_spend_time_bus" text="sit" type="event"/>
            <label from="6-9" id="64" name="ScrEv_spend_time_bus" text="stand up" to="6-10" type="event"/>
            <label from="7-3" id="65" name="Evoking" text="riding a bus" to="7-5" type="event"/>
            <label from="7-6" id="66" name="UnrelEv" text="is" type="event"/>
            <label from="7-11" id="67" name="UnrelEv" text="tends" type="event"/>
            <label from="7-13" id="68" name="UnrelEv" text="be" type="event"/>
            <label from="7-17" id="69" name="UnrelEv" text="are" type="event"/>
            <label from="7-23" id="70" name="UnrelEv" text="is" type="event"/>
            <label from="8-3" id="71" name="UnrelEv" text="mention" type="event"/>
            <label from="8-7" id="72" name="UnrelEv" text="smells" type="event"/>
            <label from="9-3" id="73" name="UnrelEv" text="is" type="event"/>
            <label from="10-3" id="74" name="ScrEv_ride" text="stay" type="event"/>
            <label from="11-10" id="75" name="ScrEv_spend_time_bus" text="listen" type="event"/>
            <label from="11-14" id="76" name="ScrEv_spend_time_bus" text="play" type="event"/>
            <label from="12-4" id="77" name="ScrEv_bus_stops" text="get" type="event"/>
            <label from="13-2" id="78" name="ScrEv_get_off" text="get off" to="13-3" type="event"/>
            <label from="13-7" id="79" name="RelNScrEv" text="reach" type="event"/>
        </events>
        <chains>
            <chain elements="1 4 6 7 12 14 17 22 25 32 34 39 41 44 45 47 49"/>
            <chain elements="5 10 13 21 26 35 48 38"/>
            <chain elements="20 28"/>
            <chain elements="36 37"/>
        </chains>
    </annotations>
</story>
