<?xml version="1.0" encoding="UTF-8" standalone="no"?>
<!DOCTYPE story SYSTEM "../InScript.dtd">
<story id="058" scenario="bus">
    <text>
        <content>I exited my home and locked my front door . 
I walked down my stoop stairs and turned left . 
The bus stop was three and a half blocks away . 
I checked my watch . 
I had looked up the bus schedule and the bus was supposed to be arriving in ten minutes . 
I arrived at the bench with a few minutes to spare . 
I sat on the bench underneath the rain awning and read my book until I noticed the bus approaching . 
I stood up , closed my book , and fished through my purse for my metrocard . 
The bus pulled to a stop and the doors opened . 
I climbed up the steps and pushed my metrocard into the automated ticket taker . 
The machine beeped and I read the digital display showing me that I had some money left on my card . 
I was glad to have enough left over for my return trip . 
I put my metrocard away and walked toward the back of the bus . 
There was an empty seat near the window and I sat down . 
I gazed out the window , choosing not to continue reading my book because it makes me carsick . 
When the bus neared my destination , I pressed the button to request a stop . 
The bus stopped and I said excuse me to a few fellow passengers as I made my way to the back door . 
I touched the tape on the doors and they opened automatically . 
I gave a wave of thanks to the bus driver and stepped down carefully onto the curb . </content>
        <sentences>
            <sentence id="1">
                <token content="I" id="1-1">
                    <pos type="PRP"/>
                    <lemma type="I"/>
                    <dep head="1-2" type="nsubj"/>
                </token>
                <token content="exited" id="1-2">
                    <pos type="VBD"/>
                    <lemma type="exit"/>
                </token>
                <token content="my" id="1-3">
                    <pos type="PRP$"/>
                    <lemma type="my"/>
                </token>
                <token content="home" id="1-4">
                    <pos type="NN"/>
                    <lemma type="home"/>
                    <dep head="1-2" type="dobj"/>
                </token>
                <token content="and" id="1-5"/>
                <token content="locked" id="1-6">
                    <pos type="VBD"/>
                    <lemma type="lock"/>
                    <dep head="1-2" type="conj"/>
                </token>
                <token content="my" id="1-7">
                    <pos type="PRP$"/>
                    <lemma type="my"/>
                </token>
                <token content="front" id="1-8">
                    <pos type="JJ"/>
                    <lemma type="front"/>
                </token>
                <token content="door" id="1-9">
                    <pos type="NN"/>
                    <lemma type="door"/>
                    <dep head="1-6" type="dobj"/>
                </token>
                <token content="." id="1-10"/>
            </sentence>
            <sentence id="2">
                <token content="I" id="2-1">
                    <pos type="PRP"/>
                    <lemma type="I"/>
                    <dep head="2-2" type="nsubj"/>
                </token>
                <token content="walked" id="2-2">
                    <pos type="VBD"/>
                    <lemma type="walk"/>
                </token>
                <token content="down" id="2-3">
                    <pos type="RP"/>
                    <lemma type="down"/>
                    <dep head="2-2" type="prt"/>
                </token>
                <token content="my" id="2-4">
                    <pos type="PRP$"/>
                    <lemma type="my"/>
                </token>
                <token content="stoop" id="2-5">
                    <pos type="NN"/>
                    <lemma type="stoop"/>
                </token>
                <token content="stairs" id="2-6">
                    <pos type="NNS"/>
                    <lemma type="stair"/>
                    <dep head="2-2" type="dobj"/>
                </token>
                <token content="and" id="2-7"/>
                <token content="turned" id="2-8">
                    <pos type="VBD"/>
                    <lemma type="turn"/>
                    <dep head="2-2" type="conj"/>
                </token>
                <token content="left" id="2-9">
                    <pos type="RB"/>
                    <lemma type="left"/>
                    <dep head="2-8" type="advmod"/>
                </token>
                <token content="." id="2-10"/>
            </sentence>
            <sentence id="3">
                <token content="The" id="3-1">
                    <pos type="DT"/>
                    <lemma type="the"/>
                </token>
                <token content="bus" id="3-2">
                    <pos type="NN"/>
                    <lemma type="bus"/>
                </token>
                <token content="stop" id="3-3">
                    <pos type="NN"/>
                    <lemma type="stop"/>
                </token>
                <token content="was" id="3-4">
                    <pos type="VBD"/>
                    <lemma type="be"/>
                </token>
                <token content="three" id="3-5">
                    <pos type="CD"/>
                    <lemma type="three"/>
                </token>
                <token content="and" id="3-6"/>
                <token content="a" id="3-7">
                    <pos type="DT"/>
                    <lemma type="a"/>
                </token>
                <token content="half" id="3-8">
                    <pos type="NN"/>
                    <lemma type="half"/>
                </token>
                <token content="blocks" id="3-9">
                    <pos type="NNS"/>
                    <lemma type="block"/>
                </token>
                <token content="away" id="3-10">
                    <pos type="RB"/>
                    <lemma type="away"/>
                </token>
                <token content="." id="3-11"/>
            </sentence>
            <sentence id="4">
                <token content="I" id="4-1">
                    <pos type="PRP"/>
                    <lemma type="I"/>
                    <dep head="4-2" type="nsubj"/>
                </token>
                <token content="checked" id="4-2">
                    <pos type="VBD"/>
                    <lemma type="check"/>
                </token>
                <token content="my" id="4-3">
                    <pos type="PRP$"/>
                    <lemma type="my"/>
                </token>
                <token content="watch" id="4-4">
                    <pos type="NN"/>
                    <lemma type="watch"/>
                    <dep head="4-2" type="dobj"/>
                </token>
                <token content="." id="4-5"/>
            </sentence>
            <sentence id="5">
                <token content="I" id="5-1">
                    <pos type="PRP"/>
                    <lemma type="I"/>
                    <dep head="5-3" type="nsubj"/>
                </token>
                <token content="had" id="5-2">
                    <pos type="VBD"/>
                    <lemma type="have"/>
                    <dep head="5-3" type="aux"/>
                </token>
                <token content="looked" id="5-3">
                    <pos type="VBN"/>
                    <lemma type="look"/>
                </token>
                <token content="up" id="5-4">
                    <pos type="RP"/>
                    <lemma type="up"/>
                    <dep head="5-3" type="prt"/>
                </token>
                <token content="the" id="5-5">
                    <pos type="DT"/>
                    <lemma type="the"/>
                </token>
                <token content="bus" id="5-6">
                    <pos type="NN"/>
                    <lemma type="bus"/>
                </token>
                <token content="schedule" id="5-7">
                    <pos type="NN"/>
                    <lemma type="schedule"/>
                    <dep head="5-3" type="dobj"/>
                </token>
                <token content="and" id="5-8"/>
                <token content="the" id="5-9">
                    <pos type="DT"/>
                    <lemma type="the"/>
                </token>
                <token content="bus" id="5-10">
                    <pos type="NN"/>
                    <lemma type="bus"/>
                    <dep head="5-12" type="nsubjpass"/>
                </token>
                <token content="was" id="5-11">
                    <pos type="VBD"/>
                    <lemma type="be"/>
                    <dep head="5-12" type="auxpass"/>
                </token>
                <token content="supposed" id="5-12">
                    <pos type="VBN"/>
                    <lemma type="suppose"/>
                    <dep head="5-3" type="conj"/>
                </token>
                <token content="to" id="5-13">
                    <pos type="TO"/>
                    <lemma type="to"/>
                    <dep head="5-15" type="aux"/>
                </token>
                <token content="be" id="5-14">
                    <pos type="VB"/>
                    <lemma type="be"/>
                    <dep head="5-15" type="aux"/>
                </token>
                <token content="arriving" id="5-15">
                    <pos type="VBG"/>
                    <lemma type="arrive"/>
                    <dep head="5-12" type="xcomp"/>
                </token>
                <token content="in" id="5-16"/>
                <token content="ten" id="5-17">
                    <pos type="CD"/>
                    <lemma type="ten"/>
                </token>
                <token content="minutes" id="5-18">
                    <pos type="NNS"/>
                    <lemma type="minute"/>
                    <dep head="5-15" type="prep"/>
                </token>
                <token content="." id="5-19"/>
            </sentence>
            <sentence id="6">
                <token content="I" id="6-1">
                    <pos type="PRP"/>
                    <lemma type="I"/>
                    <dep head="6-2" type="nsubj"/>
                </token>
                <token content="arrived" id="6-2">
                    <pos type="VBD"/>
                    <lemma type="arrive"/>
                </token>
                <token content="at" id="6-3"/>
                <token content="the" id="6-4">
                    <pos type="DT"/>
                    <lemma type="the"/>
                </token>
                <token content="bench" id="6-5">
                    <pos type="NN"/>
                    <lemma type="bench"/>
                    <dep head="6-2" type="prep"/>
                </token>
                <token content="with" id="6-6"/>
                <token content="a" id="6-7">
                    <pos type="DT"/>
                    <lemma type="a"/>
                </token>
                <token content="few" id="6-8">
                    <pos type="JJ"/>
                    <lemma type="few"/>
                </token>
                <token content="minutes" id="6-9">
                    <pos type="NNS"/>
                    <lemma type="minute"/>
                </token>
                <token content="to" id="6-10">
                    <pos type="TO"/>
                    <lemma type="to"/>
                    <dep head="6-11" type="aux"/>
                </token>
                <token content="spare" id="6-11">
                    <pos type="VB"/>
                    <lemma type="spare"/>
                    <dep head="6-2" type="xcomp"/>
                </token>
                <token content="." id="6-12"/>
            </sentence>
            <sentence id="7">
                <token content="I" id="7-1">
                    <pos type="PRP"/>
                    <lemma type="I"/>
                    <dep head="7-2" type="nsubj"/>
                </token>
                <token content="sat" id="7-2">
                    <pos type="VBD"/>
                    <lemma type="sit"/>
                </token>
                <token content="on" id="7-3"/>
                <token content="the" id="7-4">
                    <pos type="DT"/>
                    <lemma type="the"/>
                </token>
                <token content="bench" id="7-5">
                    <pos type="NN"/>
                    <lemma type="bench"/>
                    <dep head="7-2" type="prep"/>
                </token>
                <token content="underneath" id="7-6"/>
                <token content="the" id="7-7">
                    <pos type="DT"/>
                    <lemma type="the"/>
                </token>
                <token content="rain" id="7-8">
                    <pos type="NN"/>
                    <lemma type="rain"/>
                </token>
                <token content="awning" id="7-9">
                    <pos type="NN"/>
                    <lemma type="awning"/>
                </token>
                <token content="and" id="7-10"/>
                <token content="read" id="7-11">
                    <pos type="VBD"/>
                    <lemma type="read"/>
                    <dep head="7-2" type="conj"/>
                </token>
                <token content="my" id="7-12">
                    <pos type="PRP$"/>
                    <lemma type="my"/>
                </token>
                <token content="book" id="7-13">
                    <pos type="NN"/>
                    <lemma type="book"/>
                    <dep head="7-11" type="dobj"/>
                </token>
                <token content="until" id="7-14">
                    <pos type="IN"/>
                    <lemma type="until"/>
                    <dep head="7-16" type="mark"/>
                </token>
                <token content="I" id="7-15">
                    <pos type="PRP"/>
                    <lemma type="I"/>
                    <dep head="7-16" type="nsubj"/>
                </token>
                <token content="noticed" id="7-16">
                    <pos type="VBD"/>
                    <lemma type="notice"/>
                    <dep head="7-11" type="advcl"/>
                </token>
                <token content="the" id="7-17">
                    <pos type="DT"/>
                    <lemma type="the"/>
                </token>
                <token content="bus" id="7-18">
                    <pos type="NN"/>
                    <lemma type="bus"/>
                    <dep head="7-16" type="dobj"/>
                </token>
                <token content="approaching" id="7-19">
                    <pos type="VBG"/>
                    <lemma type="approach"/>
                </token>
                <token content="." id="7-20"/>
            </sentence>
            <sentence id="8">
                <token content="I" id="8-1">
                    <pos type="PRP"/>
                    <lemma type="I"/>
                    <dep head="8-2" type="nsubj"/>
                </token>
                <token content="stood" id="8-2">
                    <pos type="VBD"/>
                    <lemma type="stand"/>
                </token>
                <token content="up" id="8-3">
                    <pos type="RP"/>
                    <lemma type="up"/>
                    <dep head="8-2" type="prt"/>
                </token>
                <token content="," id="8-4"/>
                <token content="closed" id="8-5">
                    <pos type="VBD"/>
                    <lemma type="close"/>
                    <dep head="8-2" type="conj"/>
                </token>
                <token content="my" id="8-6">
                    <pos type="PRP$"/>
                    <lemma type="my"/>
                </token>
                <token content="book" id="8-7">
                    <pos type="NN"/>
                    <lemma type="book"/>
                    <dep head="8-5" type="dobj"/>
                </token>
                <token content="," id="8-8"/>
                <token content="and" id="8-9"/>
                <token content="fished" id="8-10">
                    <pos type="VBD"/>
                    <lemma type="fish"/>
                    <dep head="8-2" type="conj"/>
                </token>
                <token content="through" id="8-11"/>
                <token content="my" id="8-12">
                    <pos type="PRP$"/>
                    <lemma type="my"/>
                </token>
                <token content="purse" id="8-13">
                    <pos type="NN"/>
                    <lemma type="purse"/>
                    <dep head="8-10" type="prep"/>
                </token>
                <token content="for" id="8-14"/>
                <token content="my" id="8-15">
                    <pos type="PRP$"/>
                    <lemma type="my"/>
                </token>
                <token content="metrocard" id="8-16">
                    <pos type="NN"/>
                    <lemma type="metrocard"/>
                    <dep head="8-10" type="prep"/>
                </token>
                <token content="." id="8-17"/>
            </sentence>
            <sentence id="9">
                <token content="The" id="9-1">
                    <pos type="DT"/>
                    <lemma type="the"/>
                </token>
                <token content="bus" id="9-2">
                    <pos type="NN"/>
                    <lemma type="bus"/>
                    <dep head="9-3" type="nsubj"/>
                </token>
                <token content="pulled" id="9-3">
                    <pos type="VBD"/>
                    <lemma type="pull"/>
                </token>
                <token content="to" id="9-4"/>
                <token content="a" id="9-5">
                    <pos type="DT"/>
                    <lemma type="a"/>
                </token>
                <token content="stop" id="9-6">
                    <pos type="NN"/>
                    <lemma type="stop"/>
                    <dep head="9-3" type="prep"/>
                </token>
                <token content="and" id="9-7"/>
                <token content="the" id="9-8">
                    <pos type="DT"/>
                    <lemma type="the"/>
                </token>
                <token content="doors" id="9-9">
                    <pos type="NNS"/>
                    <lemma type="door"/>
                    <dep head="9-10" type="nsubj"/>
                </token>
                <token content="opened" id="9-10">
                    <pos type="VBD"/>
                    <lemma type="open"/>
                    <dep head="9-3" type="conj"/>
                </token>
                <token content="." id="9-11"/>
            </sentence>
            <sentence id="10">
                <token content="I" id="10-1">
                    <pos type="PRP"/>
                    <lemma type="I"/>
                    <dep head="10-2" type="nsubj"/>
                </token>
                <token content="climbed" id="10-2">
                    <pos type="VBD"/>
                    <lemma type="climb"/>
                </token>
                <token content="up" id="10-3">
                    <pos type="RP"/>
                    <lemma type="up"/>
                    <dep head="10-2" type="prt"/>
                </token>
                <token content="the" id="10-4">
                    <pos type="DT"/>
                    <lemma type="the"/>
                </token>
                <token content="steps" id="10-5">
                    <pos type="NNS"/>
                    <lemma type="step"/>
                    <dep head="10-2" type="dobj"/>
                </token>
                <token content="and" id="10-6"/>
                <token content="pushed" id="10-7">
                    <pos type="VBD"/>
                    <lemma type="push"/>
                    <dep head="10-2" type="conj"/>
                </token>
                <token content="my" id="10-8">
                    <pos type="PRP$"/>
                    <lemma type="my"/>
                </token>
                <token content="metrocard" id="10-9">
                    <pos type="NN"/>
                    <lemma type="metrocard"/>
                    <dep head="10-7" type="dobj"/>
                </token>
                <token content="into" id="10-10"/>
                <token content="the" id="10-11">
                    <pos type="DT"/>
                    <lemma type="the"/>
                </token>
                <token content="automated" id="10-12">
                    <pos type="VBN"/>
                    <lemma type="automate"/>
                </token>
                <token content="ticket" id="10-13">
                    <pos type="NN"/>
                    <lemma type="ticket"/>
                </token>
                <token content="taker" id="10-14">
                    <pos type="NN"/>
                    <lemma type="taker"/>
                    <dep head="10-7" type="prep"/>
                </token>
                <token content="." id="10-15"/>
            </sentence>
            <sentence id="11">
                <token content="The" id="11-1">
                    <pos type="DT"/>
                    <lemma type="the"/>
                </token>
                <token content="machine" id="11-2">
                    <pos type="NN"/>
                    <lemma type="machine"/>
                    <dep head="11-3" type="nsubj"/>
                </token>
                <token content="beeped" id="11-3">
                    <pos type="VBD"/>
                    <lemma type="beep"/>
                </token>
                <token content="and" id="11-4"/>
                <token content="I" id="11-5">
                    <pos type="PRP"/>
                    <lemma type="I"/>
                    <dep head="11-6" type="nsubj"/>
                </token>
                <token content="read" id="11-6">
                    <pos type="VBD"/>
                    <lemma type="read"/>
                    <dep head="11-3" type="conj"/>
                </token>
                <token content="the" id="11-7">
                    <pos type="DT"/>
                    <lemma type="the"/>
                </token>
                <token content="digital" id="11-8">
                    <pos type="JJ"/>
                    <lemma type="digital"/>
                </token>
                <token content="display" id="11-9">
                    <pos type="NN"/>
                    <lemma type="display"/>
                    <dep head="11-6" type="dobj"/>
                </token>
                <token content="showing" id="11-10">
                    <pos type="VBG"/>
                    <lemma type="show"/>
                </token>
                <token content="me" id="11-11">
                    <pos type="PRP"/>
                    <lemma type="I"/>
                    <dep head="11-10" type="dobj"/>
                </token>
                <token content="that" id="11-12">
                    <pos type="IN"/>
                    <lemma type="that"/>
                    <dep head="11-14" type="mark"/>
                </token>
                <token content="I" id="11-13">
                    <pos type="PRP"/>
                    <lemma type="I"/>
                    <dep head="11-14" type="nsubj"/>
                </token>
                <token content="had" id="11-14">
                    <pos type="VBD"/>
                    <lemma type="have"/>
                    <dep head="11-10" type="ccomp"/>
                </token>
                <token content="some" id="11-15">
                    <pos type="DT"/>
                    <lemma type="some"/>
                </token>
                <token content="money" id="11-16">
                    <pos type="NN"/>
                    <lemma type="money"/>
                    <dep head="11-14" type="dobj"/>
                </token>
                <token content="left" id="11-17">
                    <pos type="VBN"/>
                    <lemma type="leave"/>
                </token>
                <token content="on" id="11-18"/>
                <token content="my" id="11-19">
                    <pos type="PRP$"/>
                    <lemma type="my"/>
                </token>
                <token content="card" id="11-20">
                    <pos type="NN"/>
                    <lemma type="card"/>
                    <dep head="11-17" type="prep"/>
                </token>
                <token content="." id="11-21"/>
            </sentence>
            <sentence id="12">
                <token content="I" id="12-1">
                    <pos type="PRP"/>
                    <lemma type="I"/>
                </token>
                <token content="was" id="12-2">
                    <pos type="VBD"/>
                    <lemma type="be"/>
                </token>
                <token content="glad" id="12-3">
                    <pos type="JJ"/>
                    <lemma type="glad"/>
                </token>
                <token content="to" id="12-4">
                    <pos type="TO"/>
                    <lemma type="to"/>
                    <dep head="12-7" type="aux"/>
                </token>
                <token content="have" id="12-5">
                    <pos type="VB"/>
                    <lemma type="have"/>
                    <dep head="12-7" type="aux"/>
                </token>
                <token content="enough" id="12-6">
                    <pos type="RB"/>
                    <lemma type="enough"/>
                    <dep head="12-7" type="advmod"/>
                </token>
                <token content="left" id="12-7">
                    <pos type="VBN"/>
                    <lemma type="leave"/>
                </token>
                <token content="over" id="12-8">
                    <pos type="RP"/>
                    <lemma type="over"/>
                    <dep head="12-7" type="prt"/>
                </token>
                <token content="for" id="12-9"/>
                <token content="my" id="12-10">
                    <pos type="PRP$"/>
                    <lemma type="my"/>
                </token>
                <token content="return" id="12-11">
                    <pos type="NN"/>
                    <lemma type="return"/>
                </token>
                <token content="trip" id="12-12">
                    <pos type="NN"/>
                    <lemma type="trip"/>
                    <dep head="12-7" type="prep"/>
                </token>
                <token content="." id="12-13"/>
            </sentence>
            <sentence id="13">
                <token content="I" id="13-1">
                    <pos type="PRP"/>
                    <lemma type="I"/>
                    <dep head="13-2" type="nsubj"/>
                </token>
                <token content="put" id="13-2">
                    <pos type="VBP"/>
                    <lemma type="put"/>
                </token>
                <token content="my" id="13-3">
                    <pos type="PRP$"/>
                    <lemma type="my"/>
                </token>
                <token content="metrocard" id="13-4">
                    <pos type="NN"/>
                    <lemma type="metrocard"/>
                    <dep head="13-2" type="dobj"/>
                </token>
                <token content="away" id="13-5">
                    <pos type="RP"/>
                    <lemma type="away"/>
                    <dep head="13-2" type="prt"/>
                </token>
                <token content="and" id="13-6"/>
                <token content="walked" id="13-7">
                    <pos type="VBD"/>
                    <lemma type="walk"/>
                    <dep head="13-2" type="conj"/>
                </token>
                <token content="toward" id="13-8"/>
                <token content="the" id="13-9">
                    <pos type="DT"/>
                    <lemma type="the"/>
                </token>
                <token content="back" id="13-10">
                    <pos type="NN"/>
                    <lemma type="back"/>
                    <dep head="13-7" type="prep"/>
                </token>
                <token content="of" id="13-11"/>
                <token content="the" id="13-12">
                    <pos type="DT"/>
                    <lemma type="the"/>
                </token>
                <token content="bus" id="13-13">
                    <pos type="NN"/>
                    <lemma type="bus"/>
                </token>
                <token content="." id="13-14"/>
            </sentence>
            <sentence id="14">
                <token content="There" id="14-1">
                    <pos type="EX"/>
                    <lemma type="there"/>
                    <dep head="14-2" type="expl"/>
                </token>
                <token content="was" id="14-2">
                    <pos type="VBD"/>
                    <lemma type="be"/>
                </token>
                <token content="an" id="14-3">
                    <pos type="DT"/>
                    <lemma type="a"/>
                </token>
                <token content="empty" id="14-4">
                    <pos type="JJ"/>
                    <lemma type="empty"/>
                </token>
                <token content="seat" id="14-5">
                    <pos type="NN"/>
                    <lemma type="seat"/>
                    <dep head="14-2" type="nsubj"/>
                </token>
                <token content="near" id="14-6"/>
                <token content="the" id="14-7">
                    <pos type="DT"/>
                    <lemma type="the"/>
                </token>
                <token content="window" id="14-8">
                    <pos type="NN"/>
                    <lemma type="window"/>
                </token>
                <token content="and" id="14-9"/>
                <token content="I" id="14-10">
                    <pos type="PRP"/>
                    <lemma type="I"/>
                    <dep head="14-11" type="nsubj"/>
                </token>
                <token content="sat" id="14-11">
                    <pos type="VBD"/>
                    <lemma type="sit"/>
                    <dep head="14-2" type="conj"/>
                </token>
                <token content="down" id="14-12">
                    <pos type="RP"/>
                    <lemma type="down"/>
                    <dep head="14-11" type="prt"/>
                </token>
                <token content="." id="14-13"/>
            </sentence>
            <sentence id="15">
                <token content="I" id="15-1">
                    <pos type="PRP"/>
                    <lemma type="I"/>
                    <dep head="15-2" type="nsubj"/>
                </token>
                <token content="gazed" id="15-2">
                    <pos type="VBD"/>
                    <lemma type="gaze"/>
                </token>
                <token content="out" id="15-3">
                    <pos type="RP"/>
                    <lemma type="out"/>
                    <dep head="15-2" type="prt"/>
                </token>
                <token content="the" id="15-4">
                    <pos type="DT"/>
                    <lemma type="the"/>
                </token>
                <token content="window" id="15-5">
                    <pos type="NN"/>
                    <lemma type="window"/>
                    <dep head="15-2" type="dobj"/>
                </token>
                <token content="," id="15-6"/>
                <token content="choosing" id="15-7">
                    <pos type="VBG"/>
                    <lemma type="choose"/>
                    <dep head="15-2" type="vmod"/>
                </token>
                <token content="not" id="15-8">
                    <pos type="RB"/>
                    <lemma type="not"/>
                    <dep head="15-10" type="neg"/>
                </token>
                <token content="to" id="15-9">
                    <pos type="TO"/>
                    <lemma type="to"/>
                    <dep head="15-10" type="aux"/>
                </token>
                <token content="continue" id="15-10">
                    <pos type="VB"/>
                    <lemma type="continue"/>
                    <dep head="15-7" type="xcomp"/>
                </token>
                <token content="reading" id="15-11">
                    <pos type="VBG"/>
                    <lemma type="read"/>
                    <dep head="15-10" type="xcomp"/>
                </token>
                <token content="my" id="15-12">
                    <pos type="PRP$"/>
                    <lemma type="my"/>
                </token>
                <token content="book" id="15-13">
                    <pos type="NN"/>
                    <lemma type="book"/>
                    <dep head="15-11" type="dobj"/>
                </token>
                <token content="because" id="15-14">
                    <pos type="IN"/>
                    <lemma type="because"/>
                    <dep head="15-16" type="mark"/>
                </token>
                <token content="it" id="15-15">
                    <pos type="PRP"/>
                    <lemma type="it"/>
                    <dep head="15-16" type="nsubj"/>
                </token>
                <token content="makes" id="15-16">
                    <pos type="VBZ"/>
                    <lemma type="make"/>
                    <dep head="15-10" type="advcl"/>
                </token>
                <token content="me" id="15-17">
                    <pos type="PRP"/>
                    <lemma type="I"/>
                    <dep head="15-18" type="nsubj"/>
                </token>
                <token content="carsick" id="15-18">
                    <pos type="VBP"/>
                    <lemma type="carsick"/>
                    <dep head="15-16" type="ccomp"/>
                </token>
                <token content="." id="15-19"/>
            </sentence>
            <sentence id="16">
                <token content="When" id="16-1">
                    <pos type="WRB"/>
                    <lemma type="when"/>
                    <dep head="16-4" type="advmod"/>
                </token>
                <token content="the" id="16-2">
                    <pos type="DT"/>
                    <lemma type="the"/>
                </token>
                <token content="bus" id="16-3">
                    <pos type="NN"/>
                    <lemma type="bus"/>
                    <dep head="16-4" type="nsubj"/>
                </token>
                <token content="neared" id="16-4">
                    <pos type="VBD"/>
                    <lemma type="near"/>
                    <dep head="16-9" type="advcl"/>
                </token>
                <token content="my" id="16-5">
                    <pos type="PRP$"/>
                    <lemma type="my"/>
                </token>
                <token content="destination" id="16-6">
                    <pos type="NN"/>
                    <lemma type="destination"/>
                    <dep head="16-4" type="dobj"/>
                </token>
                <token content="," id="16-7"/>
                <token content="I" id="16-8">
                    <pos type="PRP"/>
                    <lemma type="I"/>
                    <dep head="16-9" type="nsubj"/>
                </token>
                <token content="pressed" id="16-9">
                    <pos type="VBD"/>
                    <lemma type="press"/>
                </token>
                <token content="the" id="16-10">
                    <pos type="DT"/>
                    <lemma type="the"/>
                </token>
                <token content="button" id="16-11">
                    <pos type="NN"/>
                    <lemma type="button"/>
                    <dep head="16-9" type="dobj"/>
                </token>
                <token content="to" id="16-12">
                    <pos type="TO"/>
                    <lemma type="to"/>
                    <dep head="16-13" type="aux"/>
                </token>
                <token content="request" id="16-13">
                    <pos type="VB"/>
                    <lemma type="request"/>
                </token>
                <token content="a" id="16-14">
                    <pos type="DT"/>
                    <lemma type="a"/>
                </token>
                <token content="stop" id="16-15">
                    <pos type="NN"/>
                    <lemma type="stop"/>
                    <dep head="16-13" type="dobj"/>
                </token>
                <token content="." id="16-16"/>
            </sentence>
            <sentence id="17">
                <token content="The" id="17-1">
                    <pos type="DT"/>
                    <lemma type="the"/>
                </token>
                <token content="bus" id="17-2">
                    <pos type="NN"/>
                    <lemma type="bus"/>
                    <dep head="17-3" type="nsubj"/>
                </token>
                <token content="stopped" id="17-3">
                    <pos type="VBD"/>
                    <lemma type="stop"/>
                </token>
                <token content="and" id="17-4"/>
                <token content="I" id="17-5">
                    <pos type="PRP"/>
                    <lemma type="I"/>
                    <dep head="17-6" type="nsubj"/>
                </token>
                <token content="said" id="17-6">
                    <pos type="VBD"/>
                    <lemma type="say"/>
                    <dep head="17-3" type="conj"/>
                </token>
                <token content="excuse" id="17-7">
                    <pos type="VB"/>
                    <lemma type="excuse"/>
                    <dep head="17-6" type="xcomp"/>
                </token>
                <token content="me" id="17-8">
                    <pos type="PRP"/>
                    <lemma type="I"/>
                    <dep head="17-7" type="dobj"/>
                </token>
                <token content="to" id="17-9"/>
                <token content="a" id="17-10">
                    <pos type="DT"/>
                    <lemma type="a"/>
                </token>
                <token content="few" id="17-11">
                    <pos type="JJ"/>
                    <lemma type="few"/>
                </token>
                <token content="fellow" id="17-12">
                    <pos type="JJ"/>
                    <lemma type="fellow"/>
                </token>
                <token content="passengers" id="17-13">
                    <pos type="NNS"/>
                    <lemma type="passenger"/>
                    <dep head="17-7" type="prep"/>
                </token>
                <token content="as" id="17-14">
                    <pos type="IN"/>
                    <lemma type="as"/>
                    <dep head="17-16" type="mark"/>
                </token>
                <token content="I" id="17-15">
                    <pos type="PRP"/>
                    <lemma type="I"/>
                    <dep head="17-16" type="nsubj"/>
                </token>
                <token content="made" id="17-16">
                    <pos type="VBD"/>
                    <lemma type="make"/>
                    <dep head="17-7" type="advcl"/>
                </token>
                <token content="my" id="17-17">
                    <pos type="PRP$"/>
                    <lemma type="my"/>
                </token>
                <token content="way" id="17-18">
                    <pos type="NN"/>
                    <lemma type="way"/>
                    <dep head="17-16" type="dobj"/>
                </token>
                <token content="to" id="17-19"/>
                <token content="the" id="17-20">
                    <pos type="DT"/>
                    <lemma type="the"/>
                </token>
                <token content="back" id="17-21">
                    <pos type="JJ"/>
                    <lemma type="back"/>
                </token>
                <token content="door" id="17-22">
                    <pos type="NN"/>
                    <lemma type="door"/>
                    <dep head="17-16" type="prep"/>
                </token>
                <token content="." id="17-23"/>
            </sentence>
            <sentence id="18">
                <token content="I" id="18-1">
                    <pos type="PRP"/>
                    <lemma type="I"/>
                    <dep head="18-2" type="nsubj"/>
                </token>
                <token content="touched" id="18-2">
                    <pos type="VBD"/>
                    <lemma type="touch"/>
                </token>
                <token content="the" id="18-3">
                    <pos type="DT"/>
                    <lemma type="the"/>
                </token>
                <token content="tape" id="18-4">
                    <pos type="NN"/>
                    <lemma type="tape"/>
                    <dep head="18-2" type="dobj"/>
                </token>
                <token content="on" id="18-5"/>
                <token content="the" id="18-6">
                    <pos type="DT"/>
                    <lemma type="the"/>
                </token>
                <token content="doors" id="18-7">
                    <pos type="NNS"/>
                    <lemma type="door"/>
                    <dep head="18-2" type="prep"/>
                </token>
                <token content="and" id="18-8"/>
                <token content="they" id="18-9">
                    <pos type="PRP"/>
                    <lemma type="they"/>
                    <dep head="18-10" type="nsubj"/>
                </token>
                <token content="opened" id="18-10">
                    <pos type="VBD"/>
                    <lemma type="open"/>
                    <dep head="18-2" type="conj"/>
                </token>
                <token content="automatically" id="18-11">
                    <pos type="RB"/>
                    <lemma type="automatically"/>
                    <dep head="18-10" type="advmod"/>
                </token>
                <token content="." id="18-12"/>
            </sentence>
            <sentence id="19">
                <token content="I" id="19-1">
                    <pos type="PRP"/>
                    <lemma type="I"/>
                    <dep head="19-2" type="nsubj"/>
                </token>
                <token content="gave" id="19-2">
                    <pos type="VBD"/>
                    <lemma type="give"/>
                </token>
                <token content="a" id="19-3">
                    <pos type="DT"/>
                    <lemma type="a"/>
                </token>
                <token content="wave" id="19-4">
                    <pos type="NN"/>
                    <lemma type="wave"/>
                    <dep head="19-2" type="dobj"/>
                </token>
                <token content="of" id="19-5"/>
                <token content="thanks" id="19-6">
                    <pos type="NNS"/>
                    <lemma type="thanks"/>
                </token>
                <token content="to" id="19-7"/>
                <token content="the" id="19-8">
                    <pos type="DT"/>
                    <lemma type="the"/>
                </token>
                <token content="bus" id="19-9">
                    <pos type="NN"/>
                    <lemma type="bus"/>
                </token>
                <token content="driver" id="19-10">
                    <pos type="NN"/>
                    <lemma type="driver"/>
                    <dep head="19-2" type="prep"/>
                </token>
                <token content="and" id="19-11"/>
                <token content="stepped" id="19-12">
                    <pos type="VBD"/>
                    <lemma type="step"/>
                    <dep head="19-2" type="conj"/>
                </token>
                <token content="down" id="19-13">
                    <pos type="RB"/>
                    <lemma type="down"/>
                </token>
                <token content="carefully" id="19-14">
                    <pos type="RB"/>
                    <lemma type="carefully"/>
                    <dep head="19-12" type="advmod"/>
                </token>
                <token content="onto" id="19-15"/>
                <token content="the" id="19-16">
                    <pos type="DT"/>
                    <lemma type="the"/>
                </token>
                <token content="curb" id="19-17">
                    <pos type="NN"/>
                    <lemma type="curb"/>
                    <dep head="19-12" type="prep"/>
                </token>
                <token content="." id="19-18"/>
            </sentence>
        </sentences>
    </text>
    <annotations>
        <participants>
            <label from="1-1" id="0" name="ScrPart_passenger" text="I" type="participant"/>
            <label from="1-3" id="1" name="ScrPart_passenger" text="my" type="participant"/>
            <label from="1-4" id="2" name="NPart" text="home" type="participant"/>
            <label from="1-7" id="3" name="ScrPart_passenger" text="my" type="participant"/>
            <label from="1-9" id="4" name="NPart" text="door" type="participant"/>
            <label from="2-1" id="5" name="ScrPart_passenger" text="I" type="participant"/>
            <label from="2-4" id="6" name="ScrPart_passenger" text="my" type="participant"/>
            <label from="2-5" id="7" name="NPart" text="stoop stairs" to="2-6" type="participant"/>
            <label from="2-6" id="8" name="NPart" text="stairs" type="participant"/>
            <label from="3-2" id="9" name="ScrPart_bus_stop" text="bus stop" to="3-3" type="participant"/>
            <label from="3-3" id="10" name="ScrPart_bus_stop" text="stop" type="participant"/>
            <label from="3-9" id="11" name="NPart" text="blocks" type="participant"/>
            <label from="4-1" id="12" name="ScrPart_passenger" text="I" type="participant"/>
            <label from="4-3" id="13" name="ScrPart_passenger" text="my" type="participant"/>
            <label from="4-4" id="14" name="NPart" text="watch" type="participant"/>
            <label from="5-1" id="15" name="ScrPart_passenger" text="I" type="participant"/>
            <label from="5-6" id="16" name="ScrPart_time-table" text="bus schedule" to="5-7" type="participant"/>
            <label from="5-7" id="17" name="ScrPart_time-table" text="schedule" type="participant"/>
            <label from="5-10" id="18" name="ScrPart_bus" text="bus" type="participant"/>
            <label from="5-17" id="19" name="ScrPart_time/date" text="ten minutes" to="5-18" type="participant"/>
            <label from="6-1" id="20" name="ScrPart_passenger" text="I" type="participant"/>
            <label from="6-5" id="21" name="NPart" text="bench" type="participant"/>
            <label from="6-8" id="22" name="ScrPart_time/date" text="few minutes" to="6-9" type="participant"/>
            <label from="7-1" id="23" name="ScrPart_passenger" text="I" type="participant"/>
            <label from="7-5" id="24" name="NPart" text="bench" type="participant"/>
            <label from="7-8" id="25" name="NPart" text="rain awning" to="7-9" type="participant"/>
            <label from="7-9" id="26" name="NPart" text="awning" type="participant"/>
            <label from="7-12" id="27" name="ScrPart_passenger" text="my" type="participant"/>
            <label from="7-13" id="28" name="ScrPart_in-bus_entertainment" text="book" type="participant"/>
            <label from="7-15" id="29" name="ScrPart_passenger" text="I" type="participant"/>
            <label from="7-18" id="30" name="ScrPart_bus" text="bus" type="participant"/>
            <label from="8-1" id="31" name="ScrPart_passenger" text="I" type="participant"/>
            <label from="8-6" id="32" name="ScrPart_passenger" text="my" type="participant"/>
            <label from="8-7" id="33" name="ScrPart_in-bus_entertainment" text="book" type="participant"/>
            <label from="8-12" id="34" name="ScrPart_passenger" text="my" type="participant"/>
            <label from="8-13" id="35" name="NPart" text="purse" type="participant"/>
            <label from="8-15" id="36" name="ScrPart_passenger" text="my" type="participant"/>
            <label from="8-16" id="37" name="ScrPart_card/ticket" text="metrocard" type="participant"/>
            <label from="9-2" id="38" name="ScrPart_bus" text="bus" type="participant"/>
            <label from="9-6" id="39" name="NPart" text="stop" type="participant"/>
            <label from="9-9" id="40" name="ScrPart_door" text="doors" type="participant"/>
            <label from="10-1" id="41" name="ScrPart_passenger" text="I" type="participant"/>
            <label from="10-5" id="42" name="NPart" text="steps" type="participant"/>
            <label from="10-8" id="43" name="ScrPart_passenger" text="my" type="participant"/>
            <label from="10-9" id="44" name="ScrPart_card/ticket" text="metrocard" type="participant"/>
            <label from="10-13" id="45" name="ScrPart_payment_machine" text="ticket taker" to="10-14" type="participant"/>
            <label from="11-2" id="46" name="ScrPart_payment_machine" text="machine" type="participant"/>
            <label from="11-5" id="47" name="ScrPart_passenger" text="I" type="participant"/>
            <label from="11-8" id="48" name="ScrPart_payment_machine" text="digital display" to="11-9" type="participant"/>
            <label from="11-11" id="49" name="ScrPart_passenger" text="me" type="participant"/>
            <label from="11-13" id="50" name="ScrPart_passenger" text="I" type="participant"/>
            <label from="11-16" id="51" name="ScrPart_money" text="money" type="participant"/>
            <label from="11-19" id="52" name="ScrPart_passenger" text="my" type="participant"/>
            <label from="11-20" id="53" name="ScrPart_card/ticket" text="card" type="participant"/>
            <label from="12-1" id="54" name="ScrPart_passenger" text="I" type="participant"/>
            <label from="12-6" id="55" name="ScrPart_money" text="enough" type="participant"/>
            <label from="12-10" id="56" name="ScrPart_passenger" text="my" type="participant"/>
            <label from="12-11" id="57" name="ScrPart_ride" text="return trip" to="12-12" type="participant"/>
            <label from="12-12" id="58" name="ScrPart_ride" text="trip" type="participant"/>
            <label from="13-1" id="59" name="ScrPart_passenger" text="I" type="participant"/>
            <label from="13-3" id="60" name="ScrPart_passenger" text="my" type="participant"/>
            <label from="13-4" id="61" name="ScrPart_card/ticket" text="metrocard" type="participant"/>
            <label from="13-10" id="62" name="NPart" text="back" type="participant"/>
            <label from="13-13" id="63" name="ScrPart_bus" text="bus" type="participant"/>
            <label from="14-5" id="64" name="ScrPart_seat_in_bus" text="seat" type="participant"/>
            <label from="14-8" id="65" name="ScrPart_in-bus_entertainment" text="window" type="participant"/>
            <label from="14-10" id="66" name="ScrPart_passenger" text="I" type="participant"/>
            <label from="15-1" id="67" name="ScrPart_passenger" text="I" type="participant"/>
            <label from="15-5" id="68" name="ScrPart_in-bus_entertainment" text="window" type="participant"/>
            <label from="15-12" id="69" name="ScrPart_passenger" text="my" type="participant"/>
            <label from="15-13" id="70" name="ScrPart_in-bus_entertainment" text="book" type="participant"/>
            <label from="15-15" id="71" name="No_label" text="it" type="participant"/>
            <label from="15-17" id="72" name="ScrPart_passenger" text="me" type="participant"/>
            <label from="16-3" id="73" name="ScrPart_bus" text="bus" type="participant"/>
            <label from="16-5" id="74" name="ScrPart_passenger" text="my" type="participant"/>
            <label from="16-6" id="75" name="ScrPart_destination" text="destination" type="participant"/>
            <label from="16-8" id="76" name="ScrPart_passenger" text="I" type="participant"/>
            <label from="16-11" id="77" name="ScrPart_stop_button/door_opener" text="button" type="participant"/>
            <label from="16-15" id="78" name="Unclear" text="stop" type="participant"/>
            <label from="17-2" id="79" name="ScrPart_bus" text="bus" type="participant"/>
            <label from="17-5" id="80" name="ScrPart_passenger" text="I" type="participant"/>
            <label from="17-7" id="81" name="NPart" text="excuse me" to="17-8" type="participant"/>
            <label from="17-13" id="82" name="ScrPart_passenger" text="passengers" type="participant"/>
            <label from="17-15" id="83" name="ScrPart_passenger" text="I" type="participant"/>
            <label from="17-17" id="84" name="ScrPart_passenger" text="my" type="participant"/>
            <label from="17-18" id="85" name="SuppVComp" text="way" type="participant"/>
            <label from="17-22" id="86" name="ScrPart_door" text="door" type="participant"/>
            <label from="18-1" id="87" name="ScrPart_passenger" text="I" type="participant"/>
            <label from="18-4" id="88" name="ScrPart_stop_button/door_opener" text="tape" type="participant"/>
            <label from="18-7" id="89" name="ScrPart_door" text="doors" type="participant"/>
            <label from="18-9" id="90" name="ScrPart_door" text="they" type="participant"/>
            <label from="19-1" id="91" name="ScrPart_passenger" text="I" type="participant"/>
            <label from="19-4" id="92" name="NPart" text="wave" type="participant"/>
            <label from="19-6" id="93" name="NPart" text="thanks" type="participant"/>
            <label from="19-9" id="94" name="ScrPart_bus_staff" text="bus driver" to="19-10" type="participant"/>
            <label from="19-10" id="95" name="ScrPart_bus_staff" text="driver" type="participant"/>
            <label from="19-17" id="96" name="NPart" text="curb" type="participant"/>
        </participants>
        <events>
            <label from="1-2" id="97" name="UnrelEv" text="exited" type="event"/>
            <label from="1-6" id="98" name="UnrelEv" text="locked" type="event"/>
            <label from="2-2" id="99" name="UnrelEv" text="walked down" to="2-3" type="event"/>
            <label from="2-8" id="100" name="UnrelEv" text="turned" type="event"/>
            <label from="3-4" id="101" name="ScrEv_get_bus_stop" text="was" type="event"/>
            <label from="4-2" id="102" name="RelNScrEv" text="checked" type="event"/>
            <label from="5-3" id="103" name="ScrEv_check_time-table" text="looked up" to="5-4" type="event"/>
            <label from="5-12" id="104" name="RelNScrEv" text="supposed" type="event"/>
            <label from="5-15" id="105" name="ScrEv_bus_comes" text="arriving" type="event"/>
            <label from="6-2" id="106" name="ScrEv_get_bus_stop" text="arrived" type="event"/>
            <label from="6-11" id="107" name="ScrEv_wait" text="spare" type="event"/>
            <label from="7-2" id="108" name="RelNScrEv" text="sat" type="event"/>
            <label from="7-11" id="109" name="RelNScrEv" text="read" type="event"/>
            <label from="7-16" id="110" name="UnrelEv" text="noticed" type="event"/>
            <label from="7-19" id="111" name="ScrEv_bus_comes" text="approaching" type="event"/>
            <label from="8-2" id="112" name="UnrelEv" text="stood up" to="8-3" type="event"/>
            <label from="8-5" id="113" name="UnrelEv" text="closed" type="event"/>
            <label from="8-10" id="114" name="RelNScrEv" text="fished through" to="8-11" type="event"/>
            <label from="9-3" id="115" name="ScrEv_bus_comes" text="pulled" type="event"/>
            <label from="9-10" id="116" name="ScrEv_door_opens" text="opened" type="event"/>
            <label from="10-2" id="117" name="ScrEv_board_bus" text="climbed up" to="10-3" type="event"/>
            <label from="10-7" id="118" name="ScrEv_get_ticket" text="pushed" type="event"/>
            <label from="10-12" id="119" name="UnrelEv" text="automated" type="event"/>
            <label from="11-3" id="120" name="ScrEv_get_ticket" text="beeped" type="event"/>
            <label from="11-6" id="121" name="ScrEv_get_ticket" text="read" type="event"/>
            <label from="11-10" id="122" name="RelNScrEv" text="showing" type="event"/>
            <label from="11-17" id="123" name="RelNScrEv" text="left" type="event"/>
            <label from="12-2" id="124" name="UnrelEv" text="was" type="event"/>
            <label from="12-7" id="125" name="RelNScrEv" text="left over" to="12-8" type="event"/>
            <label from="13-2" id="126" name="RelNScrEv" text="put" type="event"/>
            <label from="13-7" id="127" name="ScrEv_find_place" text="walked" type="event"/>
            <label from="14-2" id="128" name="UnrelEv" text="was" type="event"/>
            <label from="14-11" id="129" name="ScrEv_find_place" text="sat down" to="14-12" type="event"/>
            <label from="15-2" id="130" name="ScrEv_spend_time_bus" text="gazed" type="event"/>
            <label from="15-7" id="131" name="UnrelEv" text="choosing" type="event"/>
            <label from="15-10" id="132" name="UnrelEv" text="continue" type="event"/>
            <label from="15-11" id="133" name="ScrEv_spend_time_bus" text="reading" type="event"/>
            <label from="15-16" id="134" name="RelNScrEv" text="makes" type="event"/>
            <label from="16-4" id="135" name="ScrEv_bus_stops" text="neared" type="event"/>
            <label from="16-9" id="136" name="ScrEv_press_stop_button" text="pressed" type="event"/>
            <label from="16-13" id="137" name="ScrEv_press_stop_button" text="request" type="event"/>
            <label from="17-3" id="138" name="ScrEv_bus_stops" text="stopped" type="event"/>
            <label from="17-6" id="139" name="RelNScrEv" text="said" type="event"/>
            <label from="17-16" id="140" name="ScrEv_go_exit" text="made" type="event"/>
            <label from="18-2" id="141" name="ScrEv_other" text="touched" type="event"/>
            <label from="18-10" id="142" name="ScrEv_door_opens" text="opened" type="event"/>
            <label from="19-2" id="143" name="RelNScrEv" text="gave" type="event"/>
            <label from="19-12" id="144" name="ScrEv_get_off" text="stepped down" to="19-13" type="event"/>
        </events>
        <chains>
            <chain elements="1 0 3 5 6 12 13 15 20 23 27 29 31 32 34 36 41 43 47 49 50 52 54 56 59 60 66 67 69 72 74 76 80 83 84 87 91"/>
            <chain elements="30 18 38 63 73 79"/>
            <chain elements="22 19"/>
            <chain elements="33 28 70"/>
            <chain elements="44 37 53 61"/>
            <chain elements="89 40 90"/>
            <chain elements="46 45"/>
            <chain elements="55 51"/>
            <chain elements="68 65"/>
        </chains>
    </annotations>
</story>
