<?xml version="1.0" encoding="UTF-8" standalone="no"?>
<!DOCTYPE story SYSTEM "../InScript.dtd">
<story id="094" scenario="bus">
    <text>
        <content>Yesterday I decided I needed to get to the grocery bus . 
My car had a flat tire , so I decided to ride the public bus . 
First , I went online to see the map of the public bus ' because it overwhelms me and I am afraid I will get lost . 
Then I called the bus hotline and asked the operator how to get where I wanted to go . 
He helped me figure out what buses I need to take where . 
Then , I had some lunch , took my backpack and left the house . 
I had to walk to the bus stop . 
On the way , I could smell the exhaust from the cars and I already started freaking out . 
The exhaust is really unhealthy for you . 
Then I waited for the bus at the stop . 
After 20 minutes , the bus I needed finally came . 
The bus came to stop , the doors opened . 
I stepped onto the bus and gave the driver my money . </content>
        <sentences>
            <sentence id="1">
                <token content="Yesterday" id="1-1">
                    <pos type="NN"/>
                    <lemma type="yesterday"/>
                    <dep head="1-3" type="tmod"/>
                </token>
                <token content="I" id="1-2">
                    <pos type="PRP"/>
                    <lemma type="I"/>
                    <dep head="1-3" type="nsubj"/>
                </token>
                <token content="decided" id="1-3">
                    <pos type="VBD"/>
                    <lemma type="decide"/>
                </token>
                <token content="I" id="1-4">
                    <pos type="PRP"/>
                    <lemma type="I"/>
                    <dep head="1-5" type="nsubj"/>
                </token>
                <token content="needed" id="1-5">
                    <pos type="VBD"/>
                    <lemma type="need"/>
                    <dep head="1-3" type="ccomp"/>
                </token>
                <token content="to" id="1-6">
                    <pos type="TO"/>
                    <lemma type="to"/>
                    <dep head="1-7" type="aux"/>
                </token>
                <token content="get" id="1-7">
                    <pos type="VB"/>
                    <lemma type="get"/>
                    <dep head="1-5" type="xcomp"/>
                </token>
                <token content="to" id="1-8"/>
                <token content="the" id="1-9">
                    <pos type="DT"/>
                    <lemma type="the"/>
                </token>
                <token content="grocery" id="1-10">
                    <pos type="NN"/>
                    <lemma type="grocery"/>
                </token>
                <token content="bus" id="1-11">
                    <pos type="NN"/>
                    <lemma type="bus"/>
                    <dep head="1-7" type="prep"/>
                </token>
                <token content="." id="1-12"/>
            </sentence>
            <sentence id="2">
                <token content="My" id="2-1">
                    <pos type="PRP$"/>
                    <lemma type="my"/>
                </token>
                <token content="car" id="2-2">
                    <pos type="NN"/>
                    <lemma type="car"/>
                    <dep head="2-3" type="nsubj"/>
                </token>
                <token content="had" id="2-3">
                    <pos type="VBD"/>
                    <lemma type="have"/>
                </token>
                <token content="a" id="2-4">
                    <pos type="DT"/>
                    <lemma type="a"/>
                </token>
                <token content="flat" id="2-5">
                    <pos type="JJ"/>
                    <lemma type="flat"/>
                </token>
                <token content="tire" id="2-6">
                    <pos type="NN"/>
                    <lemma type="tire"/>
                    <dep head="2-3" type="dobj"/>
                </token>
                <token content="," id="2-7"/>
                <token content="so" id="2-8">
                    <pos type="IN"/>
                    <lemma type="so"/>
                    <dep head="2-3" type="dep"/>
                </token>
                <token content="I" id="2-9">
                    <pos type="PRP"/>
                    <lemma type="I"/>
                    <dep head="2-10" type="nsubj"/>
                </token>
                <token content="decided" id="2-10">
                    <pos type="VBD"/>
                    <lemma type="decide"/>
                    <dep head="2-3" type="parataxis"/>
                </token>
                <token content="to" id="2-11">
                    <pos type="TO"/>
                    <lemma type="to"/>
                    <dep head="2-12" type="aux"/>
                </token>
                <token content="ride" id="2-12">
                    <pos type="VB"/>
                    <lemma type="ride"/>
                    <dep head="2-10" type="xcomp"/>
                </token>
                <token content="the" id="2-13">
                    <pos type="DT"/>
                    <lemma type="the"/>
                </token>
                <token content="public" id="2-14">
                    <pos type="JJ"/>
                    <lemma type="public"/>
                </token>
                <token content="bus" id="2-15">
                    <pos type="NN"/>
                    <lemma type="bus"/>
                    <dep head="2-12" type="dobj"/>
                </token>
                <token content="." id="2-16"/>
            </sentence>
            <sentence id="3">
                <token content="First" id="3-1">
                    <pos type="RB"/>
                    <lemma type="first"/>
                    <dep head="3-4" type="advmod"/>
                </token>
                <token content="," id="3-2"/>
                <token content="I" id="3-3">
                    <pos type="PRP"/>
                    <lemma type="I"/>
                    <dep head="3-4" type="nsubj"/>
                </token>
                <token content="went" id="3-4">
                    <pos type="VBD"/>
                    <lemma type="go"/>
                </token>
                <token content="online" id="3-5">
                    <pos type="NN"/>
                    <lemma type="online"/>
                    <dep head="3-4" type="prep"/>
                </token>
                <token content="to" id="3-6">
                    <pos type="TO"/>
                    <lemma type="to"/>
                    <dep head="3-7" type="aux"/>
                </token>
                <token content="see" id="3-7">
                    <pos type="VB"/>
                    <lemma type="see"/>
                    <dep head="3-4" type="xcomp"/>
                </token>
                <token content="the" id="3-8">
                    <pos type="DT"/>
                    <lemma type="the"/>
                </token>
                <token content="map" id="3-9">
                    <pos type="NN"/>
                    <lemma type="map"/>
                    <dep head="3-7" type="dobj"/>
                </token>
                <token content="of" id="3-10"/>
                <token content="the" id="3-11">
                    <pos type="DT"/>
                    <lemma type="the"/>
                </token>
                <token content="public" id="3-12">
                    <pos type="JJ"/>
                    <lemma type="public"/>
                </token>
                <token content="bus" id="3-13">
                    <pos type="NN"/>
                    <lemma type="bus"/>
                </token>
                <token content="'" id="3-14"/>
                <token content="because" id="3-15">
                    <pos type="IN"/>
                    <lemma type="because"/>
                    <dep head="3-17" type="mark"/>
                </token>
                <token content="it" id="3-16">
                    <pos type="PRP"/>
                    <lemma type="it"/>
                    <dep head="3-17" type="nsubj"/>
                </token>
                <token content="overwhelms" id="3-17">
                    <pos type="VBZ"/>
                    <lemma type="overwhelm"/>
                    <dep head="3-7" type="advcl"/>
                </token>
                <token content="me" id="3-18">
                    <pos type="PRP"/>
                    <lemma type="I"/>
                    <dep head="3-17" type="dobj"/>
                </token>
                <token content="and" id="3-19"/>
                <token content="I" id="3-20">
                    <pos type="PRP"/>
                    <lemma type="I"/>
                </token>
                <token content="am" id="3-21">
                    <pos type="VBP"/>
                    <lemma type="be"/>
                </token>
                <token content="afraid" id="3-22">
                    <pos type="JJ"/>
                    <lemma type="afraid"/>
                    <dep head="3-4" type="conj"/>
                </token>
                <token content="I" id="3-23">
                    <pos type="PRP"/>
                    <lemma type="I"/>
                    <dep head="3-26" type="nsubjpass"/>
                </token>
                <token content="will" id="3-24">
                    <pos type="MD"/>
                    <lemma type="will"/>
                    <dep head="3-26" type="aux"/>
                </token>
                <token content="get" id="3-25">
                    <pos type="VB"/>
                    <lemma type="get"/>
                    <dep head="3-26" type="auxpass"/>
                </token>
                <token content="lost" id="3-26">
                    <pos type="VBN"/>
                    <lemma type="lose"/>
                </token>
                <token content="." id="3-27"/>
            </sentence>
            <sentence id="4">
                <token content="Then" id="4-1">
                    <pos type="RB"/>
                    <lemma type="then"/>
                    <dep head="4-3" type="advmod"/>
                </token>
                <token content="I" id="4-2">
                    <pos type="PRP"/>
                    <lemma type="I"/>
                    <dep head="4-3" type="nsubj"/>
                </token>
                <token content="called" id="4-3">
                    <pos type="VBD"/>
                    <lemma type="call"/>
                </token>
                <token content="the" id="4-4">
                    <pos type="DT"/>
                    <lemma type="the"/>
                </token>
                <token content="bus" id="4-5">
                    <pos type="NN"/>
                    <lemma type="bus"/>
                </token>
                <token content="hotline" id="4-6">
                    <pos type="NN"/>
                    <lemma type="hotline"/>
                    <dep head="4-3" type="dobj"/>
                </token>
                <token content="and" id="4-7"/>
                <token content="asked" id="4-8">
                    <pos type="VBD"/>
                    <lemma type="ask"/>
                    <dep head="4-3" type="conj"/>
                </token>
                <token content="the" id="4-9">
                    <pos type="DT"/>
                    <lemma type="the"/>
                </token>
                <token content="operator" id="4-10">
                    <pos type="NN"/>
                    <lemma type="operator"/>
                    <dep head="4-8" type="dobj"/>
                </token>
                <token content="how" id="4-11">
                    <pos type="WRB"/>
                    <lemma type="how"/>
                    <dep head="4-13" type="advmod"/>
                </token>
                <token content="to" id="4-12">
                    <pos type="TO"/>
                    <lemma type="to"/>
                    <dep head="4-13" type="aux"/>
                </token>
                <token content="get" id="4-13">
                    <pos type="VB"/>
                    <lemma type="get"/>
                    <dep head="4-8" type="xcomp"/>
                </token>
                <token content="where" id="4-14">
                    <pos type="WRB"/>
                    <lemma type="where"/>
                    <dep head="4-16" type="advmod"/>
                </token>
                <token content="I" id="4-15">
                    <pos type="PRP"/>
                    <lemma type="I"/>
                    <dep head="4-16" type="nsubj"/>
                </token>
                <token content="wanted" id="4-16">
                    <pos type="VBD"/>
                    <lemma type="want"/>
                    <dep head="4-13" type="advcl"/>
                </token>
                <token content="to" id="4-17">
                    <pos type="TO"/>
                    <lemma type="to"/>
                    <dep head="4-18" type="aux"/>
                </token>
                <token content="go" id="4-18">
                    <pos type="VB"/>
                    <lemma type="go"/>
                    <dep head="4-16" type="xcomp"/>
                </token>
                <token content="." id="4-19"/>
            </sentence>
            <sentence id="5">
                <token content="He" id="5-1">
                    <pos type="PRP"/>
                    <lemma type="he"/>
                    <dep head="5-2" type="nsubj"/>
                </token>
                <token content="helped" id="5-2">
                    <pos type="VBD"/>
                    <lemma type="help"/>
                </token>
                <token content="me" id="5-3">
                    <pos type="PRP"/>
                    <lemma type="I"/>
                    <dep head="5-4" type="nsubj"/>
                </token>
                <token content="figure" id="5-4">
                    <pos type="VBP"/>
                    <lemma type="figure"/>
                    <dep head="5-2" type="ccomp"/>
                </token>
                <token content="out" id="5-5">
                    <pos type="RP"/>
                    <lemma type="out"/>
                    <dep head="5-4" type="prt"/>
                </token>
                <token content="what" id="5-6">
                    <pos type="WP"/>
                    <lemma type="what"/>
                    <dep head="5-7" type="nsubj"/>
                </token>
                <token content="buses" id="5-7">
                    <pos type="VBD"/>
                    <lemma type="bus"/>
                    <dep head="5-4" type="ccomp"/>
                </token>
                <token content="I" id="5-8">
                    <pos type="PRP"/>
                    <lemma type="I"/>
                    <dep head="5-9" type="nsubj"/>
                </token>
                <token content="need" id="5-9">
                    <pos type="VBP"/>
                    <lemma type="need"/>
                    <dep head="5-7" type="ccomp"/>
                </token>
                <token content="to" id="5-10">
                    <pos type="TO"/>
                    <lemma type="to"/>
                    <dep head="5-11" type="aux"/>
                </token>
                <token content="take" id="5-11">
                    <pos type="VB"/>
                    <lemma type="take"/>
                    <dep head="5-9" type="xcomp"/>
                </token>
                <token content="where" id="5-12">
                    <pos type="WRB"/>
                    <lemma type="where"/>
                    <dep head="5-11" type="ccomp"/>
                </token>
                <token content="." id="5-13"/>
            </sentence>
            <sentence id="6">
                <token content="Then" id="6-1">
                    <pos type="RB"/>
                    <lemma type="then"/>
                    <dep head="6-4" type="advmod"/>
                </token>
                <token content="," id="6-2"/>
                <token content="I" id="6-3">
                    <pos type="PRP"/>
                    <lemma type="I"/>
                    <dep head="6-4" type="nsubj"/>
                </token>
                <token content="had" id="6-4">
                    <pos type="VBD"/>
                    <lemma type="have"/>
                </token>
                <token content="some" id="6-5">
                    <pos type="DT"/>
                    <lemma type="some"/>
                </token>
                <token content="lunch" id="6-6">
                    <pos type="NN"/>
                    <lemma type="lunch"/>
                    <dep head="6-4" type="dobj"/>
                </token>
                <token content="," id="6-7"/>
                <token content="took" id="6-8">
                    <pos type="VBD"/>
                    <lemma type="take"/>
                    <dep head="6-4" type="conj"/>
                </token>
                <token content="my" id="6-9">
                    <pos type="PRP$"/>
                    <lemma type="my"/>
                </token>
                <token content="backpack" id="6-10">
                    <pos type="NN"/>
                    <lemma type="backpack"/>
                    <dep head="6-8" type="dobj"/>
                </token>
                <token content="and" id="6-11"/>
                <token content="left" id="6-12">
                    <pos type="VBD"/>
                    <lemma type="leave"/>
                    <dep head="6-4" type="conj"/>
                </token>
                <token content="the" id="6-13">
                    <pos type="DT"/>
                    <lemma type="the"/>
                </token>
                <token content="house" id="6-14">
                    <pos type="NN"/>
                    <lemma type="house"/>
                    <dep head="6-12" type="dobj"/>
                </token>
                <token content="." id="6-15"/>
            </sentence>
            <sentence id="7">
                <token content="I" id="7-1">
                    <pos type="PRP"/>
                    <lemma type="I"/>
                    <dep head="7-2" type="nsubj"/>
                </token>
                <token content="had" id="7-2">
                    <pos type="VBD"/>
                    <lemma type="have"/>
                </token>
                <token content="to" id="7-3">
                    <pos type="TO"/>
                    <lemma type="to"/>
                    <dep head="7-4" type="aux"/>
                </token>
                <token content="walk" id="7-4">
                    <pos type="VB"/>
                    <lemma type="walk"/>
                    <dep head="7-2" type="xcomp"/>
                </token>
                <token content="to" id="7-5"/>
                <token content="the" id="7-6">
                    <pos type="DT"/>
                    <lemma type="the"/>
                </token>
                <token content="bus" id="7-7">
                    <pos type="NN"/>
                    <lemma type="bus"/>
                </token>
                <token content="stop" id="7-8">
                    <pos type="NN"/>
                    <lemma type="stop"/>
                    <dep head="7-4" type="prep"/>
                </token>
                <token content="." id="7-9"/>
            </sentence>
            <sentence id="8">
                <token content="On" id="8-1"/>
                <token content="the" id="8-2">
                    <pos type="DT"/>
                    <lemma type="the"/>
                </token>
                <token content="way" id="8-3">
                    <pos type="NN"/>
                    <lemma type="way"/>
                    <dep head="8-7" type="prep"/>
                </token>
                <token content="," id="8-4"/>
                <token content="I" id="8-5">
                    <pos type="PRP"/>
                    <lemma type="I"/>
                    <dep head="8-7" type="nsubj"/>
                </token>
                <token content="could" id="8-6">
                    <pos type="MD"/>
                    <lemma type="could"/>
                    <dep head="8-7" type="aux"/>
                </token>
                <token content="smell" id="8-7">
                    <pos type="VB"/>
                    <lemma type="smell"/>
                </token>
                <token content="the" id="8-8">
                    <pos type="DT"/>
                    <lemma type="the"/>
                </token>
                <token content="exhaust" id="8-9">
                    <pos type="NN"/>
                    <lemma type="exhaust"/>
                    <dep head="8-7" type="dobj"/>
                </token>
                <token content="from" id="8-10"/>
                <token content="the" id="8-11">
                    <pos type="DT"/>
                    <lemma type="the"/>
                </token>
                <token content="cars" id="8-12">
                    <pos type="NNS"/>
                    <lemma type="car"/>
                    <dep head="8-7" type="prep"/>
                </token>
                <token content="and" id="8-13"/>
                <token content="I" id="8-14">
                    <pos type="PRP"/>
                    <lemma type="I"/>
                    <dep head="8-16" type="nsubj"/>
                </token>
                <token content="already" id="8-15">
                    <pos type="RB"/>
                    <lemma type="already"/>
                    <dep head="8-16" type="advmod"/>
                </token>
                <token content="started" id="8-16">
                    <pos type="VBD"/>
                    <lemma type="start"/>
                    <dep head="8-7" type="conj"/>
                </token>
                <token content="freaking" id="8-17">
                    <pos type="VBG"/>
                    <lemma type="freak"/>
                    <dep head="8-16" type="xcomp"/>
                </token>
                <token content="out" id="8-18">
                    <pos type="RP"/>
                    <lemma type="out"/>
                    <dep head="8-17" type="prt"/>
                </token>
                <token content="." id="8-19"/>
            </sentence>
            <sentence id="9">
                <token content="The" id="9-1">
                    <pos type="DT"/>
                    <lemma type="the"/>
                </token>
                <token content="exhaust" id="9-2">
                    <pos type="NN"/>
                    <lemma type="exhaust"/>
                </token>
                <token content="is" id="9-3">
                    <pos type="VBZ"/>
                    <lemma type="be"/>
                </token>
                <token content="really" id="9-4">
                    <pos type="RB"/>
                    <lemma type="really"/>
                </token>
                <token content="unhealthy" id="9-5">
                    <pos type="JJ"/>
                    <lemma type="unhealthy"/>
                </token>
                <token content="for" id="9-6"/>
                <token content="you" id="9-7">
                    <pos type="PRP"/>
                    <lemma type="you"/>
                </token>
                <token content="." id="9-8"/>
            </sentence>
            <sentence id="10">
                <token content="Then" id="10-1">
                    <pos type="RB"/>
                    <lemma type="then"/>
                    <dep head="10-3" type="advmod"/>
                </token>
                <token content="I" id="10-2">
                    <pos type="PRP"/>
                    <lemma type="I"/>
                    <dep head="10-3" type="nsubj"/>
                </token>
                <token content="waited" id="10-3">
                    <pos type="VBD"/>
                    <lemma type="wait"/>
                </token>
                <token content="for" id="10-4"/>
                <token content="the" id="10-5">
                    <pos type="DT"/>
                    <lemma type="the"/>
                </token>
                <token content="bus" id="10-6">
                    <pos type="NN"/>
                    <lemma type="bus"/>
                    <dep head="10-3" type="prep"/>
                </token>
                <token content="at" id="10-7"/>
                <token content="the" id="10-8">
                    <pos type="DT"/>
                    <lemma type="the"/>
                </token>
                <token content="stop" id="10-9">
                    <pos type="NN"/>
                    <lemma type="stop"/>
                    <dep head="10-3" type="prep"/>
                </token>
                <token content="." id="10-10"/>
            </sentence>
            <sentence id="11">
                <token content="After" id="11-1"/>
                <token content="20" id="11-2">
                    <pos type="CD"/>
                    <lemma type="20"/>
                </token>
                <token content="minutes" id="11-3">
                    <pos type="NNS"/>
                    <lemma type="minute"/>
                    <dep head="11-10" type="prep"/>
                </token>
                <token content="," id="11-4"/>
                <token content="the" id="11-5">
                    <pos type="DT"/>
                    <lemma type="the"/>
                </token>
                <token content="bus" id="11-6">
                    <pos type="NN"/>
                    <lemma type="bus"/>
                    <dep head="11-10" type="nsubj"/>
                </token>
                <token content="I" id="11-7">
                    <pos type="PRP"/>
                    <lemma type="I"/>
                    <dep head="11-8" type="nsubj"/>
                </token>
                <token content="needed" id="11-8">
                    <pos type="VBD"/>
                    <lemma type="need"/>
                </token>
                <token content="finally" id="11-9">
                    <pos type="RB"/>
                    <lemma type="finally"/>
                    <dep head="11-8" type="advmod"/>
                </token>
                <token content="came" id="11-10">
                    <pos type="VBD"/>
                    <lemma type="come"/>
                </token>
                <token content="." id="11-11"/>
            </sentence>
            <sentence id="12">
                <token content="The" id="12-1">
                    <pos type="DT"/>
                    <lemma type="the"/>
                </token>
                <token content="bus" id="12-2">
                    <pos type="NN"/>
                    <lemma type="bus"/>
                    <dep head="12-3" type="nsubj"/>
                </token>
                <token content="came" id="12-3">
                    <pos type="VBD"/>
                    <lemma type="come"/>
                    <dep head="12-9" type="ccomp"/>
                </token>
                <token content="to" id="12-4">
                    <pos type="TO"/>
                    <lemma type="to"/>
                    <dep head="12-5" type="aux"/>
                </token>
                <token content="stop" id="12-5">
                    <pos type="VB"/>
                    <lemma type="stop"/>
                    <dep head="12-3" type="xcomp"/>
                </token>
                <token content="," id="12-6"/>
                <token content="the" id="12-7">
                    <pos type="DT"/>
                    <lemma type="the"/>
                </token>
                <token content="doors" id="12-8">
                    <pos type="NNS"/>
                    <lemma type="door"/>
                    <dep head="12-9" type="nsubj"/>
                </token>
                <token content="opened" id="12-9">
                    <pos type="VBD"/>
                    <lemma type="open"/>
                </token>
                <token content="." id="12-10"/>
            </sentence>
            <sentence id="13">
                <token content="I" id="13-1">
                    <pos type="PRP"/>
                    <lemma type="I"/>
                    <dep head="13-2" type="nsubj"/>
                </token>
                <token content="stepped" id="13-2">
                    <pos type="VBD"/>
                    <lemma type="step"/>
                </token>
                <token content="onto" id="13-3"/>
                <token content="the" id="13-4">
                    <pos type="DT"/>
                    <lemma type="the"/>
                </token>
                <token content="bus" id="13-5">
                    <pos type="NN"/>
                    <lemma type="bus"/>
                    <dep head="13-2" type="prep"/>
                </token>
                <token content="and" id="13-6"/>
                <token content="gave" id="13-7">
                    <pos type="VBD"/>
                    <lemma type="give"/>
                    <dep head="13-2" type="conj"/>
                </token>
                <token content="the" id="13-8">
                    <pos type="DT"/>
                    <lemma type="the"/>
                </token>
                <token content="driver" id="13-9">
                    <pos type="NN"/>
                    <lemma type="driver"/>
                    <dep head="13-7" type="iobj"/>
                </token>
                <token content="my" id="13-10">
                    <pos type="PRP$"/>
                    <lemma type="my"/>
                </token>
                <token content="money" id="13-11">
                    <pos type="NN"/>
                    <lemma type="money"/>
                    <dep head="13-7" type="dobj"/>
                </token>
                <token content="." id="13-12"/>
            </sentence>
        </sentences>
    </text>
    <annotations>
        <participants>
            <label from="1-2" id="0" name="ScrPart_passenger" text="I" type="participant"/>
            <label from="1-4" id="1" name="ScrPart_passenger" text="I" type="participant"/>
            <label from="1-10" id="2" name="ScrPart_destination" text="grocery bus" to="1-11" type="participant"/>
            <label from="1-11" id="3" name="ScrPart_destination" text="bus" type="participant"/>
            <label from="2-1" id="4" name="ScrPart_passenger" text="My" type="participant"/>
            <label from="2-2" id="5" name="NPart" text="car" type="participant"/>
            <label from="2-6" id="6" name="NPart" text="tire" type="participant"/>
            <label from="2-9" id="7" name="ScrPart_passenger" text="I" type="participant"/>
            <label from="2-15" id="8" name="ScrPart_bus" text="bus" type="participant"/>
            <label from="3-3" id="9" name="ScrPart_passenger" text="I" type="participant"/>
            <label from="3-9" id="10" name="NPart" text="map" type="participant"/>
            <label from="3-13" id="11" name="ScrPart_bus" text="bus" type="participant"/>
            <label from="3-16" id="12" name="No_label" text="it" type="participant"/>
            <label from="3-18" id="13" name="ScrPart_passenger" text="me" type="participant"/>
            <label from="3-20" id="14" name="ScrPart_passenger" text="I" type="participant"/>
            <label from="3-23" id="15" name="ScrPart_passenger" text="I" type="participant"/>
            <label from="4-2" id="16" name="ScrPart_passenger" text="I" type="participant"/>
            <label from="4-5" id="17" name="NPart" text="bus hotline" to="4-6" type="participant"/>
            <label from="4-6" id="18" name="NPart" text="hotline" type="participant"/>
            <label from="4-10" id="19" name="NPart" text="operator" type="participant"/>
            <label from="4-15" id="20" name="ScrPart_passenger" text="I" type="participant"/>
            <label from="5-1" id="21" name="NPart" text="He" type="participant"/>
            <label from="5-3" id="22" name="ScrPart_passenger" text="me" type="participant"/>
            <label from="5-7" id="23" name="ScrPart_bus" text="buses" type="participant"/>
            <label from="5-8" id="24" name="ScrPart_passenger" text="I" type="participant"/>
            <label from="6-3" id="25" name="ScrPart_passenger" text="I" type="participant"/>
            <label from="6-6" id="26" name="NPart" text="lunch" type="participant"/>
            <label from="6-9" id="27" name="ScrPart_passenger" text="my" type="participant"/>
            <label from="6-10" id="28" name="NPart" text="backpack" type="participant"/>
            <label from="6-14" id="29" name="NPart" text="house" type="participant"/>
            <label from="7-1" id="30" name="ScrPart_passenger" text="I" type="participant"/>
            <label from="7-7" id="31" name="ScrPart_bus_stop" text="bus stop" to="7-8" type="participant"/>
            <label from="7-8" id="32" name="ScrPart_bus_stop" text="stop" type="participant"/>
            <label from="8-3" id="33" name="NPart" text="way" type="participant"/>
            <label from="8-5" id="34" name="ScrPart_passenger" text="I" type="participant"/>
            <label from="8-9" id="35" name="NPart" text="exhaust" type="participant"/>
            <label from="8-12" id="36" name="NPart" text="cars" type="participant"/>
            <label from="8-14" id="37" name="ScrPart_passenger" text="I" type="participant"/>
            <label from="9-2" id="38" name="NPart" text="exhaust" type="participant"/>
            <label from="9-7" id="39" name="NPart" text="you" type="participant"/>
            <label from="10-2" id="40" name="ScrPart_passenger" text="I" type="participant"/>
            <label from="10-6" id="41" name="ScrPart_bus" text="bus" type="participant"/>
            <label from="10-9" id="42" name="ScrPart_bus_stop" text="stop" type="participant"/>
            <label from="11-3" id="43" name="ScrPart_time/date" text="minutes" type="participant"/>
            <label from="11-6" id="44" name="ScrPart_bus" text="bus" type="participant"/>
            <label from="11-7" id="45" name="ScrPart_passenger" text="I" type="participant"/>
            <label from="12-2" id="46" name="ScrPart_bus" text="bus" type="participant"/>
            <label from="12-5" id="47" name="SuppVComp" text="stop" type="participant"/>
            <label from="12-8" id="48" name="ScrPart_door" text="doors" type="participant"/>
            <label from="13-1" id="49" name="ScrPart_passenger" text="I" type="participant"/>
            <label from="13-5" id="50" name="ScrPart_bus" text="bus" type="participant"/>
            <label from="13-9" id="51" name="ScrPart_bus_staff" text="driver" type="participant"/>
            <label from="13-10" id="52" name="ScrPart_passenger" text="my" type="participant"/>
            <label from="13-11" id="53" name="ScrPart_money" text="money" type="participant"/>
        </participants>
        <events>
            <label from="1-3" id="54" name="UnrelEv" text="decided" type="event"/>
            <label from="1-7" id="55" name="RelNScrEv" text="get" type="event"/>
            <label from="2-3" id="56" name="UnrelEv" text="had" type="event"/>
            <label from="2-10" id="57" name="UnrelEv" text="decided" type="event"/>
            <label from="2-12" id="58" name="Evoking" text="ride the public bus" to="2-15" type="event"/>
            <label from="3-4" id="59" name="RelNScrEv" text="went online" to="3-5" type="event"/>
            <label from="3-7" id="60" name="RelNScrEv" text="see" type="event"/>
            <label from="3-17" id="61" name="UnrelEv" text="overwhelms" type="event"/>
            <label from="3-21" id="62" name="UnrelEv" text="am afraid" to="3-22" type="event"/>
            <label from="3-25" id="63" name="UnrelEv" text="get lost" to="3-26" type="event"/>
            <label from="4-3" id="64" name="RelNScrEv" text="called" type="event"/>
            <label from="4-8" id="65" name="RelNScrEv" text="asked" type="event"/>
            <label from="4-13" id="66" name="RelNScrEv" text="get" type="event"/>
            <label from="4-16" id="67" name="UnrelEv" text="wanted" type="event"/>
            <label from="4-18" id="68" name="RelNScrEv" text="go" type="event"/>
            <label from="5-2" id="69" name="UnrelEv" text="helped" type="event"/>
            <label from="5-4" id="70" name="ScrEv_check_time-table" text="figure out" to="5-5" type="event"/>
            <label from="5-11" id="71" name="RelNScrEv" text="take" type="event"/>
            <label from="6-4" id="72" name="UnrelEv" text="had" type="event"/>
            <label from="6-8" id="73" name="RelNScrEv" text="took" type="event"/>
            <label from="6-12" id="74" name="RelNScrEv" text="left" type="event"/>
            <label from="7-4" id="75" name="ScrEv_get_bus_stop" text="walk" type="event"/>
            <label from="8-7" id="76" name="UnrelEv" text="smell" type="event"/>
            <label from="8-16" id="77" name="UnrelEv" text="started" type="event"/>
            <label from="8-17" id="78" name="UnrelEv" text="freaking out" to="8-18" type="event"/>
            <label from="9-3" id="79" name="UnrelEv" text="is" type="event"/>
            <label from="10-3" id="80" name="ScrEv_wait" text="waited" type="event"/>
            <label from="11-8" id="81" name="UnrelEv" text="needed" type="event"/>
            <label from="11-10" id="82" name="ScrEv_bus_comes" text="came" type="event"/>
            <label from="12-3" id="83" name="ScrEv_bus_stops" text="came" type="event"/>
            <label from="12-9" id="84" name="ScrEv_door_opens" text="opened" type="event"/>
            <label from="13-2" id="85" name="ScrEv_board_bus" text="stepped" type="event"/>
            <label from="13-7" id="86" name="ScrEv_get_ticket" text="gave" type="event"/>
        </events>
        <chains>
            <chain elements="0 1 4 7 9 13 14 15 16 20 22 24 25 30 34 37 40 45 49 52 27"/>
            <chain elements="8 11 41 44 46 50"/>
            <chain elements="32 42"/>
        </chains>
    </annotations>
</story>
