<?xml version="1.0" encoding="UTF-8" standalone="no"?>
<!DOCTYPE story SYSTEM "../InScript.dtd">
<story id="053" scenario="bus">
    <text>
        <content>I needed to get to work , but my car was not working . 
I decided to take the public bus . 
I walked to the bus stop and sat down on the bench that was provided . 
I waited until the bus that I needed pulled up and boarded the bus . 
I paid the bus driver the fare and took a seat . 
I sat on the bus as it passed by all the stops that we drove past until we reached the stop that I needed . 
I pulled the bell to alarm the bus driver that I needed to get off at the next stop . 
He stopped when we arrived and I got off the bus . 
I had made it my work right on time . 
I walked from the bus stop a couple blocks down the street until I reached my job . 
Then I entered my work and began working at my job . </content>
        <sentences>
            <sentence id="1">
                <token content="I" id="1-1">
                    <pos type="PRP"/>
                    <lemma type="I"/>
                    <dep head="1-2" type="nsubj"/>
                </token>
                <token content="needed" id="1-2">
                    <pos type="VBD"/>
                    <lemma type="need"/>
                </token>
                <token content="to" id="1-3">
                    <pos type="TO"/>
                    <lemma type="to"/>
                    <dep head="1-4" type="aux"/>
                </token>
                <token content="get" id="1-4">
                    <pos type="VB"/>
                    <lemma type="get"/>
                    <dep head="1-2" type="xcomp"/>
                </token>
                <token content="to" id="1-5">
                    <pos type="TO"/>
                    <lemma type="to"/>
                    <dep head="1-6" type="aux"/>
                </token>
                <token content="work" id="1-6">
                    <pos type="VB"/>
                    <lemma type="work"/>
                    <dep head="1-4" type="xcomp"/>
                </token>
                <token content="," id="1-7"/>
                <token content="but" id="1-8"/>
                <token content="my" id="1-9">
                    <pos type="PRP$"/>
                    <lemma type="my"/>
                </token>
                <token content="car" id="1-10">
                    <pos type="NN"/>
                    <lemma type="car"/>
                    <dep head="1-13" type="nsubj"/>
                </token>
                <token content="was" id="1-11">
                    <pos type="VBD"/>
                    <lemma type="be"/>
                    <dep head="1-13" type="aux"/>
                </token>
                <token content="not" id="1-12">
                    <pos type="RB"/>
                    <lemma type="not"/>
                    <dep head="1-13" type="neg"/>
                </token>
                <token content="working" id="1-13">
                    <pos type="VBG"/>
                    <lemma type="work"/>
                    <dep head="1-2" type="conj"/>
                </token>
                <token content="." id="1-14"/>
            </sentence>
            <sentence id="2">
                <token content="I" id="2-1">
                    <pos type="PRP"/>
                    <lemma type="I"/>
                    <dep head="2-2" type="nsubj"/>
                </token>
                <token content="decided" id="2-2">
                    <pos type="VBD"/>
                    <lemma type="decide"/>
                </token>
                <token content="to" id="2-3">
                    <pos type="TO"/>
                    <lemma type="to"/>
                    <dep head="2-4" type="aux"/>
                </token>
                <token content="take" id="2-4">
                    <pos type="VB"/>
                    <lemma type="take"/>
                    <dep head="2-2" type="xcomp"/>
                </token>
                <token content="the" id="2-5">
                    <pos type="DT"/>
                    <lemma type="the"/>
                </token>
                <token content="public" id="2-6">
                    <pos type="JJ"/>
                    <lemma type="public"/>
                </token>
                <token content="bus" id="2-7">
                    <pos type="NN"/>
                    <lemma type="bus"/>
                    <dep head="2-4" type="dobj"/>
                </token>
                <token content="." id="2-8"/>
            </sentence>
            <sentence id="3">
                <token content="I" id="3-1">
                    <pos type="PRP"/>
                    <lemma type="I"/>
                    <dep head="3-2" type="nsubj"/>
                </token>
                <token content="walked" id="3-2">
                    <pos type="VBD"/>
                    <lemma type="walk"/>
                </token>
                <token content="to" id="3-3"/>
                <token content="the" id="3-4">
                    <pos type="DT"/>
                    <lemma type="the"/>
                </token>
                <token content="bus" id="3-5">
                    <pos type="NN"/>
                    <lemma type="bus"/>
                </token>
                <token content="stop" id="3-6">
                    <pos type="NN"/>
                    <lemma type="stop"/>
                    <dep head="3-2" type="prep"/>
                </token>
                <token content="and" id="3-7"/>
                <token content="sat" id="3-8">
                    <pos type="VBD"/>
                    <lemma type="sit"/>
                    <dep head="3-2" type="conj"/>
                </token>
                <token content="down" id="3-9">
                    <pos type="RP"/>
                    <lemma type="down"/>
                    <dep head="3-8" type="prt"/>
                </token>
                <token content="on" id="3-10"/>
                <token content="the" id="3-11">
                    <pos type="DT"/>
                    <lemma type="the"/>
                </token>
                <token content="bench" id="3-12">
                    <pos type="NN"/>
                    <lemma type="bench"/>
                    <dep head="3-8" type="prep"/>
                </token>
                <token content="that" id="3-13">
                    <pos type="WDT"/>
                    <lemma type="that"/>
                    <dep head="3-15" type="nsubjpass"/>
                </token>
                <token content="was" id="3-14">
                    <pos type="VBD"/>
                    <lemma type="be"/>
                    <dep head="3-15" type="auxpass"/>
                </token>
                <token content="provided" id="3-15">
                    <pos type="VBN"/>
                    <lemma type="provide"/>
                </token>
                <token content="." id="3-16"/>
            </sentence>
            <sentence id="4">
                <token content="I" id="4-1">
                    <pos type="PRP"/>
                    <lemma type="I"/>
                    <dep head="4-2" type="nsubj"/>
                </token>
                <token content="waited" id="4-2">
                    <pos type="VBD"/>
                    <lemma type="wait"/>
                </token>
                <token content="until" id="4-3"/>
                <token content="the" id="4-4">
                    <pos type="DT"/>
                    <lemma type="the"/>
                </token>
                <token content="bus" id="4-5">
                    <pos type="NN"/>
                    <lemma type="bus"/>
                    <dep head="4-2" type="prep"/>
                </token>
                <token content="that" id="4-6">
                    <pos type="IN"/>
                    <lemma type="that"/>
                    <dep head="4-8" type="mark"/>
                </token>
                <token content="I" id="4-7">
                    <pos type="PRP"/>
                    <lemma type="I"/>
                    <dep head="4-8" type="nsubj"/>
                </token>
                <token content="needed" id="4-8">
                    <pos type="VBD"/>
                    <lemma type="need"/>
                    <dep head="4-2" type="ccomp"/>
                </token>
                <token content="pulled" id="4-9">
                    <pos type="VBN"/>
                    <lemma type="pull"/>
                    <dep head="4-8" type="dep"/>
                </token>
                <token content="up" id="4-10">
                    <pos type="RP"/>
                    <lemma type="up"/>
                    <dep head="4-9" type="prt"/>
                </token>
                <token content="and" id="4-11"/>
                <token content="boarded" id="4-12">
                    <pos type="VBD"/>
                    <lemma type="board"/>
                    <dep head="4-8" type="conj"/>
                </token>
                <token content="the" id="4-13">
                    <pos type="DT"/>
                    <lemma type="the"/>
                </token>
                <token content="bus" id="4-14">
                    <pos type="NN"/>
                    <lemma type="bus"/>
                    <dep head="4-12" type="dobj"/>
                </token>
                <token content="." id="4-15"/>
            </sentence>
            <sentence id="5">
                <token content="I" id="5-1">
                    <pos type="PRP"/>
                    <lemma type="I"/>
                    <dep head="5-2" type="nsubj"/>
                </token>
                <token content="paid" id="5-2">
                    <pos type="VBD"/>
                    <lemma type="pay"/>
                </token>
                <token content="the" id="5-3">
                    <pos type="DT"/>
                    <lemma type="the"/>
                </token>
                <token content="bus" id="5-4">
                    <pos type="NN"/>
                    <lemma type="bus"/>
                </token>
                <token content="driver" id="5-5">
                    <pos type="NN"/>
                    <lemma type="driver"/>
                    <dep head="5-2" type="iobj"/>
                </token>
                <token content="the" id="5-6">
                    <pos type="DT"/>
                    <lemma type="the"/>
                </token>
                <token content="fare" id="5-7">
                    <pos type="NN"/>
                    <lemma type="fare"/>
                    <dep head="5-2" type="dobj"/>
                </token>
                <token content="and" id="5-8"/>
                <token content="took" id="5-9">
                    <pos type="VBD"/>
                    <lemma type="take"/>
                    <dep head="5-2" type="conj"/>
                </token>
                <token content="a" id="5-10">
                    <pos type="DT"/>
                    <lemma type="a"/>
                </token>
                <token content="seat" id="5-11">
                    <pos type="NN"/>
                    <lemma type="seat"/>
                    <dep head="5-9" type="dobj"/>
                </token>
                <token content="." id="5-12"/>
            </sentence>
            <sentence id="6">
                <token content="I" id="6-1">
                    <pos type="PRP"/>
                    <lemma type="I"/>
                    <dep head="6-2" type="nsubj"/>
                </token>
                <token content="sat" id="6-2">
                    <pos type="VBD"/>
                    <lemma type="sit"/>
                </token>
                <token content="on" id="6-3"/>
                <token content="the" id="6-4">
                    <pos type="DT"/>
                    <lemma type="the"/>
                </token>
                <token content="bus" id="6-5">
                    <pos type="NN"/>
                    <lemma type="bus"/>
                    <dep head="6-2" type="prep"/>
                </token>
                <token content="as" id="6-6">
                    <pos type="IN"/>
                    <lemma type="as"/>
                    <dep head="6-8" type="mark"/>
                </token>
                <token content="it" id="6-7">
                    <pos type="PRP"/>
                    <lemma type="it"/>
                    <dep head="6-8" type="nsubj"/>
                </token>
                <token content="passed" id="6-8">
                    <pos type="VBD"/>
                    <lemma type="pass"/>
                    <dep head="6-2" type="advcl"/>
                </token>
                <token content="by" id="6-9"/>
                <token content="all" id="6-10">
                    <pos type="PDT"/>
                    <lemma type="all"/>
                </token>
                <token content="the" id="6-11">
                    <pos type="DT"/>
                    <lemma type="the"/>
                </token>
                <token content="stops" id="6-12">
                    <pos type="NNS"/>
                    <lemma type="stop"/>
                    <dep head="6-8" type="prep"/>
                </token>
                <token content="that" id="6-13">
                    <pos type="IN"/>
                    <lemma type="that"/>
                    <dep head="6-15" type="mark"/>
                </token>
                <token content="we" id="6-14">
                    <pos type="PRP"/>
                    <lemma type="we"/>
                    <dep head="6-15" type="nsubj"/>
                </token>
                <token content="drove" id="6-15">
                    <pos type="VBD"/>
                    <lemma type="drive"/>
                    <dep head="6-8" type="ccomp"/>
                </token>
                <token content="past" id="6-16">
                    <pos type="NN"/>
                    <lemma type="past"/>
                    <dep head="6-15" type="dobj"/>
                </token>
                <token content="until" id="6-17">
                    <pos type="IN"/>
                    <lemma type="until"/>
                    <dep head="6-19" type="mark"/>
                </token>
                <token content="we" id="6-18">
                    <pos type="PRP"/>
                    <lemma type="we"/>
                    <dep head="6-19" type="nsubj"/>
                </token>
                <token content="reached" id="6-19">
                    <pos type="VBD"/>
                    <lemma type="reach"/>
                    <dep head="6-15" type="advcl"/>
                </token>
                <token content="the" id="6-20">
                    <pos type="DT"/>
                    <lemma type="the"/>
                </token>
                <token content="stop" id="6-21">
                    <pos type="NN"/>
                    <lemma type="stop"/>
                    <dep head="6-19" type="dobj"/>
                </token>
                <token content="that" id="6-22">
                    <pos type="IN"/>
                    <lemma type="that"/>
                    <dep head="6-24" type="mark"/>
                </token>
                <token content="I" id="6-23">
                    <pos type="PRP"/>
                    <lemma type="I"/>
                    <dep head="6-24" type="nsubj"/>
                </token>
                <token content="needed" id="6-24">
                    <pos type="VBD"/>
                    <lemma type="need"/>
                    <dep head="6-19" type="ccomp"/>
                </token>
                <token content="." id="6-25"/>
            </sentence>
            <sentence id="7">
                <token content="I" id="7-1">
                    <pos type="PRP"/>
                    <lemma type="I"/>
                    <dep head="7-2" type="nsubj"/>
                </token>
                <token content="pulled" id="7-2">
                    <pos type="VBD"/>
                    <lemma type="pull"/>
                </token>
                <token content="the" id="7-3">
                    <pos type="DT"/>
                    <lemma type="the"/>
                </token>
                <token content="bell" id="7-4">
                    <pos type="NN"/>
                    <lemma type="bell"/>
                    <dep head="7-2" type="dobj"/>
                </token>
                <token content="to" id="7-5">
                    <pos type="TO"/>
                    <lemma type="to"/>
                    <dep head="7-6" type="aux"/>
                </token>
                <token content="alarm" id="7-6">
                    <pos type="VB"/>
                    <lemma type="alarm"/>
                </token>
                <token content="the" id="7-7">
                    <pos type="DT"/>
                    <lemma type="the"/>
                </token>
                <token content="bus" id="7-8">
                    <pos type="NN"/>
                    <lemma type="bus"/>
                </token>
                <token content="driver" id="7-9">
                    <pos type="NN"/>
                    <lemma type="driver"/>
                    <dep head="7-6" type="dobj"/>
                </token>
                <token content="that" id="7-10">
                    <pos type="IN"/>
                    <lemma type="that"/>
                    <dep head="7-12" type="mark"/>
                </token>
                <token content="I" id="7-11">
                    <pos type="PRP"/>
                    <lemma type="I"/>
                    <dep head="7-12" type="nsubj"/>
                </token>
                <token content="needed" id="7-12">
                    <pos type="VBD"/>
                    <lemma type="need"/>
                    <dep head="7-6" type="ccomp"/>
                </token>
                <token content="to" id="7-13">
                    <pos type="TO"/>
                    <lemma type="to"/>
                    <dep head="7-14" type="aux"/>
                </token>
                <token content="get" id="7-14">
                    <pos type="VB"/>
                    <lemma type="get"/>
                    <dep head="7-12" type="xcomp"/>
                </token>
                <token content="off" id="7-15">
                    <pos type="RP"/>
                    <lemma type="off"/>
                    <dep head="7-14" type="prt"/>
                </token>
                <token content="at" id="7-16"/>
                <token content="the" id="7-17">
                    <pos type="DT"/>
                    <lemma type="the"/>
                </token>
                <token content="next" id="7-18">
                    <pos type="JJ"/>
                    <lemma type="next"/>
                </token>
                <token content="stop" id="7-19">
                    <pos type="NN"/>
                    <lemma type="stop"/>
                    <dep head="7-14" type="prep"/>
                </token>
                <token content="." id="7-20"/>
            </sentence>
            <sentence id="8">
                <token content="He" id="8-1">
                    <pos type="PRP"/>
                    <lemma type="he"/>
                    <dep head="8-2" type="nsubj"/>
                </token>
                <token content="stopped" id="8-2">
                    <pos type="VBD"/>
                    <lemma type="stop"/>
                </token>
                <token content="when" id="8-3">
                    <pos type="WRB"/>
                    <lemma type="when"/>
                    <dep head="8-5" type="advmod"/>
                </token>
                <token content="we" id="8-4">
                    <pos type="PRP"/>
                    <lemma type="we"/>
                    <dep head="8-5" type="nsubj"/>
                </token>
                <token content="arrived" id="8-5">
                    <pos type="VBD"/>
                    <lemma type="arrive"/>
                    <dep head="8-2" type="advcl"/>
                </token>
                <token content="and" id="8-6"/>
                <token content="I" id="8-7">
                    <pos type="PRP"/>
                    <lemma type="I"/>
                    <dep head="8-8" type="nsubj"/>
                </token>
                <token content="got" id="8-8">
                    <pos type="VBD"/>
                    <lemma type="get"/>
                    <dep head="8-2" type="conj"/>
                </token>
                <token content="off" id="8-9">
                    <pos type="RP"/>
                    <lemma type="off"/>
                    <dep head="8-8" type="prt"/>
                </token>
                <token content="the" id="8-10">
                    <pos type="DT"/>
                    <lemma type="the"/>
                </token>
                <token content="bus" id="8-11">
                    <pos type="NN"/>
                    <lemma type="bus"/>
                    <dep head="8-8" type="dobj"/>
                </token>
                <token content="." id="8-12"/>
            </sentence>
            <sentence id="9">
                <token content="I" id="9-1">
                    <pos type="PRP"/>
                    <lemma type="I"/>
                    <dep head="9-3" type="nsubj"/>
                </token>
                <token content="had" id="9-2">
                    <pos type="VBD"/>
                    <lemma type="have"/>
                    <dep head="9-3" type="aux"/>
                </token>
                <token content="made" id="9-3">
                    <pos type="VBN"/>
                    <lemma type="make"/>
                </token>
                <token content="it" id="9-4">
                    <pos type="PRP"/>
                    <lemma type="it"/>
                </token>
                <token content="my" id="9-5">
                    <pos type="PRP$"/>
                    <lemma type="my"/>
                </token>
                <token content="work" id="9-6">
                    <pos type="NN"/>
                    <lemma type="work"/>
                </token>
                <token content="right" id="9-7">
                    <pos type="NN"/>
                    <lemma type="right"/>
                    <dep head="9-3" type="xcomp"/>
                </token>
                <token content="on" id="9-8"/>
                <token content="time" id="9-9">
                    <pos type="NN"/>
                    <lemma type="time"/>
                </token>
                <token content="." id="9-10"/>
            </sentence>
            <sentence id="10">
                <token content="I" id="10-1">
                    <pos type="PRP"/>
                    <lemma type="I"/>
                    <dep head="10-2" type="nsubj"/>
                </token>
                <token content="walked" id="10-2">
                    <pos type="VBD"/>
                    <lemma type="walk"/>
                </token>
                <token content="from" id="10-3"/>
                <token content="the" id="10-4">
                    <pos type="DT"/>
                    <lemma type="the"/>
                </token>
                <token content="bus" id="10-5">
                    <pos type="NN"/>
                    <lemma type="bus"/>
                </token>
                <token content="stop" id="10-6">
                    <pos type="NN"/>
                    <lemma type="stop"/>
                    <dep head="10-2" type="prep"/>
                </token>
                <token content="a" id="10-7">
                    <pos type="DT"/>
                    <lemma type="a"/>
                </token>
                <token content="couple" id="10-8">
                    <pos type="NN"/>
                    <lemma type="couple"/>
                </token>
                <token content="blocks" id="10-9">
                    <pos type="NNS"/>
                    <lemma type="block"/>
                </token>
                <token content="down" id="10-10">
                    <pos type="IN"/>
                    <lemma type="down"/>
                    <dep head="10-2" type="advmod"/>
                </token>
                <token content="the" id="10-11">
                    <pos type="DT"/>
                    <lemma type="the"/>
                </token>
                <token content="street" id="10-12">
                    <pos type="NN"/>
                    <lemma type="street"/>
                </token>
                <token content="until" id="10-13">
                    <pos type="IN"/>
                    <lemma type="until"/>
                    <dep head="10-15" type="mark"/>
                </token>
                <token content="I" id="10-14">
                    <pos type="PRP"/>
                    <lemma type="I"/>
                    <dep head="10-15" type="nsubj"/>
                </token>
                <token content="reached" id="10-15">
                    <pos type="VBD"/>
                    <lemma type="reach"/>
                    <dep head="10-2" type="advcl"/>
                </token>
                <token content="my" id="10-16">
                    <pos type="PRP$"/>
                    <lemma type="my"/>
                </token>
                <token content="job" id="10-17">
                    <pos type="NN"/>
                    <lemma type="job"/>
                    <dep head="10-15" type="dobj"/>
                </token>
                <token content="." id="10-18"/>
            </sentence>
            <sentence id="11">
                <token content="Then" id="11-1">
                    <pos type="RB"/>
                    <lemma type="then"/>
                    <dep head="11-3" type="advmod"/>
                </token>
                <token content="I" id="11-2">
                    <pos type="PRP"/>
                    <lemma type="I"/>
                    <dep head="11-3" type="nsubj"/>
                </token>
                <token content="entered" id="11-3">
                    <pos type="VBD"/>
                    <lemma type="enter"/>
                </token>
                <token content="my" id="11-4">
                    <pos type="PRP$"/>
                    <lemma type="my"/>
                </token>
                <token content="work" id="11-5">
                    <pos type="NN"/>
                    <lemma type="work"/>
                    <dep head="11-3" type="dobj"/>
                </token>
                <token content="and" id="11-6"/>
                <token content="began" id="11-7">
                    <pos type="VBD"/>
                    <lemma type="begin"/>
                    <dep head="11-3" type="conj"/>
                </token>
                <token content="working" id="11-8">
                    <pos type="VBG"/>
                    <lemma type="work"/>
                    <dep head="11-7" type="xcomp"/>
                </token>
                <token content="at" id="11-9"/>
                <token content="my" id="11-10">
                    <pos type="PRP$"/>
                    <lemma type="my"/>
                </token>
                <token content="job" id="11-11">
                    <pos type="NN"/>
                    <lemma type="job"/>
                    <dep head="11-8" type="prep"/>
                </token>
                <token content="." id="11-12"/>
            </sentence>
        </sentences>
    </text>
    <annotations>
        <participants>
            <label from="1-1" id="0" name="ScrPart_passenger" text="I" type="participant"/>
            <label from="1-6" id="1" name="ScrPart_destination" text="work" type="participant"/>
            <label from="1-9" id="2" name="ScrPart_passenger" text="my" type="participant"/>
            <label from="1-10" id="3" name="NPart" text="car" type="participant"/>
            <label from="2-1" id="4" name="ScrPart_passenger" text="I" type="participant"/>
            <label from="2-7" id="5" name="ScrPart_bus" text="bus" type="participant"/>
            <label from="3-1" id="6" name="ScrPart_passenger" text="I" type="participant"/>
            <label from="3-5" id="7" name="ScrPart_bus_stop" text="bus stop" to="3-6" type="participant"/>
            <label from="3-6" id="8" name="ScrPart_bus_stop" text="stop" type="participant"/>
            <label from="3-12" id="9" name="NPart" text="bench" type="participant"/>
            <label from="4-1" id="10" name="ScrPart_passenger" text="I" type="participant"/>
            <label from="4-5" id="11" name="ScrPart_bus" text="bus" type="participant"/>
            <label from="4-6" id="12" name="ScrPart_bus" text="that" type="participant"/>
            <label from="4-7" id="13" name="ScrPart_passenger" text="I" type="participant"/>
            <label from="4-14" id="14" name="ScrPart_bus" text="bus" type="participant"/>
            <label from="5-1" id="15" name="ScrPart_passenger" text="I" type="participant"/>
            <label from="5-4" id="16" name="ScrPart_bus_staff" text="bus driver" to="5-5" type="participant"/>
            <label from="5-5" id="17" name="ScrPart_bus_staff" text="driver" type="participant"/>
            <label from="5-7" id="18" name="ScrPart_money" text="fare" type="participant"/>
            <label from="5-11" id="19" name="ScrPart_seat_in_bus" text="seat" type="participant"/>
            <label from="6-1" id="20" name="ScrPart_passenger" text="I" type="participant"/>
            <label from="6-5" id="21" name="ScrPart_bus" text="bus" type="participant"/>
            <label from="6-7" id="22" name="ScrPart_bus" text="it" type="participant"/>
            <label from="6-12" id="23" name="ScrPart_bus_stop" text="stops" type="participant"/>
            <label from="6-13" id="24" name="ScrPart_bus_stop" text="that" type="participant"/>
            <label from="6-14" id="25" name="ScrPart_bus" text="we" type="participant"/>
            <label from="6-18" id="26" name="ScrPart_bus" text="we" type="participant"/>
            <label from="6-21" id="27" name="ScrPart_bus_stop" text="stop" type="participant"/>
            <label from="6-22" id="28" name="ScrPart_bus_stop" text="that" type="participant"/>
            <label from="6-23" id="29" name="ScrPart_passenger" text="I" type="participant"/>
            <label from="7-1" id="30" name="ScrPart_passenger" text="I" type="participant"/>
            <label from="7-4" id="31" name="ScrPart_stop_button/door_opener" text="bell" type="participant"/>
            <label from="7-8" id="32" name="ScrPart_bus_staff" text="bus driver" to="7-9" type="participant"/>
            <label from="7-9" id="33" name="ScrPart_bus_staff" text="driver" type="participant"/>
            <label from="7-11" id="34" name="ScrPart_passenger" text="I" type="participant"/>
            <label from="7-19" id="35" name="ScrPart_bus_stop" text="stop" type="participant"/>
            <label from="8-1" id="36" name="ScrPart_bus_staff" text="He" type="participant"/>
            <label from="8-4" id="37" name="ScrPart_bus" text="we" type="participant"/>
            <label from="8-7" id="38" name="ScrPart_passenger" text="I" type="participant"/>
            <label from="8-11" id="39" name="ScrPart_bus" text="bus" type="participant"/>
            <label from="9-1" id="40" name="ScrPart_passenger" text="I" type="participant"/>
            <label from="9-4" id="41" name="No_label" text="it" type="participant"/>
            <label from="9-5" id="42" name="ScrPart_passenger" text="my" type="participant"/>
            <label from="9-6" id="43" name="ScrPart_destination" text="work" type="participant"/>
            <label from="9-9" id="44" name="No_label" text="time" type="participant"/>
            <label from="10-1" id="45" name="ScrPart_passenger" text="I" type="participant"/>
            <label from="10-5" id="46" name="ScrPart_bus_stop" text="bus stop" to="10-6" type="participant"/>
            <label from="10-6" id="47" name="ScrPart_bus_stop" text="stop" type="participant"/>
            <label from="10-8" id="48" name="Head_of_Partitive" text="couple" type="participant"/>
            <label from="10-9" id="49" name="NPart" text="blocks" type="participant"/>
            <label from="10-12" id="50" name="NPart" text="street" type="participant"/>
            <label from="10-14" id="51" name="ScrPart_passenger" text="I" type="participant"/>
            <label from="10-16" id="52" name="ScrPart_passenger" text="my" type="participant"/>
            <label from="10-17" id="53" name="ScrPart_destination" text="job" type="participant"/>
            <label from="11-2" id="54" name="ScrPart_passenger" text="I" type="participant"/>
            <label from="11-4" id="55" name="ScrPart_passenger" text="my" type="participant"/>
            <label from="11-5" id="56" name="ScrPart_destination" text="work" type="participant"/>
            <label from="11-10" id="57" name="ScrPart_passenger" text="my" type="participant"/>
            <label from="11-11" id="58" name="NPart" text="job" type="participant"/>
        </participants>
        <events>
            <label from="1-4" id="59" name="UnrelEv" text="get to" to="1-5" type="event"/>
            <label from="1-13" id="60" name="UnrelEv" text="working" type="event"/>
            <label from="2-2" id="61" name="UnrelEv" text="decided" type="event"/>
            <label from="2-4" id="62" name="Evoking" text="take the public bus" to="2-7" type="event"/>
            <label from="3-2" id="63" name="ScrEv_get_bus_stop" text="walked" type="event"/>
            <label from="3-8" id="64" name="RelNScrEv" text="sat down" to="3-9" type="event"/>
            <label from="3-15" id="65" name="UnrelEv" text="provided" type="event"/>
            <label from="4-2" id="66" name="ScrEv_wait" text="waited" type="event"/>
            <label from="4-8" id="67" name="RelNScrEv" text="needed" type="event"/>
            <label from="4-9" id="68" name="ScrEv_bus_comes" text="pulled up" to="4-10" type="event"/>
            <label from="4-12" id="69" name="ScrEv_board_bus" text="boarded" type="event"/>
            <label from="5-2" id="70" name="ScrEv_get_ticket" text="paid" type="event"/>
            <label from="5-9" id="71" name="ScrEv_find_place" text="took" type="event"/>
            <label from="6-2" id="72" name="ScrEv_find_place" text="sat" type="event"/>
            <label from="6-8" id="73" name="ScrEv_ride" text="passed by" to="6-9" type="event"/>
            <label from="6-15" id="74" name="ScrEv_ride" text="drove past" to="6-16" type="event"/>
            <label from="6-19" id="75" name="ScrEv_bus_stops" text="reached" type="event"/>
            <label from="6-24" id="76" name="RelNScrEv" text="needed" type="event"/>
            <label from="7-2" id="77" name="ScrEv_press_stop_button" text="pulled" type="event"/>
            <label from="7-6" id="78" name="ScrEv_press_stop_button" text="alarm" type="event"/>
            <label from="7-14" id="79" name="ScrEv_get_off" text="get off" to="7-15" type="event"/>
            <label from="8-2" id="80" name="ScrEv_bus_stops" text="stopped" type="event"/>
            <label from="8-5" id="81" name="ScrEv_bus_stops" text="arrived" type="event"/>
            <label from="8-8" id="82" name="ScrEv_get_off" text="got off" to="8-9" type="event"/>
            <label from="9-3" id="83" name="UnrelEv" text="made" type="event"/>
            <label from="10-2" id="84" name="UnrelEv" text="walked" type="event"/>
            <label from="10-15" id="85" name="UnrelEv" text="reached" type="event"/>
            <label from="11-3" id="86" name="UnrelEv" text="entered" type="event"/>
            <label from="11-7" id="87" name="UnrelEv" text="began" type="event"/>
            <label from="11-8" id="88" name="UnrelEv" text="working" type="event"/>
        </events>
        <chains>
            <chain elements="2 0 4 6 10 13 15 20 29 30 34 38 40 42 45 51 52 54 55 57"/>
            <chain elements="43 1 53 56"/>
            <chain elements="11 5 12 14 21 22 25 26 37 39"/>
            <chain elements="33 17 36"/>
            <chain elements="24 23"/>
            <chain elements="28 27 35 47"/>
        </chains>
    </annotations>
</story>
