<?xml version="1.0" encoding="UTF-8" standalone="no"?>
<!DOCTYPE story SYSTEM "../InScript.dtd">
<story id="006" scenario="bus">
    <text>
        <content>Yesterday , I went to the bus stop . 
I waited for the bus with a few others . 
The bus arrived . 
When I got on , I scanned my bus pass on the bus pass scanner and then took my seat . 
The bus was not crowded , so I was able to take a seat near the front . 
I sat quietly , playing with my cellphone . 
Others stared around or talked quietly amongst themselves . 
A bell rang every few blocks to indicate someone wanting to get off . 
The bus would stop , let people off , and let new people on . 
The bus started to get crowded so I offered my seat to an older woman . 
She thanked me for the polite etiquette . 
I saw my stop coming up , so I pulled the lever and the bell rang again . 
The bus stopped a few moments later . 
I thanked the bus driver for his services and exited the bus . </content>
        <sentences>
            <sentence id="1">
                <token content="Yesterday" id="1-1">
                    <pos type="NN"/>
                    <lemma type="yesterday"/>
                    <dep head="1-4" type="tmod"/>
                </token>
                <token content="," id="1-2"/>
                <token content="I" id="1-3">
                    <pos type="PRP"/>
                    <lemma type="I"/>
                    <dep head="1-4" type="nsubj"/>
                </token>
                <token content="went" id="1-4">
                    <pos type="VBD"/>
                    <lemma type="go"/>
                </token>
                <token content="to" id="1-5"/>
                <token content="the" id="1-6">
                    <pos type="DT"/>
                    <lemma type="the"/>
                </token>
                <token content="bus" id="1-7">
                    <pos type="NN"/>
                    <lemma type="bus"/>
                </token>
                <token content="stop" id="1-8">
                    <pos type="NN"/>
                    <lemma type="stop"/>
                    <dep head="1-4" type="prep"/>
                </token>
                <token content="." id="1-9"/>
            </sentence>
            <sentence id="2">
                <token content="I" id="2-1">
                    <pos type="PRP"/>
                    <lemma type="I"/>
                    <dep head="2-2" type="nsubj"/>
                </token>
                <token content="waited" id="2-2">
                    <pos type="VBD"/>
                    <lemma type="wait"/>
                </token>
                <token content="for" id="2-3"/>
                <token content="the" id="2-4">
                    <pos type="DT"/>
                    <lemma type="the"/>
                </token>
                <token content="bus" id="2-5">
                    <pos type="NN"/>
                    <lemma type="bus"/>
                    <dep head="2-2" type="prep"/>
                </token>
                <token content="with" id="2-6"/>
                <token content="a" id="2-7">
                    <pos type="DT"/>
                    <lemma type="a"/>
                </token>
                <token content="few" id="2-8">
                    <pos type="JJ"/>
                    <lemma type="few"/>
                </token>
                <token content="others" id="2-9">
                    <pos type="NNS"/>
                    <lemma type="other"/>
                    <dep head="2-2" type="prep"/>
                </token>
                <token content="." id="2-10"/>
            </sentence>
            <sentence id="3">
                <token content="The" id="3-1">
                    <pos type="DT"/>
                    <lemma type="the"/>
                </token>
                <token content="bus" id="3-2">
                    <pos type="NN"/>
                    <lemma type="bus"/>
                    <dep head="3-3" type="nsubj"/>
                </token>
                <token content="arrived" id="3-3">
                    <pos type="VBD"/>
                    <lemma type="arrive"/>
                </token>
                <token content="." id="3-4"/>
            </sentence>
            <sentence id="4">
                <token content="When" id="4-1">
                    <pos type="WRB"/>
                    <lemma type="when"/>
                    <dep head="4-3" type="advmod"/>
                </token>
                <token content="I" id="4-2">
                    <pos type="PRP"/>
                    <lemma type="I"/>
                    <dep head="4-3" type="nsubj"/>
                </token>
                <token content="got" id="4-3">
                    <pos type="VBD"/>
                    <lemma type="get"/>
                    <dep head="4-7" type="advcl"/>
                </token>
                <token content="on" id="4-4">
                    <pos type="RP"/>
                    <lemma type="on"/>
                    <dep head="4-3" type="prt"/>
                </token>
                <token content="," id="4-5"/>
                <token content="I" id="4-6">
                    <pos type="PRP"/>
                    <lemma type="I"/>
                    <dep head="4-7" type="nsubj"/>
                </token>
                <token content="scanned" id="4-7">
                    <pos type="VBD"/>
                    <lemma type="scan"/>
                </token>
                <token content="my" id="4-8">
                    <pos type="PRP$"/>
                    <lemma type="my"/>
                </token>
                <token content="bus" id="4-9">
                    <pos type="NN"/>
                    <lemma type="bus"/>
                </token>
                <token content="pass" id="4-10">
                    <pos type="NN"/>
                    <lemma type="pass"/>
                    <dep head="4-7" type="dobj"/>
                </token>
                <token content="on" id="4-11"/>
                <token content="the" id="4-12">
                    <pos type="DT"/>
                    <lemma type="the"/>
                </token>
                <token content="bus" id="4-13">
                    <pos type="NN"/>
                    <lemma type="bus"/>
                </token>
                <token content="pass" id="4-14">
                    <pos type="NN"/>
                    <lemma type="pass"/>
                </token>
                <token content="scanner" id="4-15">
                    <pos type="NN"/>
                    <lemma type="scanner"/>
                    <dep head="4-7" type="prep"/>
                </token>
                <token content="and" id="4-16"/>
                <token content="then" id="4-17">
                    <pos type="RB"/>
                    <lemma type="then"/>
                    <dep head="4-18" type="advmod"/>
                </token>
                <token content="took" id="4-18">
                    <pos type="VBD"/>
                    <lemma type="take"/>
                    <dep head="4-7" type="conj"/>
                </token>
                <token content="my" id="4-19">
                    <pos type="PRP$"/>
                    <lemma type="my"/>
                </token>
                <token content="seat" id="4-20">
                    <pos type="NN"/>
                    <lemma type="seat"/>
                    <dep head="4-18" type="dobj"/>
                </token>
                <token content="." id="4-21"/>
            </sentence>
            <sentence id="5">
                <token content="The" id="5-1">
                    <pos type="DT"/>
                    <lemma type="the"/>
                </token>
                <token content="bus" id="5-2">
                    <pos type="NN"/>
                    <lemma type="bus"/>
                    <dep head="5-5" type="nsubjpass"/>
                </token>
                <token content="was" id="5-3">
                    <pos type="VBD"/>
                    <lemma type="be"/>
                    <dep head="5-5" type="auxpass"/>
                </token>
                <token content="not" id="5-4">
                    <pos type="RB"/>
                    <lemma type="not"/>
                    <dep head="5-5" type="neg"/>
                </token>
                <token content="crowded" id="5-5">
                    <pos type="VBN"/>
                    <lemma type="crowd"/>
                </token>
                <token content="," id="5-6"/>
                <token content="so" id="5-7">
                    <pos type="IN"/>
                    <lemma type="so"/>
                    <dep head="5-5" type="dep"/>
                </token>
                <token content="I" id="5-8">
                    <pos type="PRP"/>
                    <lemma type="I"/>
                </token>
                <token content="was" id="5-9">
                    <pos type="VBD"/>
                    <lemma type="be"/>
                </token>
                <token content="able" id="5-10">
                    <pos type="JJ"/>
                    <lemma type="able"/>
                    <dep head="5-5" type="parataxis"/>
                </token>
                <token content="to" id="5-11">
                    <pos type="TO"/>
                    <lemma type="to"/>
                    <dep head="5-12" type="aux"/>
                </token>
                <token content="take" id="5-12">
                    <pos type="VB"/>
                    <lemma type="take"/>
                </token>
                <token content="a" id="5-13">
                    <pos type="DT"/>
                    <lemma type="a"/>
                </token>
                <token content="seat" id="5-14">
                    <pos type="NN"/>
                    <lemma type="seat"/>
                    <dep head="5-12" type="dobj"/>
                </token>
                <token content="near" id="5-15"/>
                <token content="the" id="5-16">
                    <pos type="DT"/>
                    <lemma type="the"/>
                </token>
                <token content="front" id="5-17">
                    <pos type="NN"/>
                    <lemma type="front"/>
                </token>
                <token content="." id="5-18"/>
            </sentence>
            <sentence id="6">
                <token content="I" id="6-1">
                    <pos type="PRP"/>
                    <lemma type="I"/>
                    <dep head="6-2" type="nsubj"/>
                </token>
                <token content="sat" id="6-2">
                    <pos type="VBD"/>
                    <lemma type="sit"/>
                </token>
                <token content="quietly" id="6-3">
                    <pos type="RB"/>
                    <lemma type="quietly"/>
                    <dep head="6-2" type="advmod"/>
                </token>
                <token content="," id="6-4"/>
                <token content="playing" id="6-5">
                    <pos type="VBG"/>
                    <lemma type="play"/>
                    <dep head="6-2" type="xcomp"/>
                </token>
                <token content="with" id="6-6"/>
                <token content="my" id="6-7">
                    <pos type="PRP$"/>
                    <lemma type="my"/>
                </token>
                <token content="cellphone" id="6-8">
                    <pos type="NN"/>
                    <lemma type="cellphone"/>
                    <dep head="6-5" type="prep"/>
                </token>
                <token content="." id="6-9"/>
            </sentence>
            <sentence id="7">
                <token content="Others" id="7-1">
                    <pos type="NNS"/>
                    <lemma type="other"/>
                    <dep head="7-2" type="nsubj"/>
                </token>
                <token content="stared" id="7-2">
                    <pos type="VBD"/>
                    <lemma type="stare"/>
                </token>
                <token content="around" id="7-3">
                    <pos type="RP"/>
                    <lemma type="around"/>
                    <dep head="7-2" type="prt"/>
                </token>
                <token content="or" id="7-4"/>
                <token content="talked" id="7-5">
                    <pos type="VBD"/>
                    <lemma type="talk"/>
                    <dep head="7-2" type="conj"/>
                </token>
                <token content="quietly" id="7-6">
                    <pos type="RB"/>
                    <lemma type="quietly"/>
                    <dep head="7-5" type="advmod"/>
                </token>
                <token content="amongst" id="7-7"/>
                <token content="themselves" id="7-8">
                    <pos type="PRP"/>
                    <lemma type="themselves"/>
                    <dep head="7-5" type="prep"/>
                </token>
                <token content="." id="7-9"/>
            </sentence>
            <sentence id="8">
                <token content="A" id="8-1">
                    <pos type="DT"/>
                    <lemma type="a"/>
                </token>
                <token content="bell" id="8-2">
                    <pos type="NN"/>
                    <lemma type="bell"/>
                    <dep head="8-3" type="nsubj"/>
                </token>
                <token content="rang" id="8-3">
                    <pos type="VBD"/>
                    <lemma type="ring"/>
                </token>
                <token content="every" id="8-4">
                    <pos type="DT"/>
                    <lemma type="every"/>
                </token>
                <token content="few" id="8-5">
                    <pos type="JJ"/>
                    <lemma type="few"/>
                </token>
                <token content="blocks" id="8-6">
                    <pos type="NNS"/>
                    <lemma type="block"/>
                    <dep head="8-3" type="dobj"/>
                </token>
                <token content="to" id="8-7">
                    <pos type="TO"/>
                    <lemma type="to"/>
                    <dep head="8-8" type="aux"/>
                </token>
                <token content="indicate" id="8-8">
                    <pos type="VB"/>
                    <lemma type="indicate"/>
                    <dep head="8-3" type="vmod"/>
                </token>
                <token content="someone" id="8-9">
                    <pos type="NN"/>
                    <lemma type="someone"/>
                    <dep head="8-8" type="dobj"/>
                </token>
                <token content="wanting" id="8-10">
                    <pos type="VBG"/>
                    <lemma type="want"/>
                </token>
                <token content="to" id="8-11">
                    <pos type="TO"/>
                    <lemma type="to"/>
                    <dep head="8-12" type="aux"/>
                </token>
                <token content="get" id="8-12">
                    <pos type="VB"/>
                    <lemma type="get"/>
                    <dep head="8-10" type="xcomp"/>
                </token>
                <token content="off" id="8-13">
                    <pos type="RP"/>
                    <lemma type="off"/>
                    <dep head="8-12" type="prt"/>
                </token>
                <token content="." id="8-14"/>
            </sentence>
            <sentence id="9">
                <token content="The" id="9-1">
                    <pos type="DT"/>
                    <lemma type="the"/>
                </token>
                <token content="bus" id="9-2">
                    <pos type="NN"/>
                    <lemma type="bus"/>
                    <dep head="9-4" type="nsubj"/>
                </token>
                <token content="would" id="9-3">
                    <pos type="MD"/>
                    <lemma type="would"/>
                    <dep head="9-4" type="aux"/>
                </token>
                <token content="stop" id="9-4">
                    <pos type="VB"/>
                    <lemma type="stop"/>
                </token>
                <token content="," id="9-5"/>
                <token content="let" id="9-6">
                    <pos type="VB"/>
                    <lemma type="let"/>
                    <dep head="9-4" type="conj"/>
                </token>
                <token content="people" id="9-7">
                    <pos type="NNS"/>
                    <lemma type="people"/>
                    <dep head="9-6" type="dobj"/>
                </token>
                <token content="off" id="9-8">
                    <pos type="RP"/>
                    <lemma type="off"/>
                    <dep head="9-6" type="prt"/>
                </token>
                <token content="," id="9-9"/>
                <token content="and" id="9-10"/>
                <token content="let" id="9-11">
                    <pos type="VB"/>
                    <lemma type="let"/>
                    <dep head="9-4" type="conj"/>
                </token>
                <token content="new" id="9-12">
                    <pos type="JJ"/>
                    <lemma type="new"/>
                </token>
                <token content="people" id="9-13">
                    <pos type="NNS"/>
                    <lemma type="people"/>
                    <dep head="9-11" type="dobj"/>
                </token>
                <token content="on" id="9-14">
                    <pos type="RP"/>
                    <lemma type="on"/>
                    <dep head="9-11" type="prt"/>
                </token>
                <token content="." id="9-15"/>
            </sentence>
            <sentence id="10">
                <token content="The" id="10-1">
                    <pos type="DT"/>
                    <lemma type="the"/>
                </token>
                <token content="bus" id="10-2">
                    <pos type="NN"/>
                    <lemma type="bus"/>
                    <dep head="10-3" type="nsubj"/>
                </token>
                <token content="started" id="10-3">
                    <pos type="VBD"/>
                    <lemma type="start"/>
                </token>
                <token content="to" id="10-4">
                    <pos type="TO"/>
                    <lemma type="to"/>
                    <dep head="10-6" type="aux"/>
                </token>
                <token content="get" id="10-5">
                    <pos type="VB"/>
                    <lemma type="get"/>
                    <dep head="10-6" type="auxpass"/>
                </token>
                <token content="crowded" id="10-6">
                    <pos type="VBN"/>
                    <lemma type="crowd"/>
                    <dep head="10-3" type="xcomp"/>
                </token>
                <token content="so" id="10-7">
                    <pos type="IN"/>
                    <lemma type="so"/>
                    <dep head="10-9" type="mark"/>
                </token>
                <token content="I" id="10-8">
                    <pos type="PRP"/>
                    <lemma type="I"/>
                    <dep head="10-9" type="nsubj"/>
                </token>
                <token content="offered" id="10-9">
                    <pos type="VBD"/>
                    <lemma type="offer"/>
                    <dep head="10-6" type="ccomp"/>
                </token>
                <token content="my" id="10-10">
                    <pos type="PRP$"/>
                    <lemma type="my"/>
                </token>
                <token content="seat" id="10-11">
                    <pos type="NN"/>
                    <lemma type="seat"/>
                    <dep head="10-9" type="dobj"/>
                </token>
                <token content="to" id="10-12"/>
                <token content="an" id="10-13">
                    <pos type="DT"/>
                    <lemma type="a"/>
                </token>
                <token content="older" id="10-14">
                    <pos type="JJR"/>
                    <lemma type="older"/>
                </token>
                <token content="woman" id="10-15">
                    <pos type="NN"/>
                    <lemma type="woman"/>
                    <dep head="10-9" type="prep"/>
                </token>
                <token content="." id="10-16"/>
            </sentence>
            <sentence id="11">
                <token content="She" id="11-1">
                    <pos type="PRP"/>
                    <lemma type="she"/>
                    <dep head="11-2" type="nsubj"/>
                </token>
                <token content="thanked" id="11-2">
                    <pos type="VBD"/>
                    <lemma type="thank"/>
                </token>
                <token content="me" id="11-3">
                    <pos type="PRP"/>
                    <lemma type="I"/>
                    <dep head="11-2" type="dobj"/>
                </token>
                <token content="for" id="11-4"/>
                <token content="the" id="11-5">
                    <pos type="DT"/>
                    <lemma type="the"/>
                </token>
                <token content="polite" id="11-6">
                    <pos type="JJ"/>
                    <lemma type="polite"/>
                </token>
                <token content="etiquette" id="11-7">
                    <pos type="NN"/>
                    <lemma type="etiquette"/>
                    <dep head="11-2" type="prep"/>
                </token>
                <token content="." id="11-8"/>
            </sentence>
            <sentence id="12">
                <token content="I" id="12-1">
                    <pos type="PRP"/>
                    <lemma type="I"/>
                    <dep head="12-2" type="nsubj"/>
                </token>
                <token content="saw" id="12-2">
                    <pos type="VBD"/>
                    <lemma type="see"/>
                </token>
                <token content="my" id="12-3">
                    <pos type="PRP$"/>
                    <lemma type="my"/>
                </token>
                <token content="stop" id="12-4">
                    <pos type="NN"/>
                    <lemma type="stop"/>
                    <dep head="12-2" type="dobj"/>
                </token>
                <token content="coming" id="12-5">
                    <pos type="VBG"/>
                    <lemma type="come"/>
                    <dep head="12-2" type="xcomp"/>
                </token>
                <token content="up" id="12-6">
                    <pos type="RP"/>
                    <lemma type="up"/>
                    <dep head="12-5" type="prt"/>
                </token>
                <token content="," id="12-7"/>
                <token content="so" id="12-8">
                    <pos type="IN"/>
                    <lemma type="so"/>
                    <dep head="12-2" type="dep"/>
                </token>
                <token content="I" id="12-9">
                    <pos type="PRP"/>
                    <lemma type="I"/>
                    <dep head="12-10" type="nsubj"/>
                </token>
                <token content="pulled" id="12-10">
                    <pos type="VBD"/>
                    <lemma type="pull"/>
                    <dep head="12-2" type="parataxis"/>
                </token>
                <token content="the" id="12-11">
                    <pos type="DT"/>
                    <lemma type="the"/>
                </token>
                <token content="lever" id="12-12">
                    <pos type="NN"/>
                    <lemma type="lever"/>
                    <dep head="12-16" type="nsubj"/>
                </token>
                <token content="and" id="12-13"/>
                <token content="the" id="12-14">
                    <pos type="DT"/>
                    <lemma type="the"/>
                </token>
                <token content="bell" id="12-15">
                    <pos type="NN"/>
                    <lemma type="bell"/>
                </token>
                <token content="rang" id="12-16">
                    <pos type="VBD"/>
                    <lemma type="ring"/>
                    <dep head="12-10" type="ccomp"/>
                </token>
                <token content="again" id="12-17">
                    <pos type="RB"/>
                    <lemma type="again"/>
                    <dep head="12-16" type="advmod"/>
                </token>
                <token content="." id="12-18"/>
            </sentence>
            <sentence id="13">
                <token content="The" id="13-1">
                    <pos type="DT"/>
                    <lemma type="the"/>
                </token>
                <token content="bus" id="13-2">
                    <pos type="NN"/>
                    <lemma type="bus"/>
                    <dep head="13-3" type="nsubj"/>
                </token>
                <token content="stopped" id="13-3">
                    <pos type="VBD"/>
                    <lemma type="stop"/>
                </token>
                <token content="a" id="13-4">
                    <pos type="DT"/>
                    <lemma type="a"/>
                </token>
                <token content="few" id="13-5">
                    <pos type="JJ"/>
                    <lemma type="few"/>
                </token>
                <token content="moments" id="13-6">
                    <pos type="NNS"/>
                    <lemma type="moment"/>
                    <dep head="13-3" type="dobj"/>
                </token>
                <token content="later" id="13-7">
                    <pos type="RB"/>
                    <lemma type="later"/>
                    <dep head="13-3" type="advmod"/>
                </token>
                <token content="." id="13-8"/>
            </sentence>
            <sentence id="14">
                <token content="I" id="14-1">
                    <pos type="PRP"/>
                    <lemma type="I"/>
                    <dep head="14-2" type="nsubj"/>
                </token>
                <token content="thanked" id="14-2">
                    <pos type="VBD"/>
                    <lemma type="thank"/>
                </token>
                <token content="the" id="14-3">
                    <pos type="DT"/>
                    <lemma type="the"/>
                </token>
                <token content="bus" id="14-4">
                    <pos type="NN"/>
                    <lemma type="bus"/>
                </token>
                <token content="driver" id="14-5">
                    <pos type="NN"/>
                    <lemma type="driver"/>
                    <dep head="14-2" type="dobj"/>
                </token>
                <token content="for" id="14-6"/>
                <token content="his" id="14-7">
                    <pos type="PRP$"/>
                    <lemma type="he"/>
                </token>
                <token content="services" id="14-8">
                    <pos type="NNS"/>
                    <lemma type="service"/>
                    <dep head="14-2" type="prep"/>
                </token>
                <token content="and" id="14-9"/>
                <token content="exited" id="14-10">
                    <pos type="VBD"/>
                    <lemma type="exit"/>
                    <dep head="14-2" type="conj"/>
                </token>
                <token content="the" id="14-11">
                    <pos type="DT"/>
                    <lemma type="the"/>
                </token>
                <token content="bus" id="14-12">
                    <pos type="NN"/>
                    <lemma type="bus"/>
                    <dep head="14-10" type="dobj"/>
                </token>
                <token content="." id="14-13"/>
            </sentence>
        </sentences>
    </text>
    <annotations>
        <participants>
            <label from="1-1" id="0" name="NPart" text="Yesterday" type="participant"/>
            <label from="1-3" id="1" name="ScrPart_passenger" text="I" type="participant"/>
            <label from="1-7" id="2" name="ScrPart_bus_stop" text="bus stop" to="1-8" type="participant"/>
            <label from="1-8" id="3" name="ScrPart_bus_stop" text="stop" type="participant"/>
            <label from="2-1" id="4" name="ScrPart_passenger" text="I" type="participant"/>
            <label from="2-5" id="5" name="ScrPart_bus" text="bus" type="participant"/>
            <label from="2-9" id="6" name="ScrPart_passenger" text="others" type="participant"/>
            <label from="3-2" id="7" name="ScrPart_bus" text="bus" type="participant"/>
            <label from="4-2" id="8" name="ScrPart_passenger" text="I" type="participant"/>
            <label from="4-6" id="9" name="ScrPart_passenger" text="I" type="participant"/>
            <label from="4-8" id="10" name="ScrPart_passenger" text="my" type="participant"/>
            <label from="4-9" id="11" name="ScrPart_card/ticket" text="bus pass" to="4-10" type="participant"/>
            <label from="4-10" id="12" name="ScrPart_card/ticket" text="pass" type="participant"/>
            <label from="4-13" id="13" name="ScrPart_other" text="bus pass scanner" to="4-15" type="participant"/>
            <label from="4-15" id="14" name="ScrPart_other" text="scanner" type="participant"/>
            <label from="4-19" id="15" name="ScrPart_passenger" text="my" type="participant"/>
            <label from="4-20" id="16" name="ScrPart_seat_in_bus" text="seat" type="participant"/>
            <label from="5-2" id="17" name="ScrPart_bus" text="bus" type="participant"/>
            <label from="5-8" id="18" name="ScrPart_passenger" text="I" type="participant"/>
            <label from="5-14" id="19" name="ScrPart_seat_in_bus" text="seat" type="participant"/>
            <label from="5-17" id="20" name="NPart" text="front" type="participant"/>
            <label from="6-1" id="21" name="ScrPart_passenger" text="I" type="participant"/>
            <label from="6-7" id="22" name="ScrPart_passenger" text="my" type="participant"/>
            <label from="6-8" id="23" name="NPart" text="cellphone" type="participant"/>
            <label from="7-1" id="24" name="ScrPart_passenger" text="Others" type="participant"/>
            <label from="7-8" id="25" name="ScrPart_passenger" text="themselves" type="participant"/>
            <label from="8-2" id="26" name="ScrPart_other" text="bell" type="participant"/>
            <label from="8-6" id="27" name="NPart" text="blocks" type="participant"/>
            <label from="8-9" id="28" name="ScrPart_passenger" text="someone" type="participant"/>
            <label from="9-2" id="29" name="ScrPart_bus" text="bus" type="participant"/>
            <label from="9-7" id="30" name="ScrPart_passenger" text="people" type="participant"/>
            <label from="9-13" id="31" name="ScrPart_passenger" text="people" type="participant"/>
            <label from="10-2" id="32" name="ScrPart_bus" text="bus" type="participant"/>
            <label from="10-8" id="33" name="ScrPart_passenger" text="I" type="participant"/>
            <label from="10-10" id="34" name="ScrPart_passenger" text="my" type="participant"/>
            <label from="10-11" id="35" name="ScrPart_seat_in_bus" text="seat" type="participant"/>
            <label from="10-15" id="36" name="ScrPart_passenger" text="woman" type="participant"/>
            <label from="11-1" id="37" name="ScrPart_passenger" text="She" type="participant"/>
            <label from="11-3" id="38" name="ScrPart_passenger" text="me" type="participant"/>
            <label from="11-7" id="39" name="NPart" text="etiquette" type="participant"/>
            <label from="12-1" id="40" name="ScrPart_passenger" text="I" type="participant"/>
            <label from="12-3" id="41" name="ScrPart_passenger" text="my" type="participant"/>
            <label from="12-4" id="42" name="ScrPart_destination" text="stop" type="participant"/>
            <label from="12-9" id="43" name="ScrPart_passenger" text="I" type="participant"/>
            <label from="12-12" id="44" name="ScrPart_stop_button/door_opener" text="lever" type="participant"/>
            <label from="12-15" id="45" name="ScrPart_other" text="bell" type="participant"/>
            <label from="13-2" id="46" name="ScrPart_bus" text="bus" type="participant"/>
            <label from="13-6" id="47" name="ScrPart_time/date" text="moments" type="participant"/>
            <label from="14-1" id="48" name="ScrPart_passenger" text="I" type="participant"/>
            <label from="14-4" id="49" name="ScrPart_bus_staff" text="bus driver" to="14-5" type="participant"/>
            <label from="14-5" id="50" name="ScrPart_bus_staff" text="driver" type="participant"/>
            <label from="14-7" id="51" name="ScrPart_bus_staff" text="his" type="participant"/>
            <label from="14-8" id="52" name="NPart" text="services" type="participant"/>
            <label from="14-12" id="53" name="ScrPart_bus" text="bus" type="participant"/>
        </participants>
        <events>
            <label from="1-4" id="54" name="Evoking" text="went to the bus stop" to="1-8" type="event"/>
            <label from="1-4" id="55" name="ScrEv_get_bus_stop" text="went" type="event"/>
            <label from="2-2" id="56" name="ScrEv_wait" text="waited" type="event"/>
            <label from="3-3" id="57" name="ScrEv_bus_comes" text="arrived" type="event"/>
            <label from="4-3" id="58" name="ScrEv_board_bus" text="got on" to="4-4" type="event"/>
            <label from="4-3" id="59" name="ScrEv_board_bus" text="got" type="event"/>
            <label from="4-7" id="60" name="ScrEv_get_ticket" text="scanned" type="event"/>
            <label from="4-18" id="61" name="ScrEv_find_place" text="took" type="event"/>
            <label from="5-3" id="62" name="UnrelEv" text="was" type="event"/>
            <label from="5-5" id="63" name="RelNScrEv" text="crowded" type="event"/>
            <label from="5-12" id="64" name="ScrEv_find_place" text="take" type="event"/>
            <label from="6-2" id="65" name="ScrEv_spend_time_bus" text="sat" type="event"/>
            <label from="6-5" id="66" name="ScrEv_spend_time_bus" text="playing" type="event"/>
            <label from="7-2" id="67" name="UnrelEv" text="stared" type="event"/>
            <label from="7-5" id="68" name="UnrelEv" text="talked" type="event"/>
            <label from="8-3" id="69" name="ScrEv_other" text="rang" type="event"/>
            <label from="8-8" id="70" name="UnrelEv" text="indicate" type="event"/>
            <label from="8-10" id="71" name="UnrelEv" text="wanting" type="event"/>
            <label from="8-12" id="72" name="ScrEv_get_off" text="get off" to="8-13" type="event"/>
            <label from="8-12" id="73" name="ScrEv_get_off" text="get" type="event"/>
            <label from="9-4" id="74" name="ScrEv_bus_stops" text="stop" type="event"/>
            <label from="9-6" id="75" name="ScrEv_get_off" text="let" type="event"/>
            <label from="9-11" id="76" name="ScrEv_board_bus" text="let" type="event"/>
            <label from="10-3" id="77" name="UnrelEv" text="started" type="event"/>
            <label from="10-5" id="78" name="UnrelEv" text="get" type="event"/>
            <label from="10-6" id="79" name="RelNScrEv" text="crowded" type="event"/>
            <label from="10-9" id="80" name="ScrEv_other" text="offered" type="event"/>
            <label from="11-2" id="81" name="UnrelEv" text="thanked" type="event"/>
            <label from="12-2" id="82" name="UnrelEv" text="saw" type="event"/>
            <label from="12-5" id="83" name="ScrEv_other" text="coming" type="event"/>
            <label from="12-5" id="84" name="ScrEv_other" text="coming" type="event"/>
            <label from="12-10" id="85" name="ScrEv_press_stop_button" text="pulled" type="event"/>
            <label from="12-16" id="86" name="ScrEv_other" text="rang" type="event"/>
            <label from="13-3" id="87" name="ScrEv_bus_stops" text="stopped" type="event"/>
            <label from="14-2" id="88" name="RelNScrEv" text="thanked" type="event"/>
            <label from="14-10" id="89" name="ScrEv_get_off" text="exited" type="event"/>
        </events>
        <chains>
            <chain elements="1 4 8 9 10 15 18 21 22 33 34 38 40 43 48"/>
            <chain elements="5 7 17 29 32 46 53"/>
            <chain elements="16 19 35"/>
            <chain elements="24 25"/>
            <chain elements="36 37"/>
            <chain elements="26 45"/>
        </chains>
    </annotations>
</story>
