<?xml version="1.0" encoding="UTF-8" standalone="no"?>
<!DOCTYPE story SYSTEM "../InScript.dtd">
<story id="036" scenario="cake">
    <text>
        <content>When I decide to bake a cake , I go all out . 
Nothing beats a homemade cake , the boxed kind are junk ! 
It was no different this past weekend when i got the hankering for a chocolate cake . 
I first went out a bought the ingredients . 
They were as follows , 3/4 cups butter , 3 eggs , 2 cups sugar , 2 cups flour , 3/4 cup unsweetened cocoa powder , 1 teaspoon baking soda , 3/4 teaspoon baking powder , 2 teaspoon vanilla , and 1 1/2 cup milk . 
I pre-heated my oven to 350 degrees . 
I then greased and floured three 6 " " X 1 1/2 " " round cake pans . 
I mixed together the flour , cocoa powder , baking powder and baking soda . 
In a different large bowl , I beat butter , eggs and vanilla like it stole something . 
Gradually I added the sugary goodness of sugar to the mix . 
Beating this on medium to the sound of fallout boy , I did this until it was well mixed . 
I then alternately combined in the flour mixture and milk to batter while beating . 
Continuing to beat until batter was smooth , I then poured equal amounts of batter into the greased and floured round cake pans . 
I tossed this delicious mixture into the oven to bake for 35 minutes . 
Finally I was able to remove the cakes , which I then placed on a wire cooling rack . 
Another 40 minutes passed , after which I proceeded to destroy all the cakes , eating every last bite until I could n't eat any more ! '' 
, " Fun , this has been my favorite so far ! </content>
        <sentences>
            <sentence id="1">
                <token content="When" id="1-1">
                    <pos type="WRB"/>
                    <lemma type="when"/>
                    <dep head="1-3" type="advmod"/>
                </token>
                <token content="I" id="1-2">
                    <pos type="PRP"/>
                    <lemma type="I"/>
                    <dep head="1-3" type="nsubj"/>
                </token>
                <token content="decide" id="1-3">
                    <pos type="VBP"/>
                    <lemma type="decide"/>
                    <dep head="1-10" type="advcl"/>
                </token>
                <token content="to" id="1-4">
                    <pos type="TO"/>
                    <lemma type="to"/>
                    <dep head="1-5" type="aux"/>
                </token>
                <token content="bake" id="1-5">
                    <pos type="VB"/>
                    <lemma type="bake"/>
                    <dep head="1-3" type="xcomp"/>
                </token>
                <token content="a" id="1-6">
                    <pos type="DT"/>
                    <lemma type="a"/>
                </token>
                <token content="cake" id="1-7">
                    <pos type="NN"/>
                    <lemma type="cake"/>
                    <dep head="1-5" type="dobj"/>
                </token>
                <token content="," id="1-8"/>
                <token content="I" id="1-9">
                    <pos type="PRP"/>
                    <lemma type="I"/>
                    <dep head="1-10" type="nsubj"/>
                </token>
                <token content="go" id="1-10">
                    <pos type="VBP"/>
                    <lemma type="go"/>
                </token>
                <token content="all" id="1-11">
                    <pos type="DT"/>
                    <lemma type="all"/>
                </token>
                <token content="out" id="1-12">
                    <pos type="IN"/>
                    <lemma type="out"/>
                    <dep head="1-10" type="advmod"/>
                </token>
                <token content="." id="1-13"/>
            </sentence>
            <sentence id="2">
                <token content="Nothing" id="2-1">
                    <pos type="NN"/>
                    <lemma type="nothing"/>
                    <dep head="2-2" type="nsubj"/>
                </token>
                <token content="beats" id="2-2">
                    <pos type="VBZ"/>
                    <lemma type="beat"/>
                </token>
                <token content="a" id="2-3">
                    <pos type="DT"/>
                    <lemma type="a"/>
                </token>
                <token content="homemade" id="2-4">
                    <pos type="JJ"/>
                    <lemma type="homemade"/>
                </token>
                <token content="cake" id="2-5">
                    <pos type="NN"/>
                    <lemma type="cake"/>
                    <dep head="2-2" type="dobj"/>
                </token>
                <token content="," id="2-6"/>
                <token content="the" id="2-7">
                    <pos type="DT"/>
                    <lemma type="the"/>
                </token>
                <token content="boxed" id="2-8">
                    <pos type="JJ"/>
                    <lemma type="boxed"/>
                </token>
                <token content="kind" id="2-9">
                    <pos type="NN"/>
                    <lemma type="kind"/>
                </token>
                <token content="are" id="2-10">
                    <pos type="VBP"/>
                    <lemma type="be"/>
                </token>
                <token content="junk" id="2-11">
                    <pos type="NN"/>
                    <lemma type="junk"/>
                </token>
                <token content="!" id="2-12"/>
            </sentence>
            <sentence id="3">
                <token content="It" id="3-1">
                    <pos type="PRP"/>
                    <lemma type="it"/>
                </token>
                <token content="was" id="3-2">
                    <pos type="VBD"/>
                    <lemma type="be"/>
                </token>
                <token content="no" id="3-3">
                    <pos type="RB"/>
                    <lemma type="no"/>
                </token>
                <token content="different" id="3-4">
                    <pos type="JJ"/>
                    <lemma type="different"/>
                </token>
                <token content="this" id="3-5">
                    <pos type="DT"/>
                    <lemma type="this"/>
                </token>
                <token content="past" id="3-6">
                    <pos type="JJ"/>
                    <lemma type="past"/>
                </token>
                <token content="weekend" id="3-7">
                    <pos type="NN"/>
                    <lemma type="weekend"/>
                </token>
                <token content="when" id="3-8">
                    <pos type="WRB"/>
                    <lemma type="when"/>
                    <dep head="3-10" type="advmod"/>
                </token>
                <token content="i" id="3-9">
                    <pos type="FW"/>
                    <lemma type="i"/>
                    <dep head="3-10" type="nsubj"/>
                </token>
                <token content="got" id="3-10">
                    <pos type="VBD"/>
                    <lemma type="get"/>
                </token>
                <token content="the" id="3-11">
                    <pos type="DT"/>
                    <lemma type="the"/>
                </token>
                <token content="hankering" id="3-12">
                    <pos type="NN"/>
                    <lemma type="hankering"/>
                    <dep head="3-10" type="dobj"/>
                </token>
                <token content="for" id="3-13"/>
                <token content="a" id="3-14">
                    <pos type="DT"/>
                    <lemma type="a"/>
                </token>
                <token content="chocolate" id="3-15">
                    <pos type="NN"/>
                    <lemma type="chocolate"/>
                </token>
                <token content="cake" id="3-16">
                    <pos type="NN"/>
                    <lemma type="cake"/>
                    <dep head="3-10" type="prep"/>
                </token>
                <token content="." id="3-17"/>
            </sentence>
            <sentence id="4">
                <token content="I" id="4-1">
                    <pos type="PRP"/>
                    <lemma type="I"/>
                    <dep head="4-3" type="nsubj"/>
                </token>
                <token content="first" id="4-2">
                    <pos type="RB"/>
                    <lemma type="first"/>
                    <dep head="4-3" type="advmod"/>
                </token>
                <token content="went" id="4-3">
                    <pos type="VBD"/>
                    <lemma type="go"/>
                </token>
                <token content="out" id="4-4">
                    <pos type="IN"/>
                    <lemma type="out"/>
                </token>
                <token content="a" id="4-5">
                    <pos type="DT"/>
                    <lemma type="a"/>
                    <dep head="4-6" type="nsubj"/>
                </token>
                <token content="bought" id="4-6">
                    <pos type="VBD"/>
                    <lemma type="buy"/>
                    <dep head="4-3" type="ccomp"/>
                </token>
                <token content="the" id="4-7">
                    <pos type="DT"/>
                    <lemma type="the"/>
                </token>
                <token content="ingredients" id="4-8">
                    <pos type="NNS"/>
                    <lemma type="ingredient"/>
                    <dep head="4-6" type="dobj"/>
                </token>
                <token content="." id="4-9"/>
            </sentence>
            <sentence id="5">
                <token content="They" id="5-1">
                    <pos type="PRP"/>
                    <lemma type="they"/>
                    <dep head="5-2" type="nsubj"/>
                </token>
                <token content="were" id="5-2">
                    <pos type="VBD"/>
                    <lemma type="be"/>
                </token>
                <token content="as" id="5-3">
                    <dep head="5-2" type="prep"/>
                </token>
                <token content="follows" id="5-4">
                    <pos type="NNP"/>
                    <lemma type="follows"/>
                </token>
                <token content="," id="5-5"/>
                <token content="3/4" id="5-6">
                    <pos type="CD"/>
                    <lemma type="3/4"/>
                </token>
                <token content="cups" id="5-7">
                    <pos type="CD"/>
                    <lemma type="cups"/>
                </token>
                <token content="butter" id="5-8">
                    <pos type="NN"/>
                    <lemma type="butter"/>
                </token>
                <token content="," id="5-9"/>
                <token content="3" id="5-10">
                    <pos type="CD"/>
                    <lemma type="3"/>
                </token>
                <token content="eggs" id="5-11">
                    <pos type="NNS"/>
                    <lemma type="egg"/>
                </token>
                <token content="," id="5-12"/>
                <token content="2" id="5-13">
                    <pos type="CD"/>
                    <lemma type="2"/>
                </token>
                <token content="cups" id="5-14">
                    <pos type="NNS"/>
                    <lemma type="cup"/>
                </token>
                <token content="sugar" id="5-15">
                    <pos type="NN"/>
                    <lemma type="sugar"/>
                </token>
                <token content="," id="5-16"/>
                <token content="2" id="5-17">
                    <pos type="CD"/>
                    <lemma type="2"/>
                </token>
                <token content="cups" id="5-18">
                    <pos type="CD"/>
                    <lemma type="cups"/>
                </token>
                <token content="flour" id="5-19">
                    <pos type="NN"/>
                    <lemma type="flour"/>
                </token>
                <token content="," id="5-20"/>
                <token content="3/4" id="5-21">
                    <pos type="CD"/>
                    <lemma type="3/4"/>
                </token>
                <token content="cup" id="5-22">
                    <pos type="CD"/>
                    <lemma type="cup"/>
                </token>
                <token content="unsweetened" id="5-23">
                    <pos type="JJ"/>
                    <lemma type="unsweetened"/>
                </token>
                <token content="cocoa" id="5-24">
                    <pos type="NN"/>
                    <lemma type="cocoa"/>
                </token>
                <token content="powder" id="5-25">
                    <pos type="NN"/>
                    <lemma type="powder"/>
                </token>
                <token content="," id="5-26"/>
                <token content="1" id="5-27">
                    <pos type="CD"/>
                    <lemma type="1"/>
                </token>
                <token content="teaspoon" id="5-28">
                    <pos type="CD"/>
                    <lemma type="teaspoon"/>
                </token>
                <token content="baking" id="5-29">
                    <pos type="VBG"/>
                    <lemma type="bake"/>
                </token>
                <token content="soda" id="5-30">
                    <pos type="NN"/>
                    <lemma type="soda"/>
                </token>
                <token content="," id="5-31"/>
                <token content="3/4" id="5-32">
                    <pos type="CD"/>
                    <lemma type="3/4"/>
                </token>
                <token content="teaspoon" id="5-33">
                    <pos type="CD"/>
                    <lemma type="teaspoon"/>
                </token>
                <token content="baking" id="5-34">
                    <pos type="VBG"/>
                    <lemma type="bake"/>
                </token>
                <token content="powder" id="5-35">
                    <pos type="NN"/>
                    <lemma type="powder"/>
                </token>
                <token content="," id="5-36"/>
                <token content="2" id="5-37">
                    <pos type="CD"/>
                    <lemma type="2"/>
                </token>
                <token content="teaspoon" id="5-38">
                    <pos type="NN"/>
                    <lemma type="teaspoon"/>
                </token>
                <token content="vanilla" id="5-39">
                    <pos type="NN"/>
                    <lemma type="vanilla"/>
                </token>
                <token content="," id="5-40"/>
                <token content="and" id="5-41"/>
                <token content="1 1/2" id="5-42">
                    <pos type="CD"/>
                    <lemma type="1 1/2"/>
                </token>
                <token content="cup" id="5-43">
                    <pos type="NN"/>
                    <lemma type="cup"/>
                </token>
                <token content="milk" id="5-44">
                    <pos type="NN"/>
                    <lemma type="milk"/>
                </token>
                <token content="." id="5-45"/>
            </sentence>
            <sentence id="6">
                <token content="I" id="6-1">
                    <pos type="PRP"/>
                    <lemma type="I"/>
                    <dep head="6-2" type="nsubj"/>
                </token>
                <token content="pre-heated" id="6-2">
                    <pos type="VBD"/>
                    <lemma type="pre-heat"/>
                </token>
                <token content="my" id="6-3">
                    <pos type="PRP$"/>
                    <lemma type="my"/>
                </token>
                <token content="oven" id="6-4">
                    <pos type="NN"/>
                    <lemma type="oven"/>
                    <dep head="6-2" type="dobj"/>
                </token>
                <token content="to" id="6-5"/>
                <token content="350" id="6-6">
                    <pos type="CD"/>
                    <lemma type="350"/>
                </token>
                <token content="degrees" id="6-7">
                    <pos type="NNS"/>
                    <lemma type="degree"/>
                    <dep head="6-2" type="prep"/>
                </token>
                <token content="." id="6-8"/>
            </sentence>
            <sentence id="7">
                <token content="I" id="7-1">
                    <pos type="PRP"/>
                    <lemma type="I"/>
                    <dep head="7-3" type="nsubj"/>
                </token>
                <token content="then" id="7-2">
                    <pos type="RB"/>
                    <lemma type="then"/>
                    <dep head="7-3" type="advmod"/>
                </token>
                <token content="greased" id="7-3">
                    <pos type="VBD"/>
                    <lemma type="grease"/>
                    <dep head="7-10" type="ccomp"/>
                </token>
                <token content="and" id="7-4"/>
                <token content="floured" id="7-5">
                    <pos type="VBD"/>
                    <lemma type="flour"/>
                    <dep head="7-3" type="conj"/>
                </token>
                <token content="three" id="7-6">
                    <pos type="CD"/>
                    <lemma type="three"/>
                </token>
                <token content="6" id="7-7">
                    <pos type="CD"/>
                    <lemma type="6"/>
                    <dep head="7-3" type="dobj"/>
                </token>
                <token content="&quot;" id="7-8"/>
                <token content="&quot;" id="7-9"/>
                <token content="X" id="7-10">
                    <pos type="VBD"/>
                    <lemma type="x"/>
                </token>
                <token content="1 1/2" id="7-11">
                    <pos type="NN"/>
                    <lemma type="1 1/2"/>
                </token>
                <token content="&quot;" id="7-12"/>
                <token content="&quot;" id="7-13"/>
                <token content="round" id="7-14">
                    <pos type="NN"/>
                    <lemma type="round"/>
                </token>
                <token content="cake" id="7-15">
                    <pos type="NN"/>
                    <lemma type="cake"/>
                    <dep head="7-16" type="nsubj"/>
                </token>
                <token content="pans" id="7-16">
                    <pos type="VBZ"/>
                    <lemma type="pan"/>
                    <dep head="7-10" type="ccomp"/>
                </token>
                <token content="." id="7-17"/>
            </sentence>
            <sentence id="8">
                <token content="I" id="8-1">
                    <pos type="PRP"/>
                    <lemma type="I"/>
                    <dep head="8-2" type="nsubj"/>
                </token>
                <token content="mixed" id="8-2">
                    <pos type="VBN"/>
                    <lemma type="mix"/>
                </token>
                <token content="together" id="8-3">
                    <pos type="RP"/>
                    <lemma type="together"/>
                    <dep head="8-2" type="prt"/>
                </token>
                <token content="the" id="8-4">
                    <pos type="DT"/>
                    <lemma type="the"/>
                </token>
                <token content="flour" id="8-5">
                    <pos type="NN"/>
                    <lemma type="flour"/>
                    <dep head="8-2" type="dobj"/>
                </token>
                <token content="," id="8-6"/>
                <token content="cocoa" id="8-7">
                    <pos type="NN"/>
                    <lemma type="cocoa"/>
                </token>
                <token content="powder" id="8-8">
                    <pos type="NN"/>
                    <lemma type="powder"/>
                </token>
                <token content="," id="8-9"/>
                <token content="baking" id="8-10">
                    <pos type="VBG"/>
                    <lemma type="bake"/>
                </token>
                <token content="powder" id="8-11">
                    <pos type="NN"/>
                    <lemma type="powder"/>
                </token>
                <token content="and" id="8-12"/>
                <token content="baking" id="8-13">
                    <pos type="VBG"/>
                    <lemma type="bake"/>
                </token>
                <token content="soda" id="8-14">
                    <pos type="NN"/>
                    <lemma type="soda"/>
                </token>
                <token content="." id="8-15"/>
            </sentence>
            <sentence id="9">
                <token content="In" id="9-1"/>
                <token content="a" id="9-2">
                    <pos type="DT"/>
                    <lemma type="a"/>
                </token>
                <token content="different" id="9-3">
                    <pos type="JJ"/>
                    <lemma type="different"/>
                </token>
                <token content="large" id="9-4">
                    <pos type="JJ"/>
                    <lemma type="large"/>
                </token>
                <token content="bowl" id="9-5">
                    <pos type="NN"/>
                    <lemma type="bowl"/>
                    <dep head="9-8" type="prep"/>
                </token>
                <token content="," id="9-6"/>
                <token content="I" id="9-7">
                    <pos type="PRP"/>
                    <lemma type="I"/>
                    <dep head="9-8" type="nsubj"/>
                </token>
                <token content="beat" id="9-8">
                    <pos type="VBD"/>
                    <lemma type="beat"/>
                </token>
                <token content="butter" id="9-9">
                    <pos type="NN"/>
                    <lemma type="butter"/>
                    <dep head="9-8" type="dobj"/>
                </token>
                <token content="," id="9-10"/>
                <token content="eggs" id="9-11">
                    <pos type="NNS"/>
                    <lemma type="egg"/>
                </token>
                <token content="and" id="9-12"/>
                <token content="vanilla" id="9-13">
                    <pos type="NN"/>
                    <lemma type="vanilla"/>
                </token>
                <token content="like" id="9-14">
                    <pos type="IN"/>
                    <lemma type="like"/>
                    <dep head="9-16" type="mark"/>
                </token>
                <token content="it" id="9-15">
                    <pos type="PRP"/>
                    <lemma type="it"/>
                    <dep head="9-16" type="nsubj"/>
                </token>
                <token content="stole" id="9-16">
                    <pos type="VBD"/>
                    <lemma type="steal"/>
                    <dep head="9-8" type="advcl"/>
                </token>
                <token content="something" id="9-17">
                    <pos type="NN"/>
                    <lemma type="something"/>
                    <dep head="9-16" type="dobj"/>
                </token>
                <token content="." id="9-18"/>
            </sentence>
            <sentence id="10">
                <token content="Gradually" id="10-1">
                    <pos type="RB"/>
                    <lemma type="gradually"/>
                    <dep head="10-3" type="advmod"/>
                </token>
                <token content="I" id="10-2">
                    <pos type="PRP"/>
                    <lemma type="I"/>
                    <dep head="10-3" type="nsubj"/>
                </token>
                <token content="added" id="10-3">
                    <pos type="VBD"/>
                    <lemma type="add"/>
                </token>
                <token content="the" id="10-4">
                    <pos type="DT"/>
                    <lemma type="the"/>
                </token>
                <token content="sugary" id="10-5">
                    <pos type="JJ"/>
                    <lemma type="sugary"/>
                </token>
                <token content="goodness" id="10-6">
                    <pos type="NN"/>
                    <lemma type="goodness"/>
                    <dep head="10-3" type="dobj"/>
                </token>
                <token content="of" id="10-7"/>
                <token content="sugar" id="10-8">
                    <pos type="NN"/>
                    <lemma type="sugar"/>
                </token>
                <token content="to" id="10-9"/>
                <token content="the" id="10-10">
                    <pos type="DT"/>
                    <lemma type="the"/>
                </token>
                <token content="mix" id="10-11">
                    <pos type="NN"/>
                    <lemma type="mix"/>
                    <dep head="10-3" type="prep"/>
                </token>
                <token content="." id="10-12"/>
            </sentence>
            <sentence id="11">
                <token content="Beating" id="11-1">
                    <pos type="VBG"/>
                    <lemma type="beat"/>
                    <dep head="11-13" type="vmod"/>
                </token>
                <token content="this" id="11-2">
                    <pos type="DT"/>
                    <lemma type="this"/>
                    <dep head="11-1" type="dobj"/>
                </token>
                <token content="on" id="11-3"/>
                <token content="medium" id="11-4">
                    <pos type="NN"/>
                    <lemma type="medium"/>
                </token>
                <token content="to" id="11-5"/>
                <token content="the" id="11-6">
                    <pos type="DT"/>
                    <lemma type="the"/>
                </token>
                <token content="sound" id="11-7">
                    <pos type="NN"/>
                    <lemma type="sound"/>
                    <dep head="11-1" type="prep"/>
                </token>
                <token content="of" id="11-8"/>
                <token content="fallout" id="11-9">
                    <pos type="NN"/>
                    <lemma type="fallout"/>
                </token>
                <token content="boy" id="11-10">
                    <pos type="NN"/>
                    <lemma type="boy"/>
                </token>
                <token content="," id="11-11"/>
                <token content="I" id="11-12">
                    <pos type="PRP"/>
                    <lemma type="I"/>
                    <dep head="11-13" type="nsubj"/>
                </token>
                <token content="did" id="11-13">
                    <pos type="VBD"/>
                    <lemma type="do"/>
                </token>
                <token content="this" id="11-14">
                    <pos type="DT"/>
                    <lemma type="this"/>
                    <dep head="11-13" type="dobj"/>
                </token>
                <token content="until" id="11-15">
                    <pos type="IN"/>
                    <lemma type="until"/>
                </token>
                <token content="it" id="11-16">
                    <pos type="PRP"/>
                    <lemma type="it"/>
                </token>
                <token content="was" id="11-17">
                    <pos type="VBD"/>
                    <lemma type="be"/>
                </token>
                <token content="well" id="11-18">
                    <pos type="RB"/>
                    <lemma type="well"/>
                </token>
                <token content="mixed" id="11-19">
                    <pos type="JJ"/>
                    <lemma type="mixed"/>
                    <dep head="11-13" type="advcl"/>
                </token>
                <token content="." id="11-20"/>
            </sentence>
            <sentence id="12">
                <token content="I" id="12-1">
                    <pos type="PRP"/>
                    <lemma type="I"/>
                    <dep head="12-4" type="nsubj"/>
                </token>
                <token content="then" id="12-2">
                    <pos type="RB"/>
                    <lemma type="then"/>
                    <dep head="12-4" type="advmod"/>
                </token>
                <token content="alternately" id="12-3">
                    <pos type="RB"/>
                    <lemma type="alternately"/>
                    <dep head="12-4" type="advmod"/>
                </token>
                <token content="combined" id="12-4">
                    <pos type="VBD"/>
                    <lemma type="combine"/>
                </token>
                <token content="in" id="12-5"/>
                <token content="the" id="12-6">
                    <pos type="DT"/>
                    <lemma type="the"/>
                </token>
                <token content="flour" id="12-7">
                    <pos type="NN"/>
                    <lemma type="flour"/>
                </token>
                <token content="mixture" id="12-8">
                    <pos type="NN"/>
                    <lemma type="mixture"/>
                    <dep head="12-4" type="prep"/>
                </token>
                <token content="and" id="12-9"/>
                <token content="milk" id="12-10">
                    <pos type="VB"/>
                    <lemma type="milk"/>
                    <dep head="12-4" type="conj"/>
                </token>
                <token content="to" id="12-11">
                    <pos type="TO"/>
                    <lemma type="to"/>
                    <dep head="12-12" type="aux"/>
                </token>
                <token content="batter" id="12-12">
                    <pos type="VB"/>
                    <lemma type="batter"/>
                    <dep head="12-10" type="xcomp"/>
                </token>
                <token content="while" id="12-13">
                    <pos type="NN"/>
                    <lemma type="while"/>
                </token>
                <token content="beating" id="12-14">
                    <pos type="NN"/>
                    <lemma type="beating"/>
                    <dep head="12-12" type="dobj"/>
                </token>
                <token content="." id="12-15"/>
            </sentence>
            <sentence id="13">
                <token content="Continuing" id="13-1">
                    <pos type="VBG"/>
                    <lemma type="continue"/>
                    <dep head="13-11" type="vmod"/>
                </token>
                <token content="to" id="13-2">
                    <pos type="TO"/>
                    <lemma type="to"/>
                    <dep head="13-3" type="aux"/>
                </token>
                <token content="beat" id="13-3">
                    <pos type="VB"/>
                    <lemma type="beat"/>
                    <dep head="13-1" type="xcomp"/>
                </token>
                <token content="until" id="13-4">
                    <pos type="IN"/>
                    <lemma type="until"/>
                </token>
                <token content="batter" id="13-5">
                    <pos type="NN"/>
                    <lemma type="batter"/>
                </token>
                <token content="was" id="13-6">
                    <pos type="VBD"/>
                    <lemma type="be"/>
                </token>
                <token content="smooth" id="13-7">
                    <pos type="JJ"/>
                    <lemma type="smooth"/>
                    <dep head="13-3" type="advcl"/>
                </token>
                <token content="," id="13-8"/>
                <token content="I" id="13-9">
                    <pos type="PRP"/>
                    <lemma type="I"/>
                    <dep head="13-11" type="nsubj"/>
                </token>
                <token content="then" id="13-10">
                    <pos type="RB"/>
                    <lemma type="then"/>
                    <dep head="13-11" type="advmod"/>
                </token>
                <token content="poured" id="13-11">
                    <pos type="VBD"/>
                    <lemma type="pour"/>
                </token>
                <token content="equal" id="13-12">
                    <pos type="JJ"/>
                    <lemma type="equal"/>
                </token>
                <token content="amounts" id="13-13">
                    <pos type="NNS"/>
                    <lemma type="amount"/>
                    <dep head="13-11" type="dobj"/>
                </token>
                <token content="of" id="13-14"/>
                <token content="batter" id="13-15">
                    <pos type="NN"/>
                    <lemma type="batter"/>
                </token>
                <token content="into" id="13-16"/>
                <token content="the" id="13-17">
                    <pos type="DT"/>
                    <lemma type="the"/>
                </token>
                <token content="greased" id="13-18">
                    <pos type="JJ"/>
                    <lemma type="greased"/>
                    <dep head="13-11" type="prep"/>
                </token>
                <token content="and" id="13-19"/>
                <token content="floured" id="13-20">
                    <pos type="JJ"/>
                    <lemma type="floured"/>
                </token>
                <token content="round" id="13-21">
                    <pos type="NN"/>
                    <lemma type="round"/>
                </token>
                <token content="cake" id="13-22">
                    <pos type="NN"/>
                    <lemma type="cake"/>
                </token>
                <token content="pans" id="13-23">
                    <pos type="NNS"/>
                    <lemma type="pan"/>
                </token>
                <token content="." id="13-24"/>
            </sentence>
            <sentence id="14">
                <token content="I" id="14-1">
                    <pos type="PRP"/>
                    <lemma type="I"/>
                    <dep head="14-2" type="nsubj"/>
                </token>
                <token content="tossed" id="14-2">
                    <pos type="VBD"/>
                    <lemma type="toss"/>
                </token>
                <token content="this" id="14-3">
                    <pos type="DT"/>
                    <lemma type="this"/>
                </token>
                <token content="delicious" id="14-4">
                    <pos type="JJ"/>
                    <lemma type="delicious"/>
                </token>
                <token content="mixture" id="14-5">
                    <pos type="NN"/>
                    <lemma type="mixture"/>
                    <dep head="14-2" type="dobj"/>
                </token>
                <token content="into" id="14-6"/>
                <token content="the" id="14-7">
                    <pos type="DT"/>
                    <lemma type="the"/>
                </token>
                <token content="oven" id="14-8">
                    <pos type="NN"/>
                    <lemma type="oven"/>
                    <dep head="14-2" type="prep"/>
                </token>
                <token content="to" id="14-9">
                    <pos type="TO"/>
                    <lemma type="to"/>
                    <dep head="14-10" type="aux"/>
                </token>
                <token content="bake" id="14-10">
                    <pos type="VB"/>
                    <lemma type="bake"/>
                </token>
                <token content="for" id="14-11"/>
                <token content="35" id="14-12">
                    <pos type="CD"/>
                    <lemma type="35"/>
                </token>
                <token content="minutes" id="14-13">
                    <pos type="NNS"/>
                    <lemma type="minute"/>
                    <dep head="14-10" type="prep"/>
                </token>
                <token content="." id="14-14"/>
            </sentence>
            <sentence id="15">
                <token content="Finally" id="15-1">
                    <pos type="RB"/>
                    <lemma type="finally"/>
                </token>
                <token content="I" id="15-2">
                    <pos type="PRP"/>
                    <lemma type="I"/>
                </token>
                <token content="was" id="15-3">
                    <pos type="VBD"/>
                    <lemma type="be"/>
                </token>
                <token content="able" id="15-4">
                    <pos type="JJ"/>
                    <lemma type="able"/>
                </token>
                <token content="to" id="15-5">
                    <pos type="TO"/>
                    <lemma type="to"/>
                    <dep head="15-6" type="aux"/>
                </token>
                <token content="remove" id="15-6">
                    <pos type="VB"/>
                    <lemma type="remove"/>
                </token>
                <token content="the" id="15-7">
                    <pos type="DT"/>
                    <lemma type="the"/>
                </token>
                <token content="cakes" id="15-8">
                    <pos type="NNS"/>
                    <lemma type="cake"/>
                    <dep head="15-6" type="dobj"/>
                </token>
                <token content="," id="15-9"/>
                <token content="which" id="15-10">
                    <pos type="WDT"/>
                    <lemma type="which"/>
                    <dep head="15-13" type="dobj"/>
                </token>
                <token content="I" id="15-11">
                    <pos type="PRP"/>
                    <lemma type="I"/>
                    <dep head="15-13" type="nsubj"/>
                </token>
                <token content="then" id="15-12">
                    <pos type="RB"/>
                    <lemma type="then"/>
                    <dep head="15-13" type="advmod"/>
                </token>
                <token content="placed" id="15-13">
                    <pos type="VBD"/>
                    <lemma type="place"/>
                </token>
                <token content="on" id="15-14"/>
                <token content="a" id="15-15">
                    <pos type="DT"/>
                    <lemma type="a"/>
                </token>
                <token content="wire" id="15-16">
                    <pos type="NN"/>
                    <lemma type="wire"/>
                </token>
                <token content="cooling" id="15-17">
                    <pos type="VBG"/>
                    <lemma type="cool"/>
                </token>
                <token content="rack" id="15-18">
                    <pos type="NN"/>
                    <lemma type="rack"/>
                    <dep head="15-13" type="prep"/>
                </token>
                <token content="." id="15-19"/>
            </sentence>
            <sentence id="16">
                <token content="Another" id="16-1">
                    <pos type="DT"/>
                    <lemma type="another"/>
                </token>
                <token content="40" id="16-2">
                    <pos type="CD"/>
                    <lemma type="40"/>
                </token>
                <token content="minutes" id="16-3">
                    <pos type="NNS"/>
                    <lemma type="minute"/>
                    <dep head="16-4" type="nsubj"/>
                </token>
                <token content="passed" id="16-4">
                    <pos type="VBD"/>
                    <lemma type="pass"/>
                </token>
                <token content="," id="16-5"/>
                <token content="after" id="16-6"/>
                <token content="which" id="16-7">
                    <pos type="WDT"/>
                    <lemma type="which"/>
                    <dep head="16-9" type="prep"/>
                </token>
                <token content="I" id="16-8">
                    <pos type="PRP"/>
                    <lemma type="I"/>
                    <dep head="16-9" type="nsubj"/>
                </token>
                <token content="proceeded" id="16-9">
                    <pos type="VBD"/>
                    <lemma type="proceed"/>
                    <dep head="16-4" type="parataxis"/>
                </token>
                <token content="to" id="16-10">
                    <pos type="TO"/>
                    <lemma type="to"/>
                    <dep head="16-11" type="aux"/>
                </token>
                <token content="destroy" id="16-11">
                    <pos type="VB"/>
                    <lemma type="destroy"/>
                    <dep head="16-9" type="xcomp"/>
                </token>
                <token content="all" id="16-12">
                    <pos type="PDT"/>
                    <lemma type="all"/>
                </token>
                <token content="the" id="16-13">
                    <pos type="DT"/>
                    <lemma type="the"/>
                </token>
                <token content="cakes" id="16-14">
                    <pos type="NNS"/>
                    <lemma type="cake"/>
                    <dep head="16-11" type="dobj"/>
                </token>
                <token content="," id="16-15"/>
                <token content="eating" id="16-16">
                    <pos type="VBG"/>
                    <lemma type="eat"/>
                    <dep head="16-4" type="xcomp"/>
                </token>
                <token content="every" id="16-17">
                    <pos type="DT"/>
                    <lemma type="every"/>
                </token>
                <token content="last" id="16-18">
                    <pos type="JJ"/>
                    <lemma type="last"/>
                </token>
                <token content="bite" id="16-19">
                    <pos type="NN"/>
                    <lemma type="bite"/>
                    <dep head="16-16" type="dobj"/>
                </token>
                <token content="until" id="16-20">
                    <pos type="IN"/>
                    <lemma type="until"/>
                    <dep head="16-24" type="mark"/>
                </token>
                <token content="I" id="16-21">
                    <pos type="PRP"/>
                    <lemma type="I"/>
                    <dep head="16-24" type="nsubj"/>
                </token>
                <token content="could" id="16-22">
                    <pos type="MD"/>
                    <lemma type="could"/>
                    <dep head="16-24" type="aux"/>
                </token>
                <token content="n't" id="16-23">
                    <pos type="RB"/>
                    <lemma type="not"/>
                    <dep head="16-24" type="neg"/>
                </token>
                <token content="eat" id="16-24">
                    <pos type="VB"/>
                    <lemma type="eat"/>
                    <dep head="16-16" type="advcl"/>
                </token>
                <token content="any" id="16-25">
                    <pos type="DT"/>
                    <lemma type="any"/>
                </token>
                <token content="more" id="16-26">
                    <pos type="RBR"/>
                    <lemma type="more"/>
                    <dep head="16-24" type="advmod"/>
                </token>
                <token content="!" id="16-27"/>
                <token content="''" id="16-28"/>
            </sentence>
            <sentence id="17">
                <token content="," id="17-1"/>
                <token content="&quot;" id="17-2"/>
                <token content="Fun" id="17-3">
                    <pos type="NNP"/>
                    <lemma type="Fun"/>
                </token>
                <token content="," id="17-4"/>
                <token content="this" id="17-5">
                    <pos type="DT"/>
                    <lemma type="this"/>
                </token>
                <token content="has" id="17-6">
                    <pos type="VBZ"/>
                    <lemma type="have"/>
                </token>
                <token content="been" id="17-7">
                    <pos type="VBN"/>
                    <lemma type="be"/>
                </token>
                <token content="my" id="17-8">
                    <pos type="PRP$"/>
                    <lemma type="my"/>
                </token>
                <token content="favorite" id="17-9">
                    <pos type="NN"/>
                    <lemma type="favorite"/>
                </token>
                <token content="so" id="17-10">
                    <pos type="RB"/>
                    <lemma type="so"/>
                </token>
                <token content="far" id="17-11">
                    <pos type="RB"/>
                    <lemma type="far"/>
                </token>
                <token content="!" id="17-12"/>
            </sentence>
        </sentences>
    </text>
    <annotations>
        <participants>
            <label from="1-2" id="0" name="ScrPart_cook" text="I" type="participant"/>
            <label from="1-7" id="1" name="ScrPart_cake" text="cake" type="participant"/>
            <label from="1-9" id="2" name="ScrPart_cook" text="I" type="participant"/>
            <label from="2-1" id="3" name="No_label" text="Nothing" type="participant"/>
            <label from="2-5" id="4" name="ScrPart_cake" text="cake" type="participant"/>
            <label from="2-9" id="5" name="NPart" text="kind" type="participant"/>
            <label from="2-11" id="6" name="NPart" text="junk" type="participant"/>
            <label from="3-1" id="7" name="No_label" text="It" type="participant"/>
            <label from="3-7" id="8" name="NPart" text="weekend" type="participant"/>
            <label from="3-9" id="9" name="ScrPart_cook" text="i" type="participant"/>
            <label from="3-12" id="10" name="NPart" text="hankering" type="participant"/>
            <label from="3-15" id="11" name="ScrPart_cake" text="chocolate cake" to="3-16" type="participant"/>
            <label from="3-16" id="12" name="ScrPart_cake" text="cake" type="participant"/>
            <label from="4-1" id="13" name="ScrPart_cook" text="I" type="participant"/>
            <label from="4-8" id="14" name="ScrPart_ingredients" text="ingredients" type="participant"/>
            <label from="5-1" id="15" name="ScrPart_ingredients" text="They" type="participant"/>
            <label from="5-7" id="16" name="Head_of_Partitive" text="cups" type="participant"/>
            <label from="5-8" id="17" name="ScrPart_ingredients" text="butter" type="participant"/>
            <label from="5-11" id="18" name="ScrPart_ingredients" text="eggs" type="participant"/>
            <label from="5-14" id="19" name="Head_of_Partitive" text="cups" type="participant"/>
            <label from="5-15" id="20" name="ScrPart_ingredients" text="sugar" type="participant"/>
            <label from="5-18" id="21" name="Head_of_Partitive" text="cups" type="participant"/>
            <label from="5-19" id="22" name="ScrPart_ingredients" text="flour" type="participant"/>
            <label from="5-22" id="23" name="Head_of_Partitive" text="cup" type="participant"/>
            <label from="5-24" id="24" name="ScrPart_ingredients" text="cocoa powder" to="5-25" type="participant"/>
            <label from="5-25" id="25" name="ScrPart_ingredients" text="powder" type="participant"/>
            <label from="5-28" id="26" name="Head_of_Partitive" text="teaspoon" type="participant"/>
            <label from="5-29" id="27" name="ScrPart_ingredients" text="baking soda" to="5-30" type="participant"/>
            <label from="5-30" id="28" name="ScrPart_ingredients" text="soda" type="participant"/>
            <label from="5-33" id="29" name="Head_of_Partitive" text="teaspoon" type="participant"/>
            <label from="5-34" id="30" name="ScrPart_ingredients" text="baking powder" to="5-35" type="participant"/>
            <label from="5-35" id="31" name="ScrPart_ingredients" text="powder" type="participant"/>
            <label from="5-38" id="32" name="Head_of_Partitive" text="teaspoon" type="participant"/>
            <label from="5-39" id="33" name="ScrPart_ingredients" text="vanilla" type="participant"/>
            <label from="5-43" id="34" name="Head_of_Partitive" text="cup" type="participant"/>
            <label from="5-44" id="35" name="ScrPart_ingredients" text="milk" type="participant"/>
            <label from="6-1" id="36" name="ScrPart_cook" text="I" type="participant"/>
            <label from="6-3" id="37" name="ScrPart_cook" text="my" type="participant"/>
            <label from="6-4" id="38" name="ScrPart_oven" text="oven" type="participant"/>
            <label from="6-7" id="39" name="ScrPart_temperature" text="degrees" type="participant"/>
            <label from="7-1" id="40" name="ScrPart_cook" text="I" type="participant"/>
            <label from="7-15" id="41" name="ScrPart_cake_tin" text="cake pans" to="7-16" type="participant"/>
            <label from="7-16" id="42" name="ScrPart_cake_tin" text="pans" type="participant"/>
            <label from="8-1" id="43" name="ScrPart_cook" text="I" type="participant"/>
            <label from="8-5" id="44" name="ScrPart_ingredients" text="flour" type="participant"/>
            <label from="8-7" id="45" name="ScrPart_ingredients" text="cocoa powder" to="8-8" type="participant"/>
            <label from="8-8" id="46" name="ScrPart_ingredients" text="powder" type="participant"/>
            <label from="8-10" id="47" name="ScrPart_ingredients" text="baking powder" to="8-11" type="participant"/>
            <label from="8-11" id="48" name="ScrPart_ingredients" text="powder" type="participant"/>
            <label from="8-13" id="49" name="ScrPart_ingredients" text="baking soda" to="8-14" type="participant"/>
            <label from="8-14" id="50" name="ScrPart_ingredients" text="soda" type="participant"/>
            <label from="9-5" id="51" name="ScrPart_utensil" text="bowl" type="participant"/>
            <label from="9-7" id="52" name="ScrPart_cook" text="I" type="participant"/>
            <label from="9-9" id="53" name="ScrPart_ingredients" text="butter" type="participant"/>
            <label from="9-11" id="54" name="ScrPart_ingredients" text="eggs" type="participant"/>
            <label from="9-13" id="55" name="ScrPart_ingredients" text="vanilla" type="participant"/>
            <label from="9-15" id="56" name="ScrPart_ingredients" text="it" type="participant"/>
            <label from="9-17" id="57" name="No_label" text="something" type="participant"/>
            <label from="10-2" id="58" name="ScrPart_cook" text="I" type="participant"/>
            <label from="10-6" id="59" name="NPart" text="goodness" type="participant"/>
            <label from="10-8" id="60" name="ScrPart_ingredients" text="sugar" type="participant"/>
            <label from="10-11" id="61" name="ScrPart_ingredients" text="mix" type="participant"/>
            <label from="11-2" id="62" name="ScrPart_ingredients" text="this" type="participant"/>
            <label from="11-4" id="63" name="NPart" text="medium" type="participant"/>
            <label from="11-7" id="64" name="NPart" text="sound" type="participant"/>
            <label from="11-9" id="65" name="NPart" text="fallout boy" to="11-10" type="participant"/>
            <label from="11-12" id="66" name="ScrPart_cook" text="I" type="participant"/>
            <label from="11-16" id="67" name="ScrPart_ingredients" text="it" type="participant"/>
            <label from="12-1" id="68" name="ScrPart_cook" text="I" type="participant"/>
            <label from="12-7" id="69" name="ScrPart_ingredients" text="flour" type="participant"/>
            <label from="12-8" id="70" name="ScrPart_ingredients" text="mixture" type="participant"/>
            <label from="12-10" id="71" name="ScrPart_ingredients" text="milk" type="participant"/>
            <label from="12-12" id="72" name="ScrPart_dough" text="batter" type="participant"/>
            <label from="13-5" id="73" name="ScrPart_dough" text="batter" type="participant"/>
            <label from="13-9" id="74" name="ScrPart_cook" text="I" type="participant"/>
            <label from="13-13" id="75" name="NPart" text="amounts" type="participant"/>
            <label from="13-15" id="76" name="ScrPart_dough" text="batter" type="participant"/>
            <label from="13-22" id="77" name="ScrPart_cake_tin" text="cake pans" to="13-23" type="participant"/>
            <label from="13-23" id="78" name="ScrPart_cake_tin" text="pans" type="participant"/>
            <label from="14-1" id="79" name="ScrPart_cook" text="I" type="participant"/>
            <label from="14-5" id="80" name="ScrPart_dough" text="mixture" type="participant"/>
            <label from="14-8" id="81" name="ScrPart_oven" text="oven" type="participant"/>
            <label from="14-13" id="82" name="ScrPart_time" text="minutes" type="participant"/>
            <label from="15-2" id="83" name="ScrPart_cook" text="I" type="participant"/>
            <label from="15-8" id="84" name="ScrPart_cake" text="cakes" type="participant"/>
            <label from="15-11" id="85" name="ScrPart_cook" text="I" type="participant"/>
            <label from="15-16" id="86" name="NPart" text="wire cooling rack" to="15-18" type="participant"/>
            <label from="15-17" id="87" name="NPart" text="cooling rack" to="15-18" type="participant"/>
            <label from="15-18" id="88" name="NPart" text="rack" type="participant"/>
            <label from="16-3" id="89" name="ScrPart_time" text="minutes" type="participant"/>
            <label from="16-8" id="90" name="ScrPart_cook" text="I" type="participant"/>
            <label from="16-14" id="91" name="ScrPart_cake" text="cakes" type="participant"/>
            <label from="16-19" id="92" name="NPart" text="bite" type="participant"/>
            <label from="16-21" id="93" name="ScrPart_cook" text="I" type="participant"/>
            <label from="17-3" id="94" name="NPart" text="Fun" type="participant"/>
            <label from="17-8" id="95" name="ScrPart_cook" text="my" type="participant"/>
        </participants>
        <events>
            <label from="1-3" id="96" name="UnrelEv" text="decide" type="event"/>
            <label from="1-5" id="97" name="Evoking" text="bake a cake" to="1-7" type="event"/>
            <label from="1-10" id="98" name="UnrelEv" text="go" type="event"/>
            <label from="2-2" id="99" name="UnrelEv" text="beats" type="event"/>
            <label from="2-10" id="100" name="UnrelEv" text="are" type="event"/>
            <label from="3-2" id="101" name="UnrelEv" text="was" type="event"/>
            <label from="3-10" id="102" name="UnrelEv" text="got" type="event"/>
            <label from="4-3" id="103" name="ScrEv_get_ingredients" text="went out" to="4-4" type="event"/>
            <label from="4-6" id="104" name="ScrEv_get_ingredients" text="bought" type="event"/>
            <label from="5-2" id="105" name="UnrelEv" text="were" type="event"/>
            <label from="5-4" id="106" name="UnrelEv" text="follows" type="event"/>
            <label from="6-2" id="107" name="ScrEv_preheat" text="pre-heated" type="event"/>
            <label from="7-3" id="108" name="ScrEv_grease_cake_tin" text="greased" type="event"/>
            <label from="7-5" id="109" name="RelNScrEv" text="floured" type="event"/>
            <label from="8-2" id="110" name="ScrEv_prepare_ingredients" text="mixed" type="event"/>
            <label from="9-8" id="111" name="ScrEv_prepare_ingredients" text="beat" type="event"/>
            <label from="9-16" id="112" name="UnrelEv" text="stole" type="event"/>
            <label from="10-3" id="113" name="ScrEv_add_ingredients" text="added" type="event"/>
            <label from="11-1" id="114" name="ScrEv_prepare_ingredients" text="Beating" type="event"/>
            <label from="11-13" id="115" name="UnrelEv" text="did" type="event"/>
            <label from="11-19" id="116" name="ScrEv_prepare_ingredients" text="mixed" type="event"/>
            <label from="12-4" id="117" name="ScrEv_prepare_ingredients" text="combined" type="event"/>
            <label from="12-14" id="118" name="ScrEv_make_dough" text="beating" type="event"/>
            <label from="13-3" id="119" name="ScrEv_make_dough" text="beat" type="event"/>
            <label from="13-6" id="120" name="UnrelEv" text="was" type="event"/>
            <label from="13-11" id="121" name="ScrEv_pour_dough" text="poured" type="event"/>
            <label from="13-18" id="122" name="ScrEv_grease_cake_tin" text="greased" type="event"/>
            <label from="13-20" id="123" name="ScrEv_grease_cake_tin" text="floured" type="event"/>
            <label from="14-2" id="124" name="ScrEv_put_cake_oven" text="tossed" type="event"/>
            <label from="14-10" id="125" name="ScrEv_wait" text="bake" type="event"/>
            <label from="15-6" id="126" name="ScrEv_take_out_oven" text="remove" type="event"/>
            <label from="15-13" id="127" name="RelNScrEv" text="placed" type="event"/>
            <label from="16-4" id="128" name="ScrEv_wait" text="passed" type="event"/>
            <label from="16-11" id="129" name="ScrEv_eat" text="destroy" type="event"/>
            <label from="16-16" id="130" name="ScrEv_eat" text="eating" type="event"/>
            <label from="16-24" id="131" name="ScrEv_eat" text="eat" type="event"/>
            <label from="17-7" id="132" name="UnrelEv" text="been" type="event"/>
        </events>
        <chains>
            <chain elements="0 2 9 13 36 37 40 43 52 58 66 68 74 79 83 85 90 93 95"/>
            <chain elements="1 4 12 84 91"/>
            <chain elements="14 15"/>
            <chain elements="22 44 69"/>
            <chain elements="25 46"/>
            <chain elements="30 48"/>
            <chain elements="27 50"/>
            <chain elements="17 53"/>
            <chain elements="56 53 54 55" name="group_butter_egg_vanilla"/>
            <chain elements="18 54"/>
            <chain elements="33 55"/>
            <chain elements="20 60"/>
            <chain elements="61 62 67 70"/>
            <chain elements="35 71"/>
            <chain elements="72 73 76 80"/>
            <chain elements="42 78"/>
            <chain elements="38 81"/>
        </chains>
    </annotations>
</story>
