<?xml version="1.0" encoding="UTF-8" standalone="no"?>
<!DOCTYPE story SYSTEM "../InScript.dtd">
<story id="098" scenario="cake">
    <text>
        <content>One day , a friend and I decided to bake a cake . 
We first looked up ingredients online to make the type of cake we wanted . 
Then we went to the supermarket and bought all of them . 
After bringing all of our ingredients home , we followed the recipe instructions closely to ensure we were not doing anything wrong . 
We put our ingredients together to make sure they were at the right temperature , preheated the oven , and pulled out the proper utensils . 
We then prepared the batter using eggs and some other materials we purchased and then poured them into a pan . 
We then put the pan in the oven and baked it according to the instructions . 
After baking the cake in the oven for the time the recipe told us too , we then double checked to make sure it was done by pushing a knife into the center . 
We saw some crumbs sticking to the knife when we pulled it out so we knew it was ready to eat ! </content>
        <sentences>
            <sentence id="1">
                <token content="One" id="1-1">
                    <pos type="CD"/>
                    <lemma type="one"/>
                </token>
                <token content="day" id="1-2">
                    <pos type="NN"/>
                    <lemma type="day"/>
                    <dep head="1-8" type="tmod"/>
                </token>
                <token content="," id="1-3"/>
                <token content="a" id="1-4">
                    <pos type="DT"/>
                    <lemma type="a"/>
                </token>
                <token content="friend" id="1-5">
                    <pos type="NN"/>
                    <lemma type="friend"/>
                    <dep head="1-8" type="nsubj"/>
                </token>
                <token content="and" id="1-6"/>
                <token content="I" id="1-7">
                    <pos type="PRP"/>
                    <lemma type="I"/>
                </token>
                <token content="decided" id="1-8">
                    <pos type="VBD"/>
                    <lemma type="decide"/>
                </token>
                <token content="to" id="1-9">
                    <pos type="TO"/>
                    <lemma type="to"/>
                    <dep head="1-10" type="aux"/>
                </token>
                <token content="bake" id="1-10">
                    <pos type="VB"/>
                    <lemma type="bake"/>
                    <dep head="1-8" type="xcomp"/>
                </token>
                <token content="a" id="1-11">
                    <pos type="DT"/>
                    <lemma type="a"/>
                </token>
                <token content="cake" id="1-12">
                    <pos type="NN"/>
                    <lemma type="cake"/>
                    <dep head="1-10" type="dobj"/>
                </token>
                <token content="." id="1-13"/>
            </sentence>
            <sentence id="2">
                <token content="We" id="2-1">
                    <pos type="PRP"/>
                    <lemma type="we"/>
                    <dep head="2-3" type="nsubj"/>
                </token>
                <token content="first" id="2-2">
                    <pos type="RB"/>
                    <lemma type="first"/>
                    <dep head="2-3" type="advmod"/>
                </token>
                <token content="looked" id="2-3">
                    <pos type="VBD"/>
                    <lemma type="look"/>
                </token>
                <token content="up" id="2-4">
                    <pos type="RP"/>
                    <lemma type="up"/>
                    <dep head="2-3" type="prt"/>
                </token>
                <token content="ingredients" id="2-5">
                    <pos type="NN"/>
                    <lemma type="ingredient"/>
                    <dep head="2-3" type="prep"/>
                </token>
                <token content="online" id="2-6">
                    <pos type="NN"/>
                    <lemma type="online"/>
                </token>
                <token content="to" id="2-7">
                    <pos type="TO"/>
                    <lemma type="to"/>
                    <dep head="2-8" type="aux"/>
                </token>
                <token content="make" id="2-8">
                    <pos type="VB"/>
                    <lemma type="make"/>
                    <dep head="2-3" type="xcomp"/>
                </token>
                <token content="the" id="2-9">
                    <pos type="DT"/>
                    <lemma type="the"/>
                </token>
                <token content="type" id="2-10">
                    <pos type="NN"/>
                    <lemma type="type"/>
                    <dep head="2-8" type="dobj"/>
                </token>
                <token content="of" id="2-11"/>
                <token content="cake" id="2-12">
                    <pos type="NN"/>
                    <lemma type="cake"/>
                </token>
                <token content="we" id="2-13">
                    <pos type="PRP"/>
                    <lemma type="we"/>
                    <dep head="2-14" type="nsubj"/>
                </token>
                <token content="wanted" id="2-14">
                    <pos type="VBD"/>
                    <lemma type="want"/>
                </token>
                <token content="." id="2-15"/>
            </sentence>
            <sentence id="3">
                <token content="Then" id="3-1">
                    <pos type="RB"/>
                    <lemma type="then"/>
                    <dep head="3-3" type="advmod"/>
                </token>
                <token content="we" id="3-2">
                    <pos type="PRP"/>
                    <lemma type="we"/>
                    <dep head="3-3" type="nsubj"/>
                </token>
                <token content="went" id="3-3">
                    <pos type="VBD"/>
                    <lemma type="go"/>
                </token>
                <token content="to" id="3-4"/>
                <token content="the" id="3-5">
                    <pos type="DT"/>
                    <lemma type="the"/>
                </token>
                <token content="supermarket" id="3-6">
                    <pos type="NN"/>
                    <lemma type="supermarket"/>
                    <dep head="3-3" type="prep"/>
                </token>
                <token content="and" id="3-7"/>
                <token content="bought" id="3-8">
                    <pos type="VBD"/>
                    <lemma type="buy"/>
                    <dep head="3-3" type="conj"/>
                </token>
                <token content="all" id="3-9">
                    <pos type="DT"/>
                    <lemma type="all"/>
                    <dep head="3-8" type="dobj"/>
                </token>
                <token content="of" id="3-10"/>
                <token content="them" id="3-11">
                    <pos type="PRP"/>
                    <lemma type="they"/>
                </token>
                <token content="." id="3-12"/>
            </sentence>
            <sentence id="4">
                <token content="After" id="4-1"/>
                <token content="bringing" id="4-2">
                    <pos type="VBG"/>
                    <lemma type="bring"/>
                    <dep head="4-10" type="prepc"/>
                </token>
                <token content="all" id="4-3">
                    <pos type="DT"/>
                    <lemma type="all"/>
                    <dep head="4-2" type="dobj"/>
                </token>
                <token content="of" id="4-4"/>
                <token content="our" id="4-5">
                    <pos type="PRP$"/>
                    <lemma type="we"/>
                </token>
                <token content="ingredients" id="4-6">
                    <pos type="NNS"/>
                    <lemma type="ingredient"/>
                </token>
                <token content="home" id="4-7">
                    <pos type="NN"/>
                    <lemma type="home"/>
                </token>
                <token content="," id="4-8"/>
                <token content="we" id="4-9">
                    <pos type="PRP"/>
                    <lemma type="we"/>
                    <dep head="4-10" type="nsubj"/>
                </token>
                <token content="followed" id="4-10">
                    <pos type="VBD"/>
                    <lemma type="follow"/>
                </token>
                <token content="the" id="4-11">
                    <pos type="DT"/>
                    <lemma type="the"/>
                </token>
                <token content="recipe" id="4-12">
                    <pos type="NN"/>
                    <lemma type="recipe"/>
                </token>
                <token content="instructions" id="4-13">
                    <pos type="NNS"/>
                    <lemma type="instruction"/>
                    <dep head="4-10" type="dobj"/>
                </token>
                <token content="closely" id="4-14">
                    <pos type="RB"/>
                    <lemma type="closely"/>
                    <dep head="4-10" type="advmod"/>
                </token>
                <token content="to" id="4-15">
                    <pos type="TO"/>
                    <lemma type="to"/>
                    <dep head="4-16" type="aux"/>
                </token>
                <token content="ensure" id="4-16">
                    <pos type="VB"/>
                    <lemma type="ensure"/>
                    <dep head="4-10" type="vmod"/>
                </token>
                <token content="we" id="4-17">
                    <pos type="PRP"/>
                    <lemma type="we"/>
                    <dep head="4-20" type="nsubj"/>
                </token>
                <token content="were" id="4-18">
                    <pos type="VBD"/>
                    <lemma type="be"/>
                    <dep head="4-20" type="aux"/>
                </token>
                <token content="not" id="4-19">
                    <pos type="RB"/>
                    <lemma type="not"/>
                    <dep head="4-20" type="neg"/>
                </token>
                <token content="doing" id="4-20">
                    <pos type="VBG"/>
                    <lemma type="do"/>
                    <dep head="4-16" type="ccomp"/>
                </token>
                <token content="anything" id="4-21">
                    <pos type="NN"/>
                    <lemma type="anything"/>
                </token>
                <token content="wrong" id="4-22">
                    <pos type="JJ"/>
                    <lemma type="wrong"/>
                    <dep head="4-20" type="acomp"/>
                </token>
                <token content="." id="4-23"/>
            </sentence>
            <sentence id="5">
                <token content="We" id="5-1">
                    <pos type="PRP"/>
                    <lemma type="we"/>
                    <dep head="5-2" type="nsubj"/>
                </token>
                <token content="put" id="5-2">
                    <pos type="VBD"/>
                    <lemma type="put"/>
                </token>
                <token content="our" id="5-3">
                    <pos type="PRP$"/>
                    <lemma type="we"/>
                </token>
                <token content="ingredients" id="5-4">
                    <pos type="NNS"/>
                    <lemma type="ingredient"/>
                    <dep head="5-2" type="dobj"/>
                </token>
                <token content="together" id="5-5">
                    <pos type="RB"/>
                    <lemma type="together"/>
                    <dep head="5-2" type="advmod"/>
                </token>
                <token content="to" id="5-6">
                    <pos type="TO"/>
                    <lemma type="to"/>
                    <dep head="5-7" type="aux"/>
                </token>
                <token content="make" id="5-7">
                    <pos type="VB"/>
                    <lemma type="make"/>
                    <dep head="5-2" type="vmod"/>
                </token>
                <token content="sure" id="5-8">
                    <pos type="JJ"/>
                    <lemma type="sure"/>
                    <dep head="5-7" type="acomp"/>
                </token>
                <token content="they" id="5-9">
                    <pos type="PRP"/>
                    <lemma type="they"/>
                    <dep head="5-10" type="nsubj"/>
                </token>
                <token content="were" id="5-10">
                    <pos type="VBD"/>
                    <lemma type="be"/>
                </token>
                <token content="at" id="5-11"/>
                <token content="the" id="5-12">
                    <pos type="DT"/>
                    <lemma type="the"/>
                </token>
                <token content="right" id="5-13">
                    <pos type="JJ"/>
                    <lemma type="right"/>
                </token>
                <token content="temperature" id="5-14">
                    <pos type="NN"/>
                    <lemma type="temperature"/>
                    <dep head="5-10" type="prep"/>
                </token>
                <token content="," id="5-15"/>
                <token content="preheated" id="5-16">
                    <pos type="VBD"/>
                    <lemma type="preheat"/>
                    <dep head="5-2" type="conj"/>
                </token>
                <token content="the" id="5-17">
                    <pos type="DT"/>
                    <lemma type="the"/>
                </token>
                <token content="oven" id="5-18">
                    <pos type="NN"/>
                    <lemma type="oven"/>
                    <dep head="5-16" type="dobj"/>
                </token>
                <token content="," id="5-19"/>
                <token content="and" id="5-20"/>
                <token content="pulled" id="5-21">
                    <pos type="VBD"/>
                    <lemma type="pull"/>
                    <dep head="5-2" type="conj"/>
                </token>
                <token content="out" id="5-22">
                    <pos type="RP"/>
                    <lemma type="out"/>
                    <dep head="5-21" type="prt"/>
                </token>
                <token content="the" id="5-23">
                    <pos type="DT"/>
                    <lemma type="the"/>
                </token>
                <token content="proper" id="5-24">
                    <pos type="JJ"/>
                    <lemma type="proper"/>
                </token>
                <token content="utensils" id="5-25">
                    <pos type="NNS"/>
                    <lemma type="utensil"/>
                    <dep head="5-21" type="dobj"/>
                </token>
                <token content="." id="5-26"/>
            </sentence>
            <sentence id="6">
                <token content="We" id="6-1">
                    <pos type="PRP"/>
                    <lemma type="we"/>
                    <dep head="6-3" type="nsubj"/>
                </token>
                <token content="then" id="6-2">
                    <pos type="RB"/>
                    <lemma type="then"/>
                    <dep head="6-3" type="advmod"/>
                </token>
                <token content="prepared" id="6-3">
                    <pos type="VBD"/>
                    <lemma type="prepare"/>
                    <dep head="6-13" type="dep"/>
                </token>
                <token content="the" id="6-4">
                    <pos type="DT"/>
                    <lemma type="the"/>
                </token>
                <token content="batter" id="6-5">
                    <pos type="NN"/>
                    <lemma type="batter"/>
                    <dep head="6-3" type="dobj"/>
                </token>
                <token content="using" id="6-6">
                    <pos type="VBG"/>
                    <lemma type="use"/>
                </token>
                <token content="eggs" id="6-7">
                    <pos type="NNS"/>
                    <lemma type="egg"/>
                    <dep head="6-6" type="dobj"/>
                </token>
                <token content="and" id="6-8"/>
                <token content="some" id="6-9">
                    <pos type="DT"/>
                    <lemma type="some"/>
                </token>
                <token content="other" id="6-10">
                    <pos type="JJ"/>
                    <lemma type="other"/>
                </token>
                <token content="materials" id="6-11">
                    <pos type="NNS"/>
                    <lemma type="material"/>
                </token>
                <token content="we" id="6-12">
                    <pos type="PRP"/>
                    <lemma type="we"/>
                    <dep head="6-13" type="nsubj"/>
                </token>
                <token content="purchased" id="6-13">
                    <pos type="VBD"/>
                    <lemma type="purchase"/>
                </token>
                <token content="and" id="6-14"/>
                <token content="then" id="6-15">
                    <pos type="RB"/>
                    <lemma type="then"/>
                    <dep head="6-16" type="advmod"/>
                </token>
                <token content="poured" id="6-16">
                    <pos type="VBD"/>
                    <lemma type="pour"/>
                    <dep head="6-13" type="conj"/>
                </token>
                <token content="them" id="6-17">
                    <pos type="PRP"/>
                    <lemma type="they"/>
                    <dep head="6-16" type="dobj"/>
                </token>
                <token content="into" id="6-18"/>
                <token content="a" id="6-19">
                    <pos type="DT"/>
                    <lemma type="a"/>
                </token>
                <token content="pan" id="6-20">
                    <pos type="NN"/>
                    <lemma type="pan"/>
                    <dep head="6-16" type="prep"/>
                </token>
                <token content="." id="6-21"/>
            </sentence>
            <sentence id="7">
                <token content="We" id="7-1">
                    <pos type="PRP"/>
                    <lemma type="we"/>
                    <dep head="7-3" type="nsubj"/>
                </token>
                <token content="then" id="7-2">
                    <pos type="RB"/>
                    <lemma type="then"/>
                    <dep head="7-3" type="advmod"/>
                </token>
                <token content="put" id="7-3">
                    <pos type="VBD"/>
                    <lemma type="put"/>
                </token>
                <token content="the" id="7-4">
                    <pos type="DT"/>
                    <lemma type="the"/>
                </token>
                <token content="pan" id="7-5">
                    <pos type="NN"/>
                    <lemma type="pan"/>
                    <dep head="7-3" type="dobj"/>
                </token>
                <token content="in" id="7-6"/>
                <token content="the" id="7-7">
                    <pos type="DT"/>
                    <lemma type="the"/>
                </token>
                <token content="oven" id="7-8">
                    <pos type="NN"/>
                    <lemma type="oven"/>
                    <dep head="7-3" type="prep"/>
                </token>
                <token content="and" id="7-9"/>
                <token content="baked" id="7-10">
                    <pos type="VBZ"/>
                    <lemma type="bake"/>
                    <dep head="7-3" type="conj"/>
                </token>
                <token content="it" id="7-11">
                    <pos type="PRP"/>
                    <lemma type="it"/>
                    <dep head="7-10" type="dobj"/>
                </token>
                <token content="according" id="7-12"/>
                <token content="to" id="7-13">
                    <pos type="TO"/>
                    <lemma type="to"/>
                    <dep head="7-10" type="prepc"/>
                </token>
                <token content="the" id="7-14">
                    <pos type="DT"/>
                    <lemma type="the"/>
                </token>
                <token content="instructions" id="7-15">
                    <pos type="NNS"/>
                    <lemma type="instruction"/>
                    <dep head="7-10" type="pobj"/>
                </token>
                <token content="." id="7-16"/>
            </sentence>
            <sentence id="8">
                <token content="After" id="8-1"/>
                <token content="baking" id="8-2">
                    <pos type="VBG"/>
                    <lemma type="bake"/>
                    <dep head="8-20" type="prepc"/>
                </token>
                <token content="the" id="8-3">
                    <pos type="DT"/>
                    <lemma type="the"/>
                </token>
                <token content="cake" id="8-4">
                    <pos type="NN"/>
                    <lemma type="cake"/>
                    <dep head="8-2" type="dobj"/>
                </token>
                <token content="in" id="8-5"/>
                <token content="the" id="8-6">
                    <pos type="DT"/>
                    <lemma type="the"/>
                </token>
                <token content="oven" id="8-7">
                    <pos type="NN"/>
                    <lemma type="oven"/>
                </token>
                <token content="for" id="8-8"/>
                <token content="the" id="8-9">
                    <pos type="DT"/>
                    <lemma type="the"/>
                </token>
                <token content="time" id="8-10">
                    <pos type="NN"/>
                    <lemma type="time"/>
                </token>
                <token content="the" id="8-11">
                    <pos type="DT"/>
                    <lemma type="the"/>
                </token>
                <token content="recipe" id="8-12">
                    <pos type="NN"/>
                    <lemma type="recipe"/>
                    <dep head="8-13" type="nsubj"/>
                </token>
                <token content="told" id="8-13">
                    <pos type="VBD"/>
                    <lemma type="tell"/>
                </token>
                <token content="us" id="8-14">
                    <pos type="PRP"/>
                    <lemma type="we"/>
                    <dep head="8-13" type="dobj"/>
                </token>
                <token content="too" id="8-15">
                    <pos type="RB"/>
                    <lemma type="too"/>
                    <dep head="8-13" type="advmod"/>
                </token>
                <token content="," id="8-16"/>
                <token content="we" id="8-17">
                    <pos type="PRP"/>
                    <lemma type="we"/>
                    <dep head="8-20" type="nsubj"/>
                </token>
                <token content="then" id="8-18">
                    <pos type="RB"/>
                    <lemma type="then"/>
                </token>
                <token content="double" id="8-19">
                    <pos type="RB"/>
                    <lemma type="double"/>
                    <dep head="8-20" type="advmod"/>
                </token>
                <token content="checked" id="8-20">
                    <pos type="VBD"/>
                    <lemma type="check"/>
                </token>
                <token content="to" id="8-21">
                    <pos type="TO"/>
                    <lemma type="to"/>
                    <dep head="8-22" type="aux"/>
                </token>
                <token content="make" id="8-22">
                    <pos type="VB"/>
                    <lemma type="make"/>
                    <dep head="8-20" type="xcomp"/>
                </token>
                <token content="sure" id="8-23">
                    <pos type="JJ"/>
                    <lemma type="sure"/>
                    <dep head="8-22" type="acomp"/>
                </token>
                <token content="it" id="8-24">
                    <pos type="PRP"/>
                    <lemma type="it"/>
                    <dep head="8-26" type="nsubjpass"/>
                </token>
                <token content="was" id="8-25">
                    <pos type="VBD"/>
                    <lemma type="be"/>
                    <dep head="8-26" type="auxpass"/>
                </token>
                <token content="done" id="8-26">
                    <pos type="VBN"/>
                    <lemma type="do"/>
                </token>
                <token content="by" id="8-27"/>
                <token content="pushing" id="8-28">
                    <pos type="VBG"/>
                    <lemma type="push"/>
                    <dep head="8-26" type="agent"/>
                </token>
                <token content="a" id="8-29">
                    <pos type="DT"/>
                    <lemma type="a"/>
                </token>
                <token content="knife" id="8-30">
                    <pos type="NN"/>
                    <lemma type="knife"/>
                    <dep head="8-28" type="dobj"/>
                </token>
                <token content="into" id="8-31"/>
                <token content="the" id="8-32">
                    <pos type="DT"/>
                    <lemma type="the"/>
                </token>
                <token content="center" id="8-33">
                    <pos type="NN"/>
                    <lemma type="center"/>
                    <dep head="8-28" type="prep"/>
                </token>
                <token content="." id="8-34"/>
            </sentence>
            <sentence id="9">
                <token content="We" id="9-1">
                    <pos type="PRP"/>
                    <lemma type="we"/>
                    <dep head="9-2" type="nsubj"/>
                </token>
                <token content="saw" id="9-2">
                    <pos type="VBD"/>
                    <lemma type="see"/>
                </token>
                <token content="some" id="9-3">
                    <pos type="DT"/>
                    <lemma type="some"/>
                </token>
                <token content="crumbs" id="9-4">
                    <pos type="NNS"/>
                    <lemma type="crumb"/>
                    <dep head="9-2" type="dobj"/>
                </token>
                <token content="sticking" id="9-5">
                    <pos type="VBG"/>
                    <lemma type="stick"/>
                </token>
                <token content="to" id="9-6"/>
                <token content="the" id="9-7">
                    <pos type="DT"/>
                    <lemma type="the"/>
                </token>
                <token content="knife" id="9-8">
                    <pos type="NN"/>
                    <lemma type="knife"/>
                    <dep head="9-5" type="prep"/>
                </token>
                <token content="when" id="9-9">
                    <pos type="WRB"/>
                    <lemma type="when"/>
                    <dep head="9-11" type="advmod"/>
                </token>
                <token content="we" id="9-10">
                    <pos type="PRP"/>
                    <lemma type="we"/>
                    <dep head="9-11" type="nsubj"/>
                </token>
                <token content="pulled" id="9-11">
                    <pos type="VBD"/>
                    <lemma type="pull"/>
                    <dep head="9-5" type="advcl"/>
                </token>
                <token content="it" id="9-12">
                    <pos type="PRP"/>
                    <lemma type="it"/>
                    <dep head="9-11" type="dobj"/>
                </token>
                <token content="out" id="9-13">
                    <pos type="RP"/>
                    <lemma type="out"/>
                    <dep head="9-11" type="prt"/>
                </token>
                <token content="so" id="9-14">
                    <pos type="IN"/>
                    <lemma type="so"/>
                    <dep head="9-16" type="mark"/>
                </token>
                <token content="we" id="9-15">
                    <pos type="PRP"/>
                    <lemma type="we"/>
                    <dep head="9-16" type="nsubj"/>
                </token>
                <token content="knew" id="9-16">
                    <pos type="VBD"/>
                    <lemma type="know"/>
                    <dep head="9-2" type="advcl"/>
                </token>
                <token content="it" id="9-17">
                    <pos type="PRP"/>
                    <lemma type="it"/>
                </token>
                <token content="was" id="9-18">
                    <pos type="VBD"/>
                    <lemma type="be"/>
                </token>
                <token content="ready" id="9-19">
                    <pos type="JJ"/>
                    <lemma type="ready"/>
                    <dep head="9-16" type="ccomp"/>
                </token>
                <token content="to" id="9-20">
                    <pos type="TO"/>
                    <lemma type="to"/>
                    <dep head="9-21" type="aux"/>
                </token>
                <token content="eat" id="9-21">
                    <pos type="VB"/>
                    <lemma type="eat"/>
                </token>
                <token content="!" id="9-22"/>
            </sentence>
        </sentences>
    </text>
    <annotations>
        <participants>
            <label from="1-2" id="0" name="NPart" text="day" type="participant"/>
            <label from="1-4" id="1" name="ScrPart_cook" text="a friend and I" to="1-7" type="participant"/>
            <label from="1-4" id="2" name="ScrPart_cook" text="a friend" to="1-5" type="participant"/>
            <label from="1-7" id="3" name="ScrPart_cook" text="I" type="participant"/>
            <label from="1-12" id="4" name="ScrPart_cake" text="cake" type="participant"/>
            <label from="2-1" id="5" name="ScrPart_cook" text="We" type="participant"/>
            <label from="2-5" id="6" name="ScrPart_ingredients" text="ingredients" type="participant"/>
            <label from="2-6" id="7" name="ScrPart_recipe_source" text="online" type="participant"/>
            <label from="2-10" id="8" name="Head_of_Partitive" text="type" type="participant"/>
            <label from="2-12" id="9" name="ScrPart_cake" text="cake" type="participant"/>
            <label from="2-13" id="10" name="ScrPart_cook" text="we" type="participant"/>
            <label from="3-2" id="11" name="ScrPart_cook" text="we" type="participant"/>
            <label from="3-6" id="12" name="ScrPart_store" text="supermarket" type="participant"/>
            <label from="3-11" id="13" name="ScrPart_ingredients" text="them" type="participant"/>
            <label from="4-5" id="14" name="ScrPart_cook" text="our" type="participant"/>
            <label from="4-6" id="15" name="ScrPart_ingredients" text="ingredients" type="participant"/>
            <label from="4-7" id="16" name="ScrPart_kitchen/location" text="home" type="participant"/>
            <label from="4-9" id="17" name="ScrPart_cook" text="we" type="participant"/>
            <label from="4-12" id="18" name="ScrPart_baking_instructions" text="recipe instructions" to="4-13" type="participant"/>
            <label from="4-13" id="19" name="ScrPart_baking_instructions" text="instructions" type="participant"/>
            <label from="4-17" id="20" name="ScrPart_cook" text="we" type="participant"/>
            <label from="4-21" id="21" name="No_label" text="anything" type="participant"/>
            <label from="5-1" id="22" name="ScrPart_cook" text="We" type="participant"/>
            <label from="5-3" id="23" name="ScrPart_cook" text="our" type="participant"/>
            <label from="5-4" id="24" name="ScrPart_ingredients" text="ingredients" type="participant"/>
            <label from="5-9" id="25" name="ScrPart_ingredients" text="they" type="participant"/>
            <label from="5-14" id="26" name="ScrPart_temperature" text="temperature" type="participant"/>
            <label from="5-18" id="27" name="ScrPart_oven" text="oven" type="participant"/>
            <label from="5-25" id="28" name="ScrPart_utensil" text="utensils" type="participant"/>
            <label from="6-1" id="29" name="ScrPart_cook" text="We" type="participant"/>
            <label from="6-5" id="30" name="ScrPart_dough" text="batter" type="participant"/>
            <label from="6-7" id="31" name="ScrPart_ingredients" text="eggs" type="participant"/>
            <label from="6-11" id="32" name="ScrPart_ingredients" text="materials" type="participant"/>
            <label from="6-12" id="33" name="ScrPart_cook" text="we" type="participant"/>
            <label from="6-17" id="34" name="ScrPart_dough" text="them" type="participant"/>
            <label from="6-20" id="35" name="ScrPart_cake_tin" text="pan" type="participant"/>
            <label from="7-1" id="36" name="ScrPart_cook" text="We" type="participant"/>
            <label from="7-5" id="37" name="ScrPart_cake_tin" text="pan" type="participant"/>
            <label from="7-8" id="38" name="ScrPart_oven" text="oven" type="participant"/>
            <label from="7-11" id="39" name="ScrPart_cake" text="it" type="participant"/>
            <label from="7-15" id="40" name="ScrPart_baking_instructions" text="instructions" type="participant"/>
            <label from="8-4" id="41" name="ScrPart_cake" text="cake" type="participant"/>
            <label from="8-7" id="42" name="ScrPart_oven" text="oven" type="participant"/>
            <label from="8-10" id="43" name="No_label" text="time" type="participant"/>
            <label from="8-12" id="44" name="ScrPart_baking_instructions" text="recipe" type="participant"/>
            <label from="8-14" id="45" name="ScrPart_cook" text="us" type="participant"/>
            <label from="8-17" id="46" name="ScrPart_cook" text="we" type="participant"/>
            <label from="8-24" id="47" name="ScrPart_cake" text="it" type="participant"/>
            <label from="8-30" id="48" name="ScrPart_utensil" text="knife" type="participant"/>
            <label from="8-33" id="49" name="NPart" text="center" type="participant"/>
            <label from="9-1" id="50" name="ScrPart_cook" text="We" type="participant"/>
            <label from="9-4" id="51" name="NPart" text="crumbs" type="participant"/>
            <label from="9-8" id="52" name="ScrPart_utensil" text="knife" type="participant"/>
            <label from="9-10" id="53" name="ScrPart_cook" text="we" type="participant"/>
            <label from="9-12" id="54" name="ScrPart_utensil" text="it" type="participant"/>
            <label from="9-15" id="55" name="ScrPart_cook" text="we" type="participant"/>
            <label from="9-17" id="56" name="ScrPart_cake" text="it" type="participant"/>
        </participants>
        <events>
            <label from="1-8" id="57" name="UnrelEv" text="decided" type="event"/>
            <label from="1-10" id="58" name="Evoking" text="bake a cake" to="1-12" type="event"/>
            <label from="2-3" id="59" name="ScrEv_choose_recipe" text="looked up" to="2-4" type="event"/>
            <label from="2-3" id="60" name="ScrEv_choose_recipe" text="looked" type="event"/>
            <label from="2-8" id="61" name="RelNScrEv" text="make" type="event"/>
            <label from="2-14" id="62" name="UnrelEv" text="wanted" type="event"/>
            <label from="3-3" id="63" name="ScrEv_other" text="went" type="event"/>
            <label from="3-8" id="64" name="ScrEv_get_ingredients" text="bought" type="event"/>
            <label from="4-2" id="65" name="ScrEv_other" text="bringing" type="event"/>
            <label from="4-10" id="66" name="RelNScrEv" text="followed" type="event"/>
            <label from="4-16" id="67" name="UnrelEv" text="ensure" type="event"/>
            <label from="4-20" id="68" name="UnrelEv" text="doing" type="event"/>
            <label from="5-2" id="69" name="ScrEv_prepare_ingredients" text="put" type="event"/>
            <label from="5-7" id="70" name="UnrelEv" text="make sure" to="5-8" type="event"/>
            <label from="5-7" id="71" name="UnrelEv" text="make" type="event"/>
            <label from="5-16" id="72" name="ScrEv_preheat" text="preheated" type="event"/>
            <label from="5-21" id="73" name="ScrEv_get_utensils" text="pulled out" to="5-22" type="event"/>
            <label from="5-21" id="74" name="ScrEv_get_utensils" text="pulled" type="event"/>
            <label from="6-3" id="75" name="ScrEv_make_dough" text="prepared" type="event"/>
            <label from="6-6" id="76" name="UnrelEv" text="using" type="event"/>
            <label from="6-13" id="77" name="UnrelEv" text="purchased" type="event"/>
            <label from="6-16" id="78" name="ScrEv_pour_dough" text="poured" type="event"/>
            <label from="7-3" id="79" name="ScrEv_put_cake_oven" text="put" type="event"/>
            <label from="7-10" id="80" name="RelNScrEv" text="baked" type="event"/>
            <label from="8-2" id="81" name="Evoking" text="baking the cake" to="8-4" type="event"/>
            <label from="8-13" id="82" name="UnrelEv" text="told" type="event"/>
            <label from="8-20" id="83" name="ScrEv_check" text="checked" type="event"/>
            <label from="8-22" id="84" name="UnrelEv" text="make sure" to="8-23" type="event"/>
            <label from="8-22" id="85" name="UnrelEv" text="make" type="event"/>
            <label from="8-26" id="86" name="UnrelEv" text="done" type="event"/>
            <label from="8-28" id="87" name="ScrEv_check" text="pushing" type="event"/>
            <label from="9-2" id="88" name="UnrelEv" text="saw" type="event"/>
            <label from="9-11" id="89" name="UnrelEv" text="pulled" type="event"/>
            <label from="9-18" id="90" name="UnrelEv" text="was" type="event"/>
            <label from="9-21" id="91" name="ScrEv_eat" text="eat" type="event"/>
        </events>
        <chains>
            <chain elements="1 5 10 11 17 20 22 29 33 36 45 50 55"/>
            <chain elements="4 9 39 41 47 56"/>
            <chain elements="6 13 15"/>
            <chain elements="24 25"/>
            <chain elements="30 34"/>
            <chain elements="27 38 42"/>
            <chain elements="19 40 44"/>
            <chain elements="48 52 54"/>
        </chains>
    </annotations>
</story>
