<?xml version="1.0" encoding="UTF-8" standalone="no"?>
<!DOCTYPE story SYSTEM "../InScript.dtd">
<story id="068" scenario="cake">
    <text>
        <content>It was my little sister 's birthday and I wanted to bake her a cake . 
I found a recipe for chocolate cake , which I knew was her favorite . 
I gathered together all of the ingredients along with a bowl and a mixer . 
I measured out the flour , sugar , vanilla , chocolate , eggs , and water and put them into the bowl . 
I used the electric mixer to mix the batter until it was very smooth . 
I greased a cake pan and put a little flour into the bottom and shook it around . 
This would keep the cake from sticking to the pan while it cooked . 
I poured the batter into the pan and placed it in the oven , which I had preheated to 350 degrees . 
I set a timer for 35 minutes . 
While the cake was baking , I mixed together some sugar , vanilla and milk to make frosting . 
When the timer sounded , I took the cake out of the oven and let it cool . 
I turned it upside down onto a serving platter and put the frosting on . 
I used a special frosting bag and tip to write '' `` Happy Birthday '' '' on the top . 
My sister loved it ! </content>
        <sentences>
            <sentence id="1">
                <token content="It" id="1-1">
                    <pos type="PRP"/>
                    <lemma type="it"/>
                </token>
                <token content="was" id="1-2">
                    <pos type="VBD"/>
                    <lemma type="be"/>
                </token>
                <token content="my" id="1-3">
                    <pos type="PRP$"/>
                    <lemma type="my"/>
                </token>
                <token content="little" id="1-4">
                    <pos type="JJ"/>
                    <lemma type="little"/>
                </token>
                <token content="sister" id="1-5">
                    <pos type="NN"/>
                    <lemma type="sister"/>
                </token>
                <token content="'s" id="1-6"/>
                <token content="birthday" id="1-7">
                    <pos type="NN"/>
                    <lemma type="birthday"/>
                </token>
                <token content="and" id="1-8"/>
                <token content="I" id="1-9">
                    <pos type="PRP"/>
                    <lemma type="I"/>
                    <dep head="1-10" type="nsubj"/>
                </token>
                <token content="wanted" id="1-10">
                    <pos type="VBD"/>
                    <lemma type="want"/>
                </token>
                <token content="to" id="1-11">
                    <pos type="TO"/>
                    <lemma type="to"/>
                    <dep head="1-12" type="aux"/>
                </token>
                <token content="bake" id="1-12">
                    <pos type="VB"/>
                    <lemma type="bake"/>
                    <dep head="1-10" type="xcomp"/>
                </token>
                <token content="her" id="1-13">
                    <pos type="PRP"/>
                    <lemma type="she"/>
                </token>
                <token content="a" id="1-14">
                    <pos type="DT"/>
                    <lemma type="a"/>
                </token>
                <token content="cake" id="1-15">
                    <pos type="NN"/>
                    <lemma type="cake"/>
                    <dep head="1-12" type="xcomp"/>
                </token>
                <token content="." id="1-16"/>
            </sentence>
            <sentence id="2">
                <token content="I" id="2-1">
                    <pos type="PRP"/>
                    <lemma type="I"/>
                    <dep head="2-2" type="nsubj"/>
                </token>
                <token content="found" id="2-2">
                    <pos type="VBD"/>
                    <lemma type="find"/>
                </token>
                <token content="a" id="2-3">
                    <pos type="DT"/>
                    <lemma type="a"/>
                </token>
                <token content="recipe" id="2-4">
                    <pos type="NN"/>
                    <lemma type="recipe"/>
                </token>
                <token content="for" id="2-5"/>
                <token content="chocolate" id="2-6">
                    <pos type="NN"/>
                    <lemma type="chocolate"/>
                </token>
                <token content="cake" id="2-7">
                    <pos type="NN"/>
                    <lemma type="cake"/>
                </token>
                <token content="," id="2-8"/>
                <token content="which" id="2-9">
                    <pos type="WDT"/>
                    <lemma type="which"/>
                    <dep head="2-11" type="dobj"/>
                </token>
                <token content="I" id="2-10">
                    <pos type="PRP"/>
                    <lemma type="I"/>
                    <dep head="2-11" type="nsubj"/>
                </token>
                <token content="knew" id="2-11">
                    <pos type="VBD"/>
                    <lemma type="know"/>
                </token>
                <token content="was" id="2-12">
                    <pos type="VBD"/>
                    <lemma type="be"/>
                </token>
                <token content="her" id="2-13">
                    <pos type="PRP$"/>
                    <lemma type="she"/>
                </token>
                <token content="favorite" id="2-14">
                    <pos type="NN"/>
                    <lemma type="favorite"/>
                    <dep head="2-2" type="ccomp"/>
                </token>
                <token content="." id="2-15"/>
            </sentence>
            <sentence id="3">
                <token content="I" id="3-1">
                    <pos type="PRP"/>
                    <lemma type="I"/>
                    <dep head="3-2" type="nsubj"/>
                </token>
                <token content="gathered" id="3-2">
                    <pos type="VBD"/>
                    <lemma type="gather"/>
                </token>
                <token content="together" id="3-3">
                    <pos type="RP"/>
                    <lemma type="together"/>
                    <dep head="3-2" type="prt"/>
                </token>
                <token content="all" id="3-4">
                    <pos type="DT"/>
                    <lemma type="all"/>
                    <dep head="3-2" type="dobj"/>
                </token>
                <token content="of" id="3-5"/>
                <token content="the" id="3-6">
                    <pos type="DT"/>
                    <lemma type="the"/>
                </token>
                <token content="ingredients" id="3-7">
                    <pos type="NNS"/>
                    <lemma type="ingredient"/>
                </token>
                <token content="along" id="3-8"/>
                <token content="with" id="3-9"/>
                <token content="a" id="3-10">
                    <pos type="DT"/>
                    <lemma type="a"/>
                </token>
                <token content="bowl" id="3-11">
                    <pos type="NN"/>
                    <lemma type="bowl"/>
                    <dep head="3-2" type="prep"/>
                </token>
                <token content="and" id="3-12"/>
                <token content="a" id="3-13">
                    <pos type="DT"/>
                    <lemma type="a"/>
                </token>
                <token content="mixer" id="3-14">
                    <pos type="NN"/>
                    <lemma type="mixer"/>
                </token>
                <token content="." id="3-15"/>
            </sentence>
            <sentence id="4">
                <token content="I" id="4-1">
                    <pos type="PRP"/>
                    <lemma type="I"/>
                    <dep head="4-2" type="nsubj"/>
                </token>
                <token content="measured" id="4-2">
                    <pos type="VBD"/>
                    <lemma type="measure"/>
                </token>
                <token content="out" id="4-3">
                    <pos type="RP"/>
                    <lemma type="out"/>
                    <dep head="4-2" type="prt"/>
                </token>
                <token content="the" id="4-4">
                    <pos type="DT"/>
                    <lemma type="the"/>
                </token>
                <token content="flour" id="4-5">
                    <pos type="NN"/>
                    <lemma type="flour"/>
                    <dep head="4-2" type="dobj"/>
                </token>
                <token content="," id="4-6"/>
                <token content="sugar" id="4-7">
                    <pos type="NN"/>
                    <lemma type="sugar"/>
                </token>
                <token content="," id="4-8"/>
                <token content="vanilla" id="4-9">
                    <pos type="NN"/>
                    <lemma type="vanilla"/>
                </token>
                <token content="," id="4-10"/>
                <token content="chocolate" id="4-11">
                    <pos type="NN"/>
                    <lemma type="chocolate"/>
                </token>
                <token content="," id="4-12"/>
                <token content="eggs" id="4-13">
                    <pos type="NNS"/>
                    <lemma type="egg"/>
                </token>
                <token content="," id="4-14"/>
                <token content="and" id="4-15"/>
                <token content="water" id="4-16">
                    <pos type="NN"/>
                    <lemma type="water"/>
                </token>
                <token content="and" id="4-17"/>
                <token content="put" id="4-18">
                    <pos type="VBD"/>
                    <lemma type="put"/>
                    <dep head="4-2" type="conj"/>
                </token>
                <token content="them" id="4-19">
                    <pos type="PRP"/>
                    <lemma type="they"/>
                    <dep head="4-18" type="dobj"/>
                </token>
                <token content="into" id="4-20"/>
                <token content="the" id="4-21">
                    <pos type="DT"/>
                    <lemma type="the"/>
                </token>
                <token content="bowl" id="4-22">
                    <pos type="NN"/>
                    <lemma type="bowl"/>
                    <dep head="4-18" type="prep"/>
                </token>
                <token content="." id="4-23"/>
            </sentence>
            <sentence id="5">
                <token content="I" id="5-1">
                    <pos type="PRP"/>
                    <lemma type="I"/>
                    <dep head="5-2" type="nsubj"/>
                </token>
                <token content="used" id="5-2">
                    <pos type="VBD"/>
                    <lemma type="use"/>
                </token>
                <token content="the" id="5-3">
                    <pos type="DT"/>
                    <lemma type="the"/>
                </token>
                <token content="electric" id="5-4">
                    <pos type="JJ"/>
                    <lemma type="electric"/>
                </token>
                <token content="mixer" id="5-5">
                    <pos type="NN"/>
                    <lemma type="mixer"/>
                    <dep head="5-2" type="dobj"/>
                </token>
                <token content="to" id="5-6">
                    <pos type="TO"/>
                    <lemma type="to"/>
                    <dep head="5-7" type="aux"/>
                </token>
                <token content="mix" id="5-7">
                    <pos type="VB"/>
                    <lemma type="mix"/>
                    <dep head="5-2" type="vmod"/>
                </token>
                <token content="the" id="5-8">
                    <pos type="DT"/>
                    <lemma type="the"/>
                </token>
                <token content="batter" id="5-9">
                    <pos type="NN"/>
                    <lemma type="batter"/>
                    <dep head="5-7" type="dobj"/>
                </token>
                <token content="until" id="5-10">
                    <pos type="IN"/>
                    <lemma type="until"/>
                </token>
                <token content="it" id="5-11">
                    <pos type="PRP"/>
                    <lemma type="it"/>
                </token>
                <token content="was" id="5-12">
                    <pos type="VBD"/>
                    <lemma type="be"/>
                </token>
                <token content="very" id="5-13">
                    <pos type="RB"/>
                    <lemma type="very"/>
                </token>
                <token content="smooth" id="5-14">
                    <pos type="JJ"/>
                    <lemma type="smooth"/>
                    <dep head="5-7" type="advcl"/>
                </token>
                <token content="." id="5-15"/>
            </sentence>
            <sentence id="6">
                <token content="I" id="6-1">
                    <pos type="PRP"/>
                    <lemma type="I"/>
                    <dep head="6-2" type="nsubj"/>
                </token>
                <token content="greased" id="6-2">
                    <pos type="VBD"/>
                    <lemma type="grease"/>
                </token>
                <token content="a" id="6-3">
                    <pos type="DT"/>
                    <lemma type="a"/>
                </token>
                <token content="cake" id="6-4">
                    <pos type="NN"/>
                    <lemma type="cake"/>
                    <dep head="6-5" type="nsubj"/>
                </token>
                <token content="pan" id="6-5">
                    <pos type="VB"/>
                    <lemma type="pan"/>
                    <dep head="6-2" type="ccomp"/>
                </token>
                <token content="and" id="6-6"/>
                <token content="put" id="6-7">
                    <pos type="VB"/>
                    <lemma type="put"/>
                    <dep head="6-5" type="conj"/>
                </token>
                <token content="a" id="6-8">
                    <pos type="DT"/>
                    <lemma type="a"/>
                </token>
                <token content="little" id="6-9">
                    <pos type="JJ"/>
                    <lemma type="little"/>
                </token>
                <token content="flour" id="6-10">
                    <pos type="NN"/>
                    <lemma type="flour"/>
                    <dep head="6-5" type="dobj"/>
                </token>
                <token content="into" id="6-11"/>
                <token content="the" id="6-12">
                    <pos type="DT"/>
                    <lemma type="the"/>
                </token>
                <token content="bottom" id="6-13">
                    <pos type="NN"/>
                    <lemma type="bottom"/>
                    <dep head="6-5" type="prep"/>
                </token>
                <token content="and" id="6-14"/>
                <token content="shook" id="6-15">
                    <pos type="VBD"/>
                    <lemma type="shake"/>
                    <dep head="6-2" type="conj"/>
                </token>
                <token content="it" id="6-16">
                    <pos type="PRP"/>
                    <lemma type="it"/>
                    <dep head="6-15" type="dobj"/>
                </token>
                <token content="around" id="6-17">
                    <pos type="RB"/>
                    <lemma type="around"/>
                    <dep head="6-15" type="advmod"/>
                </token>
                <token content="." id="6-18"/>
            </sentence>
            <sentence id="7">
                <token content="This" id="7-1">
                    <pos type="DT"/>
                    <lemma type="this"/>
                    <dep head="7-3" type="nsubj"/>
                </token>
                <token content="would" id="7-2">
                    <pos type="MD"/>
                    <lemma type="would"/>
                    <dep head="7-3" type="aux"/>
                </token>
                <token content="keep" id="7-3">
                    <pos type="VB"/>
                    <lemma type="keep"/>
                </token>
                <token content="the" id="7-4">
                    <pos type="DT"/>
                    <lemma type="the"/>
                </token>
                <token content="cake" id="7-5">
                    <pos type="NN"/>
                    <lemma type="cake"/>
                    <dep head="7-3" type="dobj"/>
                </token>
                <token content="from" id="7-6"/>
                <token content="sticking" id="7-7">
                    <pos type="VBG"/>
                    <lemma type="stick"/>
                    <dep head="7-3" type="prepc"/>
                </token>
                <token content="to" id="7-8"/>
                <token content="the" id="7-9">
                    <pos type="DT"/>
                    <lemma type="the"/>
                </token>
                <token content="pan" id="7-10">
                    <pos type="NN"/>
                    <lemma type="pan"/>
                    <dep head="7-7" type="prep"/>
                </token>
                <token content="while" id="7-11">
                    <pos type="IN"/>
                    <lemma type="while"/>
                    <dep head="7-13" type="mark"/>
                </token>
                <token content="it" id="7-12">
                    <pos type="PRP"/>
                    <lemma type="it"/>
                    <dep head="7-13" type="nsubj"/>
                </token>
                <token content="cooked" id="7-13">
                    <pos type="VBD"/>
                    <lemma type="cook"/>
                    <dep head="7-3" type="advcl"/>
                </token>
                <token content="." id="7-14"/>
            </sentence>
            <sentence id="8">
                <token content="I" id="8-1">
                    <pos type="PRP"/>
                    <lemma type="I"/>
                    <dep head="8-2" type="nsubj"/>
                </token>
                <token content="poured" id="8-2">
                    <pos type="VBD"/>
                    <lemma type="pour"/>
                </token>
                <token content="the" id="8-3">
                    <pos type="DT"/>
                    <lemma type="the"/>
                </token>
                <token content="batter" id="8-4">
                    <pos type="NN"/>
                    <lemma type="batter"/>
                    <dep head="8-2" type="dobj"/>
                </token>
                <token content="into" id="8-5"/>
                <token content="the" id="8-6">
                    <pos type="DT"/>
                    <lemma type="the"/>
                </token>
                <token content="pan" id="8-7">
                    <pos type="NN"/>
                    <lemma type="pan"/>
                    <dep head="8-2" type="prep"/>
                </token>
                <token content="and" id="8-8"/>
                <token content="placed" id="8-9">
                    <pos type="VBD"/>
                    <lemma type="place"/>
                    <dep head="8-2" type="conj"/>
                </token>
                <token content="it" id="8-10">
                    <pos type="PRP"/>
                    <lemma type="it"/>
                    <dep head="8-9" type="dobj"/>
                </token>
                <token content="in" id="8-11"/>
                <token content="the" id="8-12">
                    <pos type="DT"/>
                    <lemma type="the"/>
                </token>
                <token content="oven" id="8-13">
                    <pos type="NN"/>
                    <lemma type="oven"/>
                    <dep head="8-9" type="prep"/>
                </token>
                <token content="," id="8-14"/>
                <token content="which" id="8-15">
                    <pos type="WDT"/>
                    <lemma type="which"/>
                    <dep head="8-18" type="dobj"/>
                </token>
                <token content="I" id="8-16">
                    <pos type="PRP"/>
                    <lemma type="I"/>
                    <dep head="8-18" type="nsubj"/>
                </token>
                <token content="had" id="8-17">
                    <pos type="VBD"/>
                    <lemma type="have"/>
                    <dep head="8-18" type="aux"/>
                </token>
                <token content="preheated" id="8-18">
                    <pos type="VBN"/>
                    <lemma type="preheat"/>
                </token>
                <token content="to" id="8-19"/>
                <token content="350" id="8-20">
                    <pos type="CD"/>
                    <lemma type="350"/>
                </token>
                <token content="degrees" id="8-21">
                    <pos type="NNS"/>
                    <lemma type="degree"/>
                    <dep head="8-18" type="prep"/>
                </token>
                <token content="." id="8-22"/>
            </sentence>
            <sentence id="9">
                <token content="I" id="9-1">
                    <pos type="PRP"/>
                    <lemma type="I"/>
                    <dep head="9-2" type="nsubj"/>
                </token>
                <token content="set" id="9-2">
                    <pos type="VBD"/>
                    <lemma type="set"/>
                </token>
                <token content="a" id="9-3">
                    <pos type="DT"/>
                    <lemma type="a"/>
                </token>
                <token content="timer" id="9-4">
                    <pos type="NN"/>
                    <lemma type="timer"/>
                    <dep head="9-2" type="dobj"/>
                </token>
                <token content="for" id="9-5"/>
                <token content="35" id="9-6">
                    <pos type="CD"/>
                    <lemma type="35"/>
                </token>
                <token content="minutes" id="9-7">
                    <pos type="NNS"/>
                    <lemma type="minute"/>
                    <dep head="9-2" type="prep"/>
                </token>
                <token content="." id="9-8"/>
            </sentence>
            <sentence id="10">
                <token content="While" id="10-1">
                    <pos type="IN"/>
                    <lemma type="while"/>
                    <dep head="10-5" type="mark"/>
                </token>
                <token content="the" id="10-2">
                    <pos type="DT"/>
                    <lemma type="the"/>
                </token>
                <token content="cake" id="10-3">
                    <pos type="NN"/>
                    <lemma type="cake"/>
                    <dep head="10-5" type="nsubj"/>
                </token>
                <token content="was" id="10-4">
                    <pos type="VBD"/>
                    <lemma type="be"/>
                    <dep head="10-5" type="aux"/>
                </token>
                <token content="baking" id="10-5">
                    <pos type="VBG"/>
                    <lemma type="bake"/>
                    <dep head="10-8" type="advcl"/>
                </token>
                <token content="," id="10-6"/>
                <token content="I" id="10-7">
                    <pos type="PRP"/>
                    <lemma type="I"/>
                    <dep head="10-8" type="nsubj"/>
                </token>
                <token content="mixed" id="10-8">
                    <pos type="VBD"/>
                    <lemma type="mix"/>
                </token>
                <token content="together" id="10-9">
                    <pos type="RP"/>
                    <lemma type="together"/>
                    <dep head="10-8" type="prt"/>
                </token>
                <token content="some" id="10-10">
                    <pos type="DT"/>
                    <lemma type="some"/>
                </token>
                <token content="sugar" id="10-11">
                    <pos type="NN"/>
                    <lemma type="sugar"/>
                    <dep head="10-8" type="dobj"/>
                </token>
                <token content="," id="10-12"/>
                <token content="vanilla" id="10-13">
                    <pos type="NN"/>
                    <lemma type="vanilla"/>
                </token>
                <token content="and" id="10-14"/>
                <token content="milk" id="10-15">
                    <pos type="NN"/>
                    <lemma type="milk"/>
                </token>
                <token content="to" id="10-16">
                    <pos type="TO"/>
                    <lemma type="to"/>
                    <dep head="10-17" type="aux"/>
                </token>
                <token content="make" id="10-17">
                    <pos type="VB"/>
                    <lemma type="make"/>
                    <dep head="10-8" type="vmod"/>
                </token>
                <token content="frosting" id="10-18">
                    <pos type="NN"/>
                    <lemma type="frosting"/>
                    <dep head="10-17" type="dobj"/>
                </token>
                <token content="." id="10-19"/>
            </sentence>
            <sentence id="11">
                <token content="When" id="11-1">
                    <pos type="WRB"/>
                    <lemma type="when"/>
                    <dep head="11-4" type="advmod"/>
                </token>
                <token content="the" id="11-2">
                    <pos type="DT"/>
                    <lemma type="the"/>
                </token>
                <token content="timer" id="11-3">
                    <pos type="NN"/>
                    <lemma type="timer"/>
                    <dep head="11-4" type="nsubj"/>
                </token>
                <token content="sounded" id="11-4">
                    <pos type="VBD"/>
                    <lemma type="sound"/>
                    <dep head="11-7" type="advcl"/>
                </token>
                <token content="," id="11-5"/>
                <token content="I" id="11-6">
                    <pos type="PRP"/>
                    <lemma type="I"/>
                    <dep head="11-7" type="nsubj"/>
                </token>
                <token content="took" id="11-7">
                    <pos type="VBD"/>
                    <lemma type="take"/>
                </token>
                <token content="the" id="11-8">
                    <pos type="DT"/>
                    <lemma type="the"/>
                </token>
                <token content="cake" id="11-9">
                    <pos type="NN"/>
                    <lemma type="cake"/>
                    <dep head="11-7" type="dobj"/>
                </token>
                <token content="out" id="11-10"/>
                <token content="of" id="11-11"/>
                <token content="the" id="11-12">
                    <pos type="DT"/>
                    <lemma type="the"/>
                </token>
                <token content="oven" id="11-13">
                    <pos type="NN"/>
                    <lemma type="oven"/>
                    <dep head="11-7" type="prep"/>
                </token>
                <token content="and" id="11-14"/>
                <token content="let" id="11-15">
                    <pos type="VBD"/>
                    <lemma type="let"/>
                    <dep head="11-7" type="conj"/>
                </token>
                <token content="it" id="11-16">
                    <pos type="PRP"/>
                    <lemma type="it"/>
                </token>
                <token content="cool" id="11-17">
                    <pos type="JJ"/>
                    <lemma type="cool"/>
                    <dep head="11-15" type="xcomp"/>
                </token>
                <token content="." id="11-18"/>
            </sentence>
            <sentence id="12">
                <token content="I" id="12-1">
                    <pos type="PRP"/>
                    <lemma type="I"/>
                    <dep head="12-2" type="nsubj"/>
                </token>
                <token content="turned" id="12-2">
                    <pos type="VBD"/>
                    <lemma type="turn"/>
                </token>
                <token content="it" id="12-3">
                    <pos type="PRP"/>
                    <lemma type="it"/>
                    <dep head="12-2" type="dobj"/>
                </token>
                <token content="upside" id="12-4">
                    <pos type="RB"/>
                    <lemma type="upside"/>
                </token>
                <token content="down" id="12-5">
                    <pos type="RB"/>
                    <lemma type="down"/>
                    <dep head="12-2" type="advmod"/>
                </token>
                <token content="onto" id="12-6"/>
                <token content="a" id="12-7">
                    <pos type="DT"/>
                    <lemma type="a"/>
                </token>
                <token content="serving" id="12-8">
                    <pos type="JJ"/>
                    <lemma type="serving"/>
                </token>
                <token content="platter" id="12-9">
                    <pos type="NN"/>
                    <lemma type="platter"/>
                </token>
                <token content="and" id="12-10"/>
                <token content="put" id="12-11">
                    <pos type="VBP"/>
                    <lemma type="put"/>
                    <dep head="12-2" type="conj"/>
                </token>
                <token content="the" id="12-12">
                    <pos type="DT"/>
                    <lemma type="the"/>
                </token>
                <token content="frosting" id="12-13">
                    <pos type="NN"/>
                    <lemma type="frosting"/>
                    <dep head="12-11" type="dobj"/>
                </token>
                <token content="on" id="12-14">
                    <pos type="RP"/>
                    <lemma type="on"/>
                    <dep head="12-11" type="prt"/>
                </token>
                <token content="." id="12-15"/>
            </sentence>
            <sentence id="13">
                <token content="I" id="13-1">
                    <pos type="PRP"/>
                    <lemma type="I"/>
                    <dep head="13-2" type="nsubj"/>
                </token>
                <token content="used" id="13-2">
                    <pos type="VBD"/>
                    <lemma type="use"/>
                </token>
                <token content="a" id="13-3">
                    <pos type="DT"/>
                    <lemma type="a"/>
                </token>
                <token content="special" id="13-4">
                    <pos type="JJ"/>
                    <lemma type="special"/>
                </token>
                <token content="frosting" id="13-5">
                    <pos type="NN"/>
                    <lemma type="frosting"/>
                </token>
                <token content="bag" id="13-6">
                    <pos type="NN"/>
                    <lemma type="bag"/>
                    <dep head="13-2" type="dobj"/>
                </token>
                <token content="and" id="13-7"/>
                <token content="tip" id="13-8">
                    <pos type="NN"/>
                    <lemma type="tip"/>
                </token>
                <token content="to" id="13-9">
                    <pos type="TO"/>
                    <lemma type="to"/>
                    <dep head="13-10" type="aux"/>
                </token>
                <token content="write" id="13-10">
                    <pos type="VB"/>
                    <lemma type="write"/>
                    <dep head="13-2" type="vmod"/>
                </token>
                <token content="''" id="13-11"/>
                <token content="``" id="13-12"/>
                <token content="Happy" id="13-13">
                    <pos type="JJ"/>
                    <lemma type="happy"/>
                </token>
                <token content="Birthday" id="13-14">
                    <pos type="NN"/>
                    <lemma type="birthday"/>
                    <dep head="13-10" type="dobj"/>
                </token>
                <token content="''" id="13-15"/>
                <token content="''" id="13-16"/>
                <token content="on" id="13-17"/>
                <token content="the" id="13-18">
                    <pos type="DT"/>
                    <lemma type="the"/>
                </token>
                <token content="top" id="13-19">
                    <pos type="NN"/>
                    <lemma type="top"/>
                </token>
                <token content="." id="13-20"/>
            </sentence>
            <sentence id="14">
                <token content="My" id="14-1">
                    <pos type="PRP$"/>
                    <lemma type="my"/>
                </token>
                <token content="sister" id="14-2">
                    <pos type="NN"/>
                    <lemma type="sister"/>
                    <dep head="14-3" type="nsubj"/>
                </token>
                <token content="loved" id="14-3">
                    <pos type="VBD"/>
                    <lemma type="love"/>
                </token>
                <token content="it" id="14-4">
                    <pos type="PRP"/>
                    <lemma type="it"/>
                    <dep head="14-3" type="dobj"/>
                </token>
                <token content="!" id="14-5"/>
            </sentence>
        </sentences>
    </text>
    <annotations>
        <participants>
            <label from="1-1" id="0" name="No_label" text="It" type="participant"/>
            <label from="1-3" id="1" name="ScrPart_cook" text="my" type="participant"/>
            <label from="1-5" id="2" name="ScrPart_beneficiary" text="sister" type="participant"/>
            <label from="1-7" id="3" name="NPart" text="birthday" type="participant"/>
            <label from="1-9" id="4" name="ScrPart_cook" text="I" type="participant"/>
            <label from="1-13" id="5" name="ScrPart_beneficiary" text="her" type="participant"/>
            <label from="1-15" id="6" name="ScrPart_cake" text="cake" type="participant"/>
            <label from="2-1" id="7" name="ScrPart_cook" text="I" type="participant"/>
            <label from="2-4" id="8" name="ScrPart_baking_instructions" text="recipe" type="participant"/>
            <label from="2-6" id="9" name="ScrPart_cake" text="chocolate cake" to="2-7" type="participant"/>
            <label from="2-7" id="10" name="ScrPart_cake" text="cake" type="participant"/>
            <label from="2-10" id="11" name="ScrPart_cook" text="I" type="participant"/>
            <label from="2-13" id="12" name="ScrPart_beneficiary" text="her" type="participant"/>
            <label from="2-14" id="13" name="NPart" text="favorite" type="participant"/>
            <label from="3-1" id="14" name="ScrPart_cook" text="I" type="participant"/>
            <label from="3-7" id="15" name="ScrPart_ingredients" text="ingredients" type="participant"/>
            <label from="3-11" id="16" name="ScrPart_utensil" text="bowl" type="participant"/>
            <label from="3-14" id="17" name="ScrPart_utensil" text="mixer" type="participant"/>
            <label from="4-1" id="18" name="ScrPart_cook" text="I" type="participant"/>
            <label from="4-5" id="19" name="ScrPart_ingredients" text="flour , sugar , vanilla , chocolate , eggs , and water" to="4-16" type="participant"/>
            <label from="4-5" id="20" name="ScrPart_ingredients" text="flour" type="participant"/>
            <label from="4-7" id="21" name="ScrPart_ingredients" text="sugar" type="participant"/>
            <label from="4-9" id="22" name="ScrPart_ingredients" text="vanilla" type="participant"/>
            <label from="4-11" id="23" name="ScrPart_ingredients" text="chocolate" type="participant"/>
            <label from="4-13" id="24" name="ScrPart_ingredients" text="eggs" type="participant"/>
            <label from="4-16" id="25" name="ScrPart_ingredients" text="water" type="participant"/>
            <label from="4-19" id="26" name="ScrPart_ingredients" text="them" type="participant"/>
            <label from="4-22" id="27" name="ScrPart_utensil" text="bowl" type="participant"/>
            <label from="5-1" id="28" name="ScrPart_cook" text="I" type="participant"/>
            <label from="5-4" id="29" name="ScrPart_utensil" text="electric mixer" to="5-5" type="participant"/>
            <label from="5-5" id="30" name="ScrPart_utensil" text="mixer" type="participant"/>
            <label from="5-9" id="31" name="ScrPart_dough" text="batter" type="participant"/>
            <label from="5-11" id="32" name="ScrPart_dough" text="it" type="participant"/>
            <label from="6-1" id="33" name="ScrPart_cook" text="I" type="participant"/>
            <label from="6-4" id="34" name="ScrPart_cake_tin" text="cake pan" to="6-5" type="participant"/>
            <label from="6-5" id="35" name="ScrPart_cake_tin" text="pan" type="participant"/>
            <label from="6-10" id="36" name="ScrPart_ingredients" text="flour" type="participant"/>
            <label from="6-13" id="37" name="NPart" text="bottom" type="participant"/>
            <label from="6-16" id="38" name="ScrPart_cake_tin" text="it" type="participant"/>
            <label from="7-5" id="39" name="ScrPart_cake" text="cake" type="participant"/>
            <label from="7-10" id="40" name="ScrPart_cake_tin" text="pan" type="participant"/>
            <label from="7-12" id="41" name="ScrPart_cake" text="it" type="participant"/>
            <label from="8-1" id="42" name="ScrPart_cook" text="I" type="participant"/>
            <label from="8-4" id="43" name="ScrPart_dough" text="batter" type="participant"/>
            <label from="8-7" id="44" name="ScrPart_cake_tin" text="pan" type="participant"/>
            <label from="8-10" id="45" name="ScrPart_cake_tin" text="it" type="participant"/>
            <label from="8-13" id="46" name="ScrPart_oven" text="oven" type="participant"/>
            <label from="8-16" id="47" name="ScrPart_cook" text="I" type="participant"/>
            <label from="8-21" id="48" name="ScrPart_temperature" text="degrees" type="participant"/>
            <label from="9-1" id="49" name="ScrPart_cook" text="I" type="participant"/>
            <label from="9-4" id="50" name="ScrPart_timer" text="timer" type="participant"/>
            <label from="9-7" id="51" name="ScrPart_time" text="minutes" type="participant"/>
            <label from="10-3" id="52" name="ScrPart_cake" text="cake" type="participant"/>
            <label from="10-7" id="53" name="ScrPart_cook" text="I" type="participant"/>
            <label from="10-11" id="54" name="ScrPart_ingredients" text="sugar" type="participant"/>
            <label from="10-13" id="55" name="ScrPart_ingredients" text="vanilla" type="participant"/>
            <label from="10-15" id="56" name="ScrPart_ingredients" text="milk" type="participant"/>
            <label from="10-18" id="57" name="ScrPart_ingredients" text="frosting" type="participant"/>
            <label from="11-3" id="58" name="ScrPart_timer" text="timer" type="participant"/>
            <label from="11-6" id="59" name="ScrPart_cook" text="I" type="participant"/>
            <label from="11-9" id="60" name="ScrPart_cake" text="cake" type="participant"/>
            <label from="11-13" id="61" name="ScrPart_oven" text="oven" type="participant"/>
            <label from="11-16" id="62" name="ScrPart_cake" text="it" type="participant"/>
            <label from="12-1" id="63" name="ScrPart_cook" text="I" type="participant"/>
            <label from="12-3" id="64" name="ScrPart_cake" text="it" type="participant"/>
            <label from="12-8" id="65" name="ScrPart_other" text="serving platter" to="12-9" type="participant"/>
            <label from="12-9" id="66" name="ScrPart_other" text="platter" type="participant"/>
            <label from="12-13" id="67" name="ScrPart_ingredients" text="frosting" type="participant"/>
            <label from="13-1" id="68" name="ScrPart_cook" text="I" type="participant"/>
            <label from="13-5" id="69" name="ScrPart_other" text="frosting bag" to="13-6" type="participant"/>
            <label from="13-6" id="70" name="ScrPart_other" text="bag" type="participant"/>
            <label from="13-8" id="71" name="NPart" text="tip" type="participant"/>
            <label from="13-14" id="72" name="NPart" text="Birthday" type="participant"/>
            <label from="13-19" id="73" name="NPart" text="top" type="participant"/>
            <label from="14-1" id="74" name="ScrPart_cook" text="My" type="participant"/>
            <label from="14-2" id="75" name="ScrPart_beneficiary" text="sister" type="participant"/>
            <label from="14-4" id="76" name="ScrPart_cake" text="it" type="participant"/>
        </participants>
        <events>
            <label from="1-2" id="77" name="UnrelEv" text="was" type="event"/>
            <label from="1-10" id="78" name="UnrelEv" text="wanted" type="event"/>
            <label from="1-12" id="79" name="Evoking" text="bake her a cake" to="1-15" type="event"/>
            <label from="2-2" id="80" name="ScrEv_choose_recipe" text="found" type="event"/>
            <label from="2-11" id="81" name="UnrelEv" text="knew" type="event"/>
            <label from="2-12" id="82" name="UnrelEv" text="was" type="event"/>
            <label from="3-2" id="83" name="ScrEv_get_ingredients" text="gathered" type="event"/>
            <label from="4-2" id="84" name="ScrEv_prepare_ingredients" text="measured" type="event"/>
            <label from="4-18" id="85" name="ScrEv_prepare_ingredients" text="put" type="event"/>
            <label from="5-2" id="86" name="UnrelEv" text="used" type="event"/>
            <label from="5-7" id="87" name="ScrEv_make_dough" text="mix" type="event"/>
            <label from="5-12" id="88" name="UnrelEv" text="was" type="event"/>
            <label from="6-2" id="89" name="ScrEv_grease_cake_tin" text="greased" type="event"/>
            <label from="6-7" id="90" name="ScrEv_other" text="put" type="event"/>
            <label from="6-15" id="91" name="RelNScrEv" text="shook" type="event"/>
            <label from="7-3" id="92" name="UnrelEv" text="keep" type="event"/>
            <label from="7-7" id="93" name="RelNScrEv" text="sticking" type="event"/>
            <label from="7-13" id="94" name="RelNScrEv" text="cooked" type="event"/>
            <label from="8-2" id="95" name="ScrEv_pour_dough" text="poured" type="event"/>
            <label from="8-9" id="96" name="ScrEv_put_cake_oven" text="placed" type="event"/>
            <label from="8-18" id="97" name="ScrEv_preheat" text="preheated" type="event"/>
            <label from="9-2" id="98" name="ScrEv_set_time" text="set" type="event"/>
            <label from="10-5" id="99" name="RelNScrEv" text="baking" type="event"/>
            <label from="10-8" id="100" name="ScrEv_prepare_ingredients" text="mixed" type="event"/>
            <label from="10-17" id="101" name="RelNScrEv" text="make" type="event"/>
            <label from="11-4" id="102" name="ScrEv_other" text="sounded" type="event"/>
            <label from="11-7" id="103" name="ScrEv_take_out_oven" text="took" type="event"/>
            <label from="11-15" id="104" name="UnrelEv" text="let" type="event"/>
            <label from="11-17" id="105" name="ScrEv_cool_down" text="cool" type="event"/>
            <label from="12-2" id="106" name="ScrEv_take_out_cake_tin" text="turned" type="event"/>
            <label from="12-11" id="107" name="ScrEv_decorate" text="put" type="event"/>
            <label from="13-2" id="108" name="UnrelEv" text="used" type="event"/>
            <label from="13-10" id="109" name="ScrEv_decorate" text="write" type="event"/>
            <label from="14-3" id="110" name="UnrelEv" text="loved" type="event"/>
        </events>
        <chains>
            <chain elements="2 5 12 75"/>
            <chain elements="4 7 11 14 18 28 33 42 47 49 53 59 63 68 74 1"/>
            <chain elements="6 10 39 41 52 60 62 64 76"/>
            <chain elements="19 26 36"/>
            <chain elements="16 27"/>
            <chain elements="17 30"/>
            <chain elements="31 32 43"/>
            <chain elements="35 38 40 44 45"/>
            <chain elements="21 54"/>
            <chain elements="22 55"/>
            <chain elements="50 58"/>
        </chains>
    </annotations>
</story>
