<?xml version="1.0" encoding="UTF-8" standalone="no"?>
<!DOCTYPE story SYSTEM "../InScript.dtd">
<story id="024" scenario="cake">
    <text>
        <content>I decided to bake a cake for my friend 's birthday . 
I went to the store and purchased all the necessary ingredients . 
When I got home , I turned on the oven to let it preheat . 
I opened the box of cake mix and poured it into a bowl . 
Following the instructions , I mixed in oil , eggs , and water until it was blended well . 
I poured the batter into a cake pan and put it into the oven to bake . 
While the cake was baking , I prepared the frosting by mixing powdered sugar , butter , milk and vanilla . 
I also added some blue food dye to make the cake blue . 
When the cake was finished baking and cooling off , I iced the cake with the frosting . 
When it was covered , I took some sprinkles and wrote '' `` Happy Birthday Joshua '' '' across the top . 
I added some candies around the edges and finished by putting the birthday candles on the cake . 
I brought the cake to his birthday party and everybody loved it . </content>
        <sentences>
            <sentence id="1">
                <token content="I" id="1-1">
                    <pos type="PRP"/>
                    <lemma type="I"/>
                    <dep head="1-2" type="nsubj"/>
                </token>
                <token content="decided" id="1-2">
                    <pos type="VBD"/>
                    <lemma type="decide"/>
                </token>
                <token content="to" id="1-3">
                    <pos type="TO"/>
                    <lemma type="to"/>
                    <dep head="1-4" type="aux"/>
                </token>
                <token content="bake" id="1-4">
                    <pos type="VB"/>
                    <lemma type="bake"/>
                    <dep head="1-2" type="xcomp"/>
                </token>
                <token content="a" id="1-5">
                    <pos type="DT"/>
                    <lemma type="a"/>
                </token>
                <token content="cake" id="1-6">
                    <pos type="NN"/>
                    <lemma type="cake"/>
                    <dep head="1-4" type="dobj"/>
                </token>
                <token content="for" id="1-7"/>
                <token content="my" id="1-8">
                    <pos type="PRP$"/>
                    <lemma type="my"/>
                </token>
                <token content="friend" id="1-9">
                    <pos type="NN"/>
                    <lemma type="friend"/>
                </token>
                <token content="'s" id="1-10"/>
                <token content="birthday" id="1-11">
                    <pos type="NN"/>
                    <lemma type="birthday"/>
                </token>
                <token content="." id="1-12"/>
            </sentence>
            <sentence id="2">
                <token content="I" id="2-1">
                    <pos type="PRP"/>
                    <lemma type="I"/>
                    <dep head="2-2" type="nsubj"/>
                </token>
                <token content="went" id="2-2">
                    <pos type="VBD"/>
                    <lemma type="go"/>
                </token>
                <token content="to" id="2-3"/>
                <token content="the" id="2-4">
                    <pos type="DT"/>
                    <lemma type="the"/>
                </token>
                <token content="store" id="2-5">
                    <pos type="NN"/>
                    <lemma type="store"/>
                    <dep head="2-2" type="prep"/>
                </token>
                <token content="and" id="2-6"/>
                <token content="purchased" id="2-7">
                    <pos type="VBD"/>
                    <lemma type="purchase"/>
                    <dep head="2-2" type="conj"/>
                </token>
                <token content="all" id="2-8">
                    <pos type="PDT"/>
                    <lemma type="all"/>
                </token>
                <token content="the" id="2-9">
                    <pos type="DT"/>
                    <lemma type="the"/>
                </token>
                <token content="necessary" id="2-10">
                    <pos type="JJ"/>
                    <lemma type="necessary"/>
                </token>
                <token content="ingredients" id="2-11">
                    <pos type="NNS"/>
                    <lemma type="ingredient"/>
                    <dep head="2-7" type="dobj"/>
                </token>
                <token content="." id="2-12"/>
            </sentence>
            <sentence id="3">
                <token content="When" id="3-1">
                    <pos type="WRB"/>
                    <lemma type="when"/>
                    <dep head="3-3" type="advmod"/>
                </token>
                <token content="I" id="3-2">
                    <pos type="PRP"/>
                    <lemma type="I"/>
                    <dep head="3-3" type="nsubj"/>
                </token>
                <token content="got" id="3-3">
                    <pos type="VBD"/>
                    <lemma type="get"/>
                    <dep head="3-7" type="advcl"/>
                </token>
                <token content="home" id="3-4">
                    <pos type="NN"/>
                    <lemma type="home"/>
                    <dep head="3-3" type="dobj"/>
                </token>
                <token content="," id="3-5"/>
                <token content="I" id="3-6">
                    <pos type="PRP"/>
                    <lemma type="I"/>
                    <dep head="3-7" type="nsubj"/>
                </token>
                <token content="turned" id="3-7">
                    <pos type="VBD"/>
                    <lemma type="turn"/>
                </token>
                <token content="on" id="3-8"/>
                <token content="the" id="3-9">
                    <pos type="DT"/>
                    <lemma type="the"/>
                </token>
                <token content="oven" id="3-10">
                    <pos type="NN"/>
                    <lemma type="oven"/>
                    <dep head="3-7" type="prep"/>
                </token>
                <token content="to" id="3-11">
                    <pos type="TO"/>
                    <lemma type="to"/>
                    <dep head="3-12" type="aux"/>
                </token>
                <token content="let" id="3-12">
                    <pos type="VB"/>
                    <lemma type="let"/>
                    <dep head="3-7" type="xcomp"/>
                </token>
                <token content="it" id="3-13">
                    <pos type="PRP"/>
                    <lemma type="it"/>
                </token>
                <token content="preheat" id="3-14">
                    <pos type="JJ"/>
                    <lemma type="preheat"/>
                    <dep head="3-12" type="xcomp"/>
                </token>
                <token content="." id="3-15"/>
            </sentence>
            <sentence id="4">
                <token content="I" id="4-1">
                    <pos type="PRP"/>
                    <lemma type="I"/>
                    <dep head="4-2" type="nsubj"/>
                </token>
                <token content="opened" id="4-2">
                    <pos type="VBD"/>
                    <lemma type="open"/>
                </token>
                <token content="the" id="4-3">
                    <pos type="DT"/>
                    <lemma type="the"/>
                </token>
                <token content="box" id="4-4">
                    <pos type="NN"/>
                    <lemma type="box"/>
                    <dep head="4-2" type="dobj"/>
                </token>
                <token content="of" id="4-5"/>
                <token content="cake" id="4-6">
                    <pos type="NN"/>
                    <lemma type="cake"/>
                </token>
                <token content="mix" id="4-7">
                    <pos type="NN"/>
                    <lemma type="mix"/>
                </token>
                <token content="and" id="4-8"/>
                <token content="poured" id="4-9">
                    <pos type="VBD"/>
                    <lemma type="pour"/>
                    <dep head="4-2" type="conj"/>
                </token>
                <token content="it" id="4-10">
                    <pos type="PRP"/>
                    <lemma type="it"/>
                    <dep head="4-9" type="dobj"/>
                </token>
                <token content="into" id="4-11"/>
                <token content="a" id="4-12">
                    <pos type="DT"/>
                    <lemma type="a"/>
                </token>
                <token content="bowl" id="4-13">
                    <pos type="NN"/>
                    <lemma type="bowl"/>
                    <dep head="4-9" type="prep"/>
                </token>
                <token content="." id="4-14"/>
            </sentence>
            <sentence id="5">
                <token content="Following" id="5-1"/>
                <token content="the" id="5-2">
                    <pos type="DT"/>
                    <lemma type="the"/>
                </token>
                <token content="instructions" id="5-3">
                    <pos type="NNS"/>
                    <lemma type="instruction"/>
                    <dep head="5-6" type="prep"/>
                </token>
                <token content="," id="5-4"/>
                <token content="I" id="5-5">
                    <pos type="PRP"/>
                    <lemma type="I"/>
                    <dep head="5-6" type="nsubj"/>
                </token>
                <token content="mixed" id="5-6">
                    <pos type="VBN"/>
                    <lemma type="mix"/>
                </token>
                <token content="in" id="5-7"/>
                <token content="oil" id="5-8">
                    <pos type="NN"/>
                    <lemma type="oil"/>
                    <dep head="5-6" type="prep"/>
                </token>
                <token content="," id="5-9"/>
                <token content="eggs" id="5-10">
                    <pos type="NNS"/>
                    <lemma type="egg"/>
                </token>
                <token content="," id="5-11"/>
                <token content="and" id="5-12"/>
                <token content="water" id="5-13">
                    <pos type="NN"/>
                    <lemma type="water"/>
                </token>
                <token content="until" id="5-14">
                    <pos type="IN"/>
                    <lemma type="until"/>
                    <dep head="5-17" type="mark"/>
                </token>
                <token content="it" id="5-15">
                    <pos type="PRP"/>
                    <lemma type="it"/>
                    <dep head="5-17" type="nsubjpass"/>
                </token>
                <token content="was" id="5-16">
                    <pos type="VBD"/>
                    <lemma type="be"/>
                    <dep head="5-17" type="auxpass"/>
                </token>
                <token content="blended" id="5-17">
                    <pos type="VBN"/>
                    <lemma type="blend"/>
                    <dep head="5-6" type="advcl"/>
                </token>
                <token content="well" id="5-18">
                    <pos type="RB"/>
                    <lemma type="well"/>
                    <dep head="5-17" type="advmod"/>
                </token>
                <token content="." id="5-19"/>
            </sentence>
            <sentence id="6">
                <token content="I" id="6-1">
                    <pos type="PRP"/>
                    <lemma type="I"/>
                    <dep head="6-2" type="nsubj"/>
                </token>
                <token content="poured" id="6-2">
                    <pos type="VBD"/>
                    <lemma type="pour"/>
                </token>
                <token content="the" id="6-3">
                    <pos type="DT"/>
                    <lemma type="the"/>
                </token>
                <token content="batter" id="6-4">
                    <pos type="NN"/>
                    <lemma type="batter"/>
                    <dep head="6-2" type="dobj"/>
                </token>
                <token content="into" id="6-5"/>
                <token content="a" id="6-6">
                    <pos type="DT"/>
                    <lemma type="a"/>
                </token>
                <token content="cake" id="6-7">
                    <pos type="NN"/>
                    <lemma type="cake"/>
                </token>
                <token content="pan" id="6-8">
                    <pos type="NN"/>
                    <lemma type="pan"/>
                    <dep head="6-2" type="prep"/>
                </token>
                <token content="and" id="6-9"/>
                <token content="put" id="6-10">
                    <pos type="VBD"/>
                    <lemma type="put"/>
                    <dep head="6-2" type="conj"/>
                </token>
                <token content="it" id="6-11">
                    <pos type="PRP"/>
                    <lemma type="it"/>
                    <dep head="6-10" type="dobj"/>
                </token>
                <token content="into" id="6-12"/>
                <token content="the" id="6-13">
                    <pos type="DT"/>
                    <lemma type="the"/>
                </token>
                <token content="oven" id="6-14">
                    <pos type="NN"/>
                    <lemma type="oven"/>
                    <dep head="6-10" type="prep"/>
                </token>
                <token content="to" id="6-15">
                    <pos type="TO"/>
                    <lemma type="to"/>
                    <dep head="6-16" type="aux"/>
                </token>
                <token content="bake" id="6-16">
                    <pos type="VB"/>
                    <lemma type="bake"/>
                </token>
                <token content="." id="6-17"/>
            </sentence>
            <sentence id="7">
                <token content="While" id="7-1">
                    <pos type="IN"/>
                    <lemma type="while"/>
                    <dep head="7-5" type="mark"/>
                </token>
                <token content="the" id="7-2">
                    <pos type="DT"/>
                    <lemma type="the"/>
                </token>
                <token content="cake" id="7-3">
                    <pos type="NN"/>
                    <lemma type="cake"/>
                    <dep head="7-5" type="nsubj"/>
                </token>
                <token content="was" id="7-4">
                    <pos type="VBD"/>
                    <lemma type="be"/>
                    <dep head="7-5" type="aux"/>
                </token>
                <token content="baking" id="7-5">
                    <pos type="VBG"/>
                    <lemma type="bake"/>
                    <dep head="7-8" type="advcl"/>
                </token>
                <token content="," id="7-6"/>
                <token content="I" id="7-7">
                    <pos type="PRP"/>
                    <lemma type="I"/>
                    <dep head="7-8" type="nsubj"/>
                </token>
                <token content="prepared" id="7-8">
                    <pos type="VBD"/>
                    <lemma type="prepare"/>
                </token>
                <token content="the" id="7-9">
                    <pos type="DT"/>
                    <lemma type="the"/>
                </token>
                <token content="frosting" id="7-10">
                    <pos type="NN"/>
                    <lemma type="frosting"/>
                    <dep head="7-8" type="dobj"/>
                </token>
                <token content="by" id="7-11"/>
                <token content="mixing" id="7-12">
                    <pos type="VBG"/>
                    <lemma type="mix"/>
                    <dep head="7-8" type="prepc"/>
                </token>
                <token content="powdered" id="7-13">
                    <pos type="VBG"/>
                    <lemma type="powder"/>
                    <dep head="7-12" type="vmod"/>
                </token>
                <token content="sugar" id="7-14">
                    <pos type="NN"/>
                    <lemma type="sugar"/>
                    <dep head="7-13" type="dobj"/>
                </token>
                <token content="," id="7-15"/>
                <token content="butter" id="7-16">
                    <pos type="NN"/>
                    <lemma type="butter"/>
                </token>
                <token content="," id="7-17"/>
                <token content="milk" id="7-18">
                    <pos type="NN"/>
                    <lemma type="milk"/>
                </token>
                <token content="and" id="7-19"/>
                <token content="vanilla" id="7-20">
                    <pos type="NN"/>
                    <lemma type="vanilla"/>
                </token>
                <token content="." id="7-21"/>
            </sentence>
            <sentence id="8">
                <token content="I" id="8-1">
                    <pos type="PRP"/>
                    <lemma type="I"/>
                    <dep head="8-3" type="nsubj"/>
                </token>
                <token content="also" id="8-2">
                    <pos type="RB"/>
                    <lemma type="also"/>
                    <dep head="8-3" type="advmod"/>
                </token>
                <token content="added" id="8-3">
                    <pos type="VBD"/>
                    <lemma type="add"/>
                </token>
                <token content="some" id="8-4">
                    <pos type="DT"/>
                    <lemma type="some"/>
                </token>
                <token content="blue" id="8-5">
                    <pos type="JJ"/>
                    <lemma type="blue"/>
                </token>
                <token content="food" id="8-6">
                    <pos type="NN"/>
                    <lemma type="food"/>
                </token>
                <token content="dye" id="8-7">
                    <pos type="NN"/>
                    <lemma type="dye"/>
                    <dep head="8-3" type="dobj"/>
                </token>
                <token content="to" id="8-8">
                    <pos type="TO"/>
                    <lemma type="to"/>
                    <dep head="8-9" type="aux"/>
                </token>
                <token content="make" id="8-9">
                    <pos type="VB"/>
                    <lemma type="make"/>
                    <dep head="8-3" type="vmod"/>
                </token>
                <token content="the" id="8-10">
                    <pos type="DT"/>
                    <lemma type="the"/>
                </token>
                <token content="cake" id="8-11">
                    <pos type="NN"/>
                    <lemma type="cake"/>
                </token>
                <token content="blue" id="8-12">
                    <pos type="NN"/>
                    <lemma type="blue"/>
                    <dep head="8-9" type="dobj"/>
                </token>
                <token content="." id="8-13"/>
            </sentence>
            <sentence id="9">
                <token content="When" id="9-1">
                    <pos type="WRB"/>
                    <lemma type="when"/>
                    <dep head="9-5" type="advmod"/>
                </token>
                <token content="the" id="9-2">
                    <pos type="DT"/>
                    <lemma type="the"/>
                </token>
                <token content="cake" id="9-3">
                    <pos type="NN"/>
                    <lemma type="cake"/>
                    <dep head="9-5" type="nsubjpass"/>
                </token>
                <token content="was" id="9-4">
                    <pos type="VBD"/>
                    <lemma type="be"/>
                    <dep head="9-5" type="auxpass"/>
                </token>
                <token content="finished" id="9-5">
                    <pos type="VBN"/>
                    <lemma type="finish"/>
                    <dep head="9-12" type="advcl"/>
                </token>
                <token content="baking" id="9-6">
                    <pos type="VBG"/>
                    <lemma type="bake"/>
                    <dep head="9-5" type="ccomp"/>
                </token>
                <token content="and" id="9-7"/>
                <token content="cooling" id="9-8">
                    <pos type="VBG"/>
                    <lemma type="cool"/>
                    <dep head="9-6" type="conj"/>
                </token>
                <token content="off" id="9-9">
                    <pos type="RP"/>
                    <lemma type="off"/>
                    <dep head="9-8" type="prt"/>
                </token>
                <token content="," id="9-10"/>
                <token content="I" id="9-11">
                    <pos type="PRP"/>
                    <lemma type="I"/>
                    <dep head="9-12" type="nsubj"/>
                </token>
                <token content="iced" id="9-12">
                    <pos type="VBD"/>
                    <lemma type="ice"/>
                </token>
                <token content="the" id="9-13">
                    <pos type="DT"/>
                    <lemma type="the"/>
                </token>
                <token content="cake" id="9-14">
                    <pos type="NN"/>
                    <lemma type="cake"/>
                    <dep head="9-12" type="dobj"/>
                </token>
                <token content="with" id="9-15"/>
                <token content="the" id="9-16">
                    <pos type="DT"/>
                    <lemma type="the"/>
                </token>
                <token content="frosting" id="9-17">
                    <pos type="NN"/>
                    <lemma type="frosting"/>
                    <dep head="9-12" type="prep"/>
                </token>
                <token content="." id="9-18"/>
            </sentence>
            <sentence id="10">
                <token content="When" id="10-1">
                    <pos type="WRB"/>
                    <lemma type="when"/>
                    <dep head="10-4" type="advmod"/>
                </token>
                <token content="it" id="10-2">
                    <pos type="PRP"/>
                    <lemma type="it"/>
                    <dep head="10-4" type="nsubjpass"/>
                </token>
                <token content="was" id="10-3">
                    <pos type="VBD"/>
                    <lemma type="be"/>
                    <dep head="10-4" type="auxpass"/>
                </token>
                <token content="covered" id="10-4">
                    <pos type="VBN"/>
                    <lemma type="cover"/>
                    <dep head="10-7" type="advcl"/>
                </token>
                <token content="," id="10-5"/>
                <token content="I" id="10-6">
                    <pos type="PRP"/>
                    <lemma type="I"/>
                    <dep head="10-7" type="nsubj"/>
                </token>
                <token content="took" id="10-7">
                    <pos type="VBD"/>
                    <lemma type="take"/>
                </token>
                <token content="some" id="10-8">
                    <pos type="DT"/>
                    <lemma type="some"/>
                    <dep head="10-9" type="nsubj"/>
                </token>
                <token content="sprinkles" id="10-9">
                    <pos type="VBZ"/>
                    <lemma type="sprinkle"/>
                    <dep head="10-7" type="dep"/>
                </token>
                <token content="and" id="10-10"/>
                <token content="wrote" id="10-11">
                    <pos type="VBD"/>
                    <lemma type="write"/>
                    <dep head="10-9" type="conj"/>
                </token>
                <token content="''" id="10-12"/>
                <token content="``" id="10-13"/>
                <token content="Happy" id="10-14">
                    <pos type="JJ"/>
                    <lemma type="happy"/>
                </token>
                <token content="Birthday" id="10-15">
                    <pos type="NN"/>
                    <lemma type="birthday"/>
                </token>
                <token content="Joshua" id="10-16">
                    <pos type="NNS"/>
                    <lemma type="joshua"/>
                    <dep head="10-11" type="dobj"/>
                </token>
                <token content="''" id="10-17"/>
                <token content="''" id="10-18"/>
                <token content="across" id="10-19"/>
                <token content="the" id="10-20">
                    <pos type="DT"/>
                    <lemma type="the"/>
                </token>
                <token content="top" id="10-21">
                    <pos type="NN"/>
                    <lemma type="top"/>
                    <dep head="10-11" type="prep"/>
                </token>
                <token content="." id="10-22"/>
            </sentence>
            <sentence id="11">
                <token content="I" id="11-1">
                    <pos type="PRP"/>
                    <lemma type="I"/>
                    <dep head="11-2" type="nsubj"/>
                </token>
                <token content="added" id="11-2">
                    <pos type="VBD"/>
                    <lemma type="add"/>
                </token>
                <token content="some" id="11-3">
                    <pos type="DT"/>
                    <lemma type="some"/>
                </token>
                <token content="candies" id="11-4">
                    <pos type="NNS"/>
                    <lemma type="candy"/>
                    <dep head="11-2" type="dobj"/>
                </token>
                <token content="around" id="11-5"/>
                <token content="the" id="11-6">
                    <pos type="DT"/>
                    <lemma type="the"/>
                </token>
                <token content="edges" id="11-7">
                    <pos type="NNS"/>
                    <lemma type="edge"/>
                    <dep head="11-2" type="prep"/>
                </token>
                <token content="and" id="11-8"/>
                <token content="finished" id="11-9">
                    <pos type="VBD"/>
                    <lemma type="finish"/>
                    <dep head="11-2" type="conj"/>
                </token>
                <token content="by" id="11-10"/>
                <token content="putting" id="11-11">
                    <pos type="VBG"/>
                    <lemma type="put"/>
                    <dep head="11-9" type="prepc"/>
                </token>
                <token content="the" id="11-12">
                    <pos type="DT"/>
                    <lemma type="the"/>
                </token>
                <token content="birthday" id="11-13">
                    <pos type="NN"/>
                    <lemma type="birthday"/>
                </token>
                <token content="candles" id="11-14">
                    <pos type="NNS"/>
                    <lemma type="candle"/>
                    <dep head="11-11" type="dobj"/>
                </token>
                <token content="on" id="11-15"/>
                <token content="the" id="11-16">
                    <pos type="DT"/>
                    <lemma type="the"/>
                </token>
                <token content="cake" id="11-17">
                    <pos type="NN"/>
                    <lemma type="cake"/>
                    <dep head="11-11" type="prep"/>
                </token>
                <token content="." id="11-18"/>
            </sentence>
            <sentence id="12">
                <token content="I" id="12-1">
                    <pos type="PRP"/>
                    <lemma type="I"/>
                    <dep head="12-2" type="nsubj"/>
                </token>
                <token content="brought" id="12-2">
                    <pos type="VBD"/>
                    <lemma type="bring"/>
                </token>
                <token content="the" id="12-3">
                    <pos type="DT"/>
                    <lemma type="the"/>
                </token>
                <token content="cake" id="12-4">
                    <pos type="NN"/>
                    <lemma type="cake"/>
                    <dep head="12-2" type="dobj"/>
                </token>
                <token content="to" id="12-5"/>
                <token content="his" id="12-6">
                    <pos type="PRP$"/>
                    <lemma type="he"/>
                </token>
                <token content="birthday" id="12-7">
                    <pos type="NN"/>
                    <lemma type="birthday"/>
                </token>
                <token content="party" id="12-8">
                    <pos type="NN"/>
                    <lemma type="party"/>
                    <dep head="12-2" type="prep"/>
                </token>
                <token content="and" id="12-9"/>
                <token content="everybody" id="12-10">
                    <pos type="NN"/>
                    <lemma type="everybody"/>
                    <dep head="12-11" type="nsubj"/>
                </token>
                <token content="loved" id="12-11">
                    <pos type="VBD"/>
                    <lemma type="love"/>
                    <dep head="12-2" type="conj"/>
                </token>
                <token content="it" id="12-12">
                    <pos type="PRP"/>
                    <lemma type="it"/>
                    <dep head="12-11" type="dobj"/>
                </token>
                <token content="." id="12-13"/>
            </sentence>
        </sentences>
    </text>
    <annotations>
        <participants>
            <label from="1-1" id="0" name="ScrPart_cook" text="I" type="participant"/>
            <label from="1-6" id="1" name="ScrPart_cake" text="cake" type="participant"/>
            <label from="1-8" id="2" name="ScrPart_cook" text="my" type="participant"/>
            <label from="1-9" id="3" name="ScrPart_beneficiary" text="friend" type="participant"/>
            <label from="1-11" id="4" name="NPart" text="birthday" type="participant"/>
            <label from="2-1" id="5" name="ScrPart_cook" text="I" type="participant"/>
            <label from="2-5" id="6" name="ScrPart_store" text="store" type="participant"/>
            <label from="2-11" id="7" name="ScrPart_ingredients" text="ingredients" type="participant"/>
            <label from="3-2" id="8" name="ScrPart_cook" text="I" type="participant"/>
            <label from="3-4" id="9" name="ScrPart_kitchen/location" text="home" type="participant"/>
            <label from="3-6" id="10" name="ScrPart_cook" text="I" type="participant"/>
            <label from="3-10" id="11" name="ScrPart_oven" text="oven" type="participant"/>
            <label from="3-13" id="12" name="ScrPart_oven" text="it" type="participant"/>
            <label from="4-1" id="13" name="ScrPart_cook" text="I" type="participant"/>
            <label from="4-4" id="14" name="NPart" text="box" type="participant"/>
            <label from="4-6" id="15" name="ScrPart_ingredients" text="cake mix" to="4-7" type="participant"/>
            <label from="4-7" id="16" name="ScrPart_ingredients" text="mix" type="participant"/>
            <label from="4-10" id="17" name="ScrPart_ingredients" text="it" type="participant"/>
            <label from="4-13" id="18" name="ScrPart_utensil" text="bowl" type="participant"/>
            <label from="5-3" id="19" name="ScrPart_baking_instructions" text="instructions" type="participant"/>
            <label from="5-5" id="20" name="ScrPart_cook" text="I" type="participant"/>
            <label from="5-8" id="21" name="ScrPart_ingredients" text="oil" type="participant"/>
            <label from="5-10" id="22" name="ScrPart_ingredients" text="eggs" type="participant"/>
            <label from="5-13" id="23" name="ScrPart_ingredients" text="water" type="participant"/>
            <label from="5-15" id="24" name="ScrPart_dough" text="it" type="participant"/>
            <label from="6-1" id="25" name="ScrPart_cook" text="I" type="participant"/>
            <label from="6-4" id="26" name="ScrPart_dough" text="batter" type="participant"/>
            <label from="6-7" id="27" name="ScrPart_cake_tin" text="cake pan" to="6-8" type="participant"/>
            <label from="6-8" id="28" name="ScrPart_cake_tin" text="pan" type="participant"/>
            <label from="6-11" id="29" name="ScrPart_cake_tin" text="it" type="participant"/>
            <label from="6-14" id="30" name="ScrPart_oven" text="oven" type="participant"/>
            <label from="7-3" id="31" name="ScrPart_cake" text="cake" type="participant"/>
            <label from="7-7" id="32" name="ScrPart_cook" text="I" type="participant"/>
            <label from="7-10" id="33" name="ScrPart_decoration" text="frosting" type="participant"/>
            <label from="7-13" id="34" name="ScrPart_ingredients" text="powdered sugar" to="7-14" type="participant"/>
            <label from="7-14" id="35" name="ScrPart_ingredients" text="sugar" type="participant"/>
            <label from="7-16" id="36" name="ScrPart_ingredients" text="butter" type="participant"/>
            <label from="7-18" id="37" name="ScrPart_ingredients" text="milk" type="participant"/>
            <label from="7-20" id="38" name="ScrPart_ingredients" text="vanilla" type="participant"/>
            <label from="8-1" id="39" name="ScrPart_cook" text="I" type="participant"/>
            <label from="8-6" id="40" name="ScrPart_ingredients" text="food dye" to="8-7" type="participant"/>
            <label from="8-7" id="41" name="ScrPart_ingredients" text="dye" type="participant"/>
            <label from="8-11" id="42" name="ScrPart_cake" text="cake" type="participant"/>
            <label from="9-3" id="43" name="ScrPart_cake" text="cake" type="participant"/>
            <label from="9-11" id="44" name="ScrPart_cook" text="I" type="participant"/>
            <label from="9-14" id="45" name="ScrPart_cake" text="cake" type="participant"/>
            <label from="9-17" id="46" name="ScrPart_decoration" text="frosting" type="participant"/>
            <label from="10-2" id="47" name="ScrPart_cake" text="it" type="participant"/>
            <label from="10-6" id="48" name="ScrPart_cook" text="I" type="participant"/>
            <label from="10-9" id="49" name="ScrPart_decoration" text="sprinkles" type="participant"/>
            <label from="10-14" id="50" name="NPart" text="Happy Birthday Joshua" to="10-16" type="participant"/>
            <label from="10-21" id="51" name="NPart" text="top" type="participant"/>
            <label from="11-1" id="52" name="ScrPart_cook" text="I" type="participant"/>
            <label from="11-4" id="53" name="ScrPart_decoration" text="candies" type="participant"/>
            <label from="11-7" id="54" name="NPart" text="edges" type="participant"/>
            <label from="11-13" id="55" name="ScrPart_decoration" text="birthday candles" to="11-14" type="participant"/>
            <label from="11-14" id="56" name="ScrPart_decoration" text="candles" type="participant"/>
            <label from="11-17" id="57" name="ScrPart_cake" text="cake" type="participant"/>
            <label from="12-1" id="58" name="ScrPart_cook" text="I" type="participant"/>
            <label from="12-4" id="59" name="ScrPart_cake" text="cake" type="participant"/>
            <label from="12-6" id="60" name="ScrPart_beneficiary" text="his" type="participant"/>
            <label from="12-7" id="61" name="ScrPart_beneficiary" text="birthday party" to="12-8" type="participant"/>
            <label from="12-8" id="62" name="ScrPart_beneficiary" text="party" type="participant"/>
            <label from="12-10" id="63" name="ScrPart_beneficiary" text="everybody" type="participant"/>
            <label from="12-12" id="64" name="ScrPart_cake" text="it" type="participant"/>
        </participants>
        <events>
            <label from="1-2" id="65" name="UnrelEv" text="decided" type="event"/>
            <label from="1-4" id="66" name="Evoking" text="bake a cake" to="1-6" type="event"/>
            <label from="2-2" id="67" name="RelNScrEv" text="went" type="event"/>
            <label from="2-7" id="68" name="ScrEv_get_ingredients" text="purchased" type="event"/>
            <label from="3-3" id="69" name="RelNScrEv" text="got" type="event"/>
            <label from="3-7" id="70" name="ScrEv_preheat" text="turned on" to="3-8" type="event"/>
            <label from="3-14" id="71" name="ScrEv_preheat" text="preheat" type="event"/>
            <label from="4-2" id="72" name="ScrEv_prepare_ingredients" text="opened" type="event"/>
            <label from="4-9" id="73" name="ScrEv_add_ingredients" text="poured" type="event"/>
            <label from="5-1" id="74" name="RelNScrEv" text="Following" type="event"/>
            <label from="5-6" id="75" name="ScrEv_add_ingredients" text="mixed in" to="5-7" type="event"/>
            <label from="5-17" id="76" name="ScrEv_make_dough" text="blended" type="event"/>
            <label from="6-2" id="77" name="ScrEv_pour_dough" text="poured" type="event"/>
            <label from="6-10" id="78" name="ScrEv_put_cake_oven" text="put" type="event"/>
            <label from="6-16" id="79" name="ScrEv_wait" text="bake" type="event"/>
            <label from="7-5" id="80" name="ScrEv_wait" text="baking" type="event"/>
            <label from="7-8" id="81" name="ScrEv_prepare_ingredients" text="prepared" type="event"/>
            <label from="7-12" id="82" name="ScrEv_prepare_ingredients" text="mixing" type="event"/>
            <label from="8-3" id="83" name="ScrEv_add_ingredients" text="added" type="event"/>
            <label from="8-9" id="84" name="RelNScrEv" text="make" type="event"/>
            <label from="9-5" id="85" name="UnrelEv" text="finished" type="event"/>
            <label from="9-6" id="86" name="ScrEv_wait" text="baking" type="event"/>
            <label from="9-8" id="87" name="ScrEv_cool_down" text="cooling off" to="9-9" type="event"/>
            <label from="9-12" id="88" name="ScrEv_decorate" text="iced" type="event"/>
            <label from="10-4" id="89" name="ScrEv_decorate" text="covered" type="event"/>
            <label from="10-7" id="90" name="ScrEv_decorate" text="took" type="event"/>
            <label from="10-11" id="91" name="ScrEv_decorate" text="wrote" type="event"/>
            <label from="11-2" id="92" name="ScrEv_decorate" text="added" type="event"/>
            <label from="11-9" id="93" name="UnrelEv" text="finished" type="event"/>
            <label from="11-11" id="94" name="ScrEv_decorate" text="putting" type="event"/>
            <label from="12-2" id="95" name="RelNScrEv" text="brought" type="event"/>
            <label from="12-11" id="96" name="ScrEv_eat" text="loved" type="event"/>
        </events>
        <chains>
            <chain elements="2 0 5 8 10 13 20 25 32 39 44 48 52 58"/>
            <chain elements="31 1 42 43 45 47 57 59 64"/>
            <chain elements="60 3"/>
            <chain elements="12 11 30"/>
            <chain elements="17 16"/>
            <chain elements="26 24"/>
            <chain elements="29 28"/>
            <chain elements="46 33"/>
            <chain elements="63 60 62" name="coref_group_friend_party"/>
        </chains>
    </annotations>
</story>
