<?xml version="1.0" encoding="UTF-8" standalone="no"?>
<!DOCTYPE story SYSTEM "../InScript.dtd">
<story id="075" scenario="cake">
    <text>
        <content>It was the day before my girlfriend 's birthday and I decided to do something special for her ! 
Her favorite flavor is strawberry so I will make her a strawberry cake as a surprise . 
I began by getting the best strawberries and most delicious cake batter from the store I could find . 
When I arrived home I turned on the oven and began to make the batter . 
I mix the ingredients together and put the cake together . 
It then goes in the oven to bake and become golden and perfect for eating . 
I take the cake out after it has baked and put sprinkles on top and place the candles . 
I write on the cake happy birthday princess ! 
! 
The next day I surprise her with the best cake that she has ever seen . 
She is so surprised that she faints ! 
After waking back up she enjoys the cake and tells me it is the best that she has had in years . </content>
        <sentences>
            <sentence id="1">
                <token content="It" id="1-1">
                    <pos type="PRP"/>
                    <lemma type="it"/>
                </token>
                <token content="was" id="1-2">
                    <pos type="VBD"/>
                    <lemma type="be"/>
                </token>
                <token content="the" id="1-3">
                    <pos type="DT"/>
                    <lemma type="the"/>
                </token>
                <token content="day" id="1-4">
                    <pos type="NN"/>
                    <lemma type="day"/>
                </token>
                <token content="before" id="1-5"/>
                <token content="my" id="1-6">
                    <pos type="PRP$"/>
                    <lemma type="my"/>
                </token>
                <token content="girlfriend" id="1-7">
                    <pos type="NN"/>
                    <lemma type="girlfriend"/>
                </token>
                <token content="'s" id="1-8"/>
                <token content="birthday" id="1-9">
                    <pos type="NN"/>
                    <lemma type="birthday"/>
                </token>
                <token content="and" id="1-10"/>
                <token content="I" id="1-11">
                    <pos type="PRP"/>
                    <lemma type="I"/>
                    <dep head="1-12" type="nsubj"/>
                </token>
                <token content="decided" id="1-12">
                    <pos type="VBD"/>
                    <lemma type="decide"/>
                </token>
                <token content="to" id="1-13">
                    <pos type="TO"/>
                    <lemma type="to"/>
                    <dep head="1-14" type="aux"/>
                </token>
                <token content="do" id="1-14">
                    <pos type="VB"/>
                    <lemma type="do"/>
                    <dep head="1-12" type="xcomp"/>
                </token>
                <token content="something" id="1-15">
                    <pos type="NN"/>
                    <lemma type="something"/>
                    <dep head="1-14" type="dobj"/>
                </token>
                <token content="special" id="1-16">
                    <pos type="JJ"/>
                    <lemma type="special"/>
                </token>
                <token content="for" id="1-17"/>
                <token content="her" id="1-18">
                    <pos type="PRP"/>
                    <lemma type="she"/>
                    <dep head="1-14" type="prep"/>
                </token>
                <token content="!" id="1-19"/>
            </sentence>
            <sentence id="2">
                <token content="Her" id="2-1">
                    <pos type="PRP$"/>
                    <lemma type="she"/>
                </token>
                <token content="favorite" id="2-2">
                    <pos type="JJ"/>
                    <lemma type="favorite"/>
                </token>
                <token content="flavor" id="2-3">
                    <pos type="NN"/>
                    <lemma type="flavor"/>
                </token>
                <token content="is" id="2-4">
                    <pos type="VBZ"/>
                    <lemma type="be"/>
                </token>
                <token content="strawberry" id="2-5">
                    <pos type="JJ"/>
                    <lemma type="strawberry"/>
                </token>
                <token content="so" id="2-6">
                    <pos type="IN"/>
                    <lemma type="so"/>
                    <dep head="2-9" type="mark"/>
                </token>
                <token content="I" id="2-7">
                    <pos type="PRP"/>
                    <lemma type="I"/>
                    <dep head="2-9" type="nsubj"/>
                </token>
                <token content="will" id="2-8">
                    <pos type="MD"/>
                    <lemma type="will"/>
                    <dep head="2-9" type="aux"/>
                </token>
                <token content="make" id="2-9">
                    <pos type="VB"/>
                    <lemma type="make"/>
                </token>
                <token content="her" id="2-10">
                    <pos type="PRP"/>
                    <lemma type="she"/>
                </token>
                <token content="a" id="2-11">
                    <pos type="DT"/>
                    <lemma type="a"/>
                </token>
                <token content="strawberry" id="2-12">
                    <pos type="JJ"/>
                    <lemma type="strawberry"/>
                </token>
                <token content="cake" id="2-13">
                    <pos type="NN"/>
                    <lemma type="cake"/>
                    <dep head="2-9" type="xcomp"/>
                </token>
                <token content="as" id="2-14"/>
                <token content="a" id="2-15">
                    <pos type="DT"/>
                    <lemma type="a"/>
                </token>
                <token content="surprise" id="2-16">
                    <pos type="NN"/>
                    <lemma type="surprise"/>
                </token>
                <token content="." id="2-17"/>
            </sentence>
            <sentence id="3">
                <token content="I" id="3-1">
                    <pos type="PRP"/>
                    <lemma type="I"/>
                    <dep head="3-2" type="nsubj"/>
                </token>
                <token content="began" id="3-2">
                    <pos type="VBD"/>
                    <lemma type="begin"/>
                </token>
                <token content="by" id="3-3"/>
                <token content="getting" id="3-4">
                    <pos type="VBG"/>
                    <lemma type="get"/>
                    <dep head="3-2" type="prepc"/>
                </token>
                <token content="the" id="3-5">
                    <pos type="DT"/>
                    <lemma type="the"/>
                </token>
                <token content="best" id="3-6">
                    <pos type="RBS"/>
                    <lemma type="best"/>
                </token>
                <token content="strawberries" id="3-7">
                    <pos type="JJ"/>
                    <lemma type="strawberries"/>
                </token>
                <token content="and" id="3-8"/>
                <token content="most" id="3-9">
                    <pos type="RBS"/>
                    <lemma type="most"/>
                </token>
                <token content="delicious" id="3-10">
                    <pos type="JJ"/>
                    <lemma type="delicious"/>
                </token>
                <token content="cake" id="3-11">
                    <pos type="NN"/>
                    <lemma type="cake"/>
                </token>
                <token content="batter" id="3-12">
                    <pos type="NN"/>
                    <lemma type="batter"/>
                    <dep head="3-4" type="dobj"/>
                </token>
                <token content="from" id="3-13"/>
                <token content="the" id="3-14">
                    <pos type="DT"/>
                    <lemma type="the"/>
                </token>
                <token content="store" id="3-15">
                    <pos type="NN"/>
                    <lemma type="store"/>
                    <dep head="3-4" type="prep"/>
                </token>
                <token content="I" id="3-16">
                    <pos type="PRP"/>
                    <lemma type="I"/>
                    <dep head="3-18" type="nsubj"/>
                </token>
                <token content="could" id="3-17">
                    <pos type="MD"/>
                    <lemma type="could"/>
                    <dep head="3-18" type="aux"/>
                </token>
                <token content="find" id="3-18">
                    <pos type="VB"/>
                    <lemma type="find"/>
                </token>
                <token content="." id="3-19"/>
            </sentence>
            <sentence id="4">
                <token content="When" id="4-1">
                    <pos type="WRB"/>
                    <lemma type="when"/>
                    <dep head="4-3" type="advmod"/>
                </token>
                <token content="I" id="4-2">
                    <pos type="PRP"/>
                    <lemma type="I"/>
                    <dep head="4-3" type="nsubj"/>
                </token>
                <token content="arrived" id="4-3">
                    <pos type="VBD"/>
                    <lemma type="arrive"/>
                    <dep head="4-6" type="advcl"/>
                </token>
                <token content="home" id="4-4">
                    <pos type="NN"/>
                    <lemma type="home"/>
                    <dep head="4-3" type="dobj"/>
                </token>
                <token content="I" id="4-5">
                    <pos type="PRP"/>
                    <lemma type="I"/>
                    <dep head="4-6" type="nsubj"/>
                </token>
                <token content="turned" id="4-6">
                    <pos type="VBD"/>
                    <lemma type="turn"/>
                </token>
                <token content="on" id="4-7"/>
                <token content="the" id="4-8">
                    <pos type="DT"/>
                    <lemma type="the"/>
                </token>
                <token content="oven" id="4-9">
                    <pos type="NN"/>
                    <lemma type="oven"/>
                    <dep head="4-6" type="prep"/>
                </token>
                <token content="and" id="4-10"/>
                <token content="began" id="4-11">
                    <pos type="VBD"/>
                    <lemma type="begin"/>
                    <dep head="4-6" type="conj"/>
                </token>
                <token content="to" id="4-12">
                    <pos type="TO"/>
                    <lemma type="to"/>
                    <dep head="4-13" type="aux"/>
                </token>
                <token content="make" id="4-13">
                    <pos type="VB"/>
                    <lemma type="make"/>
                    <dep head="4-11" type="xcomp"/>
                </token>
                <token content="the" id="4-14">
                    <pos type="DT"/>
                    <lemma type="the"/>
                </token>
                <token content="batter" id="4-15">
                    <pos type="NN"/>
                    <lemma type="batter"/>
                    <dep head="4-13" type="dobj"/>
                </token>
                <token content="." id="4-16"/>
            </sentence>
            <sentence id="5">
                <token content="I" id="5-1">
                    <pos type="PRP"/>
                    <lemma type="I"/>
                    <dep head="5-2" type="nsubj"/>
                </token>
                <token content="mix" id="5-2">
                    <pos type="VB"/>
                    <lemma type="mix"/>
                </token>
                <token content="the" id="5-3">
                    <pos type="DT"/>
                    <lemma type="the"/>
                </token>
                <token content="ingredients" id="5-4">
                    <pos type="NNS"/>
                    <lemma type="ingredient"/>
                    <dep head="5-2" type="dobj"/>
                </token>
                <token content="together" id="5-5">
                    <pos type="RB"/>
                    <lemma type="together"/>
                    <dep head="5-2" type="advmod"/>
                </token>
                <token content="and" id="5-6"/>
                <token content="put" id="5-7">
                    <pos type="VB"/>
                    <lemma type="put"/>
                    <dep head="5-2" type="conj"/>
                </token>
                <token content="the" id="5-8">
                    <pos type="DT"/>
                    <lemma type="the"/>
                </token>
                <token content="cake" id="5-9">
                    <pos type="NN"/>
                    <lemma type="cake"/>
                    <dep head="5-7" type="dobj"/>
                </token>
                <token content="together" id="5-10">
                    <pos type="RB"/>
                    <lemma type="together"/>
                    <dep head="5-7" type="advmod"/>
                </token>
                <token content="." id="5-11"/>
            </sentence>
            <sentence id="6">
                <token content="It" id="6-1">
                    <pos type="PRP"/>
                    <lemma type="it"/>
                    <dep head="6-3" type="nsubj"/>
                </token>
                <token content="then" id="6-2">
                    <pos type="RB"/>
                    <lemma type="then"/>
                    <dep head="6-3" type="advmod"/>
                </token>
                <token content="goes" id="6-3">
                    <pos type="VBZ"/>
                    <lemma type="go"/>
                </token>
                <token content="in" id="6-4"/>
                <token content="the" id="6-5">
                    <pos type="DT"/>
                    <lemma type="the"/>
                </token>
                <token content="oven" id="6-6">
                    <pos type="NN"/>
                    <lemma type="oven"/>
                    <dep head="6-3" type="prep"/>
                </token>
                <token content="to" id="6-7">
                    <pos type="TO"/>
                    <lemma type="to"/>
                    <dep head="6-8" type="aux"/>
                </token>
                <token content="bake" id="6-8">
                    <pos type="VB"/>
                    <lemma type="bake"/>
                </token>
                <token content="and" id="6-9"/>
                <token content="become" id="6-10">
                    <pos type="VB"/>
                    <lemma type="become"/>
                    <dep head="6-8" type="conj"/>
                </token>
                <token content="golden" id="6-11">
                    <pos type="JJ"/>
                    <lemma type="golden"/>
                    <dep head="6-10" type="acomp"/>
                </token>
                <token content="and" id="6-12"/>
                <token content="perfect" id="6-13">
                    <pos type="JJ"/>
                    <lemma type="perfect"/>
                </token>
                <token content="for" id="6-14"/>
                <token content="eating" id="6-15">
                    <pos type="VBG"/>
                    <lemma type="eat"/>
                    <dep head="6-10" type="prepc"/>
                </token>
                <token content="." id="6-16"/>
            </sentence>
            <sentence id="7">
                <token content="I" id="7-1">
                    <pos type="PRP"/>
                    <lemma type="I"/>
                    <dep head="7-2" type="nsubj"/>
                </token>
                <token content="take" id="7-2">
                    <pos type="VB"/>
                    <lemma type="take"/>
                    <dep head="7-12" type="dep"/>
                </token>
                <token content="the" id="7-3">
                    <pos type="DT"/>
                    <lemma type="the"/>
                </token>
                <token content="cake" id="7-4">
                    <pos type="NN"/>
                    <lemma type="cake"/>
                    <dep head="7-2" type="dobj"/>
                </token>
                <token content="out" id="7-5">
                    <pos type="RP"/>
                    <lemma type="out"/>
                    <dep head="7-2" type="prt"/>
                </token>
                <token content="after" id="7-6">
                    <pos type="IN"/>
                    <lemma type="after"/>
                    <dep head="7-9" type="mark"/>
                </token>
                <token content="it" id="7-7">
                    <pos type="PRP"/>
                    <lemma type="it"/>
                    <dep head="7-9" type="nsubj"/>
                </token>
                <token content="has" id="7-8">
                    <pos type="VBZ"/>
                    <lemma type="have"/>
                    <dep head="7-9" type="aux"/>
                </token>
                <token content="baked" id="7-9">
                    <pos type="VBN"/>
                    <lemma type="bake"/>
                    <dep head="7-2" type="advcl"/>
                </token>
                <token content="and" id="7-10"/>
                <token content="put" id="7-11">
                    <pos type="VBN"/>
                    <lemma type="put"/>
                    <dep head="7-9" type="conj"/>
                </token>
                <token content="sprinkles" id="7-12">
                    <pos type="VBZ"/>
                    <lemma type="sprinkle"/>
                </token>
                <token content="on" id="7-13"/>
                <token content="top" id="7-14">
                    <pos type="NN"/>
                    <lemma type="top"/>
                    <dep head="7-12" type="prep"/>
                </token>
                <token content="and" id="7-15"/>
                <token content="place" id="7-16">
                    <pos type="NN"/>
                    <lemma type="place"/>
                </token>
                <token content="the" id="7-17">
                    <pos type="DT"/>
                    <lemma type="the"/>
                </token>
                <token content="candles" id="7-18">
                    <pos type="NNS"/>
                    <lemma type="candle"/>
                    <dep head="7-12" type="nsubj"/>
                </token>
                <token content="." id="7-19"/>
            </sentence>
            <sentence id="8">
                <token content="I" id="8-1">
                    <pos type="PRP"/>
                    <lemma type="I"/>
                    <dep head="8-2" type="nsubj"/>
                </token>
                <token content="write" id="8-2">
                    <pos type="VBP"/>
                    <lemma type="write"/>
                </token>
                <token content="on" id="8-3"/>
                <token content="the" id="8-4">
                    <pos type="DT"/>
                    <lemma type="the"/>
                </token>
                <token content="cake" id="8-5">
                    <pos type="NN"/>
                    <lemma type="cake"/>
                </token>
                <token content="happy" id="8-6">
                    <pos type="JJ"/>
                    <lemma type="happy"/>
                </token>
                <token content="birthday" id="8-7">
                    <pos type="NN"/>
                    <lemma type="birthday"/>
                </token>
                <token content="princess" id="8-8">
                    <pos type="NNS"/>
                    <lemma type="princess"/>
                    <dep head="8-2" type="prep"/>
                </token>
                <token content="!" id="8-9"/>
            </sentence>
            <sentence id="9">
                <token content="!" id="9-1"/>
            </sentence>
            <sentence id="10">
                <token content="The" id="10-1">
                    <pos type="DT"/>
                    <lemma type="the"/>
                </token>
                <token content="next" id="10-2">
                    <pos type="JJ"/>
                    <lemma type="next"/>
                </token>
                <token content="day" id="10-3">
                    <pos type="NN"/>
                    <lemma type="day"/>
                    <dep head="10-5" type="tmod"/>
                </token>
                <token content="I" id="10-4">
                    <pos type="PRP"/>
                    <lemma type="I"/>
                    <dep head="10-5" type="nsubj"/>
                </token>
                <token content="surprise" id="10-5">
                    <pos type="VBD"/>
                    <lemma type="surprise"/>
                </token>
                <token content="her" id="10-6">
                    <pos type="PRP"/>
                    <lemma type="she"/>
                    <dep head="10-5" type="dobj"/>
                </token>
                <token content="with" id="10-7"/>
                <token content="the" id="10-8">
                    <pos type="DT"/>
                    <lemma type="the"/>
                </token>
                <token content="best" id="10-9">
                    <pos type="JJS"/>
                    <lemma type="best"/>
                </token>
                <token content="cake" id="10-10">
                    <pos type="NN"/>
                    <lemma type="cake"/>
                    <dep head="10-5" type="prep"/>
                </token>
                <token content="that" id="10-11">
                    <pos type="IN"/>
                    <lemma type="that"/>
                    <dep head="10-15" type="mark"/>
                </token>
                <token content="she" id="10-12">
                    <pos type="PRP"/>
                    <lemma type="she"/>
                    <dep head="10-15" type="nsubj"/>
                </token>
                <token content="has" id="10-13">
                    <pos type="VBZ"/>
                    <lemma type="have"/>
                    <dep head="10-15" type="aux"/>
                </token>
                <token content="ever" id="10-14">
                    <pos type="RB"/>
                    <lemma type="ever"/>
                    <dep head="10-15" type="advmod"/>
                </token>
                <token content="seen" id="10-15">
                    <pos type="VBN"/>
                    <lemma type="see"/>
                    <dep head="10-5" type="ccomp"/>
                </token>
                <token content="." id="10-16"/>
            </sentence>
            <sentence id="11">
                <token content="She" id="11-1">
                    <pos type="PRP"/>
                    <lemma type="she"/>
                </token>
                <token content="is" id="11-2">
                    <pos type="VBZ"/>
                    <lemma type="be"/>
                </token>
                <token content="so" id="11-3">
                    <pos type="RB"/>
                    <lemma type="so"/>
                </token>
                <token content="surprised" id="11-4">
                    <pos type="JJ"/>
                    <lemma type="surprised"/>
                </token>
                <token content="that" id="11-5">
                    <pos type="IN"/>
                    <lemma type="that"/>
                    <dep head="11-7" type="mark"/>
                </token>
                <token content="she" id="11-6">
                    <pos type="PRP"/>
                    <lemma type="she"/>
                    <dep head="11-7" type="nsubj"/>
                </token>
                <token content="faints" id="11-7">
                    <pos type="VBZ"/>
                    <lemma type="faint"/>
                </token>
                <token content="!" id="11-8"/>
            </sentence>
            <sentence id="12">
                <token content="After" id="12-1"/>
                <token content="waking" id="12-2">
                    <pos type="VBG"/>
                    <lemma type="wake"/>
                </token>
                <token content="back" id="12-3">
                    <pos type="RB"/>
                    <lemma type="back"/>
                </token>
                <token content="up" id="12-4">
                    <pos type="RB"/>
                    <lemma type="up"/>
                    <dep head="12-2" type="advmod"/>
                </token>
                <token content="she" id="12-5">
                    <pos type="PRP"/>
                    <lemma type="she"/>
                    <dep head="12-6" type="nsubj"/>
                </token>
                <token content="enjoys" id="12-6">
                    <pos type="VBZ"/>
                    <lemma type="enjoy"/>
                </token>
                <token content="the" id="12-7">
                    <pos type="DT"/>
                    <lemma type="the"/>
                </token>
                <token content="cake" id="12-8">
                    <pos type="NN"/>
                    <lemma type="cake"/>
                    <dep head="12-6" type="dobj"/>
                </token>
                <token content="and" id="12-9"/>
                <token content="tells" id="12-10">
                    <pos type="VBZ"/>
                    <lemma type="tell"/>
                    <dep head="12-6" type="conj"/>
                </token>
                <token content="me" id="12-11">
                    <pos type="PRP"/>
                    <lemma type="I"/>
                    <dep head="12-10" type="dobj"/>
                </token>
                <token content="it" id="12-12">
                    <pos type="PRP"/>
                    <lemma type="it"/>
                </token>
                <token content="is" id="12-13">
                    <pos type="VBZ"/>
                    <lemma type="be"/>
                </token>
                <token content="the" id="12-14">
                    <pos type="DT"/>
                    <lemma type="the"/>
                </token>
                <token content="best" id="12-15">
                    <pos type="JJS"/>
                    <lemma type="best"/>
                </token>
                <token content="that" id="12-16">
                    <pos type="IN"/>
                    <lemma type="that"/>
                    <dep head="12-19" type="mark"/>
                </token>
                <token content="she" id="12-17">
                    <pos type="PRP"/>
                    <lemma type="she"/>
                    <dep head="12-19" type="nsubj"/>
                </token>
                <token content="has" id="12-18">
                    <pos type="VBZ"/>
                    <lemma type="have"/>
                    <dep head="12-19" type="aux"/>
                </token>
                <token content="had" id="12-19">
                    <pos type="VBN"/>
                    <lemma type="have"/>
                </token>
                <token content="in" id="12-20"/>
                <token content="years" id="12-21">
                    <pos type="NNS"/>
                    <lemma type="year"/>
                    <dep head="12-19" type="prep"/>
                </token>
                <token content="." id="12-22"/>
            </sentence>
        </sentences>
    </text>
    <annotations>
        <participants>
            <label from="1-1" id="0" name="No_label" text="It" type="participant"/>
            <label from="1-4" id="1" name="NPart" text="day" type="participant"/>
            <label from="1-6" id="2" name="ScrPart_cook" text="my" type="participant"/>
            <label from="1-7" id="3" name="ScrPart_beneficiary" text="girlfriend" type="participant"/>
            <label from="1-9" id="4" name="NPart" text="birthday" type="participant"/>
            <label from="1-11" id="5" name="ScrPart_cook" text="I" type="participant"/>
            <label from="1-15" id="6" name="No_label" text="something" type="participant"/>
            <label from="1-18" id="7" name="ScrPart_beneficiary" text="her" type="participant"/>
            <label from="2-1" id="8" name="ScrPart_beneficiary" text="Her" type="participant"/>
            <label from="2-3" id="9" name="NPart" text="flavor" type="participant"/>
            <label from="2-5" id="10" name="NPart" text="strawberry" type="participant"/>
            <label from="2-7" id="11" name="ScrPart_cook" text="I" type="participant"/>
            <label from="2-10" id="12" name="ScrPart_beneficiary" text="her" type="participant"/>
            <label from="2-12" id="13" name="ScrPart_cake" text="strawberry cake" to="2-13" type="participant"/>
            <label from="2-13" id="14" name="ScrPart_cake" text="cake" type="participant"/>
            <label from="2-16" id="15" name="NPart" text="surprise" type="participant"/>
            <label from="3-1" id="16" name="ScrPart_cook" text="I" type="participant"/>
            <label from="3-7" id="17" name="ScrPart_ingredients" text="strawberries" type="participant"/>
            <label from="3-11" id="18" name="ScrPart_dough" text="cake batter" to="3-12" type="participant"/>
            <label from="3-12" id="19" name="ScrPart_dough" text="batter" type="participant"/>
            <label from="3-15" id="20" name="ScrPart_store" text="store" type="participant"/>
            <label from="3-16" id="21" name="ScrPart_cook" text="I" type="participant"/>
            <label from="4-2" id="22" name="ScrPart_cook" text="I" type="participant"/>
            <label from="4-4" id="23" name="ScrPart_kitchen/location" text="home" type="participant"/>
            <label from="4-5" id="24" name="ScrPart_cook" text="I" type="participant"/>
            <label from="4-9" id="25" name="ScrPart_oven" text="oven" type="participant"/>
            <label from="4-15" id="26" name="ScrPart_dough" text="batter" type="participant"/>
            <label from="5-1" id="27" name="ScrPart_cook" text="I" type="participant"/>
            <label from="5-4" id="28" name="ScrPart_ingredients" text="ingredients" type="participant"/>
            <label from="5-9" id="29" name="ScrPart_cake" text="cake" type="participant"/>
            <label from="6-1" id="30" name="ScrPart_cake" text="It" type="participant"/>
            <label from="6-6" id="31" name="ScrPart_oven" text="oven" type="participant"/>
            <label from="7-1" id="32" name="ScrPart_cook" text="I" type="participant"/>
            <label from="7-4" id="33" name="ScrPart_cake" text="cake" type="participant"/>
            <label from="7-7" id="34" name="ScrPart_cake" text="it" type="participant"/>
            <label from="7-12" id="35" name="ScrPart_ingredients" text="sprinkles" type="participant"/>
            <label from="7-14" id="36" name="NPart" text="top" type="participant"/>
            <label from="7-18" id="37" name="ScrPart_other" text="candles" type="participant"/>
            <label from="8-1" id="38" name="ScrPart_cook" text="I" type="participant"/>
            <label from="8-5" id="39" name="ScrPart_cake" text="cake" type="participant"/>
            <label from="8-7" id="40" name="NPart" text="birthday" type="participant"/>
            <label from="8-8" id="41" name="ScrPart_beneficiary" text="princess" type="participant"/>
            <label from="10-3" id="42" name="NPart" text="day" type="participant"/>
            <label from="10-4" id="43" name="ScrPart_cook" text="I" type="participant"/>
            <label from="10-6" id="44" name="ScrPart_beneficiary" text="her" type="participant"/>
            <label from="10-10" id="45" name="ScrPart_cake" text="cake" type="participant"/>
            <label from="10-12" id="46" name="ScrPart_beneficiary" text="she" type="participant"/>
            <label from="11-1" id="47" name="ScrPart_beneficiary" text="She" type="participant"/>
            <label from="11-6" id="48" name="ScrPart_beneficiary" text="she" type="participant"/>
            <label from="12-5" id="49" name="ScrPart_beneficiary" text="she" type="participant"/>
            <label from="12-8" id="50" name="ScrPart_cake" text="cake" type="participant"/>
            <label from="12-11" id="51" name="ScrPart_cook" text="me" type="participant"/>
            <label from="12-12" id="52" name="ScrPart_cake" text="it" type="participant"/>
            <label from="12-17" id="53" name="ScrPart_beneficiary" text="she" type="participant"/>
            <label from="12-21" id="54" name="NPart" text="years" type="participant"/>
        </participants>
        <events>
            <label from="1-2" id="55" name="UnrelEv" text="was" type="event"/>
            <label from="1-12" id="56" name="UnrelEv" text="decided" type="event"/>
            <label from="1-14" id="57" name="UnrelEv" text="do" type="event"/>
            <label from="2-4" id="58" name="UnrelEv" text="is" type="event"/>
            <label from="2-9" id="59" name="Evoking" text="make her a strawberry cake" to="2-13" type="event"/>
            <label from="3-2" id="60" name="UnrelEv" text="began" type="event"/>
            <label from="3-4" id="61" name="ScrEv_get_ingredients" text="getting" type="event"/>
            <label from="3-18" id="62" name="UnrelEv" text="find" type="event"/>
            <label from="4-3" id="63" name="RelNScrEv" text="arrived" type="event"/>
            <label from="4-6" id="64" name="ScrEv_preheat" text="turned on" to="4-7" type="event"/>
            <label from="4-6" id="65" name="ScrEv_preheat" text="turned" type="event"/>
            <label from="4-11" id="66" name="UnrelEv" text="began" type="event"/>
            <label from="4-13" id="67" name="ScrEv_make_dough" text="make" type="event"/>
            <label from="5-2" id="68" name="ScrEv_make_dough" text="mix" type="event"/>
            <label from="5-7" id="69" name="ScrEv_make_dough" text="put" type="event"/>
            <label from="6-3" id="70" name="ScrEv_put_cake_oven" text="goes" type="event"/>
            <label from="6-8" id="71" name="RelNScrEv" text="bake" type="event"/>
            <label from="6-10" id="72" name="UnrelEv" text="become" type="event"/>
            <label from="6-15" id="73" name="RelNScrEv" text="eating" type="event"/>
            <label from="7-2" id="74" name="ScrEv_take_out_oven" text="take" type="event"/>
            <label from="7-9" id="75" name="RelNScrEv" text="baked" type="event"/>
            <label from="7-11" id="76" name="ScrEv_decorate" text="put" type="event"/>
            <label from="7-16" id="77" name="ScrEv_decorate" text="place" type="event"/>
            <label from="8-2" id="78" name="ScrEv_decorate" text="write" type="event"/>
            <label from="10-5" id="79" name="UnrelEv" text="surprise" type="event"/>
            <label from="10-15" id="80" name="UnrelEv" text="seen" type="event"/>
            <label from="11-2" id="81" name="UnrelEv" text="is" type="event"/>
            <label from="11-7" id="82" name="UnrelEv" text="faints" type="event"/>
            <label from="12-2" id="83" name="UnrelEv" text="waking" type="event"/>
            <label from="12-6" id="84" name="ScrEv_eat" text="enjoys" type="event"/>
            <label from="12-10" id="85" name="UnrelEv" text="tells" type="event"/>
            <label from="12-13" id="86" name="UnrelEv" text="is" type="event"/>
            <label from="12-19" id="87" name="ScrEv_eat" text="had" type="event"/>
        </events>
        <chains>
            <chain elements="3 7 8 12 41 44 46 47 48 49 53"/>
            <chain elements="5 11 16 21 22 24 27 32 38 43 51"/>
            <chain elements="14 18 29 30 33 34 39 45 50 52"/>
            <chain elements="19 26"/>
            <chain elements="25 31"/>
        </chains>
    </annotations>
</story>
