<?xml version="1.0" encoding="UTF-8" standalone="no"?>
<!DOCTYPE story SYSTEM "../InScript.dtd">
<story id="032" scenario="cake">
    <text>
        <content>This weekend I decided to do something special with my son . 
He been asking me to bake a cake with him so I figured today would be a good day to do so . 
We went to the store and bought all the ingredients we needed . 
We bought eggs , milk , cake mix , and even frosting . 
When we got back home I took out my measuring cup and showed him how to measure how much milk we needed to add to the cake mix . 
Then we both proceeded to crack a couple eggs and add it to the mix as well . 
I gave him the hand mixer and he started mixing it all together in a large bowl . 
I could tell he was having a great time . 
After he finished mixing the the cake batter , I slowly poured it into a cake pan . 
I pre-heated the oven to 350 degrees and when it was hot enough I put the cake in . 
After 45 minutes of baking the cake was finally ready . 
We let it cool on the table for about 30 minutes then my son and I added the frosting to it . 
It was a beautiful looking cake and we were both proud that we made it together . </content>
        <sentences>
            <sentence id="1">
                <token content="This" id="1-1">
                    <pos type="DT"/>
                    <lemma type="this"/>
                </token>
                <token content="weekend" id="1-2">
                    <pos type="NN"/>
                    <lemma type="weekend"/>
                    <dep head="1-4" type="nsubj"/>
                </token>
                <token content="I" id="1-3">
                    <pos type="PRP"/>
                    <lemma type="I"/>
                    <dep head="1-4" type="nsubj"/>
                </token>
                <token content="decided" id="1-4">
                    <pos type="VBD"/>
                    <lemma type="decide"/>
                </token>
                <token content="to" id="1-5">
                    <pos type="TO"/>
                    <lemma type="to"/>
                    <dep head="1-6" type="aux"/>
                </token>
                <token content="do" id="1-6">
                    <pos type="VB"/>
                    <lemma type="do"/>
                    <dep head="1-4" type="xcomp"/>
                </token>
                <token content="something" id="1-7">
                    <pos type="NN"/>
                    <lemma type="something"/>
                    <dep head="1-6" type="dobj"/>
                </token>
                <token content="special" id="1-8">
                    <pos type="JJ"/>
                    <lemma type="special"/>
                </token>
                <token content="with" id="1-9"/>
                <token content="my" id="1-10">
                    <pos type="PRP$"/>
                    <lemma type="my"/>
                </token>
                <token content="son" id="1-11">
                    <pos type="NN"/>
                    <lemma type="son"/>
                    <dep head="1-6" type="prep"/>
                </token>
                <token content="." id="1-12"/>
            </sentence>
            <sentence id="2">
                <token content="He" id="2-1">
                    <pos type="PRP"/>
                    <lemma type="he"/>
                </token>
                <token content="been" id="2-2">
                    <pos type="VBN"/>
                    <lemma type="be"/>
                    <dep head="2-3" type="aux"/>
                </token>
                <token content="asking" id="2-3">
                    <pos type="VBG"/>
                    <lemma type="ask"/>
                </token>
                <token content="me" id="2-4">
                    <pos type="PRP"/>
                    <lemma type="I"/>
                    <dep head="2-3" type="dobj"/>
                </token>
                <token content="to" id="2-5">
                    <pos type="TO"/>
                    <lemma type="to"/>
                    <dep head="2-6" type="aux"/>
                </token>
                <token content="bake" id="2-6">
                    <pos type="VB"/>
                    <lemma type="bake"/>
                    <dep head="2-3" type="xcomp"/>
                </token>
                <token content="a" id="2-7">
                    <pos type="DT"/>
                    <lemma type="a"/>
                </token>
                <token content="cake" id="2-8">
                    <pos type="NN"/>
                    <lemma type="cake"/>
                    <dep head="2-6" type="dobj"/>
                </token>
                <token content="with" id="2-9"/>
                <token content="him" id="2-10">
                    <pos type="PRP"/>
                    <lemma type="he"/>
                    <dep head="2-6" type="prep"/>
                </token>
                <token content="so" id="2-11">
                    <pos type="IN"/>
                    <lemma type="so"/>
                    <dep head="2-13" type="mark"/>
                </token>
                <token content="I" id="2-12">
                    <pos type="PRP"/>
                    <lemma type="I"/>
                    <dep head="2-13" type="nsubj"/>
                </token>
                <token content="figured" id="2-13">
                    <pos type="VBD"/>
                    <lemma type="figure"/>
                    <dep head="2-6" type="advcl"/>
                </token>
                <token content="today" id="2-14">
                    <pos type="NN"/>
                    <lemma type="today"/>
                    <dep head="2-13" type="tmod"/>
                </token>
                <token content="would" id="2-15">
                    <pos type="MD"/>
                    <lemma type="would"/>
                </token>
                <token content="be" id="2-16">
                    <pos type="VB"/>
                    <lemma type="be"/>
                </token>
                <token content="a" id="2-17">
                    <pos type="DT"/>
                    <lemma type="a"/>
                </token>
                <token content="good" id="2-18">
                    <pos type="JJ"/>
                    <lemma type="good"/>
                </token>
                <token content="day" id="2-19">
                    <pos type="NN"/>
                    <lemma type="day"/>
                </token>
                <token content="to" id="2-20">
                    <pos type="TO"/>
                    <lemma type="to"/>
                    <dep head="2-21" type="aux"/>
                </token>
                <token content="do" id="2-21">
                    <pos type="VB"/>
                    <lemma type="do"/>
                </token>
                <token content="so" id="2-22">
                    <pos type="RB"/>
                    <lemma type="so"/>
                    <dep head="2-21" type="advmod"/>
                </token>
                <token content="." id="2-23"/>
            </sentence>
            <sentence id="3">
                <token content="We" id="3-1">
                    <pos type="PRP"/>
                    <lemma type="we"/>
                    <dep head="3-2" type="nsubj"/>
                </token>
                <token content="went" id="3-2">
                    <pos type="VBD"/>
                    <lemma type="go"/>
                </token>
                <token content="to" id="3-3"/>
                <token content="the" id="3-4">
                    <pos type="DT"/>
                    <lemma type="the"/>
                </token>
                <token content="store" id="3-5">
                    <pos type="NN"/>
                    <lemma type="store"/>
                    <dep head="3-2" type="prep"/>
                </token>
                <token content="and" id="3-6"/>
                <token content="bought" id="3-7">
                    <pos type="VBD"/>
                    <lemma type="buy"/>
                    <dep head="3-2" type="conj"/>
                </token>
                <token content="all" id="3-8">
                    <pos type="PDT"/>
                    <lemma type="all"/>
                </token>
                <token content="the" id="3-9">
                    <pos type="DT"/>
                    <lemma type="the"/>
                </token>
                <token content="ingredients" id="3-10">
                    <pos type="NNS"/>
                    <lemma type="ingredient"/>
                    <dep head="3-7" type="dobj"/>
                </token>
                <token content="we" id="3-11">
                    <pos type="PRP"/>
                    <lemma type="we"/>
                    <dep head="3-12" type="nsubj"/>
                </token>
                <token content="needed" id="3-12">
                    <pos type="VBD"/>
                    <lemma type="need"/>
                    <dep head="3-7" type="dep"/>
                </token>
                <token content="." id="3-13"/>
            </sentence>
            <sentence id="4">
                <token content="We" id="4-1">
                    <pos type="PRP"/>
                    <lemma type="we"/>
                    <dep head="4-2" type="nsubj"/>
                </token>
                <token content="bought" id="4-2">
                    <pos type="VBD"/>
                    <lemma type="buy"/>
                </token>
                <token content="eggs" id="4-3">
                    <pos type="NNS"/>
                    <lemma type="egg"/>
                    <dep head="4-2" type="dobj"/>
                </token>
                <token content="," id="4-4"/>
                <token content="milk" id="4-5">
                    <pos type="NN"/>
                    <lemma type="milk"/>
                </token>
                <token content="," id="4-6"/>
                <token content="cake" id="4-7">
                    <pos type="NN"/>
                    <lemma type="cake"/>
                </token>
                <token content="mix" id="4-8">
                    <pos type="NN"/>
                    <lemma type="mix"/>
                </token>
                <token content="," id="4-9"/>
                <token content="and" id="4-10"/>
                <token content="even" id="4-11">
                    <pos type="RB"/>
                    <lemma type="even"/>
                </token>
                <token content="frosting" id="4-12">
                    <pos type="VBG"/>
                    <lemma type="frost"/>
                </token>
                <token content="." id="4-13"/>
            </sentence>
            <sentence id="5">
                <token content="When" id="5-1">
                    <pos type="WRB"/>
                    <lemma type="when"/>
                    <dep head="5-3" type="advmod"/>
                </token>
                <token content="we" id="5-2">
                    <pos type="PRP"/>
                    <lemma type="we"/>
                    <dep head="5-3" type="nsubj"/>
                </token>
                <token content="got" id="5-3">
                    <pos type="VBD"/>
                    <lemma type="get"/>
                    <dep head="5-7" type="advcl"/>
                </token>
                <token content="back" id="5-4">
                    <pos type="RB"/>
                    <lemma type="back"/>
                    <dep head="5-3" type="advmod"/>
                </token>
                <token content="home" id="5-5">
                    <pos type="NN"/>
                    <lemma type="home"/>
                </token>
                <token content="I" id="5-6">
                    <pos type="PRP"/>
                    <lemma type="I"/>
                    <dep head="5-7" type="nsubj"/>
                </token>
                <token content="took" id="5-7">
                    <pos type="VBD"/>
                    <lemma type="take"/>
                </token>
                <token content="out" id="5-8">
                    <pos type="RP"/>
                    <lemma type="out"/>
                    <dep head="5-7" type="prt"/>
                </token>
                <token content="my" id="5-9">
                    <pos type="PRP$"/>
                    <lemma type="my"/>
                </token>
                <token content="measuring" id="5-10">
                    <pos type="NN"/>
                    <lemma type="measuring"/>
                </token>
                <token content="cup" id="5-11">
                    <pos type="NN"/>
                    <lemma type="cup"/>
                    <dep head="5-7" type="dobj"/>
                </token>
                <token content="and" id="5-12"/>
                <token content="showed" id="5-13">
                    <pos type="VBD"/>
                    <lemma type="show"/>
                    <dep head="5-7" type="conj"/>
                </token>
                <token content="him" id="5-14">
                    <pos type="PRP"/>
                    <lemma type="he"/>
                    <dep head="5-13" type="dobj"/>
                </token>
                <token content="how" id="5-15">
                    <pos type="WRB"/>
                    <lemma type="how"/>
                    <dep head="5-17" type="advmod"/>
                </token>
                <token content="to" id="5-16">
                    <pos type="TO"/>
                    <lemma type="to"/>
                    <dep head="5-17" type="aux"/>
                </token>
                <token content="measure" id="5-17">
                    <pos type="VB"/>
                    <lemma type="measure"/>
                    <dep head="5-13" type="xcomp"/>
                </token>
                <token content="how" id="5-18">
                    <pos type="WRB"/>
                    <lemma type="how"/>
                </token>
                <token content="much" id="5-19">
                    <pos type="JJ"/>
                    <lemma type="much"/>
                </token>
                <token content="milk" id="5-20">
                    <pos type="NNS"/>
                    <lemma type="milk"/>
                    <dep head="5-22" type="dobj"/>
                </token>
                <token content="we" id="5-21">
                    <pos type="PRP"/>
                    <lemma type="we"/>
                    <dep head="5-22" type="nsubj"/>
                </token>
                <token content="needed" id="5-22">
                    <pos type="VBD"/>
                    <lemma type="need"/>
                    <dep head="5-17" type="ccomp"/>
                </token>
                <token content="to" id="5-23">
                    <pos type="TO"/>
                    <lemma type="to"/>
                    <dep head="5-24" type="aux"/>
                </token>
                <token content="add" id="5-24">
                    <pos type="VB"/>
                    <lemma type="add"/>
                    <dep head="5-22" type="xcomp"/>
                </token>
                <token content="to" id="5-25"/>
                <token content="the" id="5-26">
                    <pos type="DT"/>
                    <lemma type="the"/>
                </token>
                <token content="cake" id="5-27">
                    <pos type="NN"/>
                    <lemma type="cake"/>
                </token>
                <token content="mix" id="5-28">
                    <pos type="NN"/>
                    <lemma type="mix"/>
                    <dep head="5-24" type="prep"/>
                </token>
                <token content="." id="5-29"/>
            </sentence>
            <sentence id="6">
                <token content="Then" id="6-1">
                    <pos type="RB"/>
                    <lemma type="then"/>
                    <dep head="6-4" type="advmod"/>
                </token>
                <token content="we" id="6-2">
                    <pos type="PRP"/>
                    <lemma type="we"/>
                    <dep head="6-4" type="nsubj"/>
                </token>
                <token content="both" id="6-3">
                    <pos type="DT"/>
                    <lemma type="both"/>
                </token>
                <token content="proceeded" id="6-4">
                    <pos type="VBD"/>
                    <lemma type="proceed"/>
                </token>
                <token content="to" id="6-5">
                    <pos type="TO"/>
                    <lemma type="to"/>
                    <dep head="6-6" type="aux"/>
                </token>
                <token content="crack" id="6-6">
                    <pos type="VB"/>
                    <lemma type="crack"/>
                    <dep head="6-4" type="xcomp"/>
                </token>
                <token content="a" id="6-7">
                    <pos type="DT"/>
                    <lemma type="a"/>
                </token>
                <token content="couple" id="6-8">
                    <pos type="NN"/>
                    <lemma type="couple"/>
                </token>
                <token content="eggs" id="6-9">
                    <pos type="NNS"/>
                    <lemma type="egg"/>
                    <dep head="6-6" type="dobj"/>
                </token>
                <token content="and" id="6-10"/>
                <token content="add" id="6-11">
                    <pos type="VB"/>
                    <lemma type="add"/>
                    <dep head="6-6" type="conj"/>
                </token>
                <token content="it" id="6-12">
                    <pos type="PRP"/>
                    <lemma type="it"/>
                    <dep head="6-11" type="dobj"/>
                </token>
                <token content="to" id="6-13"/>
                <token content="the" id="6-14">
                    <pos type="DT"/>
                    <lemma type="the"/>
                </token>
                <token content="mix" id="6-15">
                    <pos type="NN"/>
                    <lemma type="mix"/>
                    <dep head="6-11" type="prep"/>
                </token>
                <token content="as" id="6-16">
                    <pos type="RB"/>
                    <lemma type="as"/>
                </token>
                <token content="well" id="6-17">
                    <pos type="RB"/>
                    <lemma type="well"/>
                    <dep head="6-11" type="advmod"/>
                </token>
                <token content="." id="6-18"/>
            </sentence>
            <sentence id="7">
                <token content="I" id="7-1">
                    <pos type="PRP"/>
                    <lemma type="I"/>
                    <dep head="7-2" type="nsubj"/>
                </token>
                <token content="gave" id="7-2">
                    <pos type="VBD"/>
                    <lemma type="give"/>
                </token>
                <token content="him" id="7-3">
                    <pos type="PRP"/>
                    <lemma type="he"/>
                    <dep head="7-2" type="iobj"/>
                </token>
                <token content="the" id="7-4">
                    <pos type="DT"/>
                    <lemma type="the"/>
                </token>
                <token content="hand" id="7-5">
                    <pos type="NN"/>
                    <lemma type="hand"/>
                </token>
                <token content="mixer" id="7-6">
                    <pos type="NN"/>
                    <lemma type="mixer"/>
                    <dep head="7-2" type="dobj"/>
                </token>
                <token content="and" id="7-7"/>
                <token content="he" id="7-8">
                    <pos type="PRP"/>
                    <lemma type="he"/>
                    <dep head="7-9" type="nsubj"/>
                </token>
                <token content="started" id="7-9">
                    <pos type="VBD"/>
                    <lemma type="start"/>
                    <dep head="7-2" type="conj"/>
                </token>
                <token content="mixing" id="7-10">
                    <pos type="VBG"/>
                    <lemma type="mix"/>
                    <dep head="7-9" type="xcomp"/>
                </token>
                <token content="it" id="7-11">
                    <pos type="PRP"/>
                    <lemma type="it"/>
                    <dep head="7-10" type="dobj"/>
                </token>
                <token content="all" id="7-12">
                    <pos type="DT"/>
                    <lemma type="all"/>
                </token>
                <token content="together" id="7-13">
                    <pos type="RB"/>
                    <lemma type="together"/>
                    <dep head="7-10" type="advmod"/>
                </token>
                <token content="in" id="7-14"/>
                <token content="a" id="7-15">
                    <pos type="DT"/>
                    <lemma type="a"/>
                </token>
                <token content="large" id="7-16">
                    <pos type="JJ"/>
                    <lemma type="large"/>
                </token>
                <token content="bowl" id="7-17">
                    <pos type="NN"/>
                    <lemma type="bowl"/>
                    <dep head="7-10" type="prep"/>
                </token>
                <token content="." id="7-18"/>
            </sentence>
            <sentence id="8">
                <token content="I" id="8-1">
                    <pos type="PRP"/>
                    <lemma type="I"/>
                    <dep head="8-3" type="nsubj"/>
                </token>
                <token content="could" id="8-2">
                    <pos type="MD"/>
                    <lemma type="could"/>
                    <dep head="8-3" type="aux"/>
                </token>
                <token content="tell" id="8-3">
                    <pos type="VB"/>
                    <lemma type="tell"/>
                </token>
                <token content="he" id="8-4">
                    <pos type="PRP"/>
                    <lemma type="he"/>
                    <dep head="8-6" type="nsubj"/>
                </token>
                <token content="was" id="8-5">
                    <pos type="VBD"/>
                    <lemma type="be"/>
                    <dep head="8-6" type="aux"/>
                </token>
                <token content="having" id="8-6">
                    <pos type="VBG"/>
                    <lemma type="have"/>
                    <dep head="8-3" type="ccomp"/>
                </token>
                <token content="a" id="8-7">
                    <pos type="DT"/>
                    <lemma type="a"/>
                </token>
                <token content="great" id="8-8">
                    <pos type="JJ"/>
                    <lemma type="great"/>
                </token>
                <token content="time" id="8-9">
                    <pos type="NN"/>
                    <lemma type="time"/>
                    <dep head="8-6" type="dobj"/>
                </token>
                <token content="." id="8-10"/>
            </sentence>
            <sentence id="9">
                <token content="After" id="9-1">
                    <pos type="IN"/>
                    <lemma type="after"/>
                    <dep head="9-3" type="mark"/>
                </token>
                <token content="he" id="9-2">
                    <pos type="PRP"/>
                    <lemma type="he"/>
                    <dep head="9-3" type="nsubj"/>
                </token>
                <token content="finished" id="9-3">
                    <pos type="VBD"/>
                    <lemma type="finish"/>
                    <dep head="9-12" type="advcl"/>
                </token>
                <token content="mixing" id="9-4">
                    <pos type="VBG"/>
                    <lemma type="mix"/>
                    <dep head="9-3" type="xcomp"/>
                </token>
                <token content="the" id="9-5">
                    <pos type="DT"/>
                    <lemma type="the"/>
                </token>
                <token content="the" id="9-6">
                    <pos type="DT"/>
                    <lemma type="the"/>
                </token>
                <token content="cake" id="9-7">
                    <pos type="NN"/>
                    <lemma type="cake"/>
                </token>
                <token content="batter" id="9-8">
                    <pos type="NN"/>
                    <lemma type="batter"/>
                    <dep head="9-4" type="dobj"/>
                </token>
                <token content="," id="9-9"/>
                <token content="I" id="9-10">
                    <pos type="PRP"/>
                    <lemma type="I"/>
                    <dep head="9-12" type="nsubj"/>
                </token>
                <token content="slowly" id="9-11">
                    <pos type="RB"/>
                    <lemma type="slowly"/>
                    <dep head="9-12" type="advmod"/>
                </token>
                <token content="poured" id="9-12">
                    <pos type="VBD"/>
                    <lemma type="pour"/>
                </token>
                <token content="it" id="9-13">
                    <pos type="PRP"/>
                    <lemma type="it"/>
                    <dep head="9-12" type="dobj"/>
                </token>
                <token content="into" id="9-14"/>
                <token content="a" id="9-15">
                    <pos type="DT"/>
                    <lemma type="a"/>
                </token>
                <token content="cake" id="9-16">
                    <pos type="NN"/>
                    <lemma type="cake"/>
                </token>
                <token content="pan" id="9-17">
                    <pos type="NN"/>
                    <lemma type="pan"/>
                    <dep head="9-12" type="prep"/>
                </token>
                <token content="." id="9-18"/>
            </sentence>
            <sentence id="10">
                <token content="I" id="10-1">
                    <pos type="PRP"/>
                    <lemma type="I"/>
                    <dep head="10-2" type="nsubj"/>
                </token>
                <token content="pre-heated" id="10-2">
                    <pos type="VBD"/>
                    <lemma type="pre-heat"/>
                </token>
                <token content="the" id="10-3">
                    <pos type="DT"/>
                    <lemma type="the"/>
                </token>
                <token content="oven" id="10-4">
                    <pos type="NN"/>
                    <lemma type="oven"/>
                    <dep head="10-2" type="dobj"/>
                </token>
                <token content="to" id="10-5"/>
                <token content="350" id="10-6">
                    <pos type="CD"/>
                    <lemma type="350"/>
                </token>
                <token content="degrees" id="10-7">
                    <pos type="NNS"/>
                    <lemma type="degree"/>
                    <dep head="10-2" type="prep"/>
                </token>
                <token content="and" id="10-8"/>
                <token content="when" id="10-9">
                    <pos type="WRB"/>
                    <lemma type="when"/>
                </token>
                <token content="it" id="10-10">
                    <pos type="PRP"/>
                    <lemma type="it"/>
                </token>
                <token content="was" id="10-11">
                    <pos type="VBD"/>
                    <lemma type="be"/>
                </token>
                <token content="hot" id="10-12">
                    <pos type="JJ"/>
                    <lemma type="hot"/>
                    <dep head="10-15" type="advcl"/>
                </token>
                <token content="enough" id="10-13">
                    <pos type="RB"/>
                    <lemma type="enough"/>
                </token>
                <token content="I" id="10-14">
                    <pos type="PRP"/>
                    <lemma type="I"/>
                    <dep head="10-15" type="nsubj"/>
                </token>
                <token content="put" id="10-15">
                    <pos type="VBD"/>
                    <lemma type="put"/>
                    <dep head="10-2" type="conj"/>
                </token>
                <token content="the" id="10-16">
                    <pos type="DT"/>
                    <lemma type="the"/>
                </token>
                <token content="cake" id="10-17">
                    <pos type="NN"/>
                    <lemma type="cake"/>
                    <dep head="10-15" type="dobj"/>
                </token>
                <token content="in" id="10-18">
                    <pos type="IN"/>
                    <lemma type="in"/>
                    <dep head="10-15" type="prep"/>
                </token>
                <token content="." id="10-19"/>
            </sentence>
            <sentence id="11">
                <token content="After" id="11-1"/>
                <token content="45" id="11-2">
                    <pos type="CD"/>
                    <lemma type="45"/>
                </token>
                <token content="minutes" id="11-3">
                    <pos type="NNS"/>
                    <lemma type="minute"/>
                </token>
                <token content="of" id="11-4"/>
                <token content="baking" id="11-5">
                    <pos type="VBG"/>
                    <lemma type="bake"/>
                </token>
                <token content="the" id="11-6">
                    <pos type="DT"/>
                    <lemma type="the"/>
                </token>
                <token content="cake" id="11-7">
                    <pos type="NN"/>
                    <lemma type="cake"/>
                </token>
                <token content="was" id="11-8">
                    <pos type="VBD"/>
                    <lemma type="be"/>
                </token>
                <token content="finally" id="11-9">
                    <pos type="RB"/>
                    <lemma type="finally"/>
                </token>
                <token content="ready" id="11-10">
                    <pos type="JJ"/>
                    <lemma type="ready"/>
                </token>
                <token content="." id="11-11"/>
            </sentence>
            <sentence id="12">
                <token content="We" id="12-1">
                    <pos type="PRP"/>
                    <lemma type="we"/>
                    <dep head="12-2" type="nsubj"/>
                </token>
                <token content="let" id="12-2">
                    <pos type="VBD"/>
                    <lemma type="let"/>
                </token>
                <token content="it" id="12-3">
                    <pos type="PRP"/>
                    <lemma type="it"/>
                    <dep head="12-4" type="nsubj"/>
                </token>
                <token content="cool" id="12-4">
                    <pos type="VBP"/>
                    <lemma type="cool"/>
                    <dep head="12-2" type="ccomp"/>
                </token>
                <token content="on" id="12-5"/>
                <token content="the" id="12-6">
                    <pos type="DT"/>
                    <lemma type="the"/>
                </token>
                <token content="table" id="12-7">
                    <pos type="NN"/>
                    <lemma type="table"/>
                    <dep head="12-4" type="prep"/>
                </token>
                <token content="for" id="12-8"/>
                <token content="about" id="12-9">
                    <pos type="RB"/>
                    <lemma type="about"/>
                </token>
                <token content="30" id="12-10">
                    <pos type="CD"/>
                    <lemma type="30"/>
                </token>
                <token content="minutes" id="12-11">
                    <pos type="NNS"/>
                    <lemma type="minute"/>
                </token>
                <token content="then" id="12-12">
                    <pos type="RB"/>
                    <lemma type="then"/>
                    <dep head="12-4" type="prep"/>
                </token>
                <token content="my" id="12-13">
                    <pos type="PRP$"/>
                    <lemma type="my"/>
                </token>
                <token content="son" id="12-14">
                    <pos type="NN"/>
                    <lemma type="son"/>
                </token>
                <token content="and" id="12-15"/>
                <token content="I" id="12-16">
                    <pos type="PRP"/>
                    <lemma type="I"/>
                    <dep head="12-17" type="nsubj"/>
                </token>
                <token content="added" id="12-17">
                    <pos type="VBD"/>
                    <lemma type="add"/>
                    <dep head="12-2" type="conj"/>
                </token>
                <token content="the" id="12-18">
                    <pos type="DT"/>
                    <lemma type="the"/>
                </token>
                <token content="frosting" id="12-19">
                    <pos type="NN"/>
                    <lemma type="frosting"/>
                    <dep head="12-17" type="dobj"/>
                </token>
                <token content="to" id="12-20"/>
                <token content="it" id="12-21">
                    <pos type="PRP"/>
                    <lemma type="it"/>
                    <dep head="12-17" type="prep"/>
                </token>
                <token content="." id="12-22"/>
            </sentence>
            <sentence id="13">
                <token content="It" id="13-1">
                    <pos type="PRP"/>
                    <lemma type="it"/>
                </token>
                <token content="was" id="13-2">
                    <pos type="VBD"/>
                    <lemma type="be"/>
                </token>
                <token content="a" id="13-3">
                    <pos type="DT"/>
                    <lemma type="a"/>
                </token>
                <token content="beautiful" id="13-4">
                    <pos type="JJ"/>
                    <lemma type="beautiful"/>
                    <dep head="13-5" type="dep"/>
                </token>
                <token content="looking" id="13-5">
                    <pos type="VBG"/>
                    <lemma type="look"/>
                </token>
                <token content="cake" id="13-6">
                    <pos type="NN"/>
                    <lemma type="cake"/>
                </token>
                <token content="and" id="13-7"/>
                <token content="we" id="13-8">
                    <pos type="PRP"/>
                    <lemma type="we"/>
                </token>
                <token content="were" id="13-9">
                    <pos type="VBD"/>
                    <lemma type="be"/>
                </token>
                <token content="both" id="13-10">
                    <pos type="DT"/>
                    <lemma type="both"/>
                </token>
                <token content="proud" id="13-11">
                    <pos type="JJ"/>
                    <lemma type="proud"/>
                </token>
                <token content="that" id="13-12">
                    <pos type="IN"/>
                    <lemma type="that"/>
                    <dep head="13-14" type="mark"/>
                </token>
                <token content="we" id="13-13">
                    <pos type="PRP"/>
                    <lemma type="we"/>
                    <dep head="13-14" type="nsubj"/>
                </token>
                <token content="made" id="13-14">
                    <pos type="VBD"/>
                    <lemma type="make"/>
                </token>
                <token content="it" id="13-15">
                    <pos type="PRP"/>
                    <lemma type="it"/>
                    <dep head="13-14" type="dobj"/>
                </token>
                <token content="together" id="13-16">
                    <pos type="RB"/>
                    <lemma type="together"/>
                    <dep head="13-14" type="advmod"/>
                </token>
                <token content="." id="13-17"/>
            </sentence>
        </sentences>
    </text>
    <annotations>
        <participants>
            <label from="1-2" id="0" name="NPart" text="weekend" type="participant"/>
            <label from="1-3" id="1" name="ScrPart_cook" text="I" type="participant"/>
            <label from="1-7" id="2" name="No_label" text="something" type="participant"/>
            <label from="1-10" id="3" name="ScrPart_cook" text="my" type="participant"/>
            <label from="1-11" id="4" name="ScrPart_cook" text="son" type="participant"/>
            <label from="2-1" id="5" name="ScrPart_cook" text="He" type="participant"/>
            <label from="2-4" id="6" name="ScrPart_cook" text="me" type="participant"/>
            <label from="2-8" id="7" name="ScrPart_cake" text="cake" type="participant"/>
            <label from="2-10" id="8" name="ScrPart_cook" text="him" type="participant"/>
            <label from="2-12" id="9" name="ScrPart_cook" text="I" type="participant"/>
            <label from="2-19" id="10" name="NPart" text="day" type="participant"/>
            <label from="3-1" id="11" name="ScrPart_cook" text="We" type="participant"/>
            <label from="3-5" id="12" name="ScrPart_store" text="store" type="participant"/>
            <label from="3-10" id="13" name="ScrPart_ingredients" text="ingredients" type="participant"/>
            <label from="3-11" id="14" name="ScrPart_cook" text="we" type="participant"/>
            <label from="4-1" id="15" name="ScrPart_cook" text="We" type="participant"/>
            <label from="4-3" id="16" name="ScrPart_ingredients" text="eggs" type="participant"/>
            <label from="4-5" id="17" name="ScrPart_ingredients" text="milk" type="participant"/>
            <label from="4-7" id="18" name="ScrPart_ingredients" text="cake mix" to="4-8" type="participant"/>
            <label from="4-8" id="19" name="ScrPart_ingredients" text="mix" type="participant"/>
            <label from="4-12" id="20" name="ScrPart_decoration" text="frosting" type="participant"/>
            <label from="5-2" id="21" name="ScrPart_cook" text="we" type="participant"/>
            <label from="5-5" id="22" name="ScrPart_kitchen/location" text="home" type="participant"/>
            <label from="5-6" id="23" name="ScrPart_cook" text="I" type="participant"/>
            <label from="5-9" id="24" name="ScrPart_cook" text="my" type="participant"/>
            <label from="5-10" id="25" name="ScrPart_utensil" text="measuring cup" to="5-11" type="participant"/>
            <label from="5-11" id="26" name="ScrPart_utensil" text="cup" type="participant"/>
            <label from="5-14" id="27" name="ScrPart_cook" text="him" type="participant"/>
            <label from="5-20" id="28" name="ScrPart_ingredients" text="milk" type="participant"/>
            <label from="5-21" id="29" name="ScrPart_cook" text="we" type="participant"/>
            <label from="5-27" id="30" name="ScrPart_ingredients" text="cake mix" to="5-28" type="participant"/>
            <label from="5-28" id="31" name="ScrPart_ingredients" text="mix" type="participant"/>
            <label from="6-2" id="32" name="ScrPart_cook" text="we" type="participant"/>
            <label from="6-8" id="33" name="Head_of_Partitive" text="couple" type="participant"/>
            <label from="6-9" id="34" name="ScrPart_ingredients" text="eggs" type="participant"/>
            <label from="6-12" id="35" name="ScrPart_ingredients" text="it" type="participant"/>
            <label from="6-15" id="36" name="ScrPart_ingredients" text="mix" type="participant"/>
            <label from="7-1" id="37" name="ScrPart_cook" text="I" type="participant"/>
            <label from="7-3" id="38" name="ScrPart_cook" text="him" type="participant"/>
            <label from="7-5" id="39" name="ScrPart_utensil" text="hand mixer" to="7-6" type="participant"/>
            <label from="7-6" id="40" name="ScrPart_utensil" text="mixer" type="participant"/>
            <label from="7-8" id="41" name="ScrPart_cook" text="he" type="participant"/>
            <label from="7-11" id="42" name="ScrPart_dough" text="it" type="participant"/>
            <label from="7-17" id="43" name="ScrPart_utensil" text="bowl" type="participant"/>
            <label from="8-1" id="44" name="ScrPart_cook" text="I" type="participant"/>
            <label from="8-4" id="45" name="ScrPart_cook" text="he" type="participant"/>
            <label from="8-9" id="46" name="No_label" text="time" type="participant"/>
            <label from="9-2" id="47" name="ScrPart_cook" text="he" type="participant"/>
            <label from="9-7" id="48" name="ScrPart_dough" text="cake batter" to="9-8" type="participant"/>
            <label from="9-8" id="49" name="ScrPart_dough" text="batter" type="participant"/>
            <label from="9-10" id="50" name="ScrPart_cook" text="I" type="participant"/>
            <label from="9-13" id="51" name="ScrPart_dough" text="it" type="participant"/>
            <label from="9-16" id="52" name="ScrPart_cake_tin" text="cake pan" to="9-17" type="participant"/>
            <label from="9-17" id="53" name="ScrPart_cake_tin" text="pan" type="participant"/>
            <label from="10-1" id="54" name="ScrPart_cook" text="I" type="participant"/>
            <label from="10-4" id="55" name="ScrPart_oven" text="oven" type="participant"/>
            <label from="10-6" id="56" name="ScrPart_temperature" text="350 degrees" to="10-7" type="participant"/>
            <label from="10-10" id="57" name="ScrPart_oven" text="it" type="participant"/>
            <label from="10-14" id="58" name="ScrPart_cook" text="I" type="participant"/>
            <label from="10-17" id="59" name="ScrPart_cake" text="cake" type="participant"/>
            <label from="11-2" id="60" name="ScrPart_time" text="45 minutes" to="11-3" type="participant"/>
            <label from="11-7" id="61" name="ScrPart_cake" text="cake" type="participant"/>
            <label from="12-1" id="62" name="ScrPart_cook" text="We" type="participant"/>
            <label from="12-3" id="63" name="ScrPart_cake" text="it" type="participant"/>
            <label from="12-7" id="64" name="ScrPart_kitchen/location" text="table" type="participant"/>
            <label from="12-10" id="65" name="ScrPart_time" text="30 minutes" to="12-11" type="participant"/>
            <label from="12-13" id="66" name="ScrPart_cook" text="my son and I" to="12-16" type="participant"/>
            <label from="12-13" id="67" name="ScrPart_cook" text="my" type="participant"/>
            <label from="12-14" id="68" name="ScrPart_cook" text="son" type="participant"/>
            <label from="12-16" id="69" name="ScrPart_cook" text="I" type="participant"/>
            <label from="12-19" id="70" name="ScrPart_decoration" text="frosting" type="participant"/>
            <label from="12-21" id="71" name="ScrPart_cake" text="it" type="participant"/>
            <label from="13-1" id="72" name="ScrPart_cake" text="It" type="participant"/>
            <label from="13-6" id="73" name="ScrPart_cake" text="cake" type="participant"/>
            <label from="13-8" id="74" name="ScrPart_cook" text="we" type="participant"/>
            <label from="13-13" id="75" name="ScrPart_cook" text="we" type="participant"/>
            <label from="13-15" id="76" name="ScrPart_cake" text="it" type="participant"/>
        </participants>
        <events>
            <label from="1-4" id="77" name="UnrelEv" text="decided" type="event"/>
            <label from="1-6" id="78" name="UnrelEv" text="do" type="event"/>
            <label from="2-3" id="79" name="UnrelEv" text="asking" type="event"/>
            <label from="2-6" id="80" name="Evoking" text="bake a cake" to="2-8" type="event"/>
            <label from="2-13" id="81" name="UnrelEv" text="figured" type="event"/>
            <label from="2-16" id="82" name="UnrelEv" text="be" type="event"/>
            <label from="2-21" id="83" name="UnrelEv" text="do" type="event"/>
            <label from="3-2" id="84" name="RelNScrEv" text="went" type="event"/>
            <label from="3-7" id="85" name="ScrEv_get_ingredients" text="bought" type="event"/>
            <label from="3-12" id="86" name="ScrEv_get_ingredients" text="needed" type="event"/>
            <label from="4-2" id="87" name="ScrEv_get_ingredients" text="bought" type="event"/>
            <label from="5-3" id="88" name="RelNScrEv" text="got back" to="5-4" type="event"/>
            <label from="5-7" id="89" name="ScrEv_get_utensils" text="took out" to="5-8" type="event"/>
            <label from="5-13" id="90" name="RelNScrEv" text="showed" type="event"/>
            <label from="5-17" id="91" name="ScrEv_prepare_ingredients" text="measure" type="event"/>
            <label from="5-22" id="92" name="ScrEv_get_ingredients" text="needed" type="event"/>
            <label from="5-24" id="93" name="ScrEv_add_ingredients" text="add" type="event"/>
            <label from="6-4" id="94" name="UnrelEv" text="proceeded" type="event"/>
            <label from="6-6" id="95" name="ScrEv_prepare_ingredients" text="crack" type="event"/>
            <label from="6-11" id="96" name="ScrEv_add_ingredients" text="add" type="event"/>
            <label from="7-2" id="97" name="ScrEv_get_utensils" text="gave" type="event"/>
            <label from="7-9" id="98" name="UnrelEv" text="started" type="event"/>
            <label from="7-10" id="99" name="ScrEv_make_dough" text="mixing" type="event"/>
            <label from="8-3" id="100" name="UnrelEv" text="tell" type="event"/>
            <label from="8-6" id="101" name="UnrelEv" text="having" type="event"/>
            <label from="9-3" id="102" name="UnrelEv" text="finished" type="event"/>
            <label from="9-4" id="103" name="ScrEv_make_dough" text="mixing" type="event"/>
            <label from="9-12" id="104" name="ScrEv_pour_dough" text="poured" type="event"/>
            <label from="10-2" id="105" name="ScrEv_preheat" text="pre-heated" type="event"/>
            <label from="10-11" id="106" name="UnrelEv" text="was" type="event"/>
            <label from="10-15" id="107" name="ScrEv_put_cake_oven" text="put" type="event"/>
            <label from="11-5" id="108" name="ScrEv_wait" text="baking" type="event"/>
            <label from="11-8" id="109" name="ScrEv_wait" text="was" type="event"/>
            <label from="12-2" id="110" name="UnrelEv" text="let" type="event"/>
            <label from="12-4" id="111" name="ScrEv_cool_down" text="cool" type="event"/>
            <label from="12-17" id="112" name="ScrEv_decorate" text="added" type="event"/>
            <label from="13-2" id="113" name="UnrelEv" text="was" type="event"/>
            <label from="13-5" id="114" name="UnrelEv" text="looking" type="event"/>
            <label from="13-9" id="115" name="UnrelEv" text="were" type="event"/>
            <label from="13-14" id="116" name="Evoking" text="made it" to="13-15" type="event"/>
        </events>
        <chains>
            <chain elements="3 1 6 9 23 24 37 44 50 54 58 66 62 74 69 68 75"/>
            <chain elements="5 4 8 27 38 41 45 47 68"/>
            <chain elements="59 7 61 63 71 72 73 76"/>
            <chain elements="11 8 9" name="coref_group_I_son"/>
            <chain elements="14 11 15 21 29 32 62"/>
            <chain elements="34 16 35"/>
            <chain elements="28 17"/>
            <chain elements="31 19 36"/>
            <chain elements="70 20"/>
            <chain elements="49 42 51"/>
            <chain elements="57 55"/>
        </chains>
    </annotations>
</story>
