<?xml version="1.0" encoding="UTF-8" standalone="no"?>
<!DOCTYPE story SYSTEM "../InScript.dtd">
<story id="057" scenario="cake">
    <text>
        <content>'' `` Baking A Cake '' '' Grandma June was making a cake for uncle Max 's Birthday . 
Uncle Max was 45 years old ! 
Julia thought that was pretty old . 
She was excited because , Grandma June agreed to let her help . 
They both washed their hands Grandma June said that is always the first step you take when cooking so you do n't spread germs . 
Then Grandma June picked two shiny round cake pans . 
She let Julia grease the whole inside of each pan with Shortening and then Grandma June dusted each pan lightly with flour . 
This is so the cooked cakes would not stick . 
Grandma June turned the oven on to heat up to 350 degrees then she placed two bowl onto the counter one was for dry things such as flour , sugar , baking powder and salt . 
Grandma June carefully measured each one and let Julia pour them in . 
Then she mixed all the dry stuff really well . 
Julia 's Grandma June told her to mix well but carefully so the ingredients would not spill because baking is an exact science and the measurements had to be correct . 
In the next bowl they measured all the wet things . 
In went butter , milk , vanilla and eggs . 
Grandma June mixed them very smooth with a hand mixer . 
Next they slowly added the wet ingredients to the dry a bit at a time mixing them well into a smooth batter . 
The batter get divided evenly between the two cake pans and placed in the hot oven to bake . 
After thirty minutes Grandma June poked each cake with a toothpick and it came out with no cake on it . 
This meant the cakes were done . 
Grandma June carefully flipped the cakes over onto a cooling rack leave the cake there with no pan on it to cool . 
Julia waited for what seemed like a very long time until Grandma June said they were cool . 
She brought out her cake stand and placed one cake on it . 
Julia watched as Grandma June frosted the layer lightly then placed the other cake on top . 
She made quick work of frosting both layers of stacked cakes with smooth fluffy white frosting . 
Then came Julias part . 
She placed the bid number four and five shaped candles next to each other on the cake . 
Julia thought making a cake was lots of work but fun as well . 
Especially when she did it with her grandma . </content>
        <sentences>
            <sentence id="1">
                <token content="''" id="1-1"/>
                <token content="``" id="1-2"/>
                <token content="Baking" id="1-3">
                    <pos type="NNP"/>
                    <lemma type="Baking"/>
                </token>
                <token content="A" id="1-4">
                    <pos type="NNP"/>
                    <lemma type="A"/>
                    <dep head="1-5" type="nsubj"/>
                </token>
                <token content="Cake" id="1-5">
                    <pos type="VBP"/>
                    <lemma type="cake"/>
                </token>
                <token content="''" id="1-6"/>
                <token content="''" id="1-7"/>
                <token content="Grandma" id="1-8">
                    <pos type="RB"/>
                    <lemma type="grandma"/>
                    <dep head="1-5" type="advmod"/>
                </token>
                <token content="June" id="1-9">
                    <pos type="NNP"/>
                    <lemma type="June"/>
                    <dep head="1-11" type="nsubj"/>
                </token>
                <token content="was" id="1-10">
                    <pos type="VBD"/>
                    <lemma type="be"/>
                    <dep head="1-11" type="aux"/>
                </token>
                <token content="making" id="1-11">
                    <pos type="VBG"/>
                    <lemma type="make"/>
                    <dep head="1-5" type="parataxis"/>
                </token>
                <token content="a" id="1-12">
                    <pos type="DT"/>
                    <lemma type="a"/>
                </token>
                <token content="cake" id="1-13">
                    <pos type="NN"/>
                    <lemma type="cake"/>
                    <dep head="1-11" type="dobj"/>
                </token>
                <token content="for" id="1-14"/>
                <token content="uncle" id="1-15">
                    <pos type="NNP"/>
                    <lemma type="uncle"/>
                </token>
                <token content="Max" id="1-16">
                    <pos type="NNP"/>
                    <lemma type="Max"/>
                </token>
                <token content="'s" id="1-17"/>
                <token content="Birthday" id="1-18">
                    <pos type="NN"/>
                    <lemma type="birthday"/>
                </token>
                <token content="." id="1-19"/>
            </sentence>
            <sentence id="2">
                <token content="Uncle" id="2-1">
                    <pos type="NNP"/>
                    <lemma type="Uncle"/>
                </token>
                <token content="Max" id="2-2">
                    <pos type="NNP"/>
                    <lemma type="Max"/>
                </token>
                <token content="was" id="2-3">
                    <pos type="VBD"/>
                    <lemma type="be"/>
                </token>
                <token content="45" id="2-4">
                    <pos type="CD"/>
                    <lemma type="45"/>
                </token>
                <token content="years" id="2-5">
                    <pos type="NNS"/>
                    <lemma type="year"/>
                </token>
                <token content="old" id="2-6">
                    <pos type="JJ"/>
                    <lemma type="old"/>
                </token>
                <token content="!" id="2-7"/>
            </sentence>
            <sentence id="3">
                <token content="Julia" id="3-1">
                    <pos type="NNP"/>
                    <lemma type="Julia"/>
                    <dep head="3-2" type="nsubj"/>
                </token>
                <token content="thought" id="3-2">
                    <pos type="VBD"/>
                    <lemma type="think"/>
                </token>
                <token content="that" id="3-3">
                    <pos type="IN"/>
                    <lemma type="that"/>
                </token>
                <token content="was" id="3-4">
                    <pos type="VBD"/>
                    <lemma type="be"/>
                </token>
                <token content="pretty" id="3-5">
                    <pos type="RB"/>
                    <lemma type="pretty"/>
                </token>
                <token content="old" id="3-6">
                    <pos type="JJ"/>
                    <lemma type="old"/>
                    <dep head="3-2" type="ccomp"/>
                </token>
                <token content="." id="3-7"/>
            </sentence>
            <sentence id="4">
                <token content="She" id="4-1">
                    <pos type="PRP"/>
                    <lemma type="she"/>
                </token>
                <token content="was" id="4-2">
                    <pos type="VBD"/>
                    <lemma type="be"/>
                </token>
                <token content="excited" id="4-3">
                    <pos type="JJ"/>
                    <lemma type="excited"/>
                </token>
                <token content="because" id="4-4">
                    <pos type="IN"/>
                    <lemma type="because"/>
                    <dep head="4-8" type="mark"/>
                </token>
                <token content="," id="4-5"/>
                <token content="Grandma" id="4-6">
                    <pos type="NNP"/>
                    <lemma type="Grandma"/>
                </token>
                <token content="June" id="4-7">
                    <pos type="NNP"/>
                    <lemma type="June"/>
                    <dep head="4-8" type="nsubj"/>
                </token>
                <token content="agreed" id="4-8">
                    <pos type="VBD"/>
                    <lemma type="agree"/>
                </token>
                <token content="to" id="4-9">
                    <pos type="TO"/>
                    <lemma type="to"/>
                    <dep head="4-10" type="aux"/>
                </token>
                <token content="let" id="4-10">
                    <pos type="VB"/>
                    <lemma type="let"/>
                    <dep head="4-8" type="xcomp"/>
                </token>
                <token content="her" id="4-11">
                    <pos type="PRP$"/>
                    <lemma type="she"/>
                </token>
                <token content="help" id="4-12">
                    <pos type="NN"/>
                    <lemma type="help"/>
                    <dep head="4-10" type="dobj"/>
                </token>
                <token content="." id="4-13"/>
            </sentence>
            <sentence id="5">
                <token content="They" id="5-1">
                    <pos type="PRP"/>
                    <lemma type="they"/>
                    <dep head="5-3" type="nsubj"/>
                </token>
                <token content="both" id="5-2">
                    <pos type="DT"/>
                    <lemma type="both"/>
                    <dep head="5-3" type="dep"/>
                </token>
                <token content="washed" id="5-3">
                    <pos type="VBD"/>
                    <lemma type="wash"/>
                </token>
                <token content="their" id="5-4">
                    <pos type="PRP$"/>
                    <lemma type="they"/>
                </token>
                <token content="hands" id="5-5">
                    <pos type="NNS"/>
                    <lemma type="hand"/>
                    <dep head="5-3" type="dobj"/>
                </token>
                <token content="Grandma" id="5-6">
                    <pos type="NNP"/>
                    <lemma type="Grandma"/>
                </token>
                <token content="June" id="5-7">
                    <pos type="NNP"/>
                    <lemma type="June"/>
                    <dep head="5-8" type="nsubj"/>
                </token>
                <token content="said" id="5-8">
                    <pos type="VBD"/>
                    <lemma type="say"/>
                    <dep head="5-3" type="dep"/>
                </token>
                <token content="that" id="5-9">
                    <pos type="IN"/>
                    <lemma type="that"/>
                </token>
                <token content="is" id="5-10">
                    <pos type="VBZ"/>
                    <lemma type="be"/>
                </token>
                <token content="always" id="5-11">
                    <pos type="RB"/>
                    <lemma type="always"/>
                </token>
                <token content="the" id="5-12">
                    <pos type="DT"/>
                    <lemma type="the"/>
                </token>
                <token content="first" id="5-13">
                    <pos type="JJ"/>
                    <lemma type="first"/>
                </token>
                <token content="step" id="5-14">
                    <pos type="NN"/>
                    <lemma type="step"/>
                    <dep head="5-8" type="ccomp"/>
                </token>
                <token content="you" id="5-15">
                    <pos type="PRP"/>
                    <lemma type="you"/>
                    <dep head="5-16" type="nsubj"/>
                </token>
                <token content="take" id="5-16">
                    <pos type="VBP"/>
                    <lemma type="take"/>
                </token>
                <token content="when" id="5-17">
                    <pos type="WRB"/>
                    <lemma type="when"/>
                    <dep head="5-18" type="advmod"/>
                </token>
                <token content="cooking" id="5-18">
                    <pos type="VBG"/>
                    <lemma type="cook"/>
                    <dep head="5-16" type="advcl"/>
                </token>
                <token content="so" id="5-19">
                    <pos type="IN"/>
                    <lemma type="so"/>
                    <dep head="5-23" type="mark"/>
                </token>
                <token content="you" id="5-20">
                    <pos type="PRP"/>
                    <lemma type="you"/>
                    <dep head="5-23" type="nsubj"/>
                </token>
                <token content="do" id="5-21">
                    <pos type="VBP"/>
                    <lemma type="do"/>
                    <dep head="5-23" type="aux"/>
                </token>
                <token content="n't" id="5-22">
                    <pos type="RB"/>
                    <lemma type="not"/>
                    <dep head="5-23" type="neg"/>
                </token>
                <token content="spread" id="5-23">
                    <pos type="VB"/>
                    <lemma type="spread"/>
                    <dep head="5-18" type="advcl"/>
                </token>
                <token content="germs" id="5-24">
                    <pos type="NNS"/>
                    <lemma type="germ"/>
                    <dep head="5-23" type="dobj"/>
                </token>
                <token content="." id="5-25"/>
            </sentence>
            <sentence id="6">
                <token content="Then" id="6-1">
                    <pos type="RB"/>
                    <lemma type="then"/>
                    <dep head="6-4" type="advmod"/>
                </token>
                <token content="Grandma" id="6-2">
                    <pos type="NNP"/>
                    <lemma type="Grandma"/>
                </token>
                <token content="June" id="6-3">
                    <pos type="NNP"/>
                    <lemma type="June"/>
                    <dep head="6-4" type="nsubj"/>
                </token>
                <token content="picked" id="6-4">
                    <pos type="VBD"/>
                    <lemma type="pick"/>
                </token>
                <token content="two" id="6-5">
                    <pos type="CD"/>
                    <lemma type="two"/>
                </token>
                <token content="shiny" id="6-6">
                    <pos type="JJ"/>
                    <lemma type="shiny"/>
                </token>
                <token content="round" id="6-7">
                    <pos type="NN"/>
                    <lemma type="round"/>
                </token>
                <token content="cake" id="6-8">
                    <pos type="NN"/>
                    <lemma type="cake"/>
                    <dep head="6-9" type="nsubj"/>
                </token>
                <token content="pans" id="6-9">
                    <pos type="VBZ"/>
                    <lemma type="pan"/>
                    <dep head="6-4" type="ccomp"/>
                </token>
                <token content="." id="6-10"/>
            </sentence>
            <sentence id="7">
                <token content="She" id="7-1">
                    <pos type="PRP"/>
                    <lemma type="she"/>
                    <dep head="7-2" type="nsubj"/>
                </token>
                <token content="let" id="7-2">
                    <pos type="VBD"/>
                    <lemma type="let"/>
                </token>
                <token content="Julia" id="7-3">
                    <pos type="NNP"/>
                    <lemma type="Julia"/>
                    <dep head="7-4" type="nsubj"/>
                </token>
                <token content="grease" id="7-4">
                    <pos type="VBD"/>
                    <lemma type="grease"/>
                    <dep head="7-2" type="ccomp"/>
                </token>
                <token content="the" id="7-5">
                    <pos type="DT"/>
                    <lemma type="the"/>
                </token>
                <token content="whole" id="7-6">
                    <pos type="JJ"/>
                    <lemma type="whole"/>
                </token>
                <token content="inside" id="7-7">
                    <pos type="NN"/>
                    <lemma type="inside"/>
                    <dep head="7-4" type="dobj"/>
                </token>
                <token content="of" id="7-8"/>
                <token content="each" id="7-9">
                    <pos type="DT"/>
                    <lemma type="each"/>
                </token>
                <token content="pan" id="7-10">
                    <pos type="NN"/>
                    <lemma type="pan"/>
                </token>
                <token content="with" id="7-11"/>
                <token content="Shortening" id="7-12">
                    <pos type="NNP"/>
                    <lemma type="Shortening"/>
                    <dep head="7-4" type="prep"/>
                </token>
                <token content="and" id="7-13"/>
                <token content="then" id="7-14">
                    <pos type="RB"/>
                    <lemma type="then"/>
                    <dep head="7-17" type="advmod"/>
                </token>
                <token content="Grandma" id="7-15">
                    <pos type="NNP"/>
                    <lemma type="Grandma"/>
                </token>
                <token content="June" id="7-16">
                    <pos type="NNP"/>
                    <lemma type="June"/>
                    <dep head="7-17" type="nsubj"/>
                </token>
                <token content="dusted" id="7-17">
                    <pos type="VBD"/>
                    <lemma type="dust"/>
                    <dep head="7-2" type="conj"/>
                </token>
                <token content="each" id="7-18">
                    <pos type="DT"/>
                    <lemma type="each"/>
                    <dep head="7-19" type="nsubj"/>
                </token>
                <token content="pan" id="7-19">
                    <pos type="VB"/>
                    <lemma type="pan"/>
                    <dep head="7-17" type="ccomp"/>
                </token>
                <token content="lightly" id="7-20">
                    <pos type="RB"/>
                    <lemma type="lightly"/>
                    <dep head="7-19" type="advmod"/>
                </token>
                <token content="with" id="7-21"/>
                <token content="flour" id="7-22">
                    <pos type="NN"/>
                    <lemma type="flour"/>
                    <dep head="7-19" type="prep"/>
                </token>
                <token content="." id="7-23"/>
            </sentence>
            <sentence id="8">
                <token content="This" id="8-1">
                    <pos type="DT"/>
                    <lemma type="this"/>
                    <dep head="8-2" type="nsubj"/>
                </token>
                <token content="is" id="8-2">
                    <pos type="VBZ"/>
                    <lemma type="be"/>
                </token>
                <token content="so" id="8-3">
                    <pos type="IN"/>
                    <lemma type="so"/>
                    <dep head="8-9" type="mark"/>
                </token>
                <token content="the" id="8-4">
                    <pos type="DT"/>
                    <lemma type="the"/>
                </token>
                <token content="cooked" id="8-5">
                    <pos type="JJ"/>
                    <lemma type="cooked"/>
                </token>
                <token content="cakes" id="8-6">
                    <pos type="NNS"/>
                    <lemma type="cake"/>
                    <dep head="8-9" type="nsubj"/>
                </token>
                <token content="would" id="8-7">
                    <pos type="MD"/>
                    <lemma type="would"/>
                    <dep head="8-9" type="aux"/>
                </token>
                <token content="not" id="8-8">
                    <pos type="RB"/>
                    <lemma type="not"/>
                    <dep head="8-9" type="neg"/>
                </token>
                <token content="stick" id="8-9">
                    <pos type="VB"/>
                    <lemma type="stick"/>
                    <dep head="8-2" type="advcl"/>
                </token>
                <token content="." id="8-10"/>
            </sentence>
            <sentence id="9">
                <token content="Grandma" id="9-1">
                    <pos type="NNP"/>
                    <lemma type="Grandma"/>
                </token>
                <token content="June" id="9-2">
                    <pos type="NNP"/>
                    <lemma type="June"/>
                    <dep head="9-3" type="nsubj"/>
                </token>
                <token content="turned" id="9-3">
                    <pos type="VBD"/>
                    <lemma type="turn"/>
                </token>
                <token content="the" id="9-4">
                    <pos type="DT"/>
                    <lemma type="the"/>
                </token>
                <token content="oven" id="9-5">
                    <pos type="NN"/>
                    <lemma type="oven"/>
                    <dep head="9-3" type="dobj"/>
                </token>
                <token content="on" id="9-6">
                    <pos type="IN"/>
                    <lemma type="on"/>
                    <dep head="9-3" type="prep"/>
                </token>
                <token content="to" id="9-7">
                    <pos type="TO"/>
                    <lemma type="to"/>
                    <dep head="9-8" type="aux"/>
                </token>
                <token content="heat" id="9-8">
                    <pos type="VB"/>
                    <lemma type="heat"/>
                    <dep head="9-3" type="vmod"/>
                </token>
                <token content="up" id="9-9">
                    <pos type="IN"/>
                    <lemma type="up"/>
                </token>
                <token content="to" id="9-10">
                    <pos type="TO"/>
                    <lemma type="to"/>
                </token>
                <token content="350" id="9-11">
                    <pos type="CD"/>
                    <lemma type="350"/>
                </token>
                <token content="degrees" id="9-12">
                    <pos type="NNS"/>
                    <lemma type="degree"/>
                    <dep head="9-8" type="dobj"/>
                </token>
                <token content="then" id="9-13">
                    <pos type="RB"/>
                    <lemma type="then"/>
                </token>
                <token content="she" id="9-14">
                    <pos type="PRP"/>
                    <lemma type="she"/>
                    <dep head="9-15" type="nsubj"/>
                </token>
                <token content="placed" id="9-15">
                    <pos type="VBD"/>
                    <lemma type="place"/>
                </token>
                <token content="two" id="9-16">
                    <pos type="CD"/>
                    <lemma type="two"/>
                </token>
                <token content="bowl" id="9-17">
                    <pos type="NN"/>
                    <lemma type="bowl"/>
                    <dep head="9-22" type="nsubj"/>
                </token>
                <token content="onto" id="9-18"/>
                <token content="the" id="9-19">
                    <pos type="DT"/>
                    <lemma type="the"/>
                </token>
                <token content="counter" id="9-20">
                    <pos type="JJ"/>
                    <lemma type="counter"/>
                </token>
                <token content="one" id="9-21">
                    <pos type="NN"/>
                    <lemma type="one"/>
                </token>
                <token content="was" id="9-22">
                    <pos type="VBD"/>
                    <lemma type="be"/>
                    <dep head="9-15" type="ccomp"/>
                </token>
                <token content="for" id="9-23"/>
                <token content="dry" id="9-24">
                    <pos type="JJ"/>
                    <lemma type="dry"/>
                </token>
                <token content="things" id="9-25">
                    <pos type="NNS"/>
                    <lemma type="thing"/>
                    <dep head="9-22" type="prep"/>
                </token>
                <token content="such" id="9-26"/>
                <token content="as" id="9-27"/>
                <token content="flour" id="9-28">
                    <pos type="NN"/>
                    <lemma type="flour"/>
                </token>
                <token content="," id="9-29"/>
                <token content="sugar" id="9-30">
                    <pos type="NN"/>
                    <lemma type="sugar"/>
                </token>
                <token content="," id="9-31"/>
                <token content="baking" id="9-32">
                    <pos type="JJ"/>
                    <lemma type="baking"/>
                </token>
                <token content="powder" id="9-33">
                    <pos type="NN"/>
                    <lemma type="powder"/>
                </token>
                <token content="and" id="9-34"/>
                <token content="salt" id="9-35">
                    <pos type="NN"/>
                    <lemma type="salt"/>
                </token>
                <token content="." id="9-36"/>
            </sentence>
            <sentence id="10">
                <token content="Grandma" id="10-1">
                    <pos type="NNP"/>
                    <lemma type="Grandma"/>
                </token>
                <token content="June" id="10-2">
                    <pos type="NNP"/>
                    <lemma type="June"/>
                    <dep head="10-4" type="nsubj"/>
                </token>
                <token content="carefully" id="10-3">
                    <pos type="RB"/>
                    <lemma type="carefully"/>
                    <dep head="10-4" type="advmod"/>
                </token>
                <token content="measured" id="10-4">
                    <pos type="VBD"/>
                    <lemma type="measure"/>
                </token>
                <token content="each" id="10-5">
                    <pos type="DT"/>
                    <lemma type="each"/>
                </token>
                <token content="one" id="10-6">
                    <pos type="NN"/>
                    <lemma type="one"/>
                    <dep head="10-4" type="dobj"/>
                </token>
                <token content="and" id="10-7"/>
                <token content="let" id="10-8">
                    <pos type="VBD"/>
                    <lemma type="let"/>
                    <dep head="10-4" type="conj"/>
                </token>
                <token content="Julia" id="10-9">
                    <pos type="NNP"/>
                    <lemma type="Julia"/>
                    <dep head="10-10" type="nsubj"/>
                </token>
                <token content="pour" id="10-10">
                    <pos type="VBP"/>
                    <lemma type="pour"/>
                    <dep head="10-8" type="ccomp"/>
                </token>
                <token content="them" id="10-11">
                    <pos type="PRP"/>
                    <lemma type="they"/>
                    <dep head="10-10" type="dobj"/>
                </token>
                <token content="in" id="10-12">
                    <pos type="IN"/>
                    <lemma type="in"/>
                    <dep head="10-10" type="prep"/>
                </token>
                <token content="." id="10-13"/>
            </sentence>
            <sentence id="11">
                <token content="Then" id="11-1">
                    <pos type="RB"/>
                    <lemma type="then"/>
                    <dep head="11-3" type="advmod"/>
                </token>
                <token content="she" id="11-2">
                    <pos type="PRP"/>
                    <lemma type="she"/>
                    <dep head="11-3" type="nsubj"/>
                </token>
                <token content="mixed" id="11-3">
                    <pos type="VBP"/>
                    <lemma type="mix"/>
                </token>
                <token content="all" id="11-4">
                    <pos type="PDT"/>
                    <lemma type="all"/>
                </token>
                <token content="the" id="11-5">
                    <pos type="DT"/>
                    <lemma type="the"/>
                </token>
                <token content="dry" id="11-6">
                    <pos type="JJ"/>
                    <lemma type="dry"/>
                </token>
                <token content="stuff" id="11-7">
                    <pos type="NN"/>
                    <lemma type="stuff"/>
                    <dep head="11-3" type="dobj"/>
                </token>
                <token content="really" id="11-8">
                    <pos type="RB"/>
                    <lemma type="really"/>
                    <dep head="11-3" type="advmod"/>
                </token>
                <token content="well" id="11-9">
                    <pos type="RB"/>
                    <lemma type="well"/>
                    <dep head="11-3" type="advmod"/>
                </token>
                <token content="." id="11-10"/>
            </sentence>
            <sentence id="12">
                <token content="Julia" id="12-1">
                    <pos type="NNP"/>
                    <lemma type="Julia"/>
                </token>
                <token content="'s" id="12-2"/>
                <token content="Grandma" id="12-3">
                    <pos type="NNP"/>
                    <lemma type="Grandma"/>
                </token>
                <token content="June" id="12-4">
                    <pos type="NNP"/>
                    <lemma type="June"/>
                    <dep head="12-5" type="nsubj"/>
                </token>
                <token content="told" id="12-5">
                    <pos type="VBD"/>
                    <lemma type="tell"/>
                </token>
                <token content="her" id="12-6">
                    <pos type="PRP"/>
                    <lemma type="she"/>
                    <dep head="12-5" type="dobj"/>
                </token>
                <token content="to" id="12-7">
                    <pos type="TO"/>
                    <lemma type="to"/>
                    <dep head="12-8" type="aux"/>
                </token>
                <token content="mix" id="12-8">
                    <pos type="VB"/>
                    <lemma type="mix"/>
                    <dep head="12-5" type="xcomp"/>
                </token>
                <token content="well" id="12-9">
                    <pos type="RB"/>
                    <lemma type="well"/>
                    <dep head="12-8" type="advmod"/>
                </token>
                <token content="but" id="12-10"/>
                <token content="carefully" id="12-11">
                    <pos type="RB"/>
                    <lemma type="carefully"/>
                </token>
                <token content="so" id="12-12">
                    <pos type="IN"/>
                    <lemma type="so"/>
                    <dep head="12-17" type="mark"/>
                </token>
                <token content="the" id="12-13">
                    <pos type="DT"/>
                    <lemma type="the"/>
                </token>
                <token content="ingredients" id="12-14">
                    <pos type="NNS"/>
                    <lemma type="ingredient"/>
                    <dep head="12-17" type="nsubj"/>
                </token>
                <token content="would" id="12-15">
                    <pos type="MD"/>
                    <lemma type="would"/>
                    <dep head="12-17" type="aux"/>
                </token>
                <token content="not" id="12-16">
                    <pos type="RB"/>
                    <lemma type="not"/>
                    <dep head="12-17" type="neg"/>
                </token>
                <token content="spill" id="12-17">
                    <pos type="VB"/>
                    <lemma type="spill"/>
                    <dep head="12-8" type="advcl"/>
                </token>
                <token content="because" id="12-18">
                    <pos type="IN"/>
                    <lemma type="because"/>
                </token>
                <token content="baking" id="12-19">
                    <pos type="VBG"/>
                    <lemma type="bake"/>
                </token>
                <token content="is" id="12-20">
                    <pos type="VBZ"/>
                    <lemma type="be"/>
                </token>
                <token content="an" id="12-21">
                    <pos type="DT"/>
                    <lemma type="a"/>
                </token>
                <token content="exact" id="12-22">
                    <pos type="JJ"/>
                    <lemma type="exact"/>
                </token>
                <token content="science" id="12-23">
                    <pos type="NN"/>
                    <lemma type="science"/>
                    <dep head="12-17" type="advcl"/>
                </token>
                <token content="and" id="12-24"/>
                <token content="the" id="12-25">
                    <pos type="DT"/>
                    <lemma type="the"/>
                </token>
                <token content="measurements" id="12-26">
                    <pos type="NNS"/>
                    <lemma type="measurement"/>
                    <dep head="12-27" type="nsubj"/>
                </token>
                <token content="had" id="12-27">
                    <pos type="VBD"/>
                    <lemma type="have"/>
                </token>
                <token content="to" id="12-28">
                    <pos type="TO"/>
                    <lemma type="to"/>
                </token>
                <token content="be" id="12-29">
                    <pos type="VB"/>
                    <lemma type="be"/>
                </token>
                <token content="correct" id="12-30">
                    <pos type="JJ"/>
                    <lemma type="correct"/>
                    <dep head="12-27" type="xcomp"/>
                </token>
                <token content="." id="12-31"/>
            </sentence>
            <sentence id="13">
                <token content="In" id="13-1"/>
                <token content="the" id="13-2">
                    <pos type="DT"/>
                    <lemma type="the"/>
                </token>
                <token content="next" id="13-3">
                    <pos type="JJ"/>
                    <lemma type="next"/>
                </token>
                <token content="bowl" id="13-4">
                    <pos type="NN"/>
                    <lemma type="bowl"/>
                    <dep head="13-6" type="prep"/>
                </token>
                <token content="they" id="13-5">
                    <pos type="PRP"/>
                    <lemma type="they"/>
                    <dep head="13-6" type="nsubj"/>
                </token>
                <token content="measured" id="13-6">
                    <pos type="VBD"/>
                    <lemma type="measure"/>
                </token>
                <token content="all" id="13-7">
                    <pos type="PDT"/>
                    <lemma type="all"/>
                </token>
                <token content="the" id="13-8">
                    <pos type="DT"/>
                    <lemma type="the"/>
                </token>
                <token content="wet" id="13-9">
                    <pos type="JJ"/>
                    <lemma type="wet"/>
                </token>
                <token content="things" id="13-10">
                    <pos type="NNS"/>
                    <lemma type="thing"/>
                    <dep head="13-6" type="dobj"/>
                </token>
                <token content="." id="13-11"/>
            </sentence>
            <sentence id="14">
                <token content="In" id="14-1">
                    <pos type="IN"/>
                    <lemma type="in"/>
                    <dep head="14-2" type="prep"/>
                </token>
                <token content="went" id="14-2">
                    <pos type="VBD"/>
                    <lemma type="go"/>
                </token>
                <token content="butter" id="14-3">
                    <pos type="NN"/>
                    <lemma type="butter"/>
                    <dep head="14-2" type="nsubj"/>
                </token>
                <token content="," id="14-4"/>
                <token content="milk" id="14-5">
                    <pos type="NN"/>
                    <lemma type="milk"/>
                </token>
                <token content="," id="14-6"/>
                <token content="vanilla" id="14-7">
                    <pos type="NN"/>
                    <lemma type="vanilla"/>
                </token>
                <token content="and" id="14-8"/>
                <token content="eggs" id="14-9">
                    <pos type="NNS"/>
                    <lemma type="egg"/>
                </token>
                <token content="." id="14-10"/>
            </sentence>
            <sentence id="15">
                <token content="Grandma" id="15-1">
                    <pos type="NNP"/>
                    <lemma type="Grandma"/>
                </token>
                <token content="June" id="15-2">
                    <pos type="NNP"/>
                    <lemma type="June"/>
                    <dep head="15-3" type="nsubj"/>
                </token>
                <token content="mixed" id="15-3">
                    <pos type="VBN"/>
                    <lemma type="mix"/>
                </token>
                <token content="them" id="15-4">
                    <pos type="PRP"/>
                    <lemma type="they"/>
                </token>
                <token content="very" id="15-5">
                    <pos type="RB"/>
                    <lemma type="very"/>
                </token>
                <token content="smooth" id="15-6">
                    <pos type="JJ"/>
                    <lemma type="smooth"/>
                    <dep head="15-3" type="xcomp"/>
                </token>
                <token content="with" id="15-7"/>
                <token content="a" id="15-8">
                    <pos type="DT"/>
                    <lemma type="a"/>
                </token>
                <token content="hand" id="15-9">
                    <pos type="NN"/>
                    <lemma type="hand"/>
                </token>
                <token content="mixer" id="15-10">
                    <pos type="NN"/>
                    <lemma type="mixer"/>
                </token>
                <token content="." id="15-11"/>
            </sentence>
            <sentence id="16">
                <token content="Next" id="16-1">
                    <pos type="RB"/>
                    <lemma type="next"/>
                    <dep head="16-4" type="advmod"/>
                </token>
                <token content="they" id="16-2">
                    <pos type="PRP"/>
                    <lemma type="they"/>
                    <dep head="16-4" type="nsubj"/>
                </token>
                <token content="slowly" id="16-3">
                    <pos type="RB"/>
                    <lemma type="slowly"/>
                    <dep head="16-4" type="advmod"/>
                </token>
                <token content="added" id="16-4">
                    <pos type="VBD"/>
                    <lemma type="add"/>
                </token>
                <token content="the" id="16-5">
                    <pos type="DT"/>
                    <lemma type="the"/>
                </token>
                <token content="wet" id="16-6">
                    <pos type="JJ"/>
                    <lemma type="wet"/>
                </token>
                <token content="ingredients" id="16-7">
                    <pos type="NNS"/>
                    <lemma type="ingredient"/>
                    <dep head="16-4" type="dobj"/>
                </token>
                <token content="to" id="16-8"/>
                <token content="the" id="16-9">
                    <pos type="DT"/>
                    <lemma type="the"/>
                </token>
                <token content="dry" id="16-10">
                    <pos type="JJ"/>
                    <lemma type="dry"/>
                    <dep head="16-4" type="prep"/>
                </token>
                <token content="a" id="16-11">
                    <pos type="DT"/>
                    <lemma type="a"/>
                </token>
                <token content="bit" id="16-12">
                    <pos type="NN"/>
                    <lemma type="bit"/>
                </token>
                <token content="at" id="16-13"/>
                <token content="a" id="16-14">
                    <pos type="DT"/>
                    <lemma type="a"/>
                </token>
                <token content="time" id="16-15">
                    <pos type="NN"/>
                    <lemma type="time"/>
                    <dep head="16-4" type="prep"/>
                </token>
                <token content="mixing" id="16-16">
                    <pos type="VBG"/>
                    <lemma type="mix"/>
                </token>
                <token content="them" id="16-17">
                    <pos type="PRP"/>
                    <lemma type="they"/>
                    <dep head="16-16" type="dobj"/>
                </token>
                <token content="well" id="16-18">
                    <pos type="RB"/>
                    <lemma type="well"/>
                    <dep head="16-16" type="advmod"/>
                </token>
                <token content="into" id="16-19"/>
                <token content="a" id="16-20">
                    <pos type="DT"/>
                    <lemma type="a"/>
                </token>
                <token content="smooth" id="16-21">
                    <pos type="JJ"/>
                    <lemma type="smooth"/>
                </token>
                <token content="batter" id="16-22">
                    <pos type="NN"/>
                    <lemma type="batter"/>
                    <dep head="16-16" type="prep"/>
                </token>
                <token content="." id="16-23"/>
            </sentence>
            <sentence id="17">
                <token content="The" id="17-1">
                    <pos type="DT"/>
                    <lemma type="the"/>
                </token>
                <token content="batter" id="17-2">
                    <pos type="NN"/>
                    <lemma type="batter"/>
                    <dep head="17-3" type="nsubj"/>
                </token>
                <token content="get" id="17-3">
                    <pos type="VBP"/>
                    <lemma type="get"/>
                </token>
                <token content="divided" id="17-4">
                    <pos type="VBN"/>
                    <lemma type="divide"/>
                    <dep head="17-3" type="ccomp"/>
                </token>
                <token content="evenly" id="17-5">
                    <pos type="RB"/>
                    <lemma type="evenly"/>
                    <dep head="17-4" type="advmod"/>
                </token>
                <token content="between" id="17-6"/>
                <token content="the" id="17-7">
                    <pos type="DT"/>
                    <lemma type="the"/>
                </token>
                <token content="two" id="17-8">
                    <pos type="CD"/>
                    <lemma type="two"/>
                </token>
                <token content="cake" id="17-9">
                    <pos type="NN"/>
                    <lemma type="cake"/>
                </token>
                <token content="pans" id="17-10">
                    <pos type="NNS"/>
                    <lemma type="pan"/>
                    <dep head="17-4" type="prep"/>
                </token>
                <token content="and" id="17-11"/>
                <token content="placed" id="17-12">
                    <pos type="VBN"/>
                    <lemma type="place"/>
                    <dep head="17-4" type="conj"/>
                </token>
                <token content="in" id="17-13"/>
                <token content="the" id="17-14">
                    <pos type="DT"/>
                    <lemma type="the"/>
                </token>
                <token content="hot" id="17-15">
                    <pos type="JJ"/>
                    <lemma type="hot"/>
                </token>
                <token content="oven" id="17-16">
                    <pos type="NN"/>
                    <lemma type="oven"/>
                    <dep head="17-12" type="prep"/>
                </token>
                <token content="to" id="17-17">
                    <pos type="TO"/>
                    <lemma type="to"/>
                    <dep head="17-18" type="aux"/>
                </token>
                <token content="bake" id="17-18">
                    <pos type="VB"/>
                    <lemma type="bake"/>
                    <dep head="17-4" type="xcomp"/>
                </token>
                <token content="." id="17-19"/>
            </sentence>
            <sentence id="18">
                <token content="After" id="18-1"/>
                <token content="thirty" id="18-2">
                    <pos type="CD"/>
                    <lemma type="thirty"/>
                </token>
                <token content="minutes" id="18-3">
                    <pos type="NNS"/>
                    <lemma type="minute"/>
                    <dep head="18-6" type="prep"/>
                </token>
                <token content="Grandma" id="18-4">
                    <pos type="NNP"/>
                    <lemma type="Grandma"/>
                </token>
                <token content="June" id="18-5">
                    <pos type="NNP"/>
                    <lemma type="June"/>
                    <dep head="18-6" type="nsubj"/>
                </token>
                <token content="poked" id="18-6">
                    <pos type="VBD"/>
                    <lemma type="poke"/>
                </token>
                <token content="each" id="18-7">
                    <pos type="DT"/>
                    <lemma type="each"/>
                </token>
                <token content="cake" id="18-8">
                    <pos type="NN"/>
                    <lemma type="cake"/>
                    <dep head="18-6" type="dobj"/>
                </token>
                <token content="with" id="18-9"/>
                <token content="a" id="18-10">
                    <pos type="DT"/>
                    <lemma type="a"/>
                </token>
                <token content="toothpick" id="18-11">
                    <pos type="NN"/>
                    <lemma type="toothpick"/>
                    <dep head="18-6" type="prep"/>
                </token>
                <token content="and" id="18-12"/>
                <token content="it" id="18-13">
                    <pos type="PRP"/>
                    <lemma type="it"/>
                    <dep head="18-14" type="nsubj"/>
                </token>
                <token content="came" id="18-14">
                    <pos type="VBD"/>
                    <lemma type="come"/>
                    <dep head="18-6" type="conj"/>
                </token>
                <token content="out" id="18-15">
                    <pos type="RP"/>
                    <lemma type="out"/>
                    <dep head="18-14" type="prt"/>
                </token>
                <token content="with" id="18-16"/>
                <token content="no" id="18-17">
                    <pos type="DT"/>
                    <lemma type="no"/>
                </token>
                <token content="cake" id="18-18">
                    <pos type="NN"/>
                    <lemma type="cake"/>
                    <dep head="18-14" type="prep"/>
                </token>
                <token content="on" id="18-19"/>
                <token content="it" id="18-20">
                    <pos type="PRP"/>
                    <lemma type="it"/>
                </token>
                <token content="." id="18-21"/>
            </sentence>
            <sentence id="19">
                <token content="This" id="19-1">
                    <pos type="DT"/>
                    <lemma type="this"/>
                    <dep head="19-2" type="nsubj"/>
                </token>
                <token content="meant" id="19-2">
                    <pos type="VBD"/>
                    <lemma type="mean"/>
                </token>
                <token content="the" id="19-3">
                    <pos type="DT"/>
                    <lemma type="the"/>
                </token>
                <token content="cakes" id="19-4">
                    <pos type="NNS"/>
                    <lemma type="cake"/>
                    <dep head="19-6" type="nsubjpass"/>
                </token>
                <token content="were" id="19-5">
                    <pos type="VBD"/>
                    <lemma type="be"/>
                    <dep head="19-6" type="auxpass"/>
                </token>
                <token content="done" id="19-6">
                    <pos type="VBN"/>
                    <lemma type="do"/>
                    <dep head="19-2" type="ccomp"/>
                </token>
                <token content="." id="19-7"/>
            </sentence>
            <sentence id="20">
                <token content="Grandma" id="20-1">
                    <pos type="NNP"/>
                    <lemma type="Grandma"/>
                </token>
                <token content="June" id="20-2">
                    <pos type="NNP"/>
                    <lemma type="June"/>
                    <dep head="20-4" type="nsubj"/>
                </token>
                <token content="carefully" id="20-3">
                    <pos type="RB"/>
                    <lemma type="carefully"/>
                    <dep head="20-4" type="advmod"/>
                </token>
                <token content="flipped" id="20-4">
                    <pos type="VBD"/>
                    <lemma type="flip"/>
                </token>
                <token content="the" id="20-5">
                    <pos type="DT"/>
                    <lemma type="the"/>
                </token>
                <token content="cakes" id="20-6">
                    <pos type="NNS"/>
                    <lemma type="cake"/>
                    <dep head="20-4" type="dobj"/>
                </token>
                <token content="over" id="20-7">
                    <pos type="RP"/>
                    <lemma type="over"/>
                    <dep head="20-4" type="prt"/>
                </token>
                <token content="onto" id="20-8"/>
                <token content="a" id="20-9">
                    <pos type="DT"/>
                    <lemma type="a"/>
                </token>
                <token content="cooling" id="20-10">
                    <pos type="JJ"/>
                    <lemma type="cooling"/>
                </token>
                <token content="rack" id="20-11">
                    <pos type="NN"/>
                    <lemma type="rack"/>
                    <dep head="20-4" type="prep"/>
                </token>
                <token content="leave" id="20-12">
                    <pos type="VB"/>
                    <lemma type="leave"/>
                    <dep head="20-4" type="dep"/>
                </token>
                <token content="the" id="20-13">
                    <pos type="DT"/>
                    <lemma type="the"/>
                </token>
                <token content="cake" id="20-14">
                    <pos type="NN"/>
                    <lemma type="cake"/>
                </token>
                <token content="there" id="20-15">
                    <pos type="RB"/>
                    <lemma type="there"/>
                    <dep head="20-12" type="advmod"/>
                </token>
                <token content="with" id="20-16"/>
                <token content="no" id="20-17">
                    <pos type="DT"/>
                    <lemma type="no"/>
                </token>
                <token content="pan" id="20-18">
                    <pos type="NN"/>
                    <lemma type="pan"/>
                    <dep head="20-12" type="prep"/>
                </token>
                <token content="on" id="20-19"/>
                <token content="it" id="20-20">
                    <pos type="PRP"/>
                    <lemma type="it"/>
                </token>
                <token content="to" id="20-21">
                    <pos type="TO"/>
                    <lemma type="to"/>
                    <dep head="20-22" type="aux"/>
                </token>
                <token content="cool" id="20-22">
                    <pos type="VB"/>
                    <lemma type="cool"/>
                    <dep head="20-12" type="xcomp"/>
                </token>
                <token content="." id="20-23"/>
            </sentence>
            <sentence id="21">
                <token content="Julia" id="21-1">
                    <pos type="NNP"/>
                    <lemma type="Julia"/>
                    <dep head="21-2" type="nsubj"/>
                </token>
                <token content="waited" id="21-2">
                    <pos type="VBD"/>
                    <lemma type="wait"/>
                </token>
                <token content="for" id="21-3"/>
                <token content="what" id="21-4">
                    <pos type="WP"/>
                    <lemma type="what"/>
                    <dep head="21-5" type="nsubj"/>
                </token>
                <token content="seemed" id="21-5">
                    <pos type="VBD"/>
                    <lemma type="seem"/>
                    <dep head="21-2" type="prepc"/>
                </token>
                <token content="like" id="21-6"/>
                <token content="a" id="21-7">
                    <pos type="DT"/>
                    <lemma type="a"/>
                </token>
                <token content="very" id="21-8">
                    <pos type="RB"/>
                    <lemma type="very"/>
                </token>
                <token content="long" id="21-9">
                    <pos type="JJ"/>
                    <lemma type="long"/>
                </token>
                <token content="time" id="21-10">
                    <pos type="NN"/>
                    <lemma type="time"/>
                    <dep head="21-5" type="prep"/>
                </token>
                <token content="until" id="21-11">
                    <pos type="IN"/>
                    <lemma type="until"/>
                    <dep head="21-14" type="mark"/>
                </token>
                <token content="Grandma" id="21-12">
                    <pos type="NNP"/>
                    <lemma type="Grandma"/>
                </token>
                <token content="June" id="21-13">
                    <pos type="NNP"/>
                    <lemma type="June"/>
                    <dep head="21-14" type="nsubj"/>
                </token>
                <token content="said" id="21-14">
                    <pos type="VBD"/>
                    <lemma type="say"/>
                    <dep head="21-5" type="advcl"/>
                </token>
                <token content="they" id="21-15">
                    <pos type="PRP"/>
                    <lemma type="they"/>
                </token>
                <token content="were" id="21-16">
                    <pos type="VBD"/>
                    <lemma type="be"/>
                </token>
                <token content="cool" id="21-17">
                    <pos type="JJ"/>
                    <lemma type="cool"/>
                    <dep head="21-14" type="ccomp"/>
                </token>
                <token content="." id="21-18"/>
            </sentence>
            <sentence id="22">
                <token content="She" id="22-1">
                    <pos type="PRP"/>
                    <lemma type="she"/>
                    <dep head="22-2" type="nsubj"/>
                </token>
                <token content="brought" id="22-2">
                    <pos type="VBD"/>
                    <lemma type="bring"/>
                </token>
                <token content="out" id="22-3">
                    <pos type="RP"/>
                    <lemma type="out"/>
                    <dep head="22-2" type="prt"/>
                </token>
                <token content="her" id="22-4">
                    <pos type="PRP$"/>
                    <lemma type="she"/>
                </token>
                <token content="cake" id="22-5">
                    <pos type="NN"/>
                    <lemma type="cake"/>
                </token>
                <token content="stand" id="22-6">
                    <pos type="NN"/>
                    <lemma type="stand"/>
                    <dep head="22-2" type="dobj"/>
                </token>
                <token content="and" id="22-7"/>
                <token content="placed" id="22-8">
                    <pos type="VBD"/>
                    <lemma type="place"/>
                    <dep head="22-2" type="conj"/>
                </token>
                <token content="one" id="22-9">
                    <pos type="CD"/>
                    <lemma type="one"/>
                </token>
                <token content="cake" id="22-10">
                    <pos type="NN"/>
                    <lemma type="cake"/>
                    <dep head="22-8" type="dobj"/>
                </token>
                <token content="on" id="22-11"/>
                <token content="it" id="22-12">
                    <pos type="PRP"/>
                    <lemma type="it"/>
                </token>
                <token content="." id="22-13"/>
            </sentence>
            <sentence id="23">
                <token content="Julia" id="23-1">
                    <pos type="NNP"/>
                    <lemma type="Julia"/>
                    <dep head="23-2" type="nsubj"/>
                </token>
                <token content="watched" id="23-2">
                    <pos type="VBD"/>
                    <lemma type="watch"/>
                </token>
                <token content="as" id="23-3">
                    <pos type="IN"/>
                    <lemma type="as"/>
                    <dep head="23-6" type="mark"/>
                </token>
                <token content="Grandma" id="23-4">
                    <pos type="NNP"/>
                    <lemma type="Grandma"/>
                </token>
                <token content="June" id="23-5">
                    <pos type="NNP"/>
                    <lemma type="June"/>
                    <dep head="23-6" type="nsubj"/>
                </token>
                <token content="frosted" id="23-6">
                    <pos type="VBD"/>
                    <lemma type="frost"/>
                    <dep head="23-2" type="advcl"/>
                </token>
                <token content="the" id="23-7">
                    <pos type="DT"/>
                    <lemma type="the"/>
                </token>
                <token content="layer" id="23-8">
                    <pos type="NN"/>
                    <lemma type="layer"/>
                    <dep head="23-11" type="nsubj"/>
                </token>
                <token content="lightly" id="23-9">
                    <pos type="RB"/>
                    <lemma type="lightly"/>
                    <dep head="23-11" type="advmod"/>
                </token>
                <token content="then" id="23-10">
                    <pos type="RB"/>
                    <lemma type="then"/>
                    <dep head="23-11" type="advmod"/>
                </token>
                <token content="placed" id="23-11">
                    <pos type="VBD"/>
                    <lemma type="place"/>
                    <dep head="23-6" type="ccomp"/>
                </token>
                <token content="the" id="23-12">
                    <pos type="DT"/>
                    <lemma type="the"/>
                </token>
                <token content="other" id="23-13">
                    <pos type="JJ"/>
                    <lemma type="other"/>
                </token>
                <token content="cake" id="23-14">
                    <pos type="NN"/>
                    <lemma type="cake"/>
                    <dep head="23-11" type="dobj"/>
                </token>
                <token content="on" id="23-15"/>
                <token content="top" id="23-16">
                    <pos type="NN"/>
                    <lemma type="top"/>
                </token>
                <token content="." id="23-17"/>
            </sentence>
            <sentence id="24">
                <token content="She" id="24-1">
                    <pos type="PRP"/>
                    <lemma type="she"/>
                    <dep head="24-2" type="nsubj"/>
                </token>
                <token content="made" id="24-2">
                    <pos type="VBD"/>
                    <lemma type="make"/>
                </token>
                <token content="quick" id="24-3">
                    <pos type="JJ"/>
                    <lemma type="quick"/>
                </token>
                <token content="work" id="24-4">
                    <pos type="NN"/>
                    <lemma type="work"/>
                    <dep head="24-2" type="dobj"/>
                </token>
                <token content="of" id="24-5"/>
                <token content="frosting" id="24-6">
                    <pos type="VBG"/>
                    <lemma type="frost"/>
                </token>
                <token content="both" id="24-7">
                    <pos type="DT"/>
                    <lemma type="both"/>
                </token>
                <token content="layers" id="24-8">
                    <pos type="NNS"/>
                    <lemma type="layer"/>
                    <dep head="24-6" type="dobj"/>
                </token>
                <token content="of" id="24-9"/>
                <token content="stacked" id="24-10">
                    <pos type="JJ"/>
                    <lemma type="stacked"/>
                </token>
                <token content="cakes" id="24-11">
                    <pos type="NNS"/>
                    <lemma type="cake"/>
                </token>
                <token content="with" id="24-12"/>
                <token content="smooth" id="24-13">
                    <pos type="JJ"/>
                    <lemma type="smooth"/>
                </token>
                <token content="fluffy" id="24-14">
                    <pos type="JJ"/>
                    <lemma type="fluffy"/>
                </token>
                <token content="white" id="24-15">
                    <pos type="JJ"/>
                    <lemma type="white"/>
                </token>
                <token content="frosting" id="24-16">
                    <pos type="NN"/>
                    <lemma type="frosting"/>
                    <dep head="24-6" type="prep"/>
                </token>
                <token content="." id="24-17"/>
            </sentence>
            <sentence id="25">
                <token content="Then" id="25-1">
                    <pos type="RB"/>
                    <lemma type="then"/>
                    <dep head="25-2" type="advmod"/>
                </token>
                <token content="came" id="25-2">
                    <pos type="VBD"/>
                    <lemma type="come"/>
                </token>
                <token content="Julias" id="25-3">
                    <pos type="NNP"/>
                    <lemma type="Julias"/>
                </token>
                <token content="part" id="25-4">
                    <pos type="NN"/>
                    <lemma type="part"/>
                    <dep head="25-2" type="nsubj"/>
                </token>
                <token content="." id="25-5"/>
            </sentence>
            <sentence id="26">
                <token content="She" id="26-1">
                    <pos type="PRP"/>
                    <lemma type="she"/>
                    <dep head="26-2" type="nsubj"/>
                </token>
                <token content="placed" id="26-2">
                    <pos type="VBD"/>
                    <lemma type="place"/>
                </token>
                <token content="the" id="26-3">
                    <pos type="DT"/>
                    <lemma type="the"/>
                </token>
                <token content="bid" id="26-4">
                    <pos type="NN"/>
                    <lemma type="bid"/>
                </token>
                <token content="number" id="26-5">
                    <pos type="NN"/>
                    <lemma type="number"/>
                    <dep head="26-2" type="dobj"/>
                </token>
                <token content="four" id="26-6">
                    <pos type="CD"/>
                    <lemma type="four"/>
                    <dep head="26-2" type="npadvmod"/>
                </token>
                <token content="and" id="26-7"/>
                <token content="five" id="26-8">
                    <pos type="CD"/>
                    <lemma type="five"/>
                </token>
                <token content="shaped" id="26-9">
                    <pos type="JJ"/>
                    <lemma type="shaped"/>
                </token>
                <token content="candles" id="26-10">
                    <pos type="NNS"/>
                    <lemma type="candle"/>
                </token>
                <token content="next" id="26-11"/>
                <token content="to" id="26-12"/>
                <token content="each" id="26-13">
                    <pos type="DT"/>
                    <lemma type="each"/>
                </token>
                <token content="other" id="26-14">
                    <pos type="JJ"/>
                    <lemma type="other"/>
                    <dep head="26-2" type="prep"/>
                </token>
                <token content="on" id="26-15"/>
                <token content="the" id="26-16">
                    <pos type="DT"/>
                    <lemma type="the"/>
                </token>
                <token content="cake" id="26-17">
                    <pos type="NN"/>
                    <lemma type="cake"/>
                    <dep head="26-2" type="prep"/>
                </token>
                <token content="." id="26-18"/>
            </sentence>
            <sentence id="27">
                <token content="Julia" id="27-1">
                    <pos type="NNP"/>
                    <lemma type="Julia"/>
                    <dep head="27-2" type="nsubj"/>
                </token>
                <token content="thought" id="27-2">
                    <pos type="VBD"/>
                    <lemma type="think"/>
                </token>
                <token content="making" id="27-3">
                    <pos type="VBG"/>
                    <lemma type="make"/>
                    <dep head="27-2" type="xcomp"/>
                </token>
                <token content="a" id="27-4">
                    <pos type="DT"/>
                    <lemma type="a"/>
                </token>
                <token content="cake" id="27-5">
                    <pos type="NN"/>
                    <lemma type="cake"/>
                </token>
                <token content="was" id="27-6">
                    <pos type="VBD"/>
                    <lemma type="be"/>
                </token>
                <token content="lots" id="27-7">
                    <pos type="NNS"/>
                    <lemma type="lot"/>
                    <dep head="27-3" type="ccomp"/>
                </token>
                <token content="of" id="27-8"/>
                <token content="work" id="27-9">
                    <pos type="NN"/>
                    <lemma type="work"/>
                </token>
                <token content="but" id="27-10"/>
                <token content="fun" id="27-11">
                    <pos type="NN"/>
                    <lemma type="fun"/>
                    <dep head="27-2" type="conj"/>
                </token>
                <token content="as" id="27-12">
                    <pos type="RB"/>
                    <lemma type="as"/>
                </token>
                <token content="well" id="27-13">
                    <pos type="RB"/>
                    <lemma type="well"/>
                </token>
                <token content="." id="27-14"/>
            </sentence>
            <sentence id="28">
                <token content="Especially" id="28-1">
                    <pos type="RB"/>
                    <lemma type="especially"/>
                </token>
                <token content="when" id="28-2">
                    <pos type="WRB"/>
                    <lemma type="when"/>
                    <dep head="28-4" type="advmod"/>
                </token>
                <token content="she" id="28-3">
                    <pos type="PRP"/>
                    <lemma type="she"/>
                    <dep head="28-4" type="nsubj"/>
                </token>
                <token content="did" id="28-4">
                    <pos type="VBD"/>
                    <lemma type="do"/>
                </token>
                <token content="it" id="28-5">
                    <pos type="PRP"/>
                    <lemma type="it"/>
                    <dep head="28-4" type="dobj"/>
                </token>
                <token content="with" id="28-6"/>
                <token content="her" id="28-7">
                    <pos type="PRP$"/>
                    <lemma type="she"/>
                </token>
                <token content="grandma" id="28-8">
                    <pos type="NN"/>
                    <lemma type="grandma"/>
                    <dep head="28-4" type="prep"/>
                </token>
                <token content="." id="28-9"/>
            </sentence>
        </sentences>
    </text>
    <annotations>
        <participants>
            <label from="1-5" id="0" name="ScrPart_cake" text="Cake" type="participant"/>
            <label from="1-8" id="1" name="ScrPart_cook" text="Grandma June" to="1-9" type="participant"/>
            <label from="1-13" id="2" name="ScrPart_cake" text="cake" type="participant"/>
            <label from="1-15" id="3" name="ScrPart_beneficiary" text="uncle Max" to="1-16" type="participant"/>
            <label from="1-16" id="4" name="ScrPart_beneficiary" text="Max" type="participant"/>
            <label from="1-18" id="5" name="NPart" text="Birthday" type="participant"/>
            <label from="2-1" id="6" name="ScrPart_beneficiary" text="Uncle Max" to="2-2" type="participant"/>
            <label from="2-2" id="7" name="ScrPart_beneficiary" text="Max" type="participant"/>
            <label from="2-5" id="8" name="NPart" text="years" type="participant"/>
            <label from="3-1" id="9" name="ScrPart_cook" text="Julia" type="participant"/>
            <label from="4-1" id="10" name="ScrPart_cook" text="She" type="participant"/>
            <label from="4-6" id="11" name="ScrPart_cook" text="Grandma June" to="4-7" type="participant"/>
            <label from="4-11" id="12" name="ScrPart_cook" text="her" type="participant"/>
            <label from="5-1" id="13" name="ScrPart_cook" text="They" type="participant"/>
            <label from="5-2" id="14" name="ScrPart_cook" text="both" type="participant"/>
            <label from="5-4" id="15" name="ScrPart_cook" text="their" type="participant"/>
            <label from="5-5" id="16" name="NPart" text="hands" type="participant"/>
            <label from="5-6" id="17" name="ScrPart_cook" text="Grandma June" to="5-7" type="participant"/>
            <label from="5-14" id="18" name="No_label" text="step" type="participant"/>
            <label from="5-15" id="19" name="ScrPart_cook" text="you" type="participant"/>
            <label from="5-20" id="20" name="ScrPart_cook" text="you" type="participant"/>
            <label from="5-24" id="21" name="NPart" text="germs" type="participant"/>
            <label from="6-2" id="22" name="ScrPart_cook" text="Grandma June" to="6-3" type="participant"/>
            <label from="6-8" id="23" name="ScrPart_cake_tin" text="cake pans" to="6-9" type="participant"/>
            <label from="6-9" id="24" name="ScrPart_cake_tin" text="pans" type="participant"/>
            <label from="7-1" id="25" name="ScrPart_cook" text="She" type="participant"/>
            <label from="7-3" id="26" name="ScrPart_cook" text="Julia" type="participant"/>
            <label from="7-7" id="27" name="NPart" text="inside" type="participant"/>
            <label from="7-10" id="28" name="ScrPart_cake_tin" text="pan" type="participant"/>
            <label from="7-12" id="29" name="ScrPart_ingredients" text="Shortening" type="participant"/>
            <label from="7-15" id="30" name="ScrPart_cook" text="Grandma June" to="7-16" type="participant"/>
            <label from="7-19" id="31" name="ScrPart_cake_tin" text="pan" type="participant"/>
            <label from="7-22" id="32" name="ScrPart_ingredients" text="flour" type="participant"/>
            <label from="8-6" id="33" name="ScrPart_cake" text="cakes" type="participant"/>
            <label from="9-1" id="34" name="ScrPart_cook" text="Grandma June" to="9-2" type="participant"/>
            <label from="9-5" id="35" name="ScrPart_oven" text="oven" type="participant"/>
            <label from="9-12" id="36" name="ScrPart_temperature" text="degrees" type="participant"/>
            <label from="9-14" id="37" name="ScrPart_cook" text="she" type="participant"/>
            <label from="9-17" id="38" name="ScrPart_utensil" text="bowl" type="participant"/>
            <label from="9-20" id="39" name="ScrPart_other" text="counter" type="participant"/>
            <label from="9-25" id="40" name="ScrPart_ingredients" text="things" type="participant"/>
            <label from="9-28" id="41" name="ScrPart_ingredients" text="flour" type="participant"/>
            <label from="9-30" id="42" name="ScrPart_ingredients" text="sugar" type="participant"/>
            <label from="9-32" id="43" name="ScrPart_ingredients" text="baking powder" to="9-33" type="participant"/>
            <label from="9-33" id="44" name="ScrPart_ingredients" text="powder" type="participant"/>
            <label from="9-35" id="45" name="ScrPart_ingredients" text="salt" type="participant"/>
            <label from="10-1" id="46" name="ScrPart_cook" text="Grandma June" to="10-2" type="participant"/>
            <label from="10-9" id="47" name="ScrPart_cook" text="Julia" type="participant"/>
            <label from="10-11" id="48" name="ScrPart_ingredients" text="them" type="participant"/>
            <label from="11-2" id="49" name="ScrPart_cook" text="she" type="participant"/>
            <label from="11-7" id="50" name="ScrPart_ingredients" text="stuff" type="participant"/>
            <label from="12-1" id="51" name="ScrPart_cook" text="Julia" type="participant"/>
            <label from="12-3" id="52" name="ScrPart_cook" text="Grandma June" to="12-4" type="participant"/>
            <label from="12-6" id="53" name="ScrPart_cook" text="her" type="participant"/>
            <label from="12-14" id="54" name="ScrPart_ingredients" text="ingredients" type="participant"/>
            <label from="12-23" id="55" name="NPart" text="science" type="participant"/>
            <label from="12-26" id="56" name="ScrPart_other" text="measurements" type="participant"/>
            <label from="13-4" id="57" name="ScrPart_utensil" text="bowl" type="participant"/>
            <label from="13-5" id="58" name="ScrPart_cook" text="they" type="participant"/>
            <label from="13-10" id="59" name="ScrPart_ingredients" text="things" type="participant"/>
            <label from="14-3" id="60" name="ScrPart_ingredients" text="butter" type="participant"/>
            <label from="14-5" id="61" name="ScrPart_ingredients" text="milk" type="participant"/>
            <label from="14-7" id="62" name="ScrPart_ingredients" text="vanilla" type="participant"/>
            <label from="14-9" id="63" name="ScrPart_ingredients" text="eggs" type="participant"/>
            <label from="15-1" id="64" name="ScrPart_cook" text="Grandma June" to="15-2" type="participant"/>
            <label from="15-4" id="65" name="ScrPart_ingredients" text="them" type="participant"/>
            <label from="15-9" id="66" name="ScrPart_utensil" text="hand mixer" to="15-10" type="participant"/>
            <label from="15-10" id="67" name="ScrPart_utensil" text="mixer" type="participant"/>
            <label from="16-2" id="68" name="ScrPart_cook" text="they" type="participant"/>
            <label from="16-7" id="69" name="ScrPart_ingredients" text="ingredients" type="participant"/>
            <label from="16-12" id="70" name="No_label" text="bit" type="participant"/>
            <label from="16-15" id="71" name="No_label" text="time" type="participant"/>
            <label from="16-17" id="72" name="ScrPart_ingredients" text="them" type="participant"/>
            <label from="16-22" id="73" name="ScrPart_dough" text="batter" type="participant"/>
            <label from="17-2" id="74" name="ScrPart_dough" text="batter" type="participant"/>
            <label from="17-9" id="75" name="ScrPart_cake_tin" text="cake pans" to="17-10" type="participant"/>
            <label from="17-10" id="76" name="ScrPart_cake_tin" text="pans" type="participant"/>
            <label from="17-16" id="77" name="ScrPart_oven" text="oven" type="participant"/>
            <label from="18-3" id="78" name="ScrPart_time" text="minutes" type="participant"/>
            <label from="18-4" id="79" name="ScrPart_cook" text="Grandma June" to="18-5" type="participant"/>
            <label from="18-8" id="80" name="ScrPart_cake" text="cake" type="participant"/>
            <label from="18-11" id="81" name="ScrPart_utensil" text="toothpick" type="participant"/>
            <label from="18-13" id="82" name="ScrPart_utensil" text="it" type="participant"/>
            <label from="18-18" id="83" name="ScrPart_cake" text="cake" type="participant"/>
            <label from="18-20" id="84" name="ScrPart_utensil" text="it" type="participant"/>
            <label from="19-4" id="85" name="ScrPart_cake" text="cakes" type="participant"/>
            <label from="20-1" id="86" name="ScrPart_cook" text="Grandma June" to="20-2" type="participant"/>
            <label from="20-6" id="87" name="ScrPart_cake" text="cakes" type="participant"/>
            <label from="20-10" id="88" name="ScrPart_utensil" text="cooling rack" to="20-11" type="participant"/>
            <label from="20-11" id="89" name="ScrPart_utensil" text="rack" type="participant"/>
            <label from="20-14" id="90" name="ScrPart_cake" text="cake" type="participant"/>
            <label from="20-18" id="91" name="ScrPart_cake_tin" text="pan" type="participant"/>
            <label from="20-20" id="92" name="ScrPart_cake" text="it" type="participant"/>
            <label from="21-1" id="93" name="ScrPart_cook" text="Julia" type="participant"/>
            <label from="21-10" id="94" name="ScrPart_time" text="time" type="participant"/>
            <label from="21-12" id="95" name="ScrPart_cook" text="Grandma June" to="21-13" type="participant"/>
            <label from="21-15" id="96" name="ScrPart_cake" text="they" type="participant"/>
            <label from="22-1" id="97" name="ScrPart_cook" text="She" type="participant"/>
            <label from="22-4" id="98" name="ScrPart_cook" text="her" type="participant"/>
            <label from="22-5" id="99" name="ScrPart_utensil" text="cake stand" to="22-6" type="participant"/>
            <label from="22-6" id="100" name="ScrPart_utensil" text="stand" type="participant"/>
            <label from="22-10" id="101" name="ScrPart_cake" text="cake" type="participant"/>
            <label from="22-12" id="102" name="ScrPart_utensil" text="it" type="participant"/>
            <label from="23-1" id="103" name="ScrPart_cook" text="Julia" type="participant"/>
            <label from="23-4" id="104" name="ScrPart_cook" text="Grandma June" to="23-5" type="participant"/>
            <label from="23-8" id="105" name="NPart" text="layer" type="participant"/>
            <label from="23-14" id="106" name="ScrPart_cake" text="cake" type="participant"/>
            <label from="23-16" id="107" name="No_label" text="top" type="participant"/>
            <label from="24-1" id="108" name="ScrPart_cook" text="She" type="participant"/>
            <label from="24-4" id="109" name="SuppVComp" text="work" type="participant"/>
            <label from="24-8" id="110" name="NPart" text="layers" type="participant"/>
            <label from="24-11" id="111" name="ScrPart_cake" text="cakes" type="participant"/>
            <label from="24-16" id="112" name="ScrPart_ingredients" text="frosting" type="participant"/>
            <label from="25-3" id="113" name="ScrPart_cook" text="Julias" type="participant"/>
            <label from="25-4" id="114" name="No_label" text="part" type="participant"/>
            <label from="26-1" id="115" name="ScrPart_cook" text="She" type="participant"/>
            <label from="26-10" id="116" name="ScrPart_decoration" text="candles" type="participant"/>
            <label from="26-17" id="117" name="ScrPart_cake" text="cake" type="participant"/>
            <label from="27-1" id="118" name="ScrPart_cook" text="Julia" type="participant"/>
            <label from="27-5" id="119" name="ScrPart_cake" text="cake" type="participant"/>
            <label from="27-7" id="120" name="Head_of_Partitive" text="lots" type="participant"/>
            <label from="27-9" id="121" name="NPart" text="work" type="participant"/>
            <label from="27-11" id="122" name="NPart" text="fun" type="participant"/>
            <label from="28-3" id="123" name="ScrPart_cook" text="she" type="participant"/>
            <label from="28-5" id="124" name="No_label" text="it" type="participant"/>
            <label from="28-7" id="125" name="ScrPart_cook" text="her" type="participant"/>
            <label from="28-8" id="126" name="ScrPart_cook" text="grandma" type="participant"/>
        </participants>
        <events>
            <label from="1-3" id="127" name="Evoking" text="Baking A Cake" to="1-5" type="event"/>
            <label from="1-11" id="128" name="Evoking" text="making a cake" to="1-13" type="event"/>
            <label from="2-3" id="129" name="UnrelEv" text="was" type="event"/>
            <label from="3-2" id="130" name="UnrelEv" text="thought" type="event"/>
            <label from="4-2" id="131" name="UnrelEv" text="was" type="event"/>
            <label from="4-8" id="132" name="UnrelEv" text="agreed" type="event"/>
            <label from="4-10" id="133" name="UnrelEv" text="let" type="event"/>
            <label from="4-12" id="134" name="UnrelEv" text="help" type="event"/>
            <label from="5-3" id="135" name="RelNScrEv" text="washed" type="event"/>
            <label from="5-8" id="136" name="UnrelEv" text="said" type="event"/>
            <label from="5-10" id="137" name="UnrelEv" text="is" type="event"/>
            <label from="5-16" id="138" name="UnrelEv" text="take" type="event"/>
            <label from="5-18" id="139" name="Evoking" text="cooking" type="event"/>
            <label from="5-23" id="140" name="UnrelEv" text="spread" type="event"/>
            <label from="6-4" id="141" name="ScrEv_get_utensils" text="picked" type="event"/>
            <label from="7-2" id="142" name="UnrelEv" text="let" type="event"/>
            <label from="7-4" id="143" name="ScrEv_grease_cake_tin" text="grease" type="event"/>
            <label from="7-17" id="144" name="ScrEv_grease_cake_tin" text="dusted" type="event"/>
            <label from="8-5" id="145" name="Unclear" text="cooked" type="event"/>
            <label from="8-9" id="146" name="UnrelEv" text="stick" type="event"/>
            <label from="9-3" id="147" name="ScrEv_preheat" text="turned" type="event"/>
            <label from="9-8" id="148" name="ScrEv_preheat" text="heat up" to="9-9" type="event"/>
            <label from="9-15" id="149" name="ScrEv_get_utensils" text="placed" type="event"/>
            <label from="9-22" id="150" name="UnrelEv" text="was" type="event"/>
            <label from="10-4" id="151" name="RelNScrEv" text="measured" type="event"/>
            <label from="10-10" id="152" name="ScrEv_add_ingredients" text="pour" type="event"/>
            <label from="11-3" id="153" name="ScrEv_prepare_ingredients" text="mixed" type="event"/>
            <label from="12-5" id="154" name="UnrelEv" text="told" type="event"/>
            <label from="12-8" id="155" name="ScrEv_prepare_ingredients" text="mix" type="event"/>
            <label from="12-17" id="156" name="UnrelEv" text="spill" type="event"/>
            <label from="12-19" id="157" name="Evoking" text="baking" type="event"/>
            <label from="12-29" id="158" name="UnrelEv" text="be" type="event"/>
            <label from="13-6" id="159" name="RelNScrEv" text="measured" type="event"/>
            <label from="14-2" id="160" name="ScrEv_add_ingredients" text="went" type="event"/>
            <label from="15-3" id="161" name="ScrEv_prepare_ingredients" text="mixed" type="event"/>
            <label from="16-4" id="162" name="ScrEv_add_ingredients" text="added" type="event"/>
            <label from="16-16" id="163" name="ScrEv_make_dough" text="mixing" type="event"/>
            <label from="17-4" id="164" name="ScrEv_pour_dough" text="divided" type="event"/>
            <label from="17-12" id="165" name="ScrEv_put_cake_oven" text="placed" type="event"/>
            <label from="17-18" id="166" name="ScrEv_wait" text="bake" type="event"/>
            <label from="18-6" id="167" name="ScrEv_check" text="poked" type="event"/>
            <label from="18-14" id="168" name="ScrEv_check" text="came out" to="18-15" type="event"/>
            <label from="19-2" id="169" name="UnrelEv" text="meant" type="event"/>
            <label from="20-4" id="170" name="ScrEv_take_out_cake_tin" text="flipped" type="event"/>
            <label from="20-12" id="171" name="ScrEv_cool_down" text="leave" type="event"/>
            <label from="20-22" id="172" name="ScrEv_cool_down" text="cool" type="event"/>
            <label from="21-2" id="173" name="ScrEv_wait" text="waited" type="event"/>
            <label from="21-14" id="174" name="UnrelEv" text="said" type="event"/>
            <label from="22-2" id="175" name="ScrEv_get_utensils" text="brought out" to="22-3" type="event"/>
            <label from="22-8" id="176" name="UnrelEv" text="placed" type="event"/>
            <label from="23-2" id="177" name="UnrelEv" text="watched" type="event"/>
            <label from="23-6" id="178" name="ScrEv_decorate" text="frosted" type="event"/>
            <label from="23-11" id="179" name="ScrEv_decorate" text="placed" type="event"/>
            <label from="24-2" id="180" name="UnrelEv" text="made" type="event"/>
            <label from="24-6" id="181" name="ScrEv_decorate" text="frosting" type="event"/>
            <label from="25-2" id="182" name="UnrelEv" text="came" type="event"/>
            <label from="26-2" id="183" name="ScrEv_decorate" text="placed" type="event"/>
            <label from="27-2" id="184" name="UnrelEv" text="thought" type="event"/>
            <label from="27-3" id="185" name="Evoking" text="making a cake" to="27-5" type="event"/>
            <label from="28-4" id="186" name="UnrelEv" text="did" type="event"/>
        </events>
        <chains>
            <chain elements="0 2 33 80 83 85 87 90 92 96 101 106 111 117 119"/>
            <chain elements="4 7"/>
            <chain elements="9 10 12 26 47 49 51 53 93 103 113 115 118 123 125"/>
            <chain elements="14 10 11 13 12" name="group_julia_grandma"/>
            <chain elements="1 11 17 19 20 22 25 30 34 37 46 52 64 79 86 95 97 98 104 108 126"/>
            <chain elements="14 15 58 68"/>
            <chain elements="24 28 31 76 91"/>
            <chain elements="48 41 42 44 45" name="group_flour_sugar_bakingpowder_salt"/>
            <chain elements="48 50 54"/>
            <chain elements="59 60 61 62 63" name="group_butter_milk_vanilla_eggs"/>
            <chain elements="59 65 69"/>
            <chain elements="73 74"/>
            <chain elements="35 77"/>
            <chain elements="81 82 84"/>
            <chain elements="100 102"/>
        </chains>
    </annotations>
</story>
