<?xml version="1.0" encoding="UTF-8" standalone="no"?>
<!DOCTYPE story SYSTEM "../InScript.dtd">
<story id="051" scenario="cake">
    <text>
        <content>I was living in Austin Texas and decided I was going to try my luck at making a cake . 
I researched a few to try out . 
The first one that I made was a layered Italian cake with white frosting and coconut flakes . 
This one took a lot of effort due to the multiple layers , but the taste ended up being excellent . 
I thought I would try my luck next with a chocolate ganash frosting on top of a peanut butter cake . 
This cake came out better tasting in my opinion and the in the opinion of others . 
For the peanut butter portion of it , it had peanut butter mixed with actual butter baked on top of a graham cracker compressed crust . 
The ganash was made from melting chocolate in heavy whipping cream briefly in the microwave and spreading over . 
Once cooled it made kind of a shell on top of the peanut butter . </content>
        <sentences>
            <sentence id="1">
                <token content="I" id="1-1">
                    <pos type="PRP"/>
                    <lemma type="I"/>
                    <dep head="1-3" type="nsubj"/>
                </token>
                <token content="was" id="1-2">
                    <pos type="VBD"/>
                    <lemma type="be"/>
                    <dep head="1-3" type="aux"/>
                </token>
                <token content="living" id="1-3">
                    <pos type="VBG"/>
                    <lemma type="live"/>
                </token>
                <token content="in" id="1-4"/>
                <token content="Austin" id="1-5">
                    <pos type="NNP"/>
                    <lemma type="Austin"/>
                </token>
                <token content="Texas" id="1-6">
                    <pos type="NNP"/>
                    <lemma type="Texas"/>
                    <dep head="1-3" type="prep"/>
                </token>
                <token content="and" id="1-7"/>
                <token content="decided" id="1-8">
                    <pos type="VBD"/>
                    <lemma type="decide"/>
                    <dep head="1-3" type="conj"/>
                </token>
                <token content="I" id="1-9">
                    <pos type="PRP"/>
                    <lemma type="I"/>
                    <dep head="1-11" type="nsubj"/>
                </token>
                <token content="was" id="1-10">
                    <pos type="VBD"/>
                    <lemma type="be"/>
                    <dep head="1-11" type="aux"/>
                </token>
                <token content="going" id="1-11">
                    <pos type="VBG"/>
                    <lemma type="go"/>
                    <dep head="1-8" type="ccomp"/>
                </token>
                <token content="to" id="1-12">
                    <pos type="TO"/>
                    <lemma type="to"/>
                    <dep head="1-13" type="aux"/>
                </token>
                <token content="try" id="1-13">
                    <pos type="VB"/>
                    <lemma type="try"/>
                    <dep head="1-11" type="xcomp"/>
                </token>
                <token content="my" id="1-14">
                    <pos type="PRP$"/>
                    <lemma type="my"/>
                </token>
                <token content="luck" id="1-15">
                    <pos type="NN"/>
                    <lemma type="luck"/>
                    <dep head="1-13" type="dobj"/>
                </token>
                <token content="at" id="1-16"/>
                <token content="making" id="1-17">
                    <pos type="VBG"/>
                    <lemma type="make"/>
                    <dep head="1-13" type="prepc"/>
                </token>
                <token content="a" id="1-18">
                    <pos type="DT"/>
                    <lemma type="a"/>
                </token>
                <token content="cake" id="1-19">
                    <pos type="NN"/>
                    <lemma type="cake"/>
                    <dep head="1-17" type="dobj"/>
                </token>
                <token content="." id="1-20"/>
            </sentence>
            <sentence id="2">
                <token content="I" id="2-1">
                    <pos type="PRP"/>
                    <lemma type="I"/>
                    <dep head="2-2" type="nsubj"/>
                </token>
                <token content="researched" id="2-2">
                    <pos type="VBN"/>
                    <lemma type="research"/>
                </token>
                <token content="a" id="2-3">
                    <pos type="DT"/>
                    <lemma type="a"/>
                </token>
                <token content="few" id="2-4">
                    <pos type="JJ"/>
                    <lemma type="few"/>
                    <dep head="2-2" type="dobj"/>
                </token>
                <token content="to" id="2-5">
                    <pos type="TO"/>
                    <lemma type="to"/>
                    <dep head="2-6" type="aux"/>
                </token>
                <token content="try" id="2-6">
                    <pos type="VB"/>
                    <lemma type="try"/>
                    <dep head="2-2" type="vmod"/>
                </token>
                <token content="out" id="2-7">
                    <pos type="RP"/>
                    <lemma type="out"/>
                    <dep head="2-6" type="prt"/>
                </token>
                <token content="." id="2-8"/>
            </sentence>
            <sentence id="3">
                <token content="The" id="3-1">
                    <pos type="DT"/>
                    <lemma type="the"/>
                </token>
                <token content="first" id="3-2">
                    <pos type="JJ"/>
                    <lemma type="first"/>
                </token>
                <token content="one" id="3-3">
                    <pos type="NN"/>
                    <lemma type="one"/>
                </token>
                <token content="that" id="3-4">
                    <pos type="IN"/>
                    <lemma type="that"/>
                    <dep head="3-6" type="mark"/>
                </token>
                <token content="I" id="3-5">
                    <pos type="PRP"/>
                    <lemma type="I"/>
                    <dep head="3-6" type="nsubj"/>
                </token>
                <token content="made" id="3-6">
                    <pos type="VBD"/>
                    <lemma type="make"/>
                </token>
                <token content="was" id="3-7">
                    <pos type="VBD"/>
                    <lemma type="be"/>
                </token>
                <token content="a" id="3-8">
                    <pos type="DT"/>
                    <lemma type="a"/>
                </token>
                <token content="layered" id="3-9">
                    <pos type="JJ"/>
                    <lemma type="layered"/>
                </token>
                <token content="Italian" id="3-10">
                    <pos type="JJ"/>
                    <lemma type="italian"/>
                </token>
                <token content="cake" id="3-11">
                    <pos type="NN"/>
                    <lemma type="cake"/>
                </token>
                <token content="with" id="3-12"/>
                <token content="white" id="3-13">
                    <pos type="JJ"/>
                    <lemma type="white"/>
                </token>
                <token content="frosting" id="3-14">
                    <pos type="NN"/>
                    <lemma type="frosting"/>
                </token>
                <token content="and" id="3-15"/>
                <token content="coconut" id="3-16">
                    <pos type="NN"/>
                    <lemma type="coconut"/>
                </token>
                <token content="flakes" id="3-17">
                    <pos type="NNS"/>
                    <lemma type="flake"/>
                </token>
                <token content="." id="3-18"/>
            </sentence>
            <sentence id="4">
                <token content="This" id="4-1">
                    <pos type="DT"/>
                    <lemma type="this"/>
                </token>
                <token content="one" id="4-2">
                    <pos type="NN"/>
                    <lemma type="one"/>
                    <dep head="4-3" type="nsubj"/>
                </token>
                <token content="took" id="4-3">
                    <pos type="VBD"/>
                    <lemma type="take"/>
                </token>
                <token content="a" id="4-4">
                    <pos type="DT"/>
                    <lemma type="a"/>
                </token>
                <token content="lot" id="4-5">
                    <pos type="NN"/>
                    <lemma type="lot"/>
                </token>
                <token content="of" id="4-6"/>
                <token content="effort" id="4-7">
                    <pos type="NN"/>
                    <lemma type="effort"/>
                </token>
                <token content="due" id="4-8">
                    <pos type="JJ"/>
                    <lemma type="due"/>
                    <dep head="4-3" type="xcomp"/>
                </token>
                <token content="to" id="4-9"/>
                <token content="the" id="4-10">
                    <pos type="DT"/>
                    <lemma type="the"/>
                </token>
                <token content="multiple" id="4-11">
                    <pos type="JJ"/>
                    <lemma type="multiple"/>
                </token>
                <token content="layers" id="4-12">
                    <pos type="NNS"/>
                    <lemma type="layer"/>
                </token>
                <token content="," id="4-13"/>
                <token content="but" id="4-14"/>
                <token content="the" id="4-15">
                    <pos type="DT"/>
                    <lemma type="the"/>
                </token>
                <token content="taste" id="4-16">
                    <pos type="NN"/>
                    <lemma type="taste"/>
                    <dep head="4-17" type="nsubj"/>
                </token>
                <token content="ended" id="4-17">
                    <pos type="VBD"/>
                    <lemma type="end"/>
                    <dep head="4-3" type="conj"/>
                </token>
                <token content="up" id="4-18">
                    <pos type="RP"/>
                    <lemma type="up"/>
                    <dep head="4-17" type="prt"/>
                </token>
                <token content="being" id="4-19">
                    <pos type="VBG"/>
                    <lemma type="be"/>
                </token>
                <token content="excellent" id="4-20">
                    <pos type="JJ"/>
                    <lemma type="excellent"/>
                    <dep head="4-17" type="xcomp"/>
                </token>
                <token content="." id="4-21"/>
            </sentence>
            <sentence id="5">
                <token content="I" id="5-1">
                    <pos type="PRP"/>
                    <lemma type="I"/>
                    <dep head="5-2" type="nsubj"/>
                </token>
                <token content="thought" id="5-2">
                    <pos type="VBD"/>
                    <lemma type="think"/>
                </token>
                <token content="I" id="5-3">
                    <pos type="PRP"/>
                    <lemma type="I"/>
                    <dep head="5-5" type="nsubj"/>
                </token>
                <token content="would" id="5-4">
                    <pos type="MD"/>
                    <lemma type="would"/>
                    <dep head="5-5" type="aux"/>
                </token>
                <token content="try" id="5-5">
                    <pos type="VB"/>
                    <lemma type="try"/>
                    <dep head="5-2" type="ccomp"/>
                </token>
                <token content="my" id="5-6">
                    <pos type="PRP$"/>
                    <lemma type="my"/>
                </token>
                <token content="luck" id="5-7">
                    <pos type="NN"/>
                    <lemma type="luck"/>
                    <dep head="5-5" type="dobj"/>
                </token>
                <token content="next" id="5-8">
                    <pos type="JJ"/>
                    <lemma type="next"/>
                    <dep head="5-5" type="advmod"/>
                </token>
                <token content="with" id="5-9"/>
                <token content="a" id="5-10">
                    <pos type="DT"/>
                    <lemma type="a"/>
                </token>
                <token content="chocolate" id="5-11">
                    <pos type="NN"/>
                    <lemma type="chocolate"/>
                </token>
                <token content="ganash" id="5-12">
                    <pos type="NN"/>
                    <lemma type="ganash"/>
                </token>
                <token content="frosting" id="5-13">
                    <pos type="VBG"/>
                    <lemma type="frost"/>
                </token>
                <token content="on" id="5-14"/>
                <token content="top" id="5-15"/>
                <token content="of" id="5-16"/>
                <token content="a" id="5-17">
                    <pos type="DT"/>
                    <lemma type="a"/>
                </token>
                <token content="peanut" id="5-18">
                    <pos type="NN"/>
                    <lemma type="peanut"/>
                </token>
                <token content="butter" id="5-19">
                    <pos type="NN"/>
                    <lemma type="butter"/>
                </token>
                <token content="cake" id="5-20">
                    <pos type="NN"/>
                    <lemma type="cake"/>
                    <dep head="5-13" type="prep"/>
                </token>
                <token content="." id="5-21"/>
            </sentence>
            <sentence id="6">
                <token content="This" id="6-1">
                    <pos type="DT"/>
                    <lemma type="this"/>
                </token>
                <token content="cake" id="6-2">
                    <pos type="NN"/>
                    <lemma type="cake"/>
                    <dep head="6-3" type="nsubj"/>
                </token>
                <token content="came" id="6-3">
                    <pos type="VBD"/>
                    <lemma type="come"/>
                </token>
                <token content="out" id="6-4">
                    <pos type="RB"/>
                    <lemma type="out"/>
                </token>
                <token content="better" id="6-5">
                    <pos type="RBR"/>
                    <lemma type="better"/>
                </token>
                <token content="tasting" id="6-6">
                    <pos type="NN"/>
                    <lemma type="tasting"/>
                    <dep head="6-3" type="acomp"/>
                </token>
                <token content="in" id="6-7"/>
                <token content="my" id="6-8">
                    <pos type="PRP$"/>
                    <lemma type="my"/>
                </token>
                <token content="opinion" id="6-9">
                    <pos type="NN"/>
                    <lemma type="opinion"/>
                    <dep head="6-3" type="prep"/>
                </token>
                <token content="and" id="6-10"/>
                <token content="the" id="6-11">
                    <pos type="DT"/>
                    <lemma type="the"/>
                </token>
                <token content="in" id="6-12"/>
                <token content="the" id="6-13">
                    <pos type="DT"/>
                    <lemma type="the"/>
                </token>
                <token content="opinion" id="6-14">
                    <pos type="NN"/>
                    <lemma type="opinion"/>
                    <dep head="6-3" type="prep"/>
                </token>
                <token content="of" id="6-15"/>
                <token content="others" id="6-16">
                    <pos type="NNS"/>
                    <lemma type="other"/>
                </token>
                <token content="." id="6-17"/>
            </sentence>
            <sentence id="7">
                <token content="For" id="7-1"/>
                <token content="the" id="7-2">
                    <pos type="DT"/>
                    <lemma type="the"/>
                </token>
                <token content="peanut" id="7-3">
                    <pos type="NN"/>
                    <lemma type="peanut"/>
                </token>
                <token content="butter" id="7-4">
                    <pos type="NN"/>
                    <lemma type="butter"/>
                </token>
                <token content="portion" id="7-5">
                    <pos type="NN"/>
                    <lemma type="portion"/>
                    <dep head="7-10" type="prep"/>
                </token>
                <token content="of" id="7-6"/>
                <token content="it" id="7-7">
                    <pos type="PRP"/>
                    <lemma type="it"/>
                </token>
                <token content="," id="7-8"/>
                <token content="it" id="7-9">
                    <pos type="PRP"/>
                    <lemma type="it"/>
                    <dep head="7-10" type="nsubj"/>
                </token>
                <token content="had" id="7-10">
                    <pos type="VBD"/>
                    <lemma type="have"/>
                </token>
                <token content="peanut" id="7-11">
                    <pos type="NN"/>
                    <lemma type="peanut"/>
                </token>
                <token content="butter" id="7-12">
                    <pos type="NN"/>
                    <lemma type="butter"/>
                    <dep head="7-10" type="dobj"/>
                </token>
                <token content="mixed" id="7-13">
                    <pos type="JJ"/>
                    <lemma type="mixed"/>
                </token>
                <token content="with" id="7-14"/>
                <token content="actual" id="7-15">
                    <pos type="JJ"/>
                    <lemma type="actual"/>
                </token>
                <token content="butter" id="7-16">
                    <pos type="NN"/>
                    <lemma type="butter"/>
                </token>
                <token content="baked" id="7-17">
                    <pos type="NNS"/>
                    <lemma type="baked"/>
                </token>
                <token content="on" id="7-18"/>
                <token content="top" id="7-19"/>
                <token content="of" id="7-20"/>
                <token content="a" id="7-21">
                    <pos type="DT"/>
                    <lemma type="a"/>
                </token>
                <token content="graham" id="7-22">
                    <pos type="NN"/>
                    <lemma type="graham"/>
                </token>
                <token content="cracker" id="7-23">
                    <pos type="NN"/>
                    <lemma type="cracker"/>
                    <dep head="7-10" type="prep"/>
                </token>
                <token content="compressed" id="7-24">
                    <pos type="VBN"/>
                    <lemma type="compress"/>
                </token>
                <token content="crust" id="7-25">
                    <pos type="NN"/>
                    <lemma type="crust"/>
                    <dep head="7-24" type="ccomp"/>
                </token>
                <token content="." id="7-26"/>
            </sentence>
            <sentence id="8">
                <token content="The" id="8-1">
                    <pos type="DT"/>
                    <lemma type="the"/>
                </token>
                <token content="ganash" id="8-2">
                    <pos type="NN"/>
                    <lemma type="ganash"/>
                    <dep head="8-4" type="nsubjpass"/>
                </token>
                <token content="was" id="8-3">
                    <pos type="VBD"/>
                    <lemma type="be"/>
                    <dep head="8-4" type="auxpass"/>
                </token>
                <token content="made" id="8-4">
                    <pos type="VBN"/>
                    <lemma type="make"/>
                </token>
                <token content="from" id="8-5"/>
                <token content="melting" id="8-6">
                    <pos type="VBG"/>
                    <lemma type="melt"/>
                    <dep head="8-4" type="prepc"/>
                </token>
                <token content="chocolate" id="8-7">
                    <pos type="NN"/>
                    <lemma type="chocolate"/>
                    <dep head="8-6" type="dobj"/>
                </token>
                <token content="in" id="8-8"/>
                <token content="heavy" id="8-9">
                    <pos type="JJ"/>
                    <lemma type="heavy"/>
                </token>
                <token content="whipping" id="8-10">
                    <pos type="JJ"/>
                    <lemma type="whipping"/>
                </token>
                <token content="cream" id="8-11">
                    <pos type="NN"/>
                    <lemma type="cream"/>
                </token>
                <token content="briefly" id="8-12">
                    <pos type="RB"/>
                    <lemma type="briefly"/>
                    <dep head="8-6" type="advmod"/>
                </token>
                <token content="in" id="8-13"/>
                <token content="the" id="8-14">
                    <pos type="DT"/>
                    <lemma type="the"/>
                </token>
                <token content="microwave" id="8-15">
                    <pos type="NN"/>
                    <lemma type="microwave"/>
                    <dep head="8-6" type="prep"/>
                </token>
                <token content="and" id="8-16"/>
                <token content="spreading" id="8-17">
                    <pos type="VBG"/>
                    <lemma type="spread"/>
                    <dep head="8-6" type="conj"/>
                </token>
                <token content="over" id="8-18">
                    <pos type="RP"/>
                    <lemma type="over"/>
                    <dep head="8-17" type="prt"/>
                </token>
                <token content="." id="8-19"/>
            </sentence>
            <sentence id="9">
                <token content="Once" id="9-1">
                    <pos type="IN"/>
                    <lemma type="once"/>
                    <dep head="9-2" type="mark"/>
                </token>
                <token content="cooled" id="9-2">
                    <pos type="VBD"/>
                    <lemma type="cool"/>
                    <dep head="9-4" type="advcl"/>
                </token>
                <token content="it" id="9-3">
                    <pos type="PRP"/>
                    <lemma type="it"/>
                    <dep head="9-4" type="nsubj"/>
                </token>
                <token content="made" id="9-4">
                    <pos type="VBD"/>
                    <lemma type="make"/>
                </token>
                <token content="kind" id="9-5">
                    <pos type="NN"/>
                    <lemma type="kind"/>
                    <dep head="9-4" type="dobj"/>
                </token>
                <token content="of" id="9-6"/>
                <token content="a" id="9-7">
                    <pos type="DT"/>
                    <lemma type="a"/>
                </token>
                <token content="shell" id="9-8">
                    <pos type="NN"/>
                    <lemma type="shell"/>
                </token>
                <token content="on" id="9-9"/>
                <token content="top" id="9-10"/>
                <token content="of" id="9-11"/>
                <token content="the" id="9-12">
                    <pos type="DT"/>
                    <lemma type="the"/>
                </token>
                <token content="peanut" id="9-13">
                    <pos type="NN"/>
                    <lemma type="peanut"/>
                </token>
                <token content="butter" id="9-14">
                    <pos type="NN"/>
                    <lemma type="butter"/>
                    <dep head="9-4" type="prep"/>
                </token>
                <token content="." id="9-15"/>
            </sentence>
        </sentences>
    </text>
    <annotations>
        <participants>
            <label from="1-1" id="0" name="ScrPart_cook" text="I" type="participant"/>
            <label from="1-5" id="1" name="NPart" text="Austin Texas" to="1-6" type="participant"/>
            <label from="1-9" id="2" name="ScrPart_cook" text="I" type="participant"/>
            <label from="1-14" id="3" name="ScrPart_cook" text="my" type="participant"/>
            <label from="1-15" id="4" name="No_label" text="luck" type="participant"/>
            <label from="1-19" id="5" name="ScrPart_cake" text="cake" type="participant"/>
            <label from="2-1" id="6" name="ScrPart_cook" text="I" type="participant"/>
            <label from="3-3" id="7" name="ScrPart_cake" text="one" type="participant"/>
            <label from="3-5" id="8" name="ScrPart_cook" text="I" type="participant"/>
            <label from="3-11" id="9" name="ScrPart_cake" text="cake" type="participant"/>
            <label from="3-14" id="10" name="ScrPart_ingredients" text="frosting" type="participant"/>
            <label from="3-16" id="11" name="ScrPart_ingredients" text="coconut flakes" to="3-17" type="participant"/>
            <label from="3-17" id="12" name="ScrPart_ingredients" text="flakes" type="participant"/>
            <label from="4-2" id="13" name="ScrPart_cake" text="one" type="participant"/>
            <label from="4-5" id="14" name="Head_of_Partitive" text="lot" type="participant"/>
            <label from="4-7" id="15" name="NPart" text="effort" type="participant"/>
            <label from="4-12" id="16" name="ScrPart_other" text="layers" type="participant"/>
            <label from="4-16" id="17" name="ScrPart_other" text="taste" type="participant"/>
            <label from="5-1" id="18" name="ScrPart_cook" text="I" type="participant"/>
            <label from="5-3" id="19" name="ScrPart_cook" text="I" type="participant"/>
            <label from="5-6" id="20" name="ScrPart_cook" text="my" type="participant"/>
            <label from="5-7" id="21" name="No_label" text="luck" type="participant"/>
            <label from="5-11" id="22" name="ScrPart_ingredients" text="chocolate ganash frosting" to="5-13" type="participant"/>
            <label from="5-13" id="23" name="ScrPart_ingredients" text="frosting" type="participant"/>
            <label from="5-15" id="24" name="No_label" text="top" type="participant"/>
            <label from="5-18" id="25" name="ScrPart_cake" text="peanut butter cake" to="5-20" type="participant"/>
            <label from="5-20" id="26" name="ScrPart_cake" text="cake" type="participant"/>
            <label from="6-2" id="27" name="ScrPart_cake" text="cake" type="participant"/>
            <label from="6-8" id="28" name="ScrPart_cook" text="my" type="participant"/>
            <label from="6-9" id="29" name="NPart" text="opinion" type="participant"/>
            <label from="6-14" id="30" name="NPart" text="opinion" type="participant"/>
            <label from="6-16" id="31" name="ScrPart_beneficiary" text="others" type="participant"/>
            <label from="7-3" id="32" name="ScrPart_ingredients" text="peanut butter" to="7-4" type="participant"/>
            <label from="7-4" id="33" name="ScrPart_ingredients" text="butter" type="participant"/>
            <label from="7-5" id="34" name="NPart" text="portion" type="participant"/>
            <label from="7-7" id="35" name="ScrPart_cake" text="it" type="participant"/>
            <label from="7-9" id="36" name="ScrPart_cake" text="it" type="participant"/>
            <label from="7-11" id="37" name="ScrPart_ingredients" text="peanut butter" to="7-12" type="participant"/>
            <label from="7-12" id="38" name="ScrPart_ingredients" text="butter" type="participant"/>
            <label from="7-16" id="39" name="ScrPart_ingredients" text="butter" type="participant"/>
            <label from="7-19" id="40" name="No_label" text="top" type="participant"/>
            <label from="7-22" id="41" name="ScrPart_ingredients" text="graham cracker" to="7-23" type="participant"/>
            <label from="7-23" id="42" name="ScrPart_ingredients" text="cracker" type="participant"/>
            <label from="7-25" id="43" name="ScrPart_ingredients" text="crust" type="participant"/>
            <label from="8-2" id="44" name="ScrPart_ingredients" text="ganash" type="participant"/>
            <label from="8-7" id="45" name="ScrPart_ingredients" text="chocolate" type="participant"/>
            <label from="8-10" id="46" name="ScrPart_ingredients" text="whipping cream" to="8-11" type="participant"/>
            <label from="8-11" id="47" name="ScrPart_ingredients" text="cream" type="participant"/>
            <label from="8-15" id="48" name="ScrPart_utensil" text="microwave" type="participant"/>
            <label from="9-3" id="49" name="ScrPart_ingredients" text="it" type="participant"/>
            <label from="9-5" id="50" name="No_label" text="kind" type="participant"/>
            <label from="9-8" id="51" name="NPart" text="shell" type="participant"/>
            <label from="9-10" id="52" name="No_label" text="top" type="participant"/>
            <label from="9-13" id="53" name="ScrPart_ingredients" text="peanut butter" to="9-14" type="participant"/>
            <label from="9-14" id="54" name="ScrPart_ingredients" text="butter" type="participant"/>
        </participants>
        <events>
            <label from="1-3" id="55" name="UnrelEv" text="living" type="event"/>
            <label from="1-8" id="56" name="UnrelEv" text="decided" type="event"/>
            <label from="1-13" id="57" name="UnrelEv" text="try" type="event"/>
            <label from="1-17" id="58" name="Evoking" text="making a cake" to="1-19" type="event"/>
            <label from="2-2" id="59" name="ScrEv_choose_recipe" text="researched" type="event"/>
            <label from="3-6" id="60" name="Evoking" text="made" type="event"/>
            <label from="4-3" id="61" name="UnrelEv" text="took" type="event"/>
            <label from="4-17" id="62" name="UnrelEv" text="ended up" to="4-18" type="event"/>
            <label from="5-2" id="63" name="UnrelEv" text="thought" type="event"/>
            <label from="5-5" id="64" name="UnrelEv" text="try" type="event"/>
            <label from="6-3" id="65" name="ScrEv_other" text="came out" to="6-4" type="event"/>
            <label from="6-6" id="66" name="ScrEv_eat" text="tasting" type="event"/>
            <label from="7-10" id="67" name="UnrelEv" text="had" type="event"/>
            <label from="7-13" id="68" name="ScrEv_prepare_ingredients" text="mixed" type="event"/>
            <label from="7-17" id="69" name="ScrEv_other" text="baked" type="event"/>
            <label from="7-24" id="70" name="UnrelEv" text="compressed" type="event"/>
            <label from="8-4" id="71" name="UnrelEv" text="made" type="event"/>
            <label from="8-6" id="72" name="ScrEv_prepare_ingredients" text="melting" type="event"/>
            <label from="8-17" id="73" name="ScrEv_decorate" text="spreading" type="event"/>
            <label from="9-2" id="74" name="ScrEv_cool_down" text="cooled" type="event"/>
            <label from="9-4" id="75" name="UnrelEv" text="made" type="event"/>
        </events>
        <chains>
            <chain elements="0 2 6 8 18 19 28 3 20"/>
            <chain elements="5 7 9 13"/>
            <chain elements="26 27 35 36"/>
            <chain elements="33 38 54"/>
            <chain elements="23 44 49"/>
        </chains>
    </annotations>
</story>
