<?xml version="1.0" encoding="UTF-8" standalone="no"?>
<!DOCTYPE story SYSTEM "../InScript.dtd">
<story id="028" scenario="cake">
    <text>
        <content>I had to bake a cake for a birthday party . 
I took out the ingredients and put them on the counter : flour , sugar , eggs , vanilla , salt , baking soda , and milk . 
I then turned on the oven , setting it at 375 degrees . 
While it was preheating , I got to work . 
I mixed the wet ingredients together in a big bowl , and then slowly started adding the dry ingredients . 
I used a blender to stir the ingredients together . 
When they were all mixed together , the batter was ready . 
It was the consistence of thick maple syrup . 
I sprayed spray oil on the inside of a pan and then poured the cake batter into the pan . 
It was ready to go . 
When the oven beeped to let me know that it was finished preheating , I put the pan into the oven . 
I put on a timer for 12 minutes . 
When the timer went off , I opened the oven door and took the pan out . 
I inserted a toothpick into the center of the cake and took it out to see if the cake was done : the toothpick came out without any batter attached to it , so the cake was good to go . 
I turned off the oven and left the cake in the pan on the counter to cool . 
After a while I moved the cake to a cooling rack . 
When it was completely cool I covered it with chocolate frosting and wrote '' `` Happy Birthday ! '' '' 
on the top with a tube of blue icing . 
The cake looked great ! </content>
        <sentences>
            <sentence id="1">
                <token content="I" id="1-1">
                    <pos type="PRP"/>
                    <lemma type="I"/>
                    <dep head="1-2" type="nsubj"/>
                </token>
                <token content="had" id="1-2">
                    <pos type="VBD"/>
                    <lemma type="have"/>
                </token>
                <token content="to" id="1-3">
                    <pos type="TO"/>
                    <lemma type="to"/>
                    <dep head="1-4" type="aux"/>
                </token>
                <token content="bake" id="1-4">
                    <pos type="VB"/>
                    <lemma type="bake"/>
                    <dep head="1-2" type="xcomp"/>
                </token>
                <token content="a" id="1-5">
                    <pos type="DT"/>
                    <lemma type="a"/>
                </token>
                <token content="cake" id="1-6">
                    <pos type="NN"/>
                    <lemma type="cake"/>
                    <dep head="1-4" type="dobj"/>
                </token>
                <token content="for" id="1-7"/>
                <token content="a" id="1-8">
                    <pos type="DT"/>
                    <lemma type="a"/>
                </token>
                <token content="birthday" id="1-9">
                    <pos type="NN"/>
                    <lemma type="birthday"/>
                </token>
                <token content="party" id="1-10">
                    <pos type="NN"/>
                    <lemma type="party"/>
                </token>
                <token content="." id="1-11"/>
            </sentence>
            <sentence id="2">
                <token content="I" id="2-1">
                    <pos type="PRP"/>
                    <lemma type="I"/>
                    <dep head="2-2" type="nsubj"/>
                </token>
                <token content="took" id="2-2">
                    <pos type="VBD"/>
                    <lemma type="take"/>
                </token>
                <token content="out" id="2-3">
                    <pos type="RP"/>
                    <lemma type="out"/>
                    <dep head="2-2" type="prt"/>
                </token>
                <token content="the" id="2-4">
                    <pos type="DT"/>
                    <lemma type="the"/>
                </token>
                <token content="ingredients" id="2-5">
                    <pos type="NNS"/>
                    <lemma type="ingredient"/>
                    <dep head="2-2" type="dobj"/>
                </token>
                <token content="and" id="2-6"/>
                <token content="put" id="2-7">
                    <pos type="VBD"/>
                    <lemma type="put"/>
                    <dep head="2-2" type="conj"/>
                </token>
                <token content="them" id="2-8">
                    <pos type="PRP"/>
                    <lemma type="they"/>
                    <dep head="2-7" type="dobj"/>
                </token>
                <token content="on" id="2-9"/>
                <token content="the" id="2-10">
                    <pos type="DT"/>
                    <lemma type="the"/>
                </token>
                <token content="counter" id="2-11">
                    <pos type="NN"/>
                    <lemma type="counter"/>
                    <dep head="2-7" type="prep"/>
                </token>
                <token content=":" id="2-12"/>
                <token content="flour" id="2-13">
                    <pos type="NN"/>
                    <lemma type="flour"/>
                </token>
                <token content="," id="2-14"/>
                <token content="sugar" id="2-15">
                    <pos type="NN"/>
                    <lemma type="sugar"/>
                </token>
                <token content="," id="2-16"/>
                <token content="eggs" id="2-17">
                    <pos type="NNS"/>
                    <lemma type="egg"/>
                </token>
                <token content="," id="2-18"/>
                <token content="vanilla" id="2-19">
                    <pos type="NN"/>
                    <lemma type="vanilla"/>
                </token>
                <token content="," id="2-20"/>
                <token content="salt" id="2-21">
                    <pos type="NN"/>
                    <lemma type="salt"/>
                </token>
                <token content="," id="2-22"/>
                <token content="baking" id="2-23">
                    <pos type="JJ"/>
                    <lemma type="baking"/>
                </token>
                <token content="soda" id="2-24">
                    <pos type="NN"/>
                    <lemma type="soda"/>
                </token>
                <token content="," id="2-25"/>
                <token content="and" id="2-26"/>
                <token content="milk" id="2-27">
                    <pos type="NN"/>
                    <lemma type="milk"/>
                </token>
                <token content="." id="2-28"/>
            </sentence>
            <sentence id="3">
                <token content="I" id="3-1">
                    <pos type="PRP"/>
                    <lemma type="I"/>
                    <dep head="3-3" type="nsubj"/>
                </token>
                <token content="then" id="3-2">
                    <pos type="RB"/>
                    <lemma type="then"/>
                    <dep head="3-3" type="advmod"/>
                </token>
                <token content="turned" id="3-3">
                    <pos type="VBD"/>
                    <lemma type="turn"/>
                </token>
                <token content="on" id="3-4"/>
                <token content="the" id="3-5">
                    <pos type="DT"/>
                    <lemma type="the"/>
                </token>
                <token content="oven" id="3-6">
                    <pos type="NN"/>
                    <lemma type="oven"/>
                    <dep head="3-3" type="prep"/>
                </token>
                <token content="," id="3-7"/>
                <token content="setting" id="3-8">
                    <pos type="VBG"/>
                    <lemma type="set"/>
                    <dep head="3-3" type="xcomp"/>
                </token>
                <token content="it" id="3-9">
                    <pos type="PRP"/>
                    <lemma type="it"/>
                    <dep head="3-8" type="dobj"/>
                </token>
                <token content="at" id="3-10"/>
                <token content="375" id="3-11">
                    <pos type="CD"/>
                    <lemma type="375"/>
                </token>
                <token content="degrees" id="3-12">
                    <pos type="NNS"/>
                    <lemma type="degree"/>
                    <dep head="3-8" type="prep"/>
                </token>
                <token content="." id="3-13"/>
            </sentence>
            <sentence id="4">
                <token content="While" id="4-1">
                    <pos type="IN"/>
                    <lemma type="while"/>
                    <dep head="4-4" type="mark"/>
                </token>
                <token content="it" id="4-2">
                    <pos type="PRP"/>
                    <lemma type="it"/>
                    <dep head="4-4" type="nsubj"/>
                </token>
                <token content="was" id="4-3">
                    <pos type="VBD"/>
                    <lemma type="be"/>
                    <dep head="4-4" type="aux"/>
                </token>
                <token content="preheating" id="4-4">
                    <pos type="VBG"/>
                    <lemma type="preheat"/>
                    <dep head="4-7" type="advcl"/>
                </token>
                <token content="," id="4-5"/>
                <token content="I" id="4-6">
                    <pos type="PRP"/>
                    <lemma type="I"/>
                    <dep head="4-7" type="nsubj"/>
                </token>
                <token content="got" id="4-7">
                    <pos type="VBD"/>
                    <lemma type="get"/>
                </token>
                <token content="to" id="4-8">
                    <pos type="TO"/>
                    <lemma type="to"/>
                    <dep head="4-9" type="aux"/>
                </token>
                <token content="work" id="4-9">
                    <pos type="VB"/>
                    <lemma type="work"/>
                    <dep head="4-7" type="xcomp"/>
                </token>
                <token content="." id="4-10"/>
            </sentence>
            <sentence id="5">
                <token content="I" id="5-1">
                    <pos type="PRP"/>
                    <lemma type="I"/>
                    <dep head="5-2" type="nsubj"/>
                </token>
                <token content="mixed" id="5-2">
                    <pos type="VBN"/>
                    <lemma type="mix"/>
                </token>
                <token content="the" id="5-3">
                    <pos type="DT"/>
                    <lemma type="the"/>
                </token>
                <token content="wet" id="5-4">
                    <pos type="JJ"/>
                    <lemma type="wet"/>
                </token>
                <token content="ingredients" id="5-5">
                    <pos type="NNS"/>
                    <lemma type="ingredient"/>
                </token>
                <token content="together" id="5-6">
                    <pos type="RB"/>
                    <lemma type="together"/>
                    <dep head="5-2" type="advmod"/>
                </token>
                <token content="in" id="5-7"/>
                <token content="a" id="5-8">
                    <pos type="DT"/>
                    <lemma type="a"/>
                </token>
                <token content="big" id="5-9">
                    <pos type="JJ"/>
                    <lemma type="big"/>
                </token>
                <token content="bowl" id="5-10">
                    <pos type="NN"/>
                    <lemma type="bowl"/>
                    <dep head="5-2" type="prep"/>
                </token>
                <token content="," id="5-11"/>
                <token content="and" id="5-12"/>
                <token content="then" id="5-13">
                    <pos type="RB"/>
                    <lemma type="then"/>
                    <dep head="5-15" type="nsubj"/>
                </token>
                <token content="slowly" id="5-14">
                    <pos type="RB"/>
                    <lemma type="slowly"/>
                    <dep head="5-15" type="advmod"/>
                </token>
                <token content="started" id="5-15">
                    <pos type="VBD"/>
                    <lemma type="start"/>
                    <dep head="5-2" type="conj"/>
                </token>
                <token content="adding" id="5-16">
                    <pos type="VBG"/>
                    <lemma type="add"/>
                    <dep head="5-15" type="xcomp"/>
                </token>
                <token content="the" id="5-17">
                    <pos type="DT"/>
                    <lemma type="the"/>
                </token>
                <token content="dry" id="5-18">
                    <pos type="JJ"/>
                    <lemma type="dry"/>
                </token>
                <token content="ingredients" id="5-19">
                    <pos type="NNS"/>
                    <lemma type="ingredient"/>
                    <dep head="5-16" type="dobj"/>
                </token>
                <token content="." id="5-20"/>
            </sentence>
            <sentence id="6">
                <token content="I" id="6-1">
                    <pos type="PRP"/>
                    <lemma type="I"/>
                    <dep head="6-2" type="nsubj"/>
                </token>
                <token content="used" id="6-2">
                    <pos type="VBD"/>
                    <lemma type="use"/>
                </token>
                <token content="a" id="6-3">
                    <pos type="DT"/>
                    <lemma type="a"/>
                </token>
                <token content="blender" id="6-4">
                    <pos type="NN"/>
                    <lemma type="blender"/>
                    <dep head="6-2" type="dobj"/>
                </token>
                <token content="to" id="6-5">
                    <pos type="TO"/>
                    <lemma type="to"/>
                    <dep head="6-6" type="aux"/>
                </token>
                <token content="stir" id="6-6">
                    <pos type="VB"/>
                    <lemma type="stir"/>
                </token>
                <token content="the" id="6-7">
                    <pos type="DT"/>
                    <lemma type="the"/>
                </token>
                <token content="ingredients" id="6-8">
                    <pos type="NNS"/>
                    <lemma type="ingredient"/>
                    <dep head="6-6" type="dobj"/>
                </token>
                <token content="together" id="6-9">
                    <pos type="RB"/>
                    <lemma type="together"/>
                    <dep head="6-6" type="advmod"/>
                </token>
                <token content="." id="6-10"/>
            </sentence>
            <sentence id="7">
                <token content="When" id="7-1">
                    <pos type="WRB"/>
                    <lemma type="when"/>
                    <dep head="7-5" type="advmod"/>
                </token>
                <token content="they" id="7-2">
                    <pos type="PRP"/>
                    <lemma type="they"/>
                    <dep head="7-5" type="nsubjpass"/>
                </token>
                <token content="were" id="7-3">
                    <pos type="VBD"/>
                    <lemma type="be"/>
                    <dep head="7-5" type="auxpass"/>
                </token>
                <token content="all" id="7-4">
                    <pos type="RB"/>
                    <lemma type="all"/>
                    <dep head="7-5" type="advmod"/>
                </token>
                <token content="mixed" id="7-5">
                    <pos type="VBN"/>
                    <lemma type="mix"/>
                </token>
                <token content="together" id="7-6">
                    <pos type="RP"/>
                    <lemma type="together"/>
                    <dep head="7-5" type="dep"/>
                </token>
                <token content="," id="7-7"/>
                <token content="the" id="7-8">
                    <pos type="DT"/>
                    <lemma type="the"/>
                </token>
                <token content="batter" id="7-9">
                    <pos type="NN"/>
                    <lemma type="batter"/>
                </token>
                <token content="was" id="7-10">
                    <pos type="VBD"/>
                    <lemma type="be"/>
                </token>
                <token content="ready" id="7-11">
                    <pos type="JJ"/>
                    <lemma type="ready"/>
                </token>
                <token content="." id="7-12"/>
            </sentence>
            <sentence id="8">
                <token content="It" id="8-1">
                    <pos type="PRP"/>
                    <lemma type="it"/>
                </token>
                <token content="was" id="8-2">
                    <pos type="VBD"/>
                    <lemma type="be"/>
                </token>
                <token content="the" id="8-3">
                    <pos type="DT"/>
                    <lemma type="the"/>
                </token>
                <token content="consistence" id="8-4">
                    <pos type="NN"/>
                    <lemma type="consistence"/>
                </token>
                <token content="of" id="8-5"/>
                <token content="thick" id="8-6">
                    <pos type="JJ"/>
                    <lemma type="thick"/>
                </token>
                <token content="maple" id="8-7">
                    <pos type="NN"/>
                    <lemma type="maple"/>
                </token>
                <token content="syrup" id="8-8">
                    <pos type="NN"/>
                    <lemma type="syrup"/>
                </token>
                <token content="." id="8-9"/>
            </sentence>
            <sentence id="9">
                <token content="I" id="9-1">
                    <pos type="PRP"/>
                    <lemma type="I"/>
                    <dep head="9-2" type="nsubj"/>
                </token>
                <token content="sprayed" id="9-2">
                    <pos type="VBD"/>
                    <lemma type="spray"/>
                </token>
                <token content="spray" id="9-3">
                    <pos type="NN"/>
                    <lemma type="spray"/>
                </token>
                <token content="oil" id="9-4">
                    <pos type="NN"/>
                    <lemma type="oil"/>
                    <dep head="9-2" type="dobj"/>
                </token>
                <token content="on" id="9-5"/>
                <token content="the" id="9-6">
                    <pos type="DT"/>
                    <lemma type="the"/>
                </token>
                <token content="inside" id="9-7">
                    <pos type="NN"/>
                    <lemma type="inside"/>
                    <dep head="9-2" type="prep"/>
                </token>
                <token content="of" id="9-8"/>
                <token content="a" id="9-9">
                    <pos type="DT"/>
                    <lemma type="a"/>
                </token>
                <token content="pan" id="9-10">
                    <pos type="NN"/>
                    <lemma type="pan"/>
                </token>
                <token content="and" id="9-11"/>
                <token content="then" id="9-12">
                    <pos type="RB"/>
                    <lemma type="then"/>
                    <dep head="9-13" type="advmod"/>
                </token>
                <token content="poured" id="9-13">
                    <pos type="VBD"/>
                    <lemma type="pour"/>
                    <dep head="9-2" type="conj"/>
                </token>
                <token content="the" id="9-14">
                    <pos type="DT"/>
                    <lemma type="the"/>
                </token>
                <token content="cake" id="9-15">
                    <pos type="NN"/>
                    <lemma type="cake"/>
                </token>
                <token content="batter" id="9-16">
                    <pos type="NN"/>
                    <lemma type="batter"/>
                    <dep head="9-13" type="dobj"/>
                </token>
                <token content="into" id="9-17"/>
                <token content="the" id="9-18">
                    <pos type="DT"/>
                    <lemma type="the"/>
                </token>
                <token content="pan" id="9-19">
                    <pos type="NN"/>
                    <lemma type="pan"/>
                    <dep head="9-13" type="prep"/>
                </token>
                <token content="." id="9-20"/>
            </sentence>
            <sentence id="10">
                <token content="It" id="10-1">
                    <pos type="PRP"/>
                    <lemma type="it"/>
                </token>
                <token content="was" id="10-2">
                    <pos type="VBD"/>
                    <lemma type="be"/>
                </token>
                <token content="ready" id="10-3">
                    <pos type="JJ"/>
                    <lemma type="ready"/>
                </token>
                <token content="to" id="10-4">
                    <pos type="TO"/>
                    <lemma type="to"/>
                    <dep head="10-5" type="aux"/>
                </token>
                <token content="go" id="10-5">
                    <pos type="VB"/>
                    <lemma type="go"/>
                </token>
                <token content="." id="10-6"/>
            </sentence>
            <sentence id="11">
                <token content="When" id="11-1">
                    <pos type="WRB"/>
                    <lemma type="when"/>
                    <dep head="11-4" type="advmod"/>
                </token>
                <token content="the" id="11-2">
                    <pos type="DT"/>
                    <lemma type="the"/>
                </token>
                <token content="oven" id="11-3">
                    <pos type="NN"/>
                    <lemma type="oven"/>
                    <dep head="11-4" type="nsubj"/>
                </token>
                <token content="beeped" id="11-4">
                    <pos type="VBD"/>
                    <lemma type="beep"/>
                    <dep head="11-16" type="advcl"/>
                </token>
                <token content="to" id="11-5">
                    <pos type="TO"/>
                    <lemma type="to"/>
                    <dep head="11-6" type="aux"/>
                </token>
                <token content="let" id="11-6">
                    <pos type="VB"/>
                    <lemma type="let"/>
                    <dep head="11-4" type="xcomp"/>
                </token>
                <token content="me" id="11-7">
                    <pos type="PRP"/>
                    <lemma type="I"/>
                    <dep head="11-8" type="nsubj"/>
                </token>
                <token content="know" id="11-8">
                    <pos type="VB"/>
                    <lemma type="know"/>
                    <dep head="11-6" type="ccomp"/>
                </token>
                <token content="that" id="11-9">
                    <pos type="IN"/>
                    <lemma type="that"/>
                    <dep head="11-12" type="mark"/>
                </token>
                <token content="it" id="11-10">
                    <pos type="PRP"/>
                    <lemma type="it"/>
                    <dep head="11-12" type="nsubjpass"/>
                </token>
                <token content="was" id="11-11">
                    <pos type="VBD"/>
                    <lemma type="be"/>
                    <dep head="11-12" type="auxpass"/>
                </token>
                <token content="finished" id="11-12">
                    <pos type="VBN"/>
                    <lemma type="finish"/>
                    <dep head="11-8" type="ccomp"/>
                </token>
                <token content="preheating" id="11-13">
                    <pos type="VBG"/>
                    <lemma type="preheat"/>
                    <dep head="11-12" type="xcomp"/>
                </token>
                <token content="," id="11-14"/>
                <token content="I" id="11-15">
                    <pos type="PRP"/>
                    <lemma type="I"/>
                    <dep head="11-16" type="nsubj"/>
                </token>
                <token content="put" id="11-16">
                    <pos type="VBD"/>
                    <lemma type="put"/>
                </token>
                <token content="the" id="11-17">
                    <pos type="DT"/>
                    <lemma type="the"/>
                </token>
                <token content="pan" id="11-18">
                    <pos type="NN"/>
                    <lemma type="pan"/>
                    <dep head="11-16" type="dobj"/>
                </token>
                <token content="into" id="11-19"/>
                <token content="the" id="11-20">
                    <pos type="DT"/>
                    <lemma type="the"/>
                </token>
                <token content="oven" id="11-21">
                    <pos type="NN"/>
                    <lemma type="oven"/>
                    <dep head="11-16" type="prep"/>
                </token>
                <token content="." id="11-22"/>
            </sentence>
            <sentence id="12">
                <token content="I" id="12-1">
                    <pos type="PRP"/>
                    <lemma type="I"/>
                    <dep head="12-2" type="nsubj"/>
                </token>
                <token content="put" id="12-2">
                    <pos type="VBD"/>
                    <lemma type="put"/>
                </token>
                <token content="on" id="12-3"/>
                <token content="a" id="12-4">
                    <pos type="DT"/>
                    <lemma type="a"/>
                </token>
                <token content="timer" id="12-5">
                    <pos type="NN"/>
                    <lemma type="timer"/>
                    <dep head="12-2" type="prep"/>
                </token>
                <token content="for" id="12-6"/>
                <token content="12" id="12-7">
                    <pos type="CD"/>
                    <lemma type="12"/>
                </token>
                <token content="minutes" id="12-8">
                    <pos type="NNS"/>
                    <lemma type="minute"/>
                    <dep head="12-2" type="prep"/>
                </token>
                <token content="." id="12-9"/>
            </sentence>
            <sentence id="13">
                <token content="When" id="13-1">
                    <pos type="WRB"/>
                    <lemma type="when"/>
                    <dep head="13-4" type="advmod"/>
                </token>
                <token content="the" id="13-2">
                    <pos type="DT"/>
                    <lemma type="the"/>
                </token>
                <token content="timer" id="13-3">
                    <pos type="NN"/>
                    <lemma type="timer"/>
                    <dep head="13-4" type="nsubj"/>
                </token>
                <token content="went" id="13-4">
                    <pos type="VBD"/>
                    <lemma type="go"/>
                    <dep head="13-8" type="advcl"/>
                </token>
                <token content="off" id="13-5">
                    <pos type="RP"/>
                    <lemma type="off"/>
                    <dep head="13-4" type="prt"/>
                </token>
                <token content="," id="13-6"/>
                <token content="I" id="13-7">
                    <pos type="PRP"/>
                    <lemma type="I"/>
                    <dep head="13-8" type="nsubj"/>
                </token>
                <token content="opened" id="13-8">
                    <pos type="VBD"/>
                    <lemma type="open"/>
                </token>
                <token content="the" id="13-9">
                    <pos type="DT"/>
                    <lemma type="the"/>
                </token>
                <token content="oven" id="13-10">
                    <pos type="NN"/>
                    <lemma type="oven"/>
                </token>
                <token content="door" id="13-11">
                    <pos type="NN"/>
                    <lemma type="door"/>
                    <dep head="13-8" type="dobj"/>
                </token>
                <token content="and" id="13-12"/>
                <token content="took" id="13-13">
                    <pos type="VBD"/>
                    <lemma type="take"/>
                    <dep head="13-8" type="conj"/>
                </token>
                <token content="the" id="13-14">
                    <pos type="DT"/>
                    <lemma type="the"/>
                </token>
                <token content="pan" id="13-15">
                    <pos type="NN"/>
                    <lemma type="pan"/>
                    <dep head="13-13" type="dobj"/>
                </token>
                <token content="out" id="13-16">
                    <pos type="RP"/>
                    <lemma type="out"/>
                    <dep head="13-13" type="prt"/>
                </token>
                <token content="." id="13-17"/>
            </sentence>
            <sentence id="14">
                <token content="I" id="14-1">
                    <pos type="PRP"/>
                    <lemma type="I"/>
                    <dep head="14-2" type="nsubj"/>
                </token>
                <token content="inserted" id="14-2">
                    <pos type="VBD"/>
                    <lemma type="insert"/>
                </token>
                <token content="a" id="14-3">
                    <pos type="DT"/>
                    <lemma type="a"/>
                </token>
                <token content="toothpick" id="14-4">
                    <pos type="NN"/>
                    <lemma type="toothpick"/>
                    <dep head="14-2" type="dobj"/>
                </token>
                <token content="into" id="14-5"/>
                <token content="the" id="14-6">
                    <pos type="DT"/>
                    <lemma type="the"/>
                </token>
                <token content="center" id="14-7">
                    <pos type="NN"/>
                    <lemma type="center"/>
                    <dep head="14-2" type="prep"/>
                </token>
                <token content="of" id="14-8"/>
                <token content="the" id="14-9">
                    <pos type="DT"/>
                    <lemma type="the"/>
                </token>
                <token content="cake" id="14-10">
                    <pos type="NN"/>
                    <lemma type="cake"/>
                </token>
                <token content="and" id="14-11"/>
                <token content="took" id="14-12">
                    <pos type="VBD"/>
                    <lemma type="take"/>
                    <dep head="14-2" type="conj"/>
                </token>
                <token content="it" id="14-13">
                    <pos type="PRP"/>
                    <lemma type="it"/>
                    <dep head="14-12" type="dobj"/>
                </token>
                <token content="out" id="14-14">
                    <pos type="RB"/>
                    <lemma type="out"/>
                    <dep head="14-12" type="advmod"/>
                </token>
                <token content="to" id="14-15">
                    <pos type="TO"/>
                    <lemma type="to"/>
                    <dep head="14-16" type="aux"/>
                </token>
                <token content="see" id="14-16">
                    <pos type="VB"/>
                    <lemma type="see"/>
                    <dep head="14-12" type="vmod"/>
                </token>
                <token content="if" id="14-17">
                    <pos type="IN"/>
                    <lemma type="if"/>
                    <dep head="14-21" type="mark"/>
                </token>
                <token content="the" id="14-18">
                    <pos type="DT"/>
                    <lemma type="the"/>
                </token>
                <token content="cake" id="14-19">
                    <pos type="NN"/>
                    <lemma type="cake"/>
                    <dep head="14-21" type="nsubjpass"/>
                </token>
                <token content="was" id="14-20">
                    <pos type="VBD"/>
                    <lemma type="be"/>
                    <dep head="14-21" type="auxpass"/>
                </token>
                <token content="done" id="14-21">
                    <pos type="VBN"/>
                    <lemma type="do"/>
                    <dep head="14-16" type="advcl"/>
                </token>
                <token content=":" id="14-22"/>
                <token content="the" id="14-23">
                    <pos type="DT"/>
                    <lemma type="the"/>
                </token>
                <token content="toothpick" id="14-24">
                    <pos type="NN"/>
                    <lemma type="toothpick"/>
                    <dep head="14-25" type="nsubj"/>
                </token>
                <token content="came" id="14-25">
                    <pos type="VBD"/>
                    <lemma type="come"/>
                    <dep head="14-2" type="parataxis"/>
                </token>
                <token content="out" id="14-26">
                    <pos type="RP"/>
                    <lemma type="out"/>
                    <dep head="14-25" type="prt"/>
                </token>
                <token content="without" id="14-27"/>
                <token content="any" id="14-28">
                    <pos type="DT"/>
                    <lemma type="any"/>
                </token>
                <token content="batter" id="14-29">
                    <pos type="NN"/>
                    <lemma type="batter"/>
                    <dep head="14-25" type="prep"/>
                </token>
                <token content="attached" id="14-30">
                    <pos type="VBN"/>
                    <lemma type="attach"/>
                </token>
                <token content="to" id="14-31"/>
                <token content="it" id="14-32">
                    <pos type="PRP"/>
                    <lemma type="it"/>
                    <dep head="14-30" type="prep"/>
                </token>
                <token content="," id="14-33"/>
                <token content="so" id="14-34">
                    <pos type="IN"/>
                    <lemma type="so"/>
                    <dep head="14-25" type="dep"/>
                </token>
                <token content="the" id="14-35">
                    <pos type="DT"/>
                    <lemma type="the"/>
                </token>
                <token content="cake" id="14-36">
                    <pos type="NN"/>
                    <lemma type="cake"/>
                </token>
                <token content="was" id="14-37">
                    <pos type="VBD"/>
                    <lemma type="be"/>
                </token>
                <token content="good" id="14-38">
                    <pos type="JJ"/>
                    <lemma type="good"/>
                    <dep head="14-25" type="parataxis"/>
                </token>
                <token content="to" id="14-39">
                    <pos type="TO"/>
                    <lemma type="to"/>
                    <dep head="14-40" type="aux"/>
                </token>
                <token content="go" id="14-40">
                    <pos type="VB"/>
                    <lemma type="go"/>
                </token>
                <token content="." id="14-41"/>
            </sentence>
            <sentence id="15">
                <token content="I" id="15-1">
                    <pos type="PRP"/>
                    <lemma type="I"/>
                    <dep head="15-2" type="nsubj"/>
                </token>
                <token content="turned" id="15-2">
                    <pos type="VBD"/>
                    <lemma type="turn"/>
                </token>
                <token content="off" id="15-3">
                    <pos type="RP"/>
                    <lemma type="off"/>
                    <dep head="15-2" type="prt"/>
                </token>
                <token content="the" id="15-4">
                    <pos type="DT"/>
                    <lemma type="the"/>
                </token>
                <token content="oven" id="15-5">
                    <pos type="NN"/>
                    <lemma type="oven"/>
                    <dep head="15-2" type="dobj"/>
                </token>
                <token content="and" id="15-6"/>
                <token content="left" id="15-7">
                    <pos type="VBD"/>
                    <lemma type="leave"/>
                    <dep head="15-2" type="conj"/>
                </token>
                <token content="the" id="15-8">
                    <pos type="DT"/>
                    <lemma type="the"/>
                </token>
                <token content="cake" id="15-9">
                    <pos type="NN"/>
                    <lemma type="cake"/>
                    <dep head="15-7" type="dobj"/>
                </token>
                <token content="in" id="15-10"/>
                <token content="the" id="15-11">
                    <pos type="DT"/>
                    <lemma type="the"/>
                </token>
                <token content="pan" id="15-12">
                    <pos type="NN"/>
                    <lemma type="pan"/>
                    <dep head="15-7" type="prep"/>
                </token>
                <token content="on" id="15-13"/>
                <token content="the" id="15-14">
                    <pos type="DT"/>
                    <lemma type="the"/>
                </token>
                <token content="counter" id="15-15">
                    <pos type="NN"/>
                    <lemma type="counter"/>
                </token>
                <token content="to" id="15-16">
                    <pos type="TO"/>
                    <lemma type="to"/>
                    <dep head="15-17" type="aux"/>
                </token>
                <token content="cool" id="15-17">
                    <pos type="VB"/>
                    <lemma type="cool"/>
                    <dep head="15-7" type="vmod"/>
                </token>
                <token content="." id="15-18"/>
            </sentence>
            <sentence id="16">
                <token content="After" id="16-1"/>
                <token content="a" id="16-2">
                    <pos type="DT"/>
                    <lemma type="a"/>
                </token>
                <token content="while" id="16-3">
                    <pos type="NN"/>
                    <lemma type="while"/>
                    <dep head="16-5" type="prep"/>
                </token>
                <token content="I" id="16-4">
                    <pos type="PRP"/>
                    <lemma type="I"/>
                    <dep head="16-5" type="nsubj"/>
                </token>
                <token content="moved" id="16-5">
                    <pos type="VBD"/>
                    <lemma type="move"/>
                </token>
                <token content="the" id="16-6">
                    <pos type="DT"/>
                    <lemma type="the"/>
                </token>
                <token content="cake" id="16-7">
                    <pos type="NN"/>
                    <lemma type="cake"/>
                    <dep head="16-5" type="dobj"/>
                </token>
                <token content="to" id="16-8"/>
                <token content="a" id="16-9">
                    <pos type="DT"/>
                    <lemma type="a"/>
                </token>
                <token content="cooling" id="16-10">
                    <pos type="JJ"/>
                    <lemma type="cooling"/>
                </token>
                <token content="rack" id="16-11">
                    <pos type="NN"/>
                    <lemma type="rack"/>
                    <dep head="16-5" type="prep"/>
                </token>
                <token content="." id="16-12"/>
            </sentence>
            <sentence id="17">
                <token content="When" id="17-1">
                    <pos type="WRB"/>
                    <lemma type="when"/>
                </token>
                <token content="it" id="17-2">
                    <pos type="PRP"/>
                    <lemma type="it"/>
                </token>
                <token content="was" id="17-3">
                    <pos type="VBD"/>
                    <lemma type="be"/>
                </token>
                <token content="completely" id="17-4">
                    <pos type="RB"/>
                    <lemma type="completely"/>
                </token>
                <token content="cool" id="17-5">
                    <pos type="JJ"/>
                    <lemma type="cool"/>
                    <dep head="17-7" type="advcl"/>
                </token>
                <token content="I" id="17-6">
                    <pos type="PRP"/>
                    <lemma type="I"/>
                    <dep head="17-7" type="nsubj"/>
                </token>
                <token content="covered" id="17-7">
                    <pos type="VBD"/>
                    <lemma type="cover"/>
                </token>
                <token content="it" id="17-8">
                    <pos type="PRP"/>
                    <lemma type="it"/>
                    <dep head="17-7" type="dobj"/>
                </token>
                <token content="with" id="17-9"/>
                <token content="chocolate" id="17-10">
                    <pos type="NN"/>
                    <lemma type="chocolate"/>
                </token>
                <token content="frosting" id="17-11">
                    <pos type="NN"/>
                    <lemma type="frosting"/>
                    <dep head="17-7" type="prep"/>
                </token>
                <token content="and" id="17-12"/>
                <token content="wrote" id="17-13">
                    <pos type="NN"/>
                    <lemma type="wrote"/>
                </token>
                <token content="''" id="17-14"/>
                <token content="``" id="17-15"/>
                <token content="Happy" id="17-16">
                    <pos type="JJ"/>
                    <lemma type="happy"/>
                </token>
                <token content="Birthday" id="17-17">
                    <pos type="NN"/>
                    <lemma type="birthday"/>
                </token>
                <token content="!" id="17-18"/>
                <token content="''" id="17-19"/>
                <token content="''" id="17-20"/>
            </sentence>
            <sentence id="18">
                <token content="on" id="18-1">
                    <pos type="IN"/>
                    <lemma type="on"/>
                </token>
                <token content="the" id="18-2">
                    <pos type="DT"/>
                    <lemma type="the"/>
                </token>
                <token content="top" id="18-3">
                    <pos type="NN"/>
                    <lemma type="top"/>
                </token>
                <token content="with" id="18-4"/>
                <token content="a" id="18-5">
                    <pos type="DT"/>
                    <lemma type="a"/>
                </token>
                <token content="tube" id="18-6">
                    <pos type="NN"/>
                    <lemma type="tube"/>
                </token>
                <token content="of" id="18-7"/>
                <token content="blue" id="18-8">
                    <pos type="JJ"/>
                    <lemma type="blue"/>
                </token>
                <token content="icing" id="18-9">
                    <pos type="NN"/>
                    <lemma type="icing"/>
                </token>
                <token content="." id="18-10"/>
            </sentence>
            <sentence id="19">
                <token content="The" id="19-1">
                    <pos type="DT"/>
                    <lemma type="the"/>
                </token>
                <token content="cake" id="19-2">
                    <pos type="NN"/>
                    <lemma type="cake"/>
                    <dep head="19-3" type="nsubj"/>
                </token>
                <token content="looked" id="19-3">
                    <pos type="VBD"/>
                    <lemma type="look"/>
                </token>
                <token content="great" id="19-4">
                    <pos type="JJ"/>
                    <lemma type="great"/>
                    <dep head="19-3" type="acomp"/>
                </token>
                <token content="!" id="19-5"/>
            </sentence>
        </sentences>
    </text>
    <annotations>
        <participants>
            <label from="1-1" id="0" name="ScrPart_cook" text="I" type="participant"/>
            <label from="1-6" id="1" name="ScrPart_cake" text="cake" type="participant"/>
            <label from="1-9" id="2" name="ScrPart_beneficiary" text="birthday party" to="1-10" type="participant"/>
            <label from="1-10" id="3" name="ScrPart_beneficiary" text="party" type="participant"/>
            <label from="2-1" id="4" name="ScrPart_cook" text="I" type="participant"/>
            <label from="2-5" id="5" name="ScrPart_ingredients" text="ingredients" type="participant"/>
            <label from="2-8" id="6" name="ScrPart_ingredients" text="them" type="participant"/>
            <label from="2-11" id="7" name="ScrPart_kitchen/location" text="counter" type="participant"/>
            <label from="2-13" id="8" name="ScrPart_ingredients" text="flour" type="participant"/>
            <label from="2-15" id="9" name="ScrPart_ingredients" text="sugar" type="participant"/>
            <label from="2-17" id="10" name="ScrPart_ingredients" text="eggs" type="participant"/>
            <label from="2-19" id="11" name="ScrPart_ingredients" text="vanilla" type="participant"/>
            <label from="2-21" id="12" name="ScrPart_ingredients" text="salt" type="participant"/>
            <label from="2-23" id="13" name="ScrPart_ingredients" text="baking soda" to="2-24" type="participant"/>
            <label from="2-24" id="14" name="ScrPart_ingredients" text="soda" type="participant"/>
            <label from="2-27" id="15" name="ScrPart_ingredients" text="milk" type="participant"/>
            <label from="3-1" id="16" name="ScrPart_cook" text="I" type="participant"/>
            <label from="3-6" id="17" name="ScrPart_oven" text="oven" type="participant"/>
            <label from="3-9" id="18" name="ScrPart_oven" text="it" type="participant"/>
            <label from="3-11" id="19" name="ScrPart_temperature" text="375 degrees" to="3-12" type="participant"/>
            <label from="4-2" id="20" name="ScrPart_oven" text="it" type="participant"/>
            <label from="4-6" id="21" name="ScrPart_cook" text="I" type="participant"/>
            <label from="5-1" id="22" name="ScrPart_cook" text="I" type="participant"/>
            <label from="5-5" id="23" name="ScrPart_ingredients" text="ingredients" type="participant"/>
            <label from="5-10" id="24" name="ScrPart_utensil" text="bowl" type="participant"/>
            <label from="5-19" id="25" name="ScrPart_ingredients" text="ingredients" type="participant"/>
            <label from="6-1" id="26" name="ScrPart_cook" text="I" type="participant"/>
            <label from="6-4" id="27" name="ScrPart_utensil" text="blender" type="participant"/>
            <label from="6-8" id="28" name="ScrPart_ingredients" text="ingredients" type="participant"/>
            <label from="7-2" id="29" name="ScrPart_ingredients" text="they" type="participant"/>
            <label from="7-9" id="30" name="ScrPart_dough" text="batter" type="participant"/>
            <label from="8-1" id="31" name="ScrPart_dough" text="It" type="participant"/>
            <label from="8-4" id="32" name="NPart" text="consistence" type="participant"/>
            <label from="8-7" id="33" name="NPart" text="maple syrup" to="8-8" type="participant"/>
            <label from="8-8" id="34" name="NPart" text="syrup" type="participant"/>
            <label from="9-1" id="35" name="ScrPart_cook" text="I" type="participant"/>
            <label from="9-3" id="36" name="ScrPart_ingredients" text="spray oil" to="9-4" type="participant"/>
            <label from="9-4" id="37" name="ScrPart_ingredients" text="oil" type="participant"/>
            <label from="9-7" id="38" name="NPart" text="inside" type="participant"/>
            <label from="9-10" id="39" name="ScrPart_cake_tin" text="pan" type="participant"/>
            <label from="9-15" id="40" name="ScrPart_dough" text="cake batter" to="9-16" type="participant"/>
            <label from="9-16" id="41" name="ScrPart_dough" text="batter" type="participant"/>
            <label from="9-19" id="42" name="ScrPart_cake_tin" text="pan" type="participant"/>
            <label from="10-1" id="43" name="Unclear" text="It" type="participant"/>
            <label from="11-3" id="44" name="ScrPart_oven" text="oven" type="participant"/>
            <label from="11-7" id="45" name="ScrPart_cook" text="me" type="participant"/>
            <label from="11-10" id="46" name="ScrPart_oven" text="it" type="participant"/>
            <label from="11-15" id="47" name="ScrPart_cook" text="I" type="participant"/>
            <label from="11-18" id="48" name="ScrPart_cake_tin" text="pan" type="participant"/>
            <label from="11-21" id="49" name="ScrPart_oven" text="oven" type="participant"/>
            <label from="12-1" id="50" name="ScrPart_cook" text="I" type="participant"/>
            <label from="12-5" id="51" name="ScrPart_timer" text="timer" type="participant"/>
            <label from="12-7" id="52" name="ScrPart_time" text="12 minutes" to="12-8" type="participant"/>
            <label from="13-3" id="53" name="ScrPart_timer" text="timer" type="participant"/>
            <label from="13-7" id="54" name="ScrPart_cook" text="I" type="participant"/>
            <label from="13-10" id="55" name="ScrPart_oven" text="oven door" to="13-11" type="participant"/>
            <label from="13-11" id="56" name="ScrPart_oven" text="door" type="participant"/>
            <label from="13-15" id="57" name="ScrPart_cake_tin" text="pan" type="participant"/>
            <label from="14-1" id="58" name="ScrPart_cook" text="I" type="participant"/>
            <label from="14-4" id="59" name="ScrPart_utensil" text="toothpick" type="participant"/>
            <label from="14-7" id="60" name="NPart" text="center" type="participant"/>
            <label from="14-10" id="61" name="ScrPart_cake" text="cake" type="participant"/>
            <label from="14-13" id="62" name="ScrPart_utensil" text="it" type="participant"/>
            <label from="14-19" id="63" name="ScrPart_cake" text="cake" type="participant"/>
            <label from="14-24" id="64" name="ScrPart_utensil" text="toothpick" type="participant"/>
            <label from="14-29" id="65" name="ScrPart_dough" text="batter" type="participant"/>
            <label from="14-32" id="66" name="ScrPart_utensil" text="it" type="participant"/>
            <label from="14-36" id="67" name="ScrPart_cake" text="cake" type="participant"/>
            <label from="15-1" id="68" name="ScrPart_cook" text="I" type="participant"/>
            <label from="15-5" id="69" name="ScrPart_oven" text="oven" type="participant"/>
            <label from="15-9" id="70" name="ScrPart_cake" text="cake" type="participant"/>
            <label from="15-12" id="71" name="ScrPart_cake_tin" text="pan" type="participant"/>
            <label from="15-15" id="72" name="ScrPart_kitchen/location" text="counter" type="participant"/>
            <label from="16-3" id="73" name="No_label" text="while" type="participant"/>
            <label from="16-4" id="74" name="ScrPart_cook" text="I" type="participant"/>
            <label from="16-7" id="75" name="ScrPart_cake" text="cake" type="participant"/>
            <label from="16-10" id="76" name="ScrPart_utensil" text="cooling rack" to="16-11" type="participant"/>
            <label from="16-11" id="77" name="ScrPart_utensil" text="rack" type="participant"/>
            <label from="17-2" id="78" name="ScrPart_cake" text="it" type="participant"/>
            <label from="17-6" id="79" name="ScrPart_cook" text="I" type="participant"/>
            <label from="17-8" id="80" name="ScrPart_cake" text="it" type="participant"/>
            <label from="17-10" id="81" name="ScrPart_decoration" text="chocolate frosting" to="17-11" type="participant"/>
            <label from="17-11" id="82" name="ScrPart_decoration" text="frosting" type="participant"/>
            <label from="17-15" id="83" name="NPart" text="`` Happy Birthday ! ''" to="17-19" type="participant"/>
            <label from="18-6" id="84" name="Head_of_Partitive" text="tube" type="participant"/>
            <label from="18-9" id="85" name="ScrPart_decoration" text="icing" type="participant"/>
            <label from="19-2" id="86" name="ScrPart_cake" text="cake" type="participant"/>
        </participants>
        <events>
            <label from="1-4" id="87" name="Evoking" text="bake a cake" to="1-6" type="event"/>
            <label from="2-2" id="88" name="ScrEv_get_ingredients" text="took out" to="2-3" type="event"/>
            <label from="2-7" id="89" name="ScrEv_get_ingredients" text="put" type="event"/>
            <label from="3-3" id="90" name="ScrEv_preheat" text="turned on" to="3-4" type="event"/>
            <label from="3-8" id="91" name="ScrEv_preheat" text="setting" type="event"/>
            <label from="4-4" id="92" name="ScrEv_preheat" text="preheating" type="event"/>
            <label from="4-7" id="93" name="UnrelEv" text="got" type="event"/>
            <label from="5-2" id="94" name="ScrEv_prepare_ingredients" text="mixed" type="event"/>
            <label from="5-15" id="95" name="UnrelEv" text="started" type="event"/>
            <label from="5-16" id="96" name="ScrEv_add_ingredients" text="adding" type="event"/>
            <label from="6-2" id="97" name="ScrEv_prepare_ingredients" text="used" type="event"/>
            <label from="6-6" id="98" name="ScrEv_prepare_ingredients" text="stir" type="event"/>
            <label from="7-5" id="99" name="ScrEv_make_dough" text="mixed" type="event"/>
            <label from="7-10" id="100" name="ScrEv_make_dough" text="was ready" to="7-11" type="event"/>
            <label from="8-2" id="101" name="UnrelEv" text="was" type="event"/>
            <label from="9-2" id="102" name="ScrEv_grease_cake_tin" text="sprayed" type="event"/>
            <label from="9-13" id="103" name="ScrEv_pour_dough" text="poured" type="event"/>
            <label from="10-2" id="104" name="UnrelEv" text="was" type="event"/>
            <label from="10-5" id="105" name="ScrEv_put_cake_oven" text="go" type="event"/>
            <label from="11-4" id="106" name="RelNScrEv" text="beeped" type="event"/>
            <label from="11-6" id="107" name="UnrelEv" text="let" type="event"/>
            <label from="11-8" id="108" name="UnrelEv" text="know" type="event"/>
            <label from="11-12" id="109" name="UnrelEv" text="finished" type="event"/>
            <label from="11-13" id="110" name="ScrEv_preheat" text="preheating" type="event"/>
            <label from="11-16" id="111" name="ScrEv_put_cake_oven" text="put" type="event"/>
            <label from="12-2" id="112" name="ScrEv_set_time" text="put on" to="12-3" type="event"/>
            <label from="13-4" id="113" name="ScrEv_wait" text="went off" to="13-5" type="event"/>
            <label from="13-8" id="114" name="ScrEv_take_out_oven" text="opened" type="event"/>
            <label from="13-13" id="115" name="ScrEv_take_out_oven" text="took" type="event"/>
            <label from="14-2" id="116" name="ScrEv_check" text="inserted" type="event"/>
            <label from="14-12" id="117" name="ScrEv_check" text="took" type="event"/>
            <label from="14-16" id="118" name="ScrEv_check" text="see" type="event"/>
            <label from="14-21" id="119" name="ScrEv_wait" text="done" type="event"/>
            <label from="14-25" id="120" name="ScrEv_check" text="came out" to="14-26" type="event"/>
            <label from="14-30" id="121" name="RelNScrEv" text="attached" type="event"/>
            <label from="14-37" id="122" name="UnrelEv" text="was" type="event"/>
            <label from="14-40" id="123" name="ScrEv_take_out_oven" text="go" type="event"/>
            <label from="15-2" id="124" name="ScrEv_turn_off_oven" text="turned off" to="15-3" type="event"/>
            <label from="15-7" id="125" name="ScrEv_cool_down" text="left" type="event"/>
            <label from="15-17" id="126" name="ScrEv_cool_down" text="cool" type="event"/>
            <label from="16-5" id="127" name="ScrEv_take_out_cake_tin" text="moved" type="event"/>
            <label from="17-3" id="128" name="ScrEv_cool_down" text="was" type="event"/>
            <label from="17-7" id="129" name="ScrEv_decorate" text="covered" type="event"/>
            <label from="17-13" id="130" name="ScrEv_decorate" text="wrote" type="event"/>
            <label from="19-3" id="131" name="UnrelEv" text="looked" type="event"/>
        </events>
        <chains>
            <chain elements="4 0 16 21 22 26 35 45 47 50 54 58 68 74 79"/>
            <chain elements="61 1 63 67 70 75 78 80 86"/>
            <chain elements="6 5 28 25 23 29"/>
            <chain elements="18 17 20 44 46 49 56 69"/>
            <chain elements="31 30 41 65"/>
            <chain elements="42 39 48 57 71"/>
            <chain elements="53 51"/>
            <chain elements="62 59 64 66"/>
            <chain elements="82 85"/>
        </chains>
    </annotations>
</story>
