<?xml version="1.0" encoding="UTF-8" standalone="no"?>
<!DOCTYPE story SYSTEM "../InScript.dtd">
<story id="086" scenario="cake">
    <text>
        <content>I decided to bake a cake for my daughter 's birthday . 
I had gone to the grocery store to buy one , but nothing looked very good and they were really expensive for what I was getting . 
I figured that I could make a better cake myself . 
I figured that I have seen cooking shows and said , '' `` How hard could it be ? '' '' 
I bought a Betty Crocker Triple Chocolate Fudge cake mix and I thought it looked pretty good . 
I went to the frosting and found some Oreo frosting mix and thought it would be perfect because my daughter loves Oreo cookies . 
Then , I grabbed a box of Oreo cookies , some eggs , milk , and some oil . 
I did not know if I had all of that at home , but I figured they would not go to waste . 
I came home and mixed everything and put it in the oven . 
I tested the cake before taking it out of the oven with a toothpick . 
Coming out clean , I decided the cake was done . 
I had pour the cake mix into two baking pans because my plan was to make a two layered cake . 
I saw on a cooking show that you are supposed to cut the top of one of the cakes so that the top was flat . 
I managed to do that pretty well and I ate the cake with some milk . 
It was pretty tasty . 
So , next , I got the frosting and put it on the first layer , and then on the second . 
I thought it looked pretty good . 
I carefully chopped some oreos up and sprinkled them on the top of the cake . 
To further top it off , I cut a few cookies in half and stuck them pointing up in a circle around the outside of the cake . 
It looked really good . 
My wife was really surprised that I had made it myself . 
My daughter was really happy and everyone liked the cake . </content>
        <sentences>
            <sentence id="1">
                <token content="I" id="1-1">
                    <pos type="PRP"/>
                    <lemma type="I"/>
                    <dep head="1-2" type="nsubj"/>
                </token>
                <token content="decided" id="1-2">
                    <pos type="VBD"/>
                    <lemma type="decide"/>
                </token>
                <token content="to" id="1-3">
                    <pos type="TO"/>
                    <lemma type="to"/>
                    <dep head="1-4" type="aux"/>
                </token>
                <token content="bake" id="1-4">
                    <pos type="VB"/>
                    <lemma type="bake"/>
                    <dep head="1-2" type="xcomp"/>
                </token>
                <token content="a" id="1-5">
                    <pos type="DT"/>
                    <lemma type="a"/>
                </token>
                <token content="cake" id="1-6">
                    <pos type="NN"/>
                    <lemma type="cake"/>
                    <dep head="1-4" type="dobj"/>
                </token>
                <token content="for" id="1-7"/>
                <token content="my" id="1-8">
                    <pos type="PRP$"/>
                    <lemma type="my"/>
                </token>
                <token content="daughter" id="1-9">
                    <pos type="NN"/>
                    <lemma type="daughter"/>
                </token>
                <token content="'s" id="1-10"/>
                <token content="birthday" id="1-11">
                    <pos type="NN"/>
                    <lemma type="birthday"/>
                </token>
                <token content="." id="1-12"/>
            </sentence>
            <sentence id="2">
                <token content="I" id="2-1">
                    <pos type="PRP"/>
                    <lemma type="I"/>
                    <dep head="2-3" type="nsubj"/>
                </token>
                <token content="had" id="2-2">
                    <pos type="VBD"/>
                    <lemma type="have"/>
                    <dep head="2-3" type="aux"/>
                </token>
                <token content="gone" id="2-3">
                    <pos type="VBN"/>
                    <lemma type="go"/>
                </token>
                <token content="to" id="2-4"/>
                <token content="the" id="2-5">
                    <pos type="DT"/>
                    <lemma type="the"/>
                </token>
                <token content="grocery" id="2-6">
                    <pos type="NN"/>
                    <lemma type="grocery"/>
                </token>
                <token content="store" id="2-7">
                    <pos type="NN"/>
                    <lemma type="store"/>
                    <dep head="2-3" type="prep"/>
                </token>
                <token content="to" id="2-8">
                    <pos type="TO"/>
                    <lemma type="to"/>
                    <dep head="2-9" type="aux"/>
                </token>
                <token content="buy" id="2-9">
                    <pos type="VB"/>
                    <lemma type="buy"/>
                    <dep head="2-3" type="xcomp"/>
                </token>
                <token content="one" id="2-10">
                    <pos type="CD"/>
                    <lemma type="one"/>
                    <dep head="2-9" type="dobj"/>
                </token>
                <token content="," id="2-11"/>
                <token content="but" id="2-12"/>
                <token content="nothing" id="2-13">
                    <pos type="NN"/>
                    <lemma type="nothing"/>
                    <dep head="2-14" type="nsubj"/>
                </token>
                <token content="looked" id="2-14">
                    <pos type="VBD"/>
                    <lemma type="look"/>
                    <dep head="2-3" type="conj"/>
                </token>
                <token content="very" id="2-15">
                    <pos type="RB"/>
                    <lemma type="very"/>
                </token>
                <token content="good" id="2-16">
                    <pos type="JJ"/>
                    <lemma type="good"/>
                    <dep head="2-14" type="acomp"/>
                </token>
                <token content="and" id="2-17"/>
                <token content="they" id="2-18">
                    <pos type="PRP"/>
                    <lemma type="they"/>
                </token>
                <token content="were" id="2-19">
                    <pos type="VBD"/>
                    <lemma type="be"/>
                </token>
                <token content="really" id="2-20">
                    <pos type="RB"/>
                    <lemma type="really"/>
                </token>
                <token content="expensive" id="2-21">
                    <pos type="JJ"/>
                    <lemma type="expensive"/>
                    <dep head="2-14" type="conj"/>
                </token>
                <token content="for" id="2-22"/>
                <token content="what" id="2-23">
                    <pos type="WP"/>
                    <lemma type="what"/>
                    <dep head="2-26" type="dobj"/>
                </token>
                <token content="I" id="2-24">
                    <pos type="PRP"/>
                    <lemma type="I"/>
                    <dep head="2-26" type="nsubj"/>
                </token>
                <token content="was" id="2-25">
                    <pos type="VBD"/>
                    <lemma type="be"/>
                    <dep head="2-26" type="aux"/>
                </token>
                <token content="getting" id="2-26">
                    <pos type="VBG"/>
                    <lemma type="get"/>
                </token>
                <token content="." id="2-27"/>
            </sentence>
            <sentence id="3">
                <token content="I" id="3-1">
                    <pos type="PRP"/>
                    <lemma type="I"/>
                    <dep head="3-2" type="nsubj"/>
                </token>
                <token content="figured" id="3-2">
                    <pos type="VBD"/>
                    <lemma type="figure"/>
                </token>
                <token content="that" id="3-3">
                    <pos type="IN"/>
                    <lemma type="that"/>
                    <dep head="3-6" type="mark"/>
                </token>
                <token content="I" id="3-4">
                    <pos type="PRP"/>
                    <lemma type="I"/>
                    <dep head="3-6" type="nsubj"/>
                </token>
                <token content="could" id="3-5">
                    <pos type="MD"/>
                    <lemma type="could"/>
                    <dep head="3-6" type="aux"/>
                </token>
                <token content="make" id="3-6">
                    <pos type="VB"/>
                    <lemma type="make"/>
                    <dep head="3-2" type="ccomp"/>
                </token>
                <token content="a" id="3-7">
                    <pos type="DT"/>
                    <lemma type="a"/>
                </token>
                <token content="better" id="3-8">
                    <pos type="JJR"/>
                    <lemma type="better"/>
                </token>
                <token content="cake" id="3-9">
                    <pos type="NN"/>
                    <lemma type="cake"/>
                    <dep head="3-6" type="iobj"/>
                </token>
                <token content="myself" id="3-10">
                    <pos type="PRP"/>
                    <lemma type="myself"/>
                    <dep head="3-6" type="dobj"/>
                </token>
                <token content="." id="3-11"/>
            </sentence>
            <sentence id="4">
                <token content="I" id="4-1">
                    <pos type="PRP"/>
                    <lemma type="I"/>
                    <dep head="4-2" type="nsubj"/>
                </token>
                <token content="figured" id="4-2">
                    <pos type="VBD"/>
                    <lemma type="figure"/>
                </token>
                <token content="that" id="4-3">
                    <pos type="IN"/>
                    <lemma type="that"/>
                    <dep head="4-6" type="mark"/>
                </token>
                <token content="I" id="4-4">
                    <pos type="PRP"/>
                    <lemma type="I"/>
                    <dep head="4-6" type="nsubj"/>
                </token>
                <token content="have" id="4-5">
                    <pos type="VBP"/>
                    <lemma type="have"/>
                    <dep head="4-6" type="aux"/>
                </token>
                <token content="seen" id="4-6">
                    <pos type="VBN"/>
                    <lemma type="see"/>
                    <dep head="4-2" type="ccomp"/>
                </token>
                <token content="cooking" id="4-7">
                    <pos type="JJ"/>
                    <lemma type="cooking"/>
                </token>
                <token content="shows" id="4-8">
                    <pos type="NNS"/>
                    <lemma type="show"/>
                    <dep head="4-6" type="dobj"/>
                </token>
                <token content="and" id="4-9"/>
                <token content="said" id="4-10">
                    <pos type="VBD"/>
                    <lemma type="say"/>
                    <dep head="4-2" type="conj"/>
                </token>
                <token content="," id="4-11"/>
                <token content="''" id="4-12"/>
                <token content="``" id="4-13"/>
                <token content="How" id="4-14">
                    <pos type="WRB"/>
                    <lemma type="how"/>
                </token>
                <token content="hard" id="4-15">
                    <pos type="JJ"/>
                    <lemma type="hard"/>
                </token>
                <token content="could" id="4-16">
                    <pos type="MD"/>
                    <lemma type="could"/>
                    <dep head="4-18" type="advcl"/>
                </token>
                <token content="it" id="4-17">
                    <pos type="PRP"/>
                    <lemma type="it"/>
                    <dep head="4-18" type="nsubj"/>
                </token>
                <token content="be" id="4-18">
                    <pos type="VBP"/>
                    <lemma type="be"/>
                    <dep head="4-2" type="ccomp"/>
                </token>
                <token content="?" id="4-19"/>
                <token content="''" id="4-20"/>
                <token content="''" id="4-21"/>
            </sentence>
            <sentence id="5">
                <token content="I" id="5-1">
                    <pos type="PRP"/>
                    <lemma type="I"/>
                    <dep head="5-2" type="nsubj"/>
                </token>
                <token content="bought" id="5-2">
                    <pos type="VBD"/>
                    <lemma type="buy"/>
                </token>
                <token content="a" id="5-3">
                    <pos type="DT"/>
                    <lemma type="a"/>
                </token>
                <token content="Betty" id="5-4">
                    <pos type="NNP"/>
                    <lemma type="Betty"/>
                </token>
                <token content="Crocker" id="5-5">
                    <pos type="NNP"/>
                    <lemma type="Crocker"/>
                </token>
                <token content="Triple" id="5-6">
                    <pos type="NNP"/>
                    <lemma type="Triple"/>
                </token>
                <token content="Chocolate" id="5-7">
                    <pos type="NNP"/>
                    <lemma type="Chocolate"/>
                </token>
                <token content="Fudge" id="5-8">
                    <pos type="NNP"/>
                    <lemma type="Fudge"/>
                </token>
                <token content="cake" id="5-9">
                    <pos type="NN"/>
                    <lemma type="cake"/>
                </token>
                <token content="mix" id="5-10">
                    <pos type="NN"/>
                    <lemma type="mix"/>
                    <dep head="5-2" type="dobj"/>
                </token>
                <token content="and" id="5-11"/>
                <token content="I" id="5-12">
                    <pos type="PRP"/>
                    <lemma type="I"/>
                    <dep head="5-13" type="nsubj"/>
                </token>
                <token content="thought" id="5-13">
                    <pos type="VBD"/>
                    <lemma type="think"/>
                    <dep head="5-2" type="conj"/>
                </token>
                <token content="it" id="5-14">
                    <pos type="PRP"/>
                    <lemma type="it"/>
                    <dep head="5-15" type="nsubj"/>
                </token>
                <token content="looked" id="5-15">
                    <pos type="VBD"/>
                    <lemma type="look"/>
                    <dep head="5-13" type="ccomp"/>
                </token>
                <token content="pretty" id="5-16">
                    <pos type="RB"/>
                    <lemma type="pretty"/>
                </token>
                <token content="good" id="5-17">
                    <pos type="JJ"/>
                    <lemma type="good"/>
                    <dep head="5-15" type="acomp"/>
                </token>
                <token content="." id="5-18"/>
            </sentence>
            <sentence id="6">
                <token content="I" id="6-1">
                    <pos type="PRP"/>
                    <lemma type="I"/>
                    <dep head="6-2" type="nsubj"/>
                </token>
                <token content="went" id="6-2">
                    <pos type="VBD"/>
                    <lemma type="go"/>
                </token>
                <token content="to" id="6-3"/>
                <token content="the" id="6-4">
                    <pos type="DT"/>
                    <lemma type="the"/>
                </token>
                <token content="frosting" id="6-5">
                    <pos type="NN"/>
                    <lemma type="frosting"/>
                    <dep head="6-2" type="prep"/>
                </token>
                <token content="and" id="6-6"/>
                <token content="found" id="6-7">
                    <pos type="VBD"/>
                    <lemma type="find"/>
                    <dep head="6-2" type="conj"/>
                </token>
                <token content="some" id="6-8">
                    <pos type="DT"/>
                    <lemma type="some"/>
                </token>
                <token content="Oreo" id="6-9">
                    <pos type="NNP"/>
                    <lemma type="Oreo"/>
                </token>
                <token content="frosting" id="6-10">
                    <pos type="NN"/>
                    <lemma type="frosting"/>
                </token>
                <token content="mix" id="6-11">
                    <pos type="NN"/>
                    <lemma type="mix"/>
                    <dep head="6-7" type="dobj"/>
                </token>
                <token content="and" id="6-12"/>
                <token content="thought" id="6-13">
                    <pos type="VBD"/>
                    <lemma type="think"/>
                    <dep head="6-7" type="conj"/>
                </token>
                <token content="it" id="6-14">
                    <pos type="PRP"/>
                    <lemma type="it"/>
                </token>
                <token content="would" id="6-15">
                    <pos type="MD"/>
                    <lemma type="would"/>
                </token>
                <token content="be" id="6-16">
                    <pos type="VB"/>
                    <lemma type="be"/>
                </token>
                <token content="perfect" id="6-17">
                    <pos type="JJ"/>
                    <lemma type="perfect"/>
                    <dep head="6-13" type="ccomp"/>
                </token>
                <token content="because" id="6-18">
                    <pos type="IN"/>
                    <lemma type="because"/>
                    <dep head="6-21" type="mark"/>
                </token>
                <token content="my" id="6-19">
                    <pos type="PRP$"/>
                    <lemma type="my"/>
                </token>
                <token content="daughter" id="6-20">
                    <pos type="NN"/>
                    <lemma type="daughter"/>
                    <dep head="6-21" type="nsubj"/>
                </token>
                <token content="loves" id="6-21">
                    <pos type="VBZ"/>
                    <lemma type="love"/>
                </token>
                <token content="Oreo" id="6-22">
                    <pos type="NNP"/>
                    <lemma type="Oreo"/>
                </token>
                <token content="cookies" id="6-23">
                    <pos type="NNS"/>
                    <lemma type="cookie"/>
                    <dep head="6-21" type="dobj"/>
                </token>
                <token content="." id="6-24"/>
            </sentence>
            <sentence id="7">
                <token content="Then" id="7-1">
                    <pos type="RB"/>
                    <lemma type="then"/>
                    <dep head="7-4" type="advmod"/>
                </token>
                <token content="," id="7-2"/>
                <token content="I" id="7-3">
                    <pos type="PRP"/>
                    <lemma type="I"/>
                    <dep head="7-4" type="nsubj"/>
                </token>
                <token content="grabbed" id="7-4">
                    <pos type="VBD"/>
                    <lemma type="grab"/>
                </token>
                <token content="a" id="7-5">
                    <pos type="DT"/>
                    <lemma type="a"/>
                </token>
                <token content="box" id="7-6">
                    <pos type="NN"/>
                    <lemma type="box"/>
                    <dep head="7-4" type="dobj"/>
                </token>
                <token content="of" id="7-7"/>
                <token content="Oreo" id="7-8">
                    <pos type="NNP"/>
                    <lemma type="Oreo"/>
                </token>
                <token content="cookies" id="7-9">
                    <pos type="NNS"/>
                    <lemma type="cookie"/>
                </token>
                <token content="," id="7-10"/>
                <token content="some" id="7-11">
                    <pos type="DT"/>
                    <lemma type="some"/>
                </token>
                <token content="eggs" id="7-12">
                    <pos type="NNS"/>
                    <lemma type="egg"/>
                </token>
                <token content="," id="7-13"/>
                <token content="milk" id="7-14">
                    <pos type="NN"/>
                    <lemma type="milk"/>
                </token>
                <token content="," id="7-15"/>
                <token content="and" id="7-16"/>
                <token content="some" id="7-17">
                    <pos type="DT"/>
                    <lemma type="some"/>
                </token>
                <token content="oil" id="7-18">
                    <pos type="NN"/>
                    <lemma type="oil"/>
                </token>
                <token content="." id="7-19"/>
            </sentence>
            <sentence id="8">
                <token content="I" id="8-1">
                    <pos type="PRP"/>
                    <lemma type="I"/>
                    <dep head="8-4" type="nsubj"/>
                </token>
                <token content="did" id="8-2">
                    <pos type="VBD"/>
                    <lemma type="do"/>
                    <dep head="8-4" type="aux"/>
                </token>
                <token content="not" id="8-3">
                    <pos type="RB"/>
                    <lemma type="not"/>
                    <dep head="8-4" type="neg"/>
                </token>
                <token content="know" id="8-4">
                    <pos type="VB"/>
                    <lemma type="know"/>
                </token>
                <token content="if" id="8-5">
                    <pos type="IN"/>
                    <lemma type="if"/>
                    <dep head="8-7" type="mark"/>
                </token>
                <token content="I" id="8-6">
                    <pos type="PRP"/>
                    <lemma type="I"/>
                    <dep head="8-7" type="nsubj"/>
                </token>
                <token content="had" id="8-7">
                    <pos type="VBD"/>
                    <lemma type="have"/>
                    <dep head="8-4" type="advcl"/>
                </token>
                <token content="all" id="8-8">
                    <pos type="DT"/>
                    <lemma type="all"/>
                    <dep head="8-7" type="dobj"/>
                </token>
                <token content="of" id="8-9"/>
                <token content="that" id="8-10">
                    <pos type="DT"/>
                    <lemma type="that"/>
                </token>
                <token content="at" id="8-11"/>
                <token content="home" id="8-12">
                    <pos type="NN"/>
                    <lemma type="home"/>
                </token>
                <token content="," id="8-13"/>
                <token content="but" id="8-14"/>
                <token content="I" id="8-15">
                    <pos type="PRP"/>
                    <lemma type="I"/>
                    <dep head="8-16" type="nsubj"/>
                </token>
                <token content="figured" id="8-16">
                    <pos type="VBD"/>
                    <lemma type="figure"/>
                    <dep head="8-4" type="conj"/>
                </token>
                <token content="they" id="8-17">
                    <pos type="PRP"/>
                    <lemma type="they"/>
                    <dep head="8-20" type="nsubj"/>
                </token>
                <token content="would" id="8-18">
                    <pos type="MD"/>
                    <lemma type="would"/>
                    <dep head="8-20" type="aux"/>
                </token>
                <token content="not" id="8-19">
                    <pos type="RB"/>
                    <lemma type="not"/>
                    <dep head="8-20" type="neg"/>
                </token>
                <token content="go" id="8-20">
                    <pos type="VB"/>
                    <lemma type="go"/>
                    <dep head="8-16" type="ccomp"/>
                </token>
                <token content="to" id="8-21">
                    <pos type="TO"/>
                    <lemma type="to"/>
                    <dep head="8-22" type="aux"/>
                </token>
                <token content="waste" id="8-22">
                    <pos type="VB"/>
                    <lemma type="waste"/>
                    <dep head="8-20" type="xcomp"/>
                </token>
                <token content="." id="8-23"/>
            </sentence>
            <sentence id="9">
                <token content="I" id="9-1">
                    <pos type="PRP"/>
                    <lemma type="I"/>
                    <dep head="9-2" type="nsubj"/>
                </token>
                <token content="came" id="9-2">
                    <pos type="VBD"/>
                    <lemma type="come"/>
                </token>
                <token content="home" id="9-3">
                    <pos type="NN"/>
                    <lemma type="home"/>
                </token>
                <token content="and" id="9-4"/>
                <token content="mixed" id="9-5">
                    <pos type="JJ"/>
                    <lemma type="mixed"/>
                </token>
                <token content="everything" id="9-6">
                    <pos type="NN"/>
                    <lemma type="everything"/>
                    <dep head="9-2" type="dobj"/>
                </token>
                <token content="and" id="9-7"/>
                <token content="put" id="9-8">
                    <pos type="VBD"/>
                    <lemma type="put"/>
                    <dep head="9-2" type="conj"/>
                </token>
                <token content="it" id="9-9">
                    <pos type="PRP"/>
                    <lemma type="it"/>
                    <dep head="9-8" type="dobj"/>
                </token>
                <token content="in" id="9-10"/>
                <token content="the" id="9-11">
                    <pos type="DT"/>
                    <lemma type="the"/>
                </token>
                <token content="oven" id="9-12">
                    <pos type="NN"/>
                    <lemma type="oven"/>
                    <dep head="9-8" type="prep"/>
                </token>
                <token content="." id="9-13"/>
            </sentence>
            <sentence id="10">
                <token content="I" id="10-1">
                    <pos type="PRP"/>
                    <lemma type="I"/>
                    <dep head="10-2" type="nsubj"/>
                </token>
                <token content="tested" id="10-2">
                    <pos type="VBD"/>
                    <lemma type="test"/>
                </token>
                <token content="the" id="10-3">
                    <pos type="DT"/>
                    <lemma type="the"/>
                </token>
                <token content="cake" id="10-4">
                    <pos type="NN"/>
                    <lemma type="cake"/>
                    <dep head="10-2" type="dobj"/>
                </token>
                <token content="before" id="10-5"/>
                <token content="taking" id="10-6">
                    <pos type="VBG"/>
                    <lemma type="take"/>
                    <dep head="10-2" type="prepc"/>
                </token>
                <token content="it" id="10-7">
                    <pos type="PRP"/>
                    <lemma type="it"/>
                    <dep head="10-6" type="dobj"/>
                </token>
                <token content="out" id="10-8"/>
                <token content="of" id="10-9"/>
                <token content="the" id="10-10">
                    <pos type="DT"/>
                    <lemma type="the"/>
                </token>
                <token content="oven" id="10-11">
                    <pos type="NN"/>
                    <lemma type="oven"/>
                    <dep head="10-6" type="prep"/>
                </token>
                <token content="with" id="10-12"/>
                <token content="a" id="10-13">
                    <pos type="DT"/>
                    <lemma type="a"/>
                </token>
                <token content="toothpick" id="10-14">
                    <pos type="NN"/>
                    <lemma type="toothpick"/>
                </token>
                <token content="." id="10-15"/>
            </sentence>
            <sentence id="11">
                <token content="Coming" id="11-1">
                    <pos type="VBG"/>
                    <lemma type="come"/>
                    <dep head="11-6" type="vmod"/>
                </token>
                <token content="out" id="11-2"/>
                <token content="clean" id="11-3">
                    <pos type="JJ"/>
                    <lemma type="clean"/>
                    <dep head="11-1" type="prep"/>
                </token>
                <token content="," id="11-4"/>
                <token content="I" id="11-5">
                    <pos type="PRP"/>
                    <lemma type="I"/>
                    <dep head="11-6" type="nsubj"/>
                </token>
                <token content="decided" id="11-6">
                    <pos type="VBD"/>
                    <lemma type="decide"/>
                </token>
                <token content="the" id="11-7">
                    <pos type="DT"/>
                    <lemma type="the"/>
                </token>
                <token content="cake" id="11-8">
                    <pos type="NN"/>
                    <lemma type="cake"/>
                    <dep head="11-10" type="nsubjpass"/>
                </token>
                <token content="was" id="11-9">
                    <pos type="VBD"/>
                    <lemma type="be"/>
                    <dep head="11-10" type="auxpass"/>
                </token>
                <token content="done" id="11-10">
                    <pos type="VBN"/>
                    <lemma type="do"/>
                    <dep head="11-6" type="ccomp"/>
                </token>
                <token content="." id="11-11"/>
            </sentence>
            <sentence id="12">
                <token content="I" id="12-1">
                    <pos type="PRP"/>
                    <lemma type="I"/>
                    <dep head="12-2" type="nsubj"/>
                </token>
                <token content="had" id="12-2">
                    <pos type="VBD"/>
                    <lemma type="have"/>
                </token>
                <token content="pour" id="12-3">
                    <pos type="VB"/>
                    <lemma type="pour"/>
                    <dep head="12-2" type="ccomp"/>
                </token>
                <token content="the" id="12-4">
                    <pos type="DT"/>
                    <lemma type="the"/>
                </token>
                <token content="cake" id="12-5">
                    <pos type="NN"/>
                    <lemma type="cake"/>
                </token>
                <token content="mix" id="12-6">
                    <pos type="NN"/>
                    <lemma type="mix"/>
                    <dep head="12-3" type="dobj"/>
                </token>
                <token content="into" id="12-7"/>
                <token content="two" id="12-8">
                    <pos type="CD"/>
                    <lemma type="two"/>
                </token>
                <token content="baking" id="12-9">
                    <pos type="JJ"/>
                    <lemma type="baking"/>
                </token>
                <token content="pans" id="12-10">
                    <pos type="NNS"/>
                    <lemma type="pan"/>
                    <dep head="12-3" type="prep"/>
                </token>
                <token content="because" id="12-11">
                    <pos type="IN"/>
                    <lemma type="because"/>
                    <dep head="12-14" type="mark"/>
                </token>
                <token content="my" id="12-12">
                    <pos type="PRP$"/>
                    <lemma type="my"/>
                </token>
                <token content="plan" id="12-13">
                    <pos type="NN"/>
                    <lemma type="plan"/>
                    <dep head="12-14" type="nsubj"/>
                </token>
                <token content="was" id="12-14">
                    <pos type="VBD"/>
                    <lemma type="be"/>
                    <dep head="12-2" type="advcl"/>
                </token>
                <token content="to" id="12-15">
                    <pos type="TO"/>
                    <lemma type="to"/>
                    <dep head="12-16" type="aux"/>
                </token>
                <token content="make" id="12-16">
                    <pos type="VB"/>
                    <lemma type="make"/>
                    <dep head="12-14" type="xcomp"/>
                </token>
                <token content="a" id="12-17">
                    <pos type="DT"/>
                    <lemma type="a"/>
                </token>
                <token content="two" id="12-18">
                    <pos type="CD"/>
                    <lemma type="two"/>
                </token>
                <token content="layered" id="12-19">
                    <pos type="NN"/>
                    <lemma type="layered"/>
                </token>
                <token content="cake" id="12-20">
                    <pos type="NN"/>
                    <lemma type="cake"/>
                    <dep head="12-16" type="dobj"/>
                </token>
                <token content="." id="12-21"/>
            </sentence>
            <sentence id="13">
                <token content="I" id="13-1">
                    <pos type="PRP"/>
                    <lemma type="I"/>
                    <dep head="13-2" type="nsubj"/>
                </token>
                <token content="saw" id="13-2">
                    <pos type="VBD"/>
                    <lemma type="see"/>
                </token>
                <token content="on" id="13-3"/>
                <token content="a" id="13-4">
                    <pos type="DT"/>
                    <lemma type="a"/>
                </token>
                <token content="cooking" id="13-5">
                    <pos type="JJ"/>
                    <lemma type="cooking"/>
                </token>
                <token content="show" id="13-6">
                    <pos type="NN"/>
                    <lemma type="show"/>
                    <dep head="13-2" type="prep"/>
                </token>
                <token content="that" id="13-7">
                    <pos type="IN"/>
                    <lemma type="that"/>
                    <dep head="13-10" type="mark"/>
                </token>
                <token content="you" id="13-8">
                    <pos type="PRP"/>
                    <lemma type="you"/>
                    <dep head="13-10" type="nsubjpass"/>
                </token>
                <token content="are" id="13-9">
                    <pos type="VBP"/>
                    <lemma type="be"/>
                    <dep head="13-10" type="auxpass"/>
                </token>
                <token content="supposed" id="13-10">
                    <pos type="VBN"/>
                    <lemma type="suppose"/>
                    <dep head="13-2" type="ccomp"/>
                </token>
                <token content="to" id="13-11">
                    <pos type="TO"/>
                    <lemma type="to"/>
                    <dep head="13-12" type="aux"/>
                </token>
                <token content="cut" id="13-12">
                    <pos type="VB"/>
                    <lemma type="cut"/>
                    <dep head="13-10" type="xcomp"/>
                </token>
                <token content="the" id="13-13">
                    <pos type="DT"/>
                    <lemma type="the"/>
                </token>
                <token content="top" id="13-14">
                    <pos type="NN"/>
                    <lemma type="top"/>
                    <dep head="13-12" type="dobj"/>
                </token>
                <token content="of" id="13-15"/>
                <token content="one" id="13-16">
                    <pos type="CD"/>
                    <lemma type="one"/>
                </token>
                <token content="of" id="13-17"/>
                <token content="the" id="13-18">
                    <pos type="DT"/>
                    <lemma type="the"/>
                </token>
                <token content="cakes" id="13-19">
                    <pos type="NNS"/>
                    <lemma type="cake"/>
                </token>
                <token content="so" id="13-20">
                    <pos type="RB"/>
                    <lemma type="so"/>
                </token>
                <token content="that" id="13-21">
                    <pos type="IN"/>
                    <lemma type="that"/>
                </token>
                <token content="the" id="13-22">
                    <pos type="DT"/>
                    <lemma type="the"/>
                </token>
                <token content="top" id="13-23">
                    <pos type="NN"/>
                    <lemma type="top"/>
                </token>
                <token content="was" id="13-24">
                    <pos type="VBD"/>
                    <lemma type="be"/>
                </token>
                <token content="flat" id="13-25">
                    <pos type="JJ"/>
                    <lemma type="flat"/>
                    <dep head="13-12" type="advcl"/>
                </token>
                <token content="." id="13-26"/>
            </sentence>
            <sentence id="14">
                <token content="I" id="14-1">
                    <pos type="PRP"/>
                    <lemma type="I"/>
                    <dep head="14-2" type="nsubj"/>
                </token>
                <token content="managed" id="14-2">
                    <pos type="VBD"/>
                    <lemma type="manage"/>
                </token>
                <token content="to" id="14-3">
                    <pos type="TO"/>
                    <lemma type="to"/>
                    <dep head="14-4" type="aux"/>
                </token>
                <token content="do" id="14-4">
                    <pos type="VB"/>
                    <lemma type="do"/>
                    <dep head="14-2" type="xcomp"/>
                </token>
                <token content="that" id="14-5">
                    <pos type="DT"/>
                    <lemma type="that"/>
                    <dep head="14-4" type="dobj"/>
                </token>
                <token content="pretty" id="14-6">
                    <pos type="RB"/>
                    <lemma type="pretty"/>
                </token>
                <token content="well" id="14-7">
                    <pos type="RB"/>
                    <lemma type="well"/>
                    <dep head="14-4" type="advmod"/>
                </token>
                <token content="and" id="14-8"/>
                <token content="I" id="14-9">
                    <pos type="PRP"/>
                    <lemma type="I"/>
                    <dep head="14-10" type="nsubj"/>
                </token>
                <token content="ate" id="14-10">
                    <pos type="VBD"/>
                    <lemma type="eat"/>
                    <dep head="14-2" type="conj"/>
                </token>
                <token content="the" id="14-11">
                    <pos type="DT"/>
                    <lemma type="the"/>
                </token>
                <token content="cake" id="14-12">
                    <pos type="NN"/>
                    <lemma type="cake"/>
                    <dep head="14-10" type="dobj"/>
                </token>
                <token content="with" id="14-13"/>
                <token content="some" id="14-14">
                    <pos type="DT"/>
                    <lemma type="some"/>
                </token>
                <token content="milk" id="14-15">
                    <pos type="NN"/>
                    <lemma type="milk"/>
                    <dep head="14-10" type="prep"/>
                </token>
                <token content="." id="14-16"/>
            </sentence>
            <sentence id="15">
                <token content="It" id="15-1">
                    <pos type="PRP"/>
                    <lemma type="it"/>
                </token>
                <token content="was" id="15-2">
                    <pos type="VBD"/>
                    <lemma type="be"/>
                </token>
                <token content="pretty" id="15-3">
                    <pos type="RB"/>
                    <lemma type="pretty"/>
                </token>
                <token content="tasty" id="15-4">
                    <pos type="JJ"/>
                    <lemma type="tasty"/>
                </token>
                <token content="." id="15-5"/>
            </sentence>
            <sentence id="16">
                <token content="So" id="16-1">
                    <pos type="RB"/>
                    <lemma type="so"/>
                    <dep head="16-6" type="advmod"/>
                </token>
                <token content="," id="16-2"/>
                <token content="next" id="16-3">
                    <pos type="RB"/>
                    <lemma type="next"/>
                    <dep head="16-6" type="advmod"/>
                </token>
                <token content="," id="16-4"/>
                <token content="I" id="16-5">
                    <pos type="PRP"/>
                    <lemma type="I"/>
                    <dep head="16-6" type="nsubj"/>
                </token>
                <token content="got" id="16-6">
                    <pos type="VBD"/>
                    <lemma type="get"/>
                </token>
                <token content="the" id="16-7">
                    <pos type="DT"/>
                    <lemma type="the"/>
                </token>
                <token content="frosting" id="16-8">
                    <pos type="NN"/>
                    <lemma type="frosting"/>
                    <dep head="16-6" type="dobj"/>
                </token>
                <token content="and" id="16-9"/>
                <token content="put" id="16-10">
                    <pos type="VBD"/>
                    <lemma type="put"/>
                    <dep head="16-6" type="conj"/>
                </token>
                <token content="it" id="16-11">
                    <pos type="PRP"/>
                    <lemma type="it"/>
                    <dep head="16-10" type="dobj"/>
                </token>
                <token content="on" id="16-12"/>
                <token content="the" id="16-13">
                    <pos type="DT"/>
                    <lemma type="the"/>
                </token>
                <token content="first" id="16-14">
                    <pos type="JJ"/>
                    <lemma type="first"/>
                </token>
                <token content="layer" id="16-15">
                    <pos type="NN"/>
                    <lemma type="layer"/>
                    <dep head="16-10" type="prep"/>
                </token>
                <token content="," id="16-16"/>
                <token content="and" id="16-17"/>
                <token content="then" id="16-18">
                    <pos type="RB"/>
                    <lemma type="then"/>
                    <dep head="16-10" type="advmod"/>
                </token>
                <token content="on" id="16-19"/>
                <token content="the" id="16-20">
                    <pos type="DT"/>
                    <lemma type="the"/>
                </token>
                <token content="second" id="16-21">
                    <pos type="NN"/>
                    <lemma type="second"/>
                </token>
                <token content="." id="16-22"/>
            </sentence>
            <sentence id="17">
                <token content="I" id="17-1">
                    <pos type="PRP"/>
                    <lemma type="I"/>
                    <dep head="17-2" type="nsubj"/>
                </token>
                <token content="thought" id="17-2">
                    <pos type="VBD"/>
                    <lemma type="think"/>
                </token>
                <token content="it" id="17-3">
                    <pos type="PRP"/>
                    <lemma type="it"/>
                    <dep head="17-4" type="nsubj"/>
                </token>
                <token content="looked" id="17-4">
                    <pos type="VBD"/>
                    <lemma type="look"/>
                    <dep head="17-2" type="ccomp"/>
                </token>
                <token content="pretty" id="17-5">
                    <pos type="RB"/>
                    <lemma type="pretty"/>
                </token>
                <token content="good" id="17-6">
                    <pos type="JJ"/>
                    <lemma type="good"/>
                    <dep head="17-4" type="acomp"/>
                </token>
                <token content="." id="17-7"/>
            </sentence>
            <sentence id="18">
                <token content="I" id="18-1">
                    <pos type="PRP"/>
                    <lemma type="I"/>
                    <dep head="18-3" type="nsubj"/>
                </token>
                <token content="carefully" id="18-2">
                    <pos type="RB"/>
                    <lemma type="carefully"/>
                    <dep head="18-3" type="advmod"/>
                </token>
                <token content="chopped" id="18-3">
                    <pos type="VBD"/>
                    <lemma type="chop"/>
                </token>
                <token content="some" id="18-4">
                    <pos type="DT"/>
                    <lemma type="some"/>
                </token>
                <token content="oreos" id="18-5">
                    <pos type="NNS"/>
                    <lemma type="oreo"/>
                    <dep head="18-3" type="dobj"/>
                </token>
                <token content="up" id="18-6">
                    <pos type="RP"/>
                    <lemma type="up"/>
                    <dep head="18-3" type="prt"/>
                </token>
                <token content="and" id="18-7"/>
                <token content="sprinkled" id="18-8">
                    <pos type="VBD"/>
                    <lemma type="sprinkle"/>
                    <dep head="18-3" type="conj"/>
                </token>
                <token content="them" id="18-9">
                    <pos type="PRP"/>
                    <lemma type="they"/>
                    <dep head="18-8" type="dobj"/>
                </token>
                <token content="on" id="18-10"/>
                <token content="the" id="18-11">
                    <pos type="DT"/>
                    <lemma type="the"/>
                </token>
                <token content="top" id="18-12">
                    <pos type="NN"/>
                    <lemma type="top"/>
                    <dep head="18-8" type="prep"/>
                </token>
                <token content="of" id="18-13"/>
                <token content="the" id="18-14">
                    <pos type="DT"/>
                    <lemma type="the"/>
                </token>
                <token content="cake" id="18-15">
                    <pos type="NN"/>
                    <lemma type="cake"/>
                </token>
                <token content="." id="18-16"/>
            </sentence>
            <sentence id="19">
                <token content="To" id="19-1">
                    <pos type="TO"/>
                    <lemma type="to"/>
                    <dep head="19-3" type="aux"/>
                </token>
                <token content="further" id="19-2">
                    <pos type="RBR"/>
                    <lemma type="further"/>
                    <dep head="19-3" type="advmod"/>
                </token>
                <token content="top" id="19-3">
                    <pos type="VB"/>
                    <lemma type="top"/>
                    <dep head="19-8" type="advcl"/>
                </token>
                <token content="it" id="19-4">
                    <pos type="PRP"/>
                    <lemma type="it"/>
                    <dep head="19-3" type="dobj"/>
                </token>
                <token content="off" id="19-5">
                    <pos type="RP"/>
                    <lemma type="off"/>
                    <dep head="19-3" type="prt"/>
                </token>
                <token content="," id="19-6"/>
                <token content="I" id="19-7">
                    <pos type="PRP"/>
                    <lemma type="I"/>
                    <dep head="19-8" type="nsubj"/>
                </token>
                <token content="cut" id="19-8">
                    <pos type="VBD"/>
                    <lemma type="cut"/>
                </token>
                <token content="a" id="19-9">
                    <pos type="DT"/>
                    <lemma type="a"/>
                </token>
                <token content="few" id="19-10">
                    <pos type="JJ"/>
                    <lemma type="few"/>
                </token>
                <token content="cookies" id="19-11">
                    <pos type="NNS"/>
                    <lemma type="cookie"/>
                    <dep head="19-8" type="dobj"/>
                </token>
                <token content="in" id="19-12"/>
                <token content="half" id="19-13">
                    <pos type="NN"/>
                    <lemma type="half"/>
                    <dep head="19-8" type="prep"/>
                </token>
                <token content="and" id="19-14"/>
                <token content="stuck" id="19-15">
                    <pos type="VBD"/>
                    <lemma type="stick"/>
                    <dep head="19-8" type="conj"/>
                </token>
                <token content="them" id="19-16">
                    <pos type="PRP"/>
                    <lemma type="they"/>
                    <dep head="19-17" type="nsubj"/>
                </token>
                <token content="pointing" id="19-17">
                    <pos type="VBG"/>
                    <lemma type="point"/>
                    <dep head="19-15" type="dep"/>
                </token>
                <token content="up" id="19-18">
                    <pos type="RP"/>
                    <lemma type="up"/>
                    <dep head="19-17" type="prt"/>
                </token>
                <token content="in" id="19-19"/>
                <token content="a" id="19-20">
                    <pos type="DT"/>
                    <lemma type="a"/>
                </token>
                <token content="circle" id="19-21">
                    <pos type="NN"/>
                    <lemma type="circle"/>
                    <dep head="19-17" type="prep"/>
                </token>
                <token content="around" id="19-22"/>
                <token content="the" id="19-23">
                    <pos type="DT"/>
                    <lemma type="the"/>
                </token>
                <token content="outside" id="19-24">
                    <pos type="NN"/>
                    <lemma type="outside"/>
                </token>
                <token content="of" id="19-25"/>
                <token content="the" id="19-26">
                    <pos type="DT"/>
                    <lemma type="the"/>
                </token>
                <token content="cake" id="19-27">
                    <pos type="NN"/>
                    <lemma type="cake"/>
                </token>
                <token content="." id="19-28"/>
            </sentence>
            <sentence id="20">
                <token content="It" id="20-1">
                    <pos type="PRP"/>
                    <lemma type="it"/>
                    <dep head="20-2" type="nsubj"/>
                </token>
                <token content="looked" id="20-2">
                    <pos type="VBD"/>
                    <lemma type="look"/>
                </token>
                <token content="really" id="20-3">
                    <pos type="RB"/>
                    <lemma type="really"/>
                </token>
                <token content="good" id="20-4">
                    <pos type="JJ"/>
                    <lemma type="good"/>
                    <dep head="20-2" type="acomp"/>
                </token>
                <token content="." id="20-5"/>
            </sentence>
            <sentence id="21">
                <token content="My" id="21-1">
                    <pos type="PRP$"/>
                    <lemma type="my"/>
                </token>
                <token content="wife" id="21-2">
                    <pos type="NN"/>
                    <lemma type="wife"/>
                </token>
                <token content="was" id="21-3">
                    <pos type="VBD"/>
                    <lemma type="be"/>
                </token>
                <token content="really" id="21-4">
                    <pos type="RB"/>
                    <lemma type="really"/>
                </token>
                <token content="surprised" id="21-5">
                    <pos type="JJ"/>
                    <lemma type="surprised"/>
                </token>
                <token content="that" id="21-6">
                    <pos type="IN"/>
                    <lemma type="that"/>
                    <dep head="21-9" type="mark"/>
                </token>
                <token content="I" id="21-7">
                    <pos type="PRP"/>
                    <lemma type="I"/>
                    <dep head="21-9" type="nsubj"/>
                </token>
                <token content="had" id="21-8">
                    <pos type="VBD"/>
                    <lemma type="have"/>
                    <dep head="21-9" type="aux"/>
                </token>
                <token content="made" id="21-9">
                    <pos type="VBN"/>
                    <lemma type="make"/>
                </token>
                <token content="it" id="21-10">
                    <pos type="PRP"/>
                    <lemma type="it"/>
                </token>
                <token content="myself" id="21-11">
                    <pos type="PRP"/>
                    <lemma type="myself"/>
                    <dep head="21-9" type="xcomp"/>
                </token>
                <token content="." id="21-12"/>
            </sentence>
            <sentence id="22">
                <token content="My" id="22-1">
                    <pos type="PRP$"/>
                    <lemma type="my"/>
                </token>
                <token content="daughter" id="22-2">
                    <pos type="NN"/>
                    <lemma type="daughter"/>
                </token>
                <token content="was" id="22-3">
                    <pos type="VBD"/>
                    <lemma type="be"/>
                </token>
                <token content="really" id="22-4">
                    <pos type="RB"/>
                    <lemma type="really"/>
                </token>
                <token content="happy" id="22-5">
                    <pos type="JJ"/>
                    <lemma type="happy"/>
                </token>
                <token content="and" id="22-6"/>
                <token content="everyone" id="22-7">
                    <pos type="NN"/>
                    <lemma type="everyone"/>
                    <dep head="22-8" type="nsubj"/>
                </token>
                <token content="liked" id="22-8">
                    <pos type="VBD"/>
                    <lemma type="like"/>
                </token>
                <token content="the" id="22-9">
                    <pos type="DT"/>
                    <lemma type="the"/>
                </token>
                <token content="cake" id="22-10">
                    <pos type="NN"/>
                    <lemma type="cake"/>
                    <dep head="22-8" type="dobj"/>
                </token>
                <token content="." id="22-11"/>
            </sentence>
        </sentences>
    </text>
    <annotations>
        <participants>
            <label from="1-1" id="0" name="ScrPart_cook" text="I" type="participant"/>
            <label from="1-6" id="1" name="ScrPart_cake" text="cake" type="participant"/>
            <label from="1-8" id="2" name="ScrPart_cook" text="my" type="participant"/>
            <label from="1-9" id="3" name="ScrPart_beneficiary" text="daughter" type="participant"/>
            <label from="1-11" id="4" name="NPart" text="birthday" type="participant"/>
            <label from="2-1" id="5" name="ScrPart_cook" text="I" type="participant"/>
            <label from="2-6" id="6" name="ScrPart_store" text="grocery store" to="2-7" type="participant"/>
            <label from="2-7" id="7" name="ScrPart_store" text="store" type="participant"/>
            <label from="2-10" id="8" name="ScrPart_cake" text="one" type="participant"/>
            <label from="2-13" id="9" name="No_label" text="nothing" type="participant"/>
            <label from="2-18" id="10" name="ScrPart_cake" text="they" type="participant"/>
            <label from="2-24" id="11" name="ScrPart_cook" text="I" type="participant"/>
            <label from="3-1" id="12" name="ScrPart_cook" text="I" type="participant"/>
            <label from="3-4" id="13" name="ScrPart_cook" text="I" type="participant"/>
            <label from="3-9" id="14" name="ScrPart_cake" text="cake" type="participant"/>
            <label from="3-10" id="15" name="ScrPart_cook" text="myself" type="participant"/>
            <label from="4-1" id="16" name="ScrPart_cook" text="I" type="participant"/>
            <label from="4-4" id="17" name="ScrPart_cook" text="I" type="participant"/>
            <label from="4-7" id="18" name="NPart" text="cooking shows" to="4-8" type="participant"/>
            <label from="4-8" id="19" name="NPart" text="shows" type="participant"/>
            <label from="4-17" id="20" name="No_label" text="it" type="participant"/>
            <label from="5-1" id="21" name="ScrPart_cook" text="I" type="participant"/>
            <label from="5-4" id="22" name="NPart" text="Betty" type="participant"/>
            <label from="5-5" id="23" name="NPart" text="Crocker" type="participant"/>
            <label from="5-7" id="24" name="NPart" text="Chocolate" type="participant"/>
            <label from="5-8" id="25" name="NPart" text="Fudge" type="participant"/>
            <label from="5-9" id="26" name="ScrPart_ingredients" text="cake mix" to="5-10" type="participant"/>
            <label from="5-10" id="27" name="ScrPart_ingredients" text="mix" type="participant"/>
            <label from="5-12" id="28" name="ScrPart_cook" text="I" type="participant"/>
            <label from="5-14" id="29" name="ScrPart_ingredients" text="it" type="participant"/>
            <label from="6-1" id="30" name="ScrPart_cook" text="I" type="participant"/>
            <label from="6-5" id="31" name="ScrPart_ingredients" text="frosting" type="participant"/>
            <label from="6-9" id="32" name="NPart" text="Oreo" type="participant"/>
            <label from="6-10" id="33" name="ScrPart_decoration" text="frosting mix" to="6-11" type="participant"/>
            <label from="6-11" id="34" name="ScrPart_decoration" text="mix" type="participant"/>
            <label from="6-14" id="35" name="ScrPart_ingredients" text="it" type="participant"/>
            <label from="6-19" id="36" name="ScrPart_cook" text="my" type="participant"/>
            <label from="6-20" id="37" name="ScrPart_beneficiary" text="daughter" type="participant"/>
            <label from="6-22" id="38" name="ScrPart_decoration" text="Oreo cookies" to="6-23" type="participant"/>
            <label from="6-23" id="39" name="ScrPart_decoration" text="cookies" type="participant"/>
            <label from="7-3" id="40" name="ScrPart_cook" text="I" type="participant"/>
            <label from="7-6" id="41" name="Head_of_Partitive" text="box" type="participant"/>
            <label from="7-8" id="42" name="ScrPart_ingredients" text="Oreo cookies , some eggs , milk , and some oil" to="7-18" type="participant"/>
            <label from="7-8" id="43" name="ScrPart_ingredients" text="Oreo cookies" to="7-9" type="participant"/>
            <label from="7-9" id="44" name="ScrPart_ingredients" text="cookies" type="participant"/>
            <label from="7-12" id="45" name="ScrPart_ingredients" text="eggs" type="participant"/>
            <label from="7-14" id="46" name="ScrPart_ingredients" text="milk" type="participant"/>
            <label from="7-18" id="47" name="ScrPart_ingredients" text="oil" type="participant"/>
            <label from="8-1" id="48" name="ScrPart_cook" text="I" type="participant"/>
            <label from="8-6" id="49" name="ScrPart_cook" text="I" type="participant"/>
            <label from="8-10" id="50" name="ScrPart_ingredients" text="that" type="participant"/>
            <label from="8-12" id="51" name="ScrPart_kitchen/location" text="home" type="participant"/>
            <label from="8-15" id="52" name="ScrPart_cook" text="I" type="participant"/>
            <label from="8-17" id="53" name="ScrPart_ingredients" text="they" type="participant"/>
            <label from="8-22" id="54" name="No_label" text="waste" type="participant"/>
            <label from="9-1" id="55" name="ScrPart_cook" text="I" type="participant"/>
            <label from="9-3" id="56" name="ScrPart_kitchen/location" text="home" type="participant"/>
            <label from="9-6" id="57" name="ScrPart_ingredients" text="everything" type="participant"/>
            <label from="9-9" id="58" name="ScrPart_cake" text="it" type="participant"/>
            <label from="9-12" id="59" name="ScrPart_oven" text="oven" type="participant"/>
            <label from="10-1" id="60" name="ScrPart_cook" text="I" type="participant"/>
            <label from="10-4" id="61" name="ScrPart_cake" text="cake" type="participant"/>
            <label from="10-7" id="62" name="ScrPart_cake" text="it" type="participant"/>
            <label from="10-11" id="63" name="ScrPart_oven" text="oven" type="participant"/>
            <label from="10-14" id="64" name="ScrPart_utensil" text="toothpick" type="participant"/>
            <label from="11-5" id="65" name="ScrPart_cook" text="I" type="participant"/>
            <label from="11-8" id="66" name="ScrPart_cake" text="cake" type="participant"/>
            <label from="12-1" id="67" name="ScrPart_cook" text="I" type="participant"/>
            <label from="12-5" id="68" name="ScrPart_ingredients" text="cake mix" to="12-6" type="participant"/>
            <label from="12-6" id="69" name="ScrPart_ingredients" text="mix" type="participant"/>
            <label from="12-9" id="70" name="ScrPart_cake_tin" text="baking pans" to="12-10" type="participant"/>
            <label from="12-10" id="71" name="ScrPart_cake_tin" text="pans" type="participant"/>
            <label from="12-12" id="72" name="ScrPart_cook" text="my" type="participant"/>
            <label from="12-13" id="73" name="NPart" text="plan" type="participant"/>
            <label from="12-20" id="74" name="ScrPart_cake" text="cake" type="participant"/>
            <label from="13-1" id="75" name="ScrPart_cook" text="I" type="participant"/>
            <label from="13-5" id="76" name="NPart" text="cooking show" to="13-6" type="participant"/>
            <label from="13-6" id="77" name="NPart" text="show" type="participant"/>
            <label from="13-8" id="78" name="ScrPart_cook" text="you" type="participant"/>
            <label from="13-14" id="79" name="ScrPart_other" text="top" type="participant"/>
            <label from="13-19" id="80" name="ScrPart_cake" text="cakes" type="participant"/>
            <label from="13-23" id="81" name="ScrPart_other" text="top" type="participant"/>
            <label from="14-1" id="82" name="ScrPart_cook" text="I" type="participant"/>
            <label from="14-9" id="83" name="ScrPart_cook" text="I" type="participant"/>
            <label from="14-12" id="84" name="ScrPart_cake" text="cake" type="participant"/>
            <label from="14-15" id="85" name="ScrPart_ingredients" text="milk" type="participant"/>
            <label from="15-1" id="86" name="ScrPart_cake" text="It" type="participant"/>
            <label from="16-5" id="87" name="ScrPart_cook" text="I" type="participant"/>
            <label from="16-8" id="88" name="ScrPart_decoration" text="frosting" type="participant"/>
            <label from="16-11" id="89" name="ScrPart_decoration" text="it" type="participant"/>
            <label from="16-15" id="90" name="ScrPart_other" text="layer" type="participant"/>
            <label from="17-1" id="91" name="ScrPart_cook" text="I" type="participant"/>
            <label from="17-3" id="92" name="ScrPart_cake" text="it" type="participant"/>
            <label from="18-1" id="93" name="ScrPart_cook" text="I" type="participant"/>
            <label from="18-5" id="94" name="ScrPart_decoration" text="oreos" type="participant"/>
            <label from="18-9" id="95" name="ScrPart_decoration" text="them" type="participant"/>
            <label from="18-12" id="96" name="ScrPart_other" text="top" type="participant"/>
            <label from="18-15" id="97" name="ScrPart_cake" text="cake" type="participant"/>
            <label from="19-4" id="98" name="ScrPart_cake" text="it" type="participant"/>
            <label from="19-7" id="99" name="ScrPart_cook" text="I" type="participant"/>
            <label from="19-11" id="100" name="ScrPart_decoration" text="cookies" type="participant"/>
            <label from="19-13" id="101" name="No_label" text="half" type="participant"/>
            <label from="19-16" id="102" name="ScrPart_decoration" text="them" type="participant"/>
            <label from="19-21" id="103" name="NPart" text="circle" type="participant"/>
            <label from="19-24" id="104" name="NPart" text="outside" type="participant"/>
            <label from="19-27" id="105" name="ScrPart_cake" text="cake" type="participant"/>
            <label from="20-1" id="106" name="ScrPart_cake" text="It" type="participant"/>
            <label from="21-1" id="107" name="ScrPart_cook" text="My" type="participant"/>
            <label from="21-2" id="108" name="NPart" text="wife" type="participant"/>
            <label from="21-7" id="109" name="ScrPart_cook" text="I" type="participant"/>
            <label from="21-10" id="110" name="ScrPart_cake" text="it" type="participant"/>
            <label from="21-11" id="111" name="ScrPart_cook" text="myself" type="participant"/>
            <label from="22-1" id="112" name="ScrPart_cook" text="My" type="participant"/>
            <label from="22-2" id="113" name="ScrPart_beneficiary" text="daughter" type="participant"/>
            <label from="22-7" id="114" name="ScrPart_beneficiary" text="everyone" type="participant"/>
            <label from="22-10" id="115" name="ScrPart_cake" text="cake" type="participant"/>
        </participants>
        <events>
            <label from="1-2" id="116" name="UnrelEv" text="decided" type="event"/>
            <label from="1-4" id="117" name="Evoking" text="bake a cake" to="1-6" type="event"/>
            <label from="2-3" id="118" name="RelNScrEv" text="gone" type="event"/>
            <label from="2-9" id="119" name="UnrelEv" text="buy" type="event"/>
            <label from="2-14" id="120" name="UnrelEv" text="looked" type="event"/>
            <label from="2-19" id="121" name="UnrelEv" text="were" type="event"/>
            <label from="2-26" id="122" name="UnrelEv" text="getting" type="event"/>
            <label from="3-2" id="123" name="UnrelEv" text="figured" type="event"/>
            <label from="3-6" id="124" name="Evoking" text="make a better cake" to="3-9" type="event"/>
            <label from="4-2" id="125" name="UnrelEv" text="figured" type="event"/>
            <label from="4-6" id="126" name="UnrelEv" text="seen" type="event"/>
            <label from="4-10" id="127" name="UnrelEv" text="said" type="event"/>
            <label from="4-18" id="128" name="UnrelEv" text="be" type="event"/>
            <label from="5-2" id="129" name="ScrEv_get_ingredients" text="bought" type="event"/>
            <label from="5-13" id="130" name="UnrelEv" text="thought" type="event"/>
            <label from="5-15" id="131" name="UnrelEv" text="looked" type="event"/>
            <label from="6-2" id="132" name="UnrelEv" text="went" type="event"/>
            <label from="6-7" id="133" name="ScrEv_get_ingredients" text="found" type="event"/>
            <label from="6-13" id="134" name="UnrelEv" text="thought" type="event"/>
            <label from="6-16" id="135" name="UnrelEv" text="be" type="event"/>
            <label from="6-21" id="136" name="UnrelEv" text="loves" type="event"/>
            <label from="7-4" id="137" name="ScrEv_get_ingredients" text="grabbed" type="event"/>
            <label from="8-4" id="138" name="UnrelEv" text="know" type="event"/>
            <label from="8-7" id="139" name="UnrelEv" text="had" type="event"/>
            <label from="8-16" id="140" name="UnrelEv" text="figured" type="event"/>
            <label from="8-20" id="141" name="UnrelEv" text="go" type="event"/>
            <label from="9-2" id="142" name="ScrEv_other" text="came" type="event"/>
            <label from="9-5" id="143" name="ScrEv_make_dough" text="mixed" type="event"/>
            <label from="9-8" id="144" name="ScrEv_put_cake_oven" text="put" type="event"/>
            <label from="10-2" id="145" name="ScrEv_check" text="tested" type="event"/>
            <label from="10-6" id="146" name="ScrEv_take_out_oven" text="taking" type="event"/>
            <label from="11-1" id="147" name="RelNScrEv" text="Coming out" to="11-2" type="event"/>
            <label from="11-1" id="148" name="RelNScrEv" text="Coming" type="event"/>
            <label from="11-6" id="149" name="UnrelEv" text="decided" type="event"/>
            <label from="11-10" id="150" name="RelNScrEv" text="done" type="event"/>
            <label from="12-3" id="151" name="ScrEv_pour_dough" text="pour" type="event"/>
            <label from="12-9" id="152" name="RelNScrEv" text="baking" type="event"/>
            <label from="12-14" id="153" name="UnrelEv" text="was" type="event"/>
            <label from="12-19" id="154" name="RelNScrEv" text="layered" type="event"/>
            <label from="13-10" id="155" name="UnrelEv" text="supposed to" to="13-11" type="event"/>
            <label from="13-10" id="156" name="UnrelEv" text="supposed" type="event"/>
            <label from="13-12" id="157" name="RelNScrEv" text="cut" type="event"/>
            <label from="13-24" id="158" name="UnrelEv" text="was" type="event"/>
            <label from="14-2" id="159" name="UnrelEv" text="managed to" to="14-3" type="event"/>
            <label from="14-2" id="160" name="UnrelEv" text="managed" type="event"/>
            <label from="14-4" id="161" name="ScrEv_other" text="do" type="event"/>
            <label from="14-10" id="162" name="ScrEv_eat" text="ate" type="event"/>
            <label from="15-2" id="163" name="UnrelEv" text="was" type="event"/>
            <label from="16-6" id="164" name="ScrEv_get_ingredients" text="got" type="event"/>
            <label from="16-10" id="165" name="ScrEv_decorate" text="put" type="event"/>
            <label from="17-4" id="166" name="UnrelEv" text="looked" type="event"/>
            <label from="18-3" id="167" name="ScrEv_prepare_ingredients" text="chopped" type="event"/>
            <label from="18-8" id="168" name="ScrEv_decorate" text="sprinkled" type="event"/>
            <label from="19-3" id="169" name="RelNScrEv" text="top" type="event"/>
            <label from="19-8" id="170" name="ScrEv_prepare_ingredients" text="cut" type="event"/>
            <label from="19-15" id="171" name="ScrEv_decorate" text="stuck" type="event"/>
            <label from="19-17" id="172" name="UnrelEv" text="pointing up" to="19-18" type="event"/>
            <label from="19-17" id="173" name="UnrelEv" text="pointing" type="event"/>
            <label from="20-2" id="174" name="UnrelEv" text="looked" type="event"/>
            <label from="21-3" id="175" name="UnrelEv" text="was" type="event"/>
            <label from="21-5" id="176" name="UnrelEv" text="surprised" type="event"/>
            <label from="21-9" id="177" name="RelNScrEv" text="made" type="event"/>
            <label from="22-3" id="178" name="UnrelEv" text="was" type="event"/>
            <label from="22-8" id="179" name="UnrelEv" text="liked" type="event"/>
        </events>
        <chains>
            <chain elements="0 2 5 11 12 13 15 16 17 21 30 40 48 49 52 55 60 65 67 72 75 78 82 83 87 91 93 99 107 111 112"/>
            <chain elements="1 8 10 14 58 61 62 66 74 80 84 86 92 97 98 105"/>
            <chain elements="27 29 69"/>
            <chain elements="34 35"/>
            <chain elements="3 37 113"/>
            <chain elements="39 44 94 100 102"/>
            <chain elements="42 50 53"/>
            <chain elements="59 63"/>
            <chain elements="79 81 96"/>
            <chain elements="46 85"/>
            <chain elements="31 88 89"/>
            <chain elements="106 110 115"/>
        </chains>
    </annotations>
</story>
