<?xml version="1.0" encoding="UTF-8" standalone="no"?>
<!DOCTYPE story SYSTEM "../InScript.dtd">
<story id="081" scenario="cake">
    <text>
        <content>When I bake a cake , it is usually for a birthday . 
When I am baking a cake , I find a good recipe online with good reviews and make sure that I have all of the ingredients needed . 
I take all of the ingredients out and then I preheat the oven . 
I find the appropriate pans needed and make sure they are clean . 
Then I grease and flour the pans and add parchment paper to the bottom . 
Next , I will measure and combine all of the dry ingredients , sifting if necessary . 
Then I combine the wet ingredients after measuring them and wisk together . 
Lastly , I combine the wet and dry gently and stir as little as possible before pouring into the pans and placing into the oven , taking note of the time I need to take them back out . 
Once baked , I will cool the cakes and frost , either with canned frosting or homemade frosting . 
At the very end I will decorate the cake since it is probably for a birthday . </content>
        <sentences>
            <sentence id="1">
                <token content="When" id="1-1">
                    <pos type="WRB"/>
                    <lemma type="when"/>
                    <dep head="1-3" type="advmod"/>
                </token>
                <token content="I" id="1-2">
                    <pos type="PRP"/>
                    <lemma type="I"/>
                    <dep head="1-3" type="nsubj"/>
                </token>
                <token content="bake" id="1-3">
                    <pos type="VBP"/>
                    <lemma type="bake"/>
                    <dep head="1-8" type="advcl"/>
                </token>
                <token content="a" id="1-4">
                    <pos type="DT"/>
                    <lemma type="a"/>
                </token>
                <token content="cake" id="1-5">
                    <pos type="NN"/>
                    <lemma type="cake"/>
                    <dep head="1-3" type="dobj"/>
                </token>
                <token content="," id="1-6"/>
                <token content="it" id="1-7">
                    <pos type="PRP"/>
                    <lemma type="it"/>
                    <dep head="1-8" type="nsubj"/>
                </token>
                <token content="is" id="1-8">
                    <pos type="VBZ"/>
                    <lemma type="be"/>
                </token>
                <token content="usually" id="1-9">
                    <pos type="RB"/>
                    <lemma type="usually"/>
                    <dep head="1-8" type="advmod"/>
                </token>
                <token content="for" id="1-10"/>
                <token content="a" id="1-11">
                    <pos type="DT"/>
                    <lemma type="a"/>
                </token>
                <token content="birthday" id="1-12">
                    <pos type="NN"/>
                    <lemma type="birthday"/>
                    <dep head="1-8" type="prep"/>
                </token>
                <token content="." id="1-13"/>
            </sentence>
            <sentence id="2">
                <token content="When" id="2-1">
                    <pos type="WRB"/>
                    <lemma type="when"/>
                    <dep head="2-4" type="advmod"/>
                </token>
                <token content="I" id="2-2">
                    <pos type="PRP"/>
                    <lemma type="I"/>
                    <dep head="2-4" type="nsubj"/>
                </token>
                <token content="am" id="2-3">
                    <pos type="VBP"/>
                    <lemma type="be"/>
                    <dep head="2-4" type="aux"/>
                </token>
                <token content="baking" id="2-4">
                    <pos type="VBG"/>
                    <lemma type="bake"/>
                    <dep head="2-9" type="advcl"/>
                </token>
                <token content="a" id="2-5">
                    <pos type="DT"/>
                    <lemma type="a"/>
                </token>
                <token content="cake" id="2-6">
                    <pos type="NN"/>
                    <lemma type="cake"/>
                    <dep head="2-4" type="dobj"/>
                </token>
                <token content="," id="2-7"/>
                <token content="I" id="2-8">
                    <pos type="PRP"/>
                    <lemma type="I"/>
                    <dep head="2-9" type="nsubj"/>
                </token>
                <token content="find" id="2-9">
                    <pos type="VB"/>
                    <lemma type="find"/>
                </token>
                <token content="a" id="2-10">
                    <pos type="DT"/>
                    <lemma type="a"/>
                </token>
                <token content="good" id="2-11">
                    <pos type="JJ"/>
                    <lemma type="good"/>
                </token>
                <token content="recipe" id="2-12">
                    <pos type="NN"/>
                    <lemma type="recipe"/>
                    <dep head="2-9" type="dobj"/>
                </token>
                <token content="online" id="2-13">
                    <pos type="NN"/>
                    <lemma type="online"/>
                    <dep head="2-9" type="dep"/>
                </token>
                <token content="with" id="2-14"/>
                <token content="good" id="2-15">
                    <pos type="JJ"/>
                    <lemma type="good"/>
                </token>
                <token content="reviews" id="2-16">
                    <pos type="NNS"/>
                    <lemma type="review"/>
                    <dep head="2-9" type="prep"/>
                </token>
                <token content="and" id="2-17"/>
                <token content="make" id="2-18">
                    <pos type="VB"/>
                    <lemma type="make"/>
                    <dep head="2-9" type="conj"/>
                </token>
                <token content="sure" id="2-19">
                    <pos type="JJ"/>
                    <lemma type="sure"/>
                    <dep head="2-18" type="acomp"/>
                </token>
                <token content="that" id="2-20">
                    <pos type="IN"/>
                    <lemma type="that"/>
                    <dep head="2-22" type="mark"/>
                </token>
                <token content="I" id="2-21">
                    <pos type="PRP"/>
                    <lemma type="I"/>
                    <dep head="2-22" type="nsubj"/>
                </token>
                <token content="have" id="2-22">
                    <pos type="VBP"/>
                    <lemma type="have"/>
                    <dep head="2-18" type="ccomp"/>
                </token>
                <token content="all" id="2-23">
                    <pos type="DT"/>
                    <lemma type="all"/>
                    <dep head="2-22" type="dobj"/>
                </token>
                <token content="of" id="2-24"/>
                <token content="the" id="2-25">
                    <pos type="DT"/>
                    <lemma type="the"/>
                </token>
                <token content="ingredients" id="2-26">
                    <pos type="NNS"/>
                    <lemma type="ingredient"/>
                </token>
                <token content="needed" id="2-27">
                    <pos type="VBN"/>
                    <lemma type="need"/>
                </token>
                <token content="." id="2-28"/>
            </sentence>
            <sentence id="3">
                <token content="I" id="3-1">
                    <pos type="PRP"/>
                    <lemma type="I"/>
                    <dep head="3-2" type="nsubj"/>
                </token>
                <token content="take" id="3-2">
                    <pos type="VBP"/>
                    <lemma type="take"/>
                </token>
                <token content="all" id="3-3">
                    <pos type="DT"/>
                    <lemma type="all"/>
                    <dep head="3-2" type="dobj"/>
                </token>
                <token content="of" id="3-4"/>
                <token content="the" id="3-5">
                    <pos type="DT"/>
                    <lemma type="the"/>
                </token>
                <token content="ingredients" id="3-6">
                    <pos type="NNS"/>
                    <lemma type="ingredient"/>
                </token>
                <token content="out" id="3-7">
                    <pos type="RP"/>
                    <lemma type="out"/>
                    <dep head="3-2" type="prt"/>
                </token>
                <token content="and" id="3-8"/>
                <token content="then" id="3-9">
                    <pos type="RB"/>
                    <lemma type="then"/>
                    <dep head="3-11" type="advmod"/>
                </token>
                <token content="I" id="3-10">
                    <pos type="PRP"/>
                    <lemma type="I"/>
                    <dep head="3-11" type="nsubj"/>
                </token>
                <token content="preheat" id="3-11">
                    <pos type="VBP"/>
                    <lemma type="preheat"/>
                    <dep head="3-2" type="conj"/>
                </token>
                <token content="the" id="3-12">
                    <pos type="DT"/>
                    <lemma type="the"/>
                </token>
                <token content="oven" id="3-13">
                    <pos type="NN"/>
                    <lemma type="oven"/>
                    <dep head="3-11" type="dobj"/>
                </token>
                <token content="." id="3-14"/>
            </sentence>
            <sentence id="4">
                <token content="I" id="4-1">
                    <pos type="PRP"/>
                    <lemma type="I"/>
                    <dep head="4-2" type="nsubj"/>
                </token>
                <token content="find" id="4-2">
                    <pos type="VBP"/>
                    <lemma type="find"/>
                </token>
                <token content="the" id="4-3">
                    <pos type="DT"/>
                    <lemma type="the"/>
                </token>
                <token content="appropriate" id="4-4">
                    <pos type="JJ"/>
                    <lemma type="appropriate"/>
                </token>
                <token content="pans" id="4-5">
                    <pos type="NNS"/>
                    <lemma type="pan"/>
                    <dep head="4-6" type="nsubj"/>
                </token>
                <token content="needed" id="4-6">
                    <pos type="VBD"/>
                    <lemma type="need"/>
                    <dep head="4-2" type="ccomp"/>
                </token>
                <token content="and" id="4-7"/>
                <token content="make" id="4-8">
                    <pos type="VBP"/>
                    <lemma type="make"/>
                    <dep head="4-6" type="conj"/>
                </token>
                <token content="sure" id="4-9">
                    <pos type="JJ"/>
                    <lemma type="sure"/>
                    <dep head="4-8" type="acomp"/>
                </token>
                <token content="they" id="4-10">
                    <pos type="PRP"/>
                    <lemma type="they"/>
                </token>
                <token content="are" id="4-11">
                    <pos type="VBP"/>
                    <lemma type="be"/>
                </token>
                <token content="clean" id="4-12">
                    <pos type="JJ"/>
                    <lemma type="clean"/>
                </token>
                <token content="." id="4-13"/>
            </sentence>
            <sentence id="5">
                <token content="Then" id="5-1">
                    <pos type="RB"/>
                    <lemma type="then"/>
                    <dep head="5-3" type="advmod"/>
                </token>
                <token content="I" id="5-2">
                    <pos type="PRP"/>
                    <lemma type="I"/>
                    <dep head="5-3" type="nsubj"/>
                </token>
                <token content="grease" id="5-3">
                    <pos type="VBZ"/>
                    <lemma type="grease"/>
                </token>
                <token content="and" id="5-4"/>
                <token content="flour" id="5-5">
                    <pos type="VB"/>
                    <lemma type="flour"/>
                    <dep head="5-3" type="conj"/>
                </token>
                <token content="the" id="5-6">
                    <pos type="DT"/>
                    <lemma type="the"/>
                </token>
                <token content="pans" id="5-7">
                    <pos type="NNS"/>
                    <lemma type="pan"/>
                    <dep head="5-5" type="dobj"/>
                </token>
                <token content="and" id="5-8"/>
                <token content="add" id="5-9">
                    <pos type="VB"/>
                    <lemma type="add"/>
                    <dep head="5-5" type="conj"/>
                </token>
                <token content="parchment" id="5-10">
                    <pos type="JJ"/>
                    <lemma type="parchment"/>
                </token>
                <token content="paper" id="5-11">
                    <pos type="NN"/>
                    <lemma type="paper"/>
                    <dep head="5-9" type="dobj"/>
                </token>
                <token content="to" id="5-12"/>
                <token content="the" id="5-13">
                    <pos type="DT"/>
                    <lemma type="the"/>
                </token>
                <token content="bottom" id="5-14">
                    <pos type="NN"/>
                    <lemma type="bottom"/>
                    <dep head="5-9" type="prep"/>
                </token>
                <token content="." id="5-15"/>
            </sentence>
            <sentence id="6">
                <token content="Next" id="6-1">
                    <pos type="RB"/>
                    <lemma type="next"/>
                    <dep head="6-5" type="advmod"/>
                </token>
                <token content="," id="6-2"/>
                <token content="I" id="6-3">
                    <pos type="PRP"/>
                    <lemma type="I"/>
                    <dep head="6-5" type="nsubj"/>
                </token>
                <token content="will" id="6-4">
                    <pos type="MD"/>
                    <lemma type="will"/>
                    <dep head="6-5" type="aux"/>
                </token>
                <token content="measure" id="6-5">
                    <pos type="VB"/>
                    <lemma type="measure"/>
                </token>
                <token content="and" id="6-6"/>
                <token content="combine" id="6-7">
                    <pos type="VB"/>
                    <lemma type="combine"/>
                    <dep head="6-5" type="conj"/>
                </token>
                <token content="all" id="6-8">
                    <pos type="DT"/>
                    <lemma type="all"/>
                    <dep head="6-5" type="dobj"/>
                </token>
                <token content="of" id="6-9"/>
                <token content="the" id="6-10">
                    <pos type="DT"/>
                    <lemma type="the"/>
                </token>
                <token content="dry" id="6-11">
                    <pos type="JJ"/>
                    <lemma type="dry"/>
                </token>
                <token content="ingredients" id="6-12">
                    <pos type="NNS"/>
                    <lemma type="ingredient"/>
                </token>
                <token content="," id="6-13"/>
                <token content="sifting" id="6-14">
                    <pos type="VBG"/>
                    <lemma type="sift"/>
                </token>
                <token content="if" id="6-15">
                    <pos type="IN"/>
                    <lemma type="if"/>
                </token>
                <token content="necessary" id="6-16">
                    <pos type="JJ"/>
                    <lemma type="necessary"/>
                    <dep head="6-14" type="advcl"/>
                </token>
                <token content="." id="6-17"/>
            </sentence>
            <sentence id="7">
                <token content="Then" id="7-1">
                    <pos type="RB"/>
                    <lemma type="then"/>
                    <dep head="7-3" type="advmod"/>
                </token>
                <token content="I" id="7-2">
                    <pos type="PRP"/>
                    <lemma type="I"/>
                    <dep head="7-3" type="nsubj"/>
                </token>
                <token content="combine" id="7-3">
                    <pos type="VBP"/>
                    <lemma type="combine"/>
                </token>
                <token content="the" id="7-4">
                    <pos type="DT"/>
                    <lemma type="the"/>
                </token>
                <token content="wet" id="7-5">
                    <pos type="JJ"/>
                    <lemma type="wet"/>
                </token>
                <token content="ingredients" id="7-6">
                    <pos type="NNS"/>
                    <lemma type="ingredient"/>
                    <dep head="7-3" type="dobj"/>
                </token>
                <token content="after" id="7-7"/>
                <token content="measuring" id="7-8">
                    <pos type="VBG"/>
                    <lemma type="measure"/>
                    <dep head="7-3" type="prepc"/>
                </token>
                <token content="them" id="7-9">
                    <pos type="PRP"/>
                    <lemma type="they"/>
                    <dep head="7-8" type="dobj"/>
                </token>
                <token content="and" id="7-10"/>
                <token content="wisk" id="7-11">
                    <pos type="VBP"/>
                    <lemma type="wisk"/>
                    <dep head="7-3" type="conj"/>
                </token>
                <token content="together" id="7-12">
                    <pos type="RB"/>
                    <lemma type="together"/>
                    <dep head="7-11" type="advmod"/>
                </token>
                <token content="." id="7-13"/>
            </sentence>
            <sentence id="8">
                <token content="Lastly" id="8-1">
                    <pos type="RB"/>
                    <lemma type="lastly"/>
                    <dep head="8-4" type="advmod"/>
                </token>
                <token content="," id="8-2"/>
                <token content="I" id="8-3">
                    <pos type="PRP"/>
                    <lemma type="I"/>
                    <dep head="8-4" type="nsubj"/>
                </token>
                <token content="combine" id="8-4">
                    <pos type="VB"/>
                    <lemma type="combine"/>
                </token>
                <token content="the" id="8-5">
                    <pos type="DT"/>
                    <lemma type="the"/>
                </token>
                <token content="wet" id="8-6">
                    <pos type="JJ"/>
                    <lemma type="wet"/>
                </token>
                <token content="and" id="8-7"/>
                <token content="dry" id="8-8">
                    <pos type="JJ"/>
                    <lemma type="dry"/>
                </token>
                <token content="gently" id="8-9">
                    <pos type="NN"/>
                    <lemma type="gently"/>
                    <dep head="8-4" type="dobj"/>
                </token>
                <token content="and" id="8-10"/>
                <token content="stir" id="8-11">
                    <pos type="VB"/>
                    <lemma type="stir"/>
                    <dep head="8-4" type="conj"/>
                </token>
                <token content="as" id="8-12">
                    <pos type="IN"/>
                    <lemma type="as"/>
                    <dep head="8-11" type="prep"/>
                </token>
                <token content="little" id="8-13">
                    <pos type="RB"/>
                    <lemma type="little"/>
                </token>
                <token content="as" id="8-14">
                    <pos type="IN"/>
                    <lemma type="as"/>
                    <dep head="8-33" type="mark"/>
                </token>
                <token content="possible" id="8-15">
                    <pos type="RB"/>
                    <lemma type="possible"/>
                    <dep head="8-33" type="advmod"/>
                </token>
                <token content="before" id="8-16"/>
                <token content="pouring" id="8-17">
                    <pos type="VBG"/>
                    <lemma type="pour"/>
                    <dep head="8-33" type="prepc"/>
                </token>
                <token content="into" id="8-18"/>
                <token content="the" id="8-19">
                    <pos type="DT"/>
                    <lemma type="the"/>
                </token>
                <token content="pans" id="8-20">
                    <pos type="NNS"/>
                    <lemma type="pan"/>
                    <dep head="8-17" type="prep"/>
                </token>
                <token content="and" id="8-21"/>
                <token content="placing" id="8-22">
                    <pos type="VBG"/>
                    <lemma type="place"/>
                    <dep head="8-17" type="conj"/>
                </token>
                <token content="into" id="8-23"/>
                <token content="the" id="8-24">
                    <pos type="DT"/>
                    <lemma type="the"/>
                </token>
                <token content="oven" id="8-25">
                    <pos type="NN"/>
                    <lemma type="oven"/>
                    <dep head="8-22" type="prep"/>
                </token>
                <token content="," id="8-26"/>
                <token content="taking" id="8-27">
                    <pos type="VBG"/>
                    <lemma type="take"/>
                    <dep head="8-22" type="vmod"/>
                </token>
                <token content="note" id="8-28">
                    <pos type="NN"/>
                    <lemma type="note"/>
                    <dep head="8-27" type="dobj"/>
                </token>
                <token content="of" id="8-29"/>
                <token content="the" id="8-30">
                    <pos type="DT"/>
                    <lemma type="the"/>
                </token>
                <token content="time" id="8-31">
                    <pos type="NN"/>
                    <lemma type="time"/>
                </token>
                <token content="I" id="8-32">
                    <pos type="PRP"/>
                    <lemma type="I"/>
                    <dep head="8-33" type="nsubj"/>
                </token>
                <token content="need" id="8-33">
                    <pos type="VBP"/>
                    <lemma type="need"/>
                    <dep head="8-11" type="advcl"/>
                </token>
                <token content="to" id="8-34">
                    <pos type="TO"/>
                    <lemma type="to"/>
                    <dep head="8-35" type="aux"/>
                </token>
                <token content="take" id="8-35">
                    <pos type="VB"/>
                    <lemma type="take"/>
                    <dep head="8-33" type="xcomp"/>
                </token>
                <token content="them" id="8-36">
                    <pos type="PRP"/>
                    <lemma type="they"/>
                    <dep head="8-35" type="dobj"/>
                </token>
                <token content="back" id="8-37">
                    <pos type="RB"/>
                    <lemma type="back"/>
                </token>
                <token content="out" id="8-38">
                    <pos type="RB"/>
                    <lemma type="out"/>
                    <dep head="8-35" type="advmod"/>
                </token>
                <token content="." id="8-39"/>
            </sentence>
            <sentence id="9">
                <token content="Once" id="9-1">
                    <pos type="RB"/>
                    <lemma type="once"/>
                    <dep head="9-6" type="advmod"/>
                </token>
                <token content="baked" id="9-2">
                    <pos type="VBG"/>
                    <lemma type="bake"/>
                </token>
                <token content="," id="9-3"/>
                <token content="I" id="9-4">
                    <pos type="PRP"/>
                    <lemma type="I"/>
                    <dep head="9-6" type="nsubj"/>
                </token>
                <token content="will" id="9-5">
                    <pos type="MD"/>
                    <lemma type="will"/>
                    <dep head="9-6" type="aux"/>
                </token>
                <token content="cool" id="9-6">
                    <pos type="VB"/>
                    <lemma type="cool"/>
                </token>
                <token content="the" id="9-7">
                    <pos type="DT"/>
                    <lemma type="the"/>
                </token>
                <token content="cakes" id="9-8">
                    <pos type="NNS"/>
                    <lemma type="cake"/>
                    <dep head="9-6" type="dobj"/>
                </token>
                <token content="and" id="9-9"/>
                <token content="frost" id="9-10">
                    <pos type="VB"/>
                    <lemma type="frost"/>
                    <dep head="9-6" type="conj"/>
                </token>
                <token content="," id="9-11"/>
                <token content="either" id="9-12">
                    <pos type="RB"/>
                    <lemma type="either"/>
                    <dep head="9-10" type="advmod"/>
                </token>
                <token content="with" id="9-13"/>
                <token content="canned" id="9-14">
                    <pos type="JJ"/>
                    <lemma type="canned"/>
                </token>
                <token content="frosting" id="9-15">
                    <pos type="NN"/>
                    <lemma type="frosting"/>
                    <dep head="9-10" type="prep"/>
                </token>
                <token content="or" id="9-16"/>
                <token content="homemade" id="9-17">
                    <pos type="NN"/>
                    <lemma type="homemade"/>
                </token>
                <token content="frosting" id="9-18">
                    <pos type="NN"/>
                    <lemma type="frosting"/>
                </token>
                <token content="." id="9-19"/>
            </sentence>
            <sentence id="10">
                <token content="At" id="10-1"/>
                <token content="the" id="10-2">
                    <pos type="DT"/>
                    <lemma type="the"/>
                </token>
                <token content="very" id="10-3">
                    <pos type="JJ"/>
                    <lemma type="very"/>
                </token>
                <token content="end" id="10-4">
                    <pos type="NN"/>
                    <lemma type="end"/>
                    <dep head="10-7" type="prep"/>
                </token>
                <token content="I" id="10-5">
                    <pos type="PRP"/>
                    <lemma type="I"/>
                    <dep head="10-7" type="nsubj"/>
                </token>
                <token content="will" id="10-6">
                    <pos type="MD"/>
                    <lemma type="will"/>
                    <dep head="10-7" type="aux"/>
                </token>
                <token content="decorate" id="10-7">
                    <pos type="VB"/>
                    <lemma type="decorate"/>
                </token>
                <token content="the" id="10-8">
                    <pos type="DT"/>
                    <lemma type="the"/>
                </token>
                <token content="cake" id="10-9">
                    <pos type="NN"/>
                    <lemma type="cake"/>
                    <dep head="10-7" type="dobj"/>
                </token>
                <token content="since" id="10-10">
                    <pos type="IN"/>
                    <lemma type="since"/>
                    <dep head="10-12" type="mark"/>
                </token>
                <token content="it" id="10-11">
                    <pos type="PRP"/>
                    <lemma type="it"/>
                    <dep head="10-12" type="nsubj"/>
                </token>
                <token content="is" id="10-12">
                    <pos type="VBZ"/>
                    <lemma type="be"/>
                    <dep head="10-7" type="advcl"/>
                </token>
                <token content="probably" id="10-13">
                    <pos type="RB"/>
                    <lemma type="probably"/>
                    <dep head="10-12" type="advmod"/>
                </token>
                <token content="for" id="10-14"/>
                <token content="a" id="10-15">
                    <pos type="DT"/>
                    <lemma type="a"/>
                </token>
                <token content="birthday" id="10-16">
                    <pos type="NN"/>
                    <lemma type="birthday"/>
                    <dep head="10-12" type="prep"/>
                </token>
                <token content="." id="10-17"/>
            </sentence>
        </sentences>
    </text>
    <annotations>
        <participants>
            <label from="1-2" id="0" name="ScrPart_cook" text="I" type="participant"/>
            <label from="1-5" id="1" name="ScrPart_cake" text="cake" type="participant"/>
            <label from="1-7" id="2" name="ScrPart_cake" text="it" type="participant"/>
            <label from="1-12" id="3" name="NPart" text="birthday" type="participant"/>
            <label from="2-2" id="4" name="ScrPart_cook" text="I" type="participant"/>
            <label from="2-6" id="5" name="ScrPart_cake" text="cake" type="participant"/>
            <label from="2-8" id="6" name="ScrPart_cook" text="I" type="participant"/>
            <label from="2-12" id="7" name="ScrPart_baking_instructions" text="recipe" type="participant"/>
            <label from="2-13" id="8" name="ScrPart_recipe_source" text="online" type="participant"/>
            <label from="2-16" id="9" name="NPart" text="reviews" type="participant"/>
            <label from="2-21" id="10" name="ScrPart_cook" text="I" type="participant"/>
            <label from="2-26" id="11" name="ScrPart_ingredients" text="ingredients" type="participant"/>
            <label from="3-1" id="12" name="ScrPart_cook" text="I" type="participant"/>
            <label from="3-6" id="13" name="ScrPart_ingredients" text="ingredients" type="participant"/>
            <label from="3-10" id="14" name="ScrPart_cook" text="I" type="participant"/>
            <label from="3-13" id="15" name="ScrPart_oven" text="oven" type="participant"/>
            <label from="4-1" id="16" name="ScrPart_cook" text="I" type="participant"/>
            <label from="4-5" id="17" name="ScrPart_cake_tin" text="pans" type="participant"/>
            <label from="4-10" id="18" name="ScrPart_cake_tin" text="they" type="participant"/>
            <label from="5-2" id="19" name="ScrPart_cook" text="I" type="participant"/>
            <label from="5-7" id="20" name="ScrPart_cake_tin" text="pans" type="participant"/>
            <label from="5-10" id="21" name="ScrPart_utensil" text="parchment paper" to="5-11" type="participant"/>
            <label from="5-11" id="22" name="ScrPart_utensil" text="paper" type="participant"/>
            <label from="5-14" id="23" name="NPart" text="bottom" type="participant"/>
            <label from="6-3" id="24" name="ScrPart_cook" text="I" type="participant"/>
            <label from="6-12" id="25" name="ScrPart_ingredients" text="ingredients" type="participant"/>
            <label from="7-2" id="26" name="ScrPart_cook" text="I" type="participant"/>
            <label from="7-6" id="27" name="ScrPart_ingredients" text="ingredients" type="participant"/>
            <label from="7-9" id="28" name="ScrPart_ingredients" text="them" type="participant"/>
            <label from="8-3" id="29" name="ScrPart_cook" text="I" type="participant"/>
            <label from="8-6" id="30" name="ScrPart_ingredients" text="wet" type="participant"/>
            <label from="8-8" id="31" name="ScrPart_ingredients" text="dry" type="participant"/>
            <label from="8-20" id="32" name="ScrPart_cake_tin" text="pans" type="participant"/>
            <label from="8-25" id="33" name="ScrPart_oven" text="oven" type="participant"/>
            <label from="8-28" id="34" name="SuppVComp" text="note" type="participant"/>
            <label from="8-31" id="35" name="ScrPart_time" text="time" type="participant"/>
            <label from="8-32" id="36" name="ScrPart_cook" text="I" type="participant"/>
            <label from="8-36" id="37" name="ScrPart_cake_tin" text="them" type="participant"/>
            <label from="9-4" id="38" name="ScrPart_cook" text="I" type="participant"/>
            <label from="9-8" id="39" name="ScrPart_cake" text="cakes" type="participant"/>
            <label from="9-15" id="40" name="ScrPart_ingredients" text="frosting" type="participant"/>
            <label from="9-17" id="41" name="No_label" text="homemade" type="participant"/>
            <label from="9-18" id="42" name="ScrPart_ingredients" text="frosting" type="participant"/>
            <label from="10-4" id="43" name="NPart" text="end" type="participant"/>
            <label from="10-5" id="44" name="ScrPart_cook" text="I" type="participant"/>
            <label from="10-9" id="45" name="ScrPart_cake" text="cake" type="participant"/>
            <label from="10-11" id="46" name="ScrPart_cake" text="it" type="participant"/>
            <label from="10-16" id="47" name="NPart" text="birthday" type="participant"/>
        </participants>
        <events>
            <label from="1-3" id="48" name="Evoking" text="bake a cake" to="1-5" type="event"/>
            <label from="1-8" id="49" name="UnrelEv" text="is" type="event"/>
            <label from="2-4" id="50" name="Evoking" text="baking a cake" to="2-6" type="event"/>
            <label from="2-9" id="51" name="ScrEv_choose_recipe" text="find" type="event"/>
            <label from="2-18" id="52" name="UnrelEv" text="make sure" to="2-19" type="event"/>
            <label from="2-18" id="53" name="UnrelEv" text="make" type="event"/>
            <label from="2-22" id="54" name="RelNScrEv" text="have" type="event"/>
            <label from="2-27" id="55" name="UnrelEv" text="needed" type="event"/>
            <label from="3-2" id="56" name="ScrEv_get_ingredients" text="take" type="event"/>
            <label from="3-11" id="57" name="ScrEv_preheat" text="preheat" type="event"/>
            <label from="4-2" id="58" name="ScrEv_get_utensils" text="find" type="event"/>
            <label from="4-6" id="59" name="UnrelEv" text="needed" type="event"/>
            <label from="4-8" id="60" name="RelNScrEv" text="make sure" to="4-9" type="event"/>
            <label from="4-8" id="61" name="RelNScrEv" text="make" type="event"/>
            <label from="4-11" id="62" name="UnrelEv" text="are" type="event"/>
            <label from="5-3" id="63" name="ScrEv_grease_cake_tin" text="grease" type="event"/>
            <label from="5-5" id="64" name="ScrEv_other" text="flour" type="event"/>
            <label from="5-9" id="65" name="ScrEv_other" text="add" type="event"/>
            <label from="6-5" id="66" name="ScrEv_prepare_ingredients" text="measure" type="event"/>
            <label from="6-7" id="67" name="ScrEv_make_dough" text="combine" type="event"/>
            <label from="6-14" id="68" name="RelNScrEv" text="sifting" type="event"/>
            <label from="7-3" id="69" name="ScrEv_make_dough" text="combine" type="event"/>
            <label from="7-8" id="70" name="ScrEv_prepare_ingredients" text="measuring" type="event"/>
            <label from="7-11" id="71" name="RelNScrEv" text="wisk" type="event"/>
            <label from="8-4" id="72" name="ScrEv_make_dough" text="combine" type="event"/>
            <label from="8-11" id="73" name="ScrEv_other" text="stir" type="event"/>
            <label from="8-17" id="74" name="ScrEv_pour_dough" text="pouring" type="event"/>
            <label from="8-22" id="75" name="ScrEv_put_cake_oven" text="placing" type="event"/>
            <label from="8-27" id="76" name="ScrEv_set_time" text="taking" type="event"/>
            <label from="8-35" id="77" name="ScrEv_take_out_oven" text="take" type="event"/>
            <label from="9-2" id="78" name="RelNScrEv" text="baked" type="event"/>
            <label from="9-6" id="79" name="ScrEv_cool_down" text="cool" type="event"/>
            <label from="9-10" id="80" name="ScrEv_decorate" text="frost" type="event"/>
            <label from="10-7" id="81" name="ScrEv_decorate" text="decorate" type="event"/>
            <label from="10-12" id="82" name="UnrelEv" text="is" type="event"/>
        </events>
        <chains>
            <chain elements="1 2 5 39 45 46"/>
            <chain elements="0 4 6 10 12 14 16 19 24 26 29 36 38 44"/>
            <chain elements="17 18 20 32 37"/>
            <chain elements="27 28 30"/>
            <chain elements="25 31"/>
        </chains>
    </annotations>
</story>
