<?xml version="1.0" encoding="UTF-8" standalone="no"?>
<!DOCTYPE story SYSTEM "../InScript.dtd">
<story id="091" scenario="cake">
    <text>
        <content>Last weekend my girlfriend and I decided we would like to make a special treat for Sunday dinner with our families . 
We decided we would make a special dessert to have after the meal . 
We went to the grocery store to get some of the ingredients we thought we would need . 
Once at the grocery store we chose the dessert we were going to serve as a treat for our guests . 
We picked up flour , sugar , and several other ingredients needed to bake a cake . 
Once we returned home we started to mix together a batter for our cake . 
Once the batter was just right we evenly spread it in a pan and placed it in the oven . 
After some time in the oven to bake our cake was ready to take out so we could add frosting . 
After the cake cooled we added the frosting and set it aside to wait for our guests to come and try the delicious treat . </content>
        <sentences>
            <sentence id="1">
                <token content="Last" id="1-1">
                    <pos type="JJ"/>
                    <lemma type="last"/>
                </token>
                <token content="weekend" id="1-2">
                    <pos type="NN"/>
                    <lemma type="weekend"/>
                    <dep head="1-7" type="nsubj"/>
                </token>
                <token content="my" id="1-3">
                    <pos type="PRP$"/>
                    <lemma type="my"/>
                </token>
                <token content="girlfriend" id="1-4">
                    <pos type="NN"/>
                    <lemma type="girlfriend"/>
                    <dep head="1-7" type="nsubj"/>
                </token>
                <token content="and" id="1-5"/>
                <token content="I" id="1-6">
                    <pos type="NN"/>
                    <lemma type="i"/>
                </token>
                <token content="decided" id="1-7">
                    <pos type="VBD"/>
                    <lemma type="decide"/>
                </token>
                <token content="we" id="1-8">
                    <pos type="PRP"/>
                    <lemma type="we"/>
                    <dep head="1-10" type="nsubj"/>
                </token>
                <token content="would" id="1-9">
                    <pos type="MD"/>
                    <lemma type="would"/>
                    <dep head="1-10" type="aux"/>
                </token>
                <token content="like" id="1-10">
                    <pos type="VB"/>
                    <lemma type="like"/>
                    <dep head="1-7" type="ccomp"/>
                </token>
                <token content="to" id="1-11">
                    <pos type="TO"/>
                    <lemma type="to"/>
                    <dep head="1-12" type="aux"/>
                </token>
                <token content="make" id="1-12">
                    <pos type="VB"/>
                    <lemma type="make"/>
                    <dep head="1-10" type="xcomp"/>
                </token>
                <token content="a" id="1-13">
                    <pos type="DT"/>
                    <lemma type="a"/>
                </token>
                <token content="special" id="1-14">
                    <pos type="JJ"/>
                    <lemma type="special"/>
                </token>
                <token content="treat" id="1-15">
                    <pos type="NN"/>
                    <lemma type="treat"/>
                    <dep head="1-12" type="dobj"/>
                </token>
                <token content="for" id="1-16"/>
                <token content="Sunday" id="1-17">
                    <pos type="NNP"/>
                    <lemma type="Sunday"/>
                </token>
                <token content="dinner" id="1-18">
                    <pos type="NN"/>
                    <lemma type="dinner"/>
                </token>
                <token content="with" id="1-19"/>
                <token content="our" id="1-20">
                    <pos type="PRP$"/>
                    <lemma type="we"/>
                </token>
                <token content="families" id="1-21">
                    <pos type="NNS"/>
                    <lemma type="family"/>
                    <dep head="1-12" type="prep"/>
                </token>
                <token content="." id="1-22"/>
            </sentence>
            <sentence id="2">
                <token content="We" id="2-1">
                    <pos type="PRP"/>
                    <lemma type="we"/>
                    <dep head="2-2" type="nsubj"/>
                </token>
                <token content="decided" id="2-2">
                    <pos type="VBD"/>
                    <lemma type="decide"/>
                </token>
                <token content="we" id="2-3">
                    <pos type="PRP"/>
                    <lemma type="we"/>
                    <dep head="2-5" type="nsubj"/>
                </token>
                <token content="would" id="2-4">
                    <pos type="MD"/>
                    <lemma type="would"/>
                    <dep head="2-5" type="aux"/>
                </token>
                <token content="make" id="2-5">
                    <pos type="VB"/>
                    <lemma type="make"/>
                    <dep head="2-2" type="ccomp"/>
                </token>
                <token content="a" id="2-6">
                    <pos type="DT"/>
                    <lemma type="a"/>
                </token>
                <token content="special" id="2-7">
                    <pos type="JJ"/>
                    <lemma type="special"/>
                </token>
                <token content="dessert" id="2-8">
                    <pos type="NN"/>
                    <lemma type="dessert"/>
                    <dep head="2-5" type="dobj"/>
                </token>
                <token content="to" id="2-9">
                    <pos type="TO"/>
                    <lemma type="to"/>
                    <dep head="2-10" type="aux"/>
                </token>
                <token content="have" id="2-10">
                    <pos type="VB"/>
                    <lemma type="have"/>
                    <dep head="2-5" type="vmod"/>
                </token>
                <token content="after" id="2-11"/>
                <token content="the" id="2-12">
                    <pos type="DT"/>
                    <lemma type="the"/>
                </token>
                <token content="meal" id="2-13">
                    <pos type="NN"/>
                    <lemma type="meal"/>
                    <dep head="2-10" type="prep"/>
                </token>
                <token content="." id="2-14"/>
            </sentence>
            <sentence id="3">
                <token content="We" id="3-1">
                    <pos type="PRP"/>
                    <lemma type="we"/>
                    <dep head="3-2" type="nsubj"/>
                </token>
                <token content="went" id="3-2">
                    <pos type="VBD"/>
                    <lemma type="go"/>
                    <dep head="3-14" type="dep"/>
                </token>
                <token content="to" id="3-3"/>
                <token content="the" id="3-4">
                    <pos type="DT"/>
                    <lemma type="the"/>
                </token>
                <token content="grocery" id="3-5">
                    <pos type="NN"/>
                    <lemma type="grocery"/>
                </token>
                <token content="store" id="3-6">
                    <pos type="NN"/>
                    <lemma type="store"/>
                    <dep head="3-2" type="prep"/>
                </token>
                <token content="to" id="3-7">
                    <pos type="TO"/>
                    <lemma type="to"/>
                    <dep head="3-8" type="aux"/>
                </token>
                <token content="get" id="3-8">
                    <pos type="VB"/>
                    <lemma type="get"/>
                    <dep head="3-2" type="xcomp"/>
                </token>
                <token content="some" id="3-9">
                    <pos type="DT"/>
                    <lemma type="some"/>
                    <dep head="3-8" type="dobj"/>
                </token>
                <token content="of" id="3-10"/>
                <token content="the" id="3-11">
                    <pos type="DT"/>
                    <lemma type="the"/>
                </token>
                <token content="ingredients" id="3-12">
                    <pos type="NNS"/>
                    <lemma type="ingredient"/>
                </token>
                <token content="we" id="3-13">
                    <pos type="PRP"/>
                    <lemma type="we"/>
                    <dep head="3-14" type="nsubj"/>
                </token>
                <token content="thought" id="3-14">
                    <pos type="VBD"/>
                    <lemma type="think"/>
                </token>
                <token content="we" id="3-15">
                    <pos type="PRP"/>
                    <lemma type="we"/>
                    <dep head="3-17" type="nsubj"/>
                </token>
                <token content="would" id="3-16">
                    <pos type="MD"/>
                    <lemma type="would"/>
                    <dep head="3-17" type="aux"/>
                </token>
                <token content="need" id="3-17">
                    <pos type="VB"/>
                    <lemma type="need"/>
                    <dep head="3-14" type="ccomp"/>
                </token>
                <token content="." id="3-18"/>
            </sentence>
            <sentence id="4">
                <token content="Once" id="4-1">
                    <pos type="IN"/>
                    <lemma type="once"/>
                    <dep head="4-7" type="mark"/>
                </token>
                <token content="at" id="4-2"/>
                <token content="the" id="4-3">
                    <pos type="DT"/>
                    <lemma type="the"/>
                </token>
                <token content="grocery" id="4-4">
                    <pos type="NN"/>
                    <lemma type="grocery"/>
                </token>
                <token content="store" id="4-5">
                    <pos type="NN"/>
                    <lemma type="store"/>
                    <dep head="4-7" type="prep"/>
                </token>
                <token content="we" id="4-6">
                    <pos type="PRP"/>
                    <lemma type="we"/>
                    <dep head="4-7" type="nsubj"/>
                </token>
                <token content="chose" id="4-7">
                    <pos type="VBD"/>
                    <lemma type="choose"/>
                    <dep head="4-12" type="advcl"/>
                </token>
                <token content="the" id="4-8">
                    <pos type="DT"/>
                    <lemma type="the"/>
                </token>
                <token content="dessert" id="4-9">
                    <pos type="NN"/>
                    <lemma type="dessert"/>
                    <dep head="4-7" type="dobj"/>
                </token>
                <token content="we" id="4-10">
                    <pos type="PRP"/>
                    <lemma type="we"/>
                    <dep head="4-12" type="nsubj"/>
                </token>
                <token content="were" id="4-11">
                    <pos type="VBD"/>
                    <lemma type="be"/>
                    <dep head="4-12" type="aux"/>
                </token>
                <token content="going" id="4-12">
                    <pos type="VBG"/>
                    <lemma type="go"/>
                </token>
                <token content="to" id="4-13">
                    <pos type="TO"/>
                    <lemma type="to"/>
                    <dep head="4-14" type="aux"/>
                </token>
                <token content="serve" id="4-14">
                    <pos type="VB"/>
                    <lemma type="serve"/>
                    <dep head="4-12" type="xcomp"/>
                </token>
                <token content="as" id="4-15"/>
                <token content="a" id="4-16">
                    <pos type="DT"/>
                    <lemma type="a"/>
                </token>
                <token content="treat" id="4-17">
                    <pos type="NN"/>
                    <lemma type="treat"/>
                    <dep head="4-14" type="prep"/>
                </token>
                <token content="for" id="4-18"/>
                <token content="our" id="4-19">
                    <pos type="PRP$"/>
                    <lemma type="we"/>
                </token>
                <token content="guests" id="4-20">
                    <pos type="NNS"/>
                    <lemma type="guest"/>
                </token>
                <token content="." id="4-21"/>
            </sentence>
            <sentence id="5">
                <token content="We" id="5-1">
                    <pos type="PRP"/>
                    <lemma type="we"/>
                    <dep head="5-2" type="nsubj"/>
                </token>
                <token content="picked" id="5-2">
                    <pos type="VBD"/>
                    <lemma type="pick"/>
                </token>
                <token content="up" id="5-3">
                    <pos type="RP"/>
                    <lemma type="up"/>
                    <dep head="5-2" type="prt"/>
                </token>
                <token content="flour" id="5-4">
                    <pos type="NN"/>
                    <lemma type="flour"/>
                    <dep head="5-2" type="dobj"/>
                </token>
                <token content="," id="5-5"/>
                <token content="sugar" id="5-6">
                    <pos type="NN"/>
                    <lemma type="sugar"/>
                </token>
                <token content="," id="5-7"/>
                <token content="and" id="5-8"/>
                <token content="several" id="5-9">
                    <pos type="JJ"/>
                    <lemma type="several"/>
                </token>
                <token content="other" id="5-10">
                    <pos type="JJ"/>
                    <lemma type="other"/>
                </token>
                <token content="ingredients" id="5-11">
                    <pos type="NNS"/>
                    <lemma type="ingredient"/>
                </token>
                <token content="needed" id="5-12">
                    <pos type="VBN"/>
                    <lemma type="need"/>
                </token>
                <token content="to" id="5-13">
                    <pos type="TO"/>
                    <lemma type="to"/>
                    <dep head="5-14" type="aux"/>
                </token>
                <token content="bake" id="5-14">
                    <pos type="VB"/>
                    <lemma type="bake"/>
                    <dep head="5-12" type="xcomp"/>
                </token>
                <token content="a" id="5-15">
                    <pos type="DT"/>
                    <lemma type="a"/>
                </token>
                <token content="cake" id="5-16">
                    <pos type="NN"/>
                    <lemma type="cake"/>
                    <dep head="5-14" type="dobj"/>
                </token>
                <token content="." id="5-17"/>
            </sentence>
            <sentence id="6">
                <token content="Once" id="6-1">
                    <pos type="IN"/>
                    <lemma type="once"/>
                    <dep head="6-3" type="mark"/>
                </token>
                <token content="we" id="6-2">
                    <pos type="PRP"/>
                    <lemma type="we"/>
                    <dep head="6-3" type="nsubj"/>
                </token>
                <token content="returned" id="6-3">
                    <pos type="VBD"/>
                    <lemma type="return"/>
                    <dep head="6-6" type="advcl"/>
                </token>
                <token content="home" id="6-4">
                    <pos type="NN"/>
                    <lemma type="home"/>
                    <dep head="6-3" type="dobj"/>
                </token>
                <token content="we" id="6-5">
                    <pos type="PRP"/>
                    <lemma type="we"/>
                    <dep head="6-6" type="nsubj"/>
                </token>
                <token content="started" id="6-6">
                    <pos type="VBD"/>
                    <lemma type="start"/>
                </token>
                <token content="to" id="6-7">
                    <pos type="TO"/>
                    <lemma type="to"/>
                    <dep head="6-8" type="aux"/>
                </token>
                <token content="mix" id="6-8">
                    <pos type="VB"/>
                    <lemma type="mix"/>
                    <dep head="6-6" type="xcomp"/>
                </token>
                <token content="together" id="6-9">
                    <pos type="RP"/>
                    <lemma type="together"/>
                    <dep head="6-8" type="prt"/>
                </token>
                <token content="a" id="6-10">
                    <pos type="DT"/>
                    <lemma type="a"/>
                </token>
                <token content="batter" id="6-11">
                    <pos type="NN"/>
                    <lemma type="batter"/>
                    <dep head="6-8" type="dobj"/>
                </token>
                <token content="for" id="6-12"/>
                <token content="our" id="6-13">
                    <pos type="PRP$"/>
                    <lemma type="we"/>
                </token>
                <token content="cake" id="6-14">
                    <pos type="NN"/>
                    <lemma type="cake"/>
                </token>
                <token content="." id="6-15"/>
            </sentence>
            <sentence id="7">
                <token content="Once" id="7-1">
                    <pos type="IN"/>
                    <lemma type="once"/>
                </token>
                <token content="the" id="7-2">
                    <pos type="DT"/>
                    <lemma type="the"/>
                </token>
                <token content="batter" id="7-3">
                    <pos type="NN"/>
                    <lemma type="batter"/>
                </token>
                <token content="was" id="7-4">
                    <pos type="VBD"/>
                    <lemma type="be"/>
                </token>
                <token content="just" id="7-5">
                    <pos type="RB"/>
                    <lemma type="just"/>
                </token>
                <token content="right" id="7-6">
                    <pos type="JJ"/>
                    <lemma type="right"/>
                    <dep head="7-9" type="advcl"/>
                </token>
                <token content="we" id="7-7">
                    <pos type="PRP"/>
                    <lemma type="we"/>
                    <dep head="7-9" type="nsubj"/>
                </token>
                <token content="evenly" id="7-8">
                    <pos type="RB"/>
                    <lemma type="evenly"/>
                    <dep head="7-9" type="advmod"/>
                </token>
                <token content="spread" id="7-9">
                    <pos type="VBD"/>
                    <lemma type="spread"/>
                </token>
                <token content="it" id="7-10">
                    <pos type="PRP"/>
                    <lemma type="it"/>
                    <dep head="7-9" type="dobj"/>
                </token>
                <token content="in" id="7-11"/>
                <token content="a" id="7-12">
                    <pos type="DT"/>
                    <lemma type="a"/>
                </token>
                <token content="pan" id="7-13">
                    <pos type="NN"/>
                    <lemma type="pan"/>
                    <dep head="7-9" type="prep"/>
                </token>
                <token content="and" id="7-14"/>
                <token content="placed" id="7-15">
                    <pos type="VBD"/>
                    <lemma type="place"/>
                    <dep head="7-9" type="conj"/>
                </token>
                <token content="it" id="7-16">
                    <pos type="PRP"/>
                    <lemma type="it"/>
                    <dep head="7-15" type="dobj"/>
                </token>
                <token content="in" id="7-17"/>
                <token content="the" id="7-18">
                    <pos type="DT"/>
                    <lemma type="the"/>
                </token>
                <token content="oven" id="7-19">
                    <pos type="NN"/>
                    <lemma type="oven"/>
                    <dep head="7-15" type="prep"/>
                </token>
                <token content="." id="7-20"/>
            </sentence>
            <sentence id="8">
                <token content="After" id="8-1"/>
                <token content="some" id="8-2">
                    <pos type="DT"/>
                    <lemma type="some"/>
                </token>
                <token content="time" id="8-3">
                    <pos type="NN"/>
                    <lemma type="time"/>
                </token>
                <token content="in" id="8-4"/>
                <token content="the" id="8-5">
                    <pos type="DT"/>
                    <lemma type="the"/>
                </token>
                <token content="oven" id="8-6">
                    <pos type="NN"/>
                    <lemma type="oven"/>
                </token>
                <token content="to" id="8-7">
                    <pos type="TO"/>
                    <lemma type="to"/>
                    <dep head="8-8" type="aux"/>
                </token>
                <token content="bake" id="8-8">
                    <pos type="VB"/>
                    <lemma type="bake"/>
                </token>
                <token content="our" id="8-9">
                    <pos type="PRP$"/>
                    <lemma type="we"/>
                </token>
                <token content="cake" id="8-10">
                    <pos type="NN"/>
                    <lemma type="cake"/>
                </token>
                <token content="was" id="8-11">
                    <pos type="VBD"/>
                    <lemma type="be"/>
                </token>
                <token content="ready" id="8-12">
                    <pos type="JJ"/>
                    <lemma type="ready"/>
                </token>
                <token content="to" id="8-13">
                    <pos type="TO"/>
                    <lemma type="to"/>
                    <dep head="8-14" type="aux"/>
                </token>
                <token content="take" id="8-14">
                    <pos type="VB"/>
                    <lemma type="take"/>
                </token>
                <token content="out" id="8-15">
                    <pos type="RP"/>
                    <lemma type="out"/>
                    <dep head="8-14" type="prt"/>
                </token>
                <token content="so" id="8-16">
                    <pos type="IN"/>
                    <lemma type="so"/>
                    <dep head="8-19" type="mark"/>
                </token>
                <token content="we" id="8-17">
                    <pos type="PRP"/>
                    <lemma type="we"/>
                    <dep head="8-19" type="nsubj"/>
                </token>
                <token content="could" id="8-18">
                    <pos type="MD"/>
                    <lemma type="could"/>
                    <dep head="8-19" type="aux"/>
                </token>
                <token content="add" id="8-19">
                    <pos type="VB"/>
                    <lemma type="add"/>
                    <dep head="8-14" type="advcl"/>
                </token>
                <token content="frosting" id="8-20">
                    <pos type="NN"/>
                    <lemma type="frosting"/>
                    <dep head="8-19" type="dobj"/>
                </token>
                <token content="." id="8-21"/>
            </sentence>
            <sentence id="9">
                <token content="After" id="9-1"/>
                <token content="the" id="9-2">
                    <pos type="DT"/>
                    <lemma type="the"/>
                </token>
                <token content="cake" id="9-3">
                    <pos type="NN"/>
                    <lemma type="cake"/>
                    <dep head="9-6" type="prep"/>
                </token>
                <token content="cooled" id="9-4">
                    <pos type="VBN"/>
                    <lemma type="cool"/>
                </token>
                <token content="we" id="9-5">
                    <pos type="PRP"/>
                    <lemma type="we"/>
                    <dep head="9-6" type="nsubj"/>
                </token>
                <token content="added" id="9-6">
                    <pos type="VBD"/>
                    <lemma type="add"/>
                </token>
                <token content="the" id="9-7">
                    <pos type="DT"/>
                    <lemma type="the"/>
                </token>
                <token content="frosting" id="9-8">
                    <pos type="NN"/>
                    <lemma type="frosting"/>
                    <dep head="9-6" type="dobj"/>
                </token>
                <token content="and" id="9-9"/>
                <token content="set" id="9-10">
                    <pos type="VBD"/>
                    <lemma type="set"/>
                    <dep head="9-6" type="conj"/>
                </token>
                <token content="it" id="9-11">
                    <pos type="PRP"/>
                    <lemma type="it"/>
                    <dep head="9-10" type="dobj"/>
                </token>
                <token content="aside" id="9-12">
                    <pos type="RB"/>
                    <lemma type="aside"/>
                    <dep head="9-10" type="advmod"/>
                </token>
                <token content="to" id="9-13">
                    <pos type="TO"/>
                    <lemma type="to"/>
                    <dep head="9-14" type="aux"/>
                </token>
                <token content="wait" id="9-14">
                    <pos type="VB"/>
                    <lemma type="wait"/>
                    <dep head="9-10" type="vmod"/>
                </token>
                <token content="for" id="9-15"/>
                <token content="our" id="9-16">
                    <pos type="PRP$"/>
                    <lemma type="we"/>
                </token>
                <token content="guests" id="9-17">
                    <pos type="NNS"/>
                    <lemma type="guest"/>
                    <dep head="9-14" type="prep"/>
                </token>
                <token content="to" id="9-18">
                    <pos type="TO"/>
                    <lemma type="to"/>
                    <dep head="9-19" type="aux"/>
                </token>
                <token content="come" id="9-19">
                    <pos type="VB"/>
                    <lemma type="come"/>
                </token>
                <token content="and" id="9-20"/>
                <token content="try" id="9-21">
                    <pos type="VB"/>
                    <lemma type="try"/>
                    <dep head="9-19" type="conj"/>
                </token>
                <token content="the" id="9-22">
                    <pos type="DT"/>
                    <lemma type="the"/>
                </token>
                <token content="delicious" id="9-23">
                    <pos type="JJ"/>
                    <lemma type="delicious"/>
                </token>
                <token content="treat" id="9-24">
                    <pos type="NN"/>
                    <lemma type="treat"/>
                    <dep head="9-19" type="dobj"/>
                </token>
                <token content="." id="9-25"/>
            </sentence>
        </sentences>
    </text>
    <annotations>
        <participants>
            <label from="1-2" id="0" name="NPart" text="weekend" type="participant"/>
            <label from="1-3" id="1" name="ScrPart_cook" text="my" type="participant"/>
            <label from="1-4" id="2" name="ScrPart_cook" text="girlfriend and I" to="1-6" type="participant"/>
            <label from="1-4" id="3" name="ScrPart_cook" text="girlfriend" type="participant"/>
            <label from="1-6" id="4" name="ScrPart_cook" text="I" type="participant"/>
            <label from="1-8" id="5" name="ScrPart_cook" text="we" type="participant"/>
            <label from="1-15" id="6" name="ScrPart_cake" text="treat" type="participant"/>
            <label from="1-17" id="7" name="NPart" text="Sunday" type="participant"/>
            <label from="1-18" id="8" name="NPart" text="dinner" type="participant"/>
            <label from="1-20" id="9" name="ScrPart_cook" text="our" type="participant"/>
            <label from="1-21" id="10" name="ScrPart_beneficiary" text="families" type="participant"/>
            <label from="2-1" id="11" name="ScrPart_cook" text="We" type="participant"/>
            <label from="2-3" id="12" name="ScrPart_cook" text="we" type="participant"/>
            <label from="2-8" id="13" name="ScrPart_cake" text="dessert" type="participant"/>
            <label from="2-13" id="14" name="NPart" text="meal" type="participant"/>
            <label from="3-1" id="15" name="ScrPart_cook" text="We" type="participant"/>
            <label from="3-5" id="16" name="ScrPart_store" text="grocery store" to="3-6" type="participant"/>
            <label from="3-6" id="17" name="ScrPart_store" text="store" type="participant"/>
            <label from="3-12" id="18" name="ScrPart_ingredients" text="ingredients" type="participant"/>
            <label from="3-13" id="19" name="ScrPart_cook" text="we" type="participant"/>
            <label from="3-15" id="20" name="ScrPart_cook" text="we" type="participant"/>
            <label from="4-4" id="21" name="ScrPart_store" text="grocery store" to="4-5" type="participant"/>
            <label from="4-5" id="22" name="ScrPart_store" text="store" type="participant"/>
            <label from="4-6" id="23" name="ScrPart_cook" text="we" type="participant"/>
            <label from="4-9" id="24" name="ScrPart_cake" text="dessert" type="participant"/>
            <label from="4-10" id="25" name="ScrPart_cook" text="we" type="participant"/>
            <label from="4-17" id="26" name="ScrPart_cake" text="treat" type="participant"/>
            <label from="4-19" id="27" name="ScrPart_cook" text="our" type="participant"/>
            <label from="4-20" id="28" name="ScrPart_beneficiary" text="guests" type="participant"/>
            <label from="5-1" id="29" name="ScrPart_cook" text="We" type="participant"/>
            <label from="5-4" id="30" name="ScrPart_ingredients" text="flour" type="participant"/>
            <label from="5-6" id="31" name="ScrPart_ingredients" text="sugar" type="participant"/>
            <label from="5-11" id="32" name="ScrPart_ingredients" text="ingredients" type="participant"/>
            <label from="5-16" id="33" name="ScrPart_cake" text="cake" type="participant"/>
            <label from="6-2" id="34" name="ScrPart_cook" text="we" type="participant"/>
            <label from="6-4" id="35" name="No_label" text="home" type="participant"/>
            <label from="6-5" id="36" name="ScrPart_cook" text="we" type="participant"/>
            <label from="6-11" id="37" name="ScrPart_dough" text="batter" type="participant"/>
            <label from="6-13" id="38" name="ScrPart_cook" text="our" type="participant"/>
            <label from="6-14" id="39" name="ScrPart_cake" text="cake" type="participant"/>
            <label from="7-3" id="40" name="ScrPart_dough" text="batter" type="participant"/>
            <label from="7-7" id="41" name="ScrPart_cook" text="we" type="participant"/>
            <label from="7-10" id="42" name="ScrPart_dough" text="it" type="participant"/>
            <label from="7-13" id="43" name="ScrPart_cake_tin" text="pan" type="participant"/>
            <label from="7-16" id="44" name="ScrPart_dough" text="it" type="participant"/>
            <label from="7-19" id="45" name="ScrPart_oven" text="oven" type="participant"/>
            <label from="8-3" id="46" name="ScrPart_time" text="time" type="participant"/>
            <label from="8-6" id="47" name="ScrPart_oven" text="oven" type="participant"/>
            <label from="8-9" id="48" name="ScrPart_cook" text="our" type="participant"/>
            <label from="8-10" id="49" name="ScrPart_cake" text="cake" type="participant"/>
            <label from="8-17" id="50" name="ScrPart_cook" text="we" type="participant"/>
            <label from="8-20" id="51" name="ScrPart_decoration" text="frosting" type="participant"/>
            <label from="9-3" id="52" name="ScrPart_cake" text="cake" type="participant"/>
            <label from="9-5" id="53" name="ScrPart_cook" text="we" type="participant"/>
            <label from="9-8" id="54" name="ScrPart_decoration" text="frosting" type="participant"/>
            <label from="9-11" id="55" name="ScrPart_cake" text="it" type="participant"/>
            <label from="9-16" id="56" name="ScrPart_cook" text="our" type="participant"/>
            <label from="9-17" id="57" name="ScrPart_beneficiary" text="guests" type="participant"/>
            <label from="9-24" id="58" name="ScrPart_cake" text="treat" type="participant"/>
        </participants>
        <events>
            <label from="1-7" id="59" name="UnrelEv" text="decided" type="event"/>
            <label from="1-10" id="60" name="UnrelEv" text="like" type="event"/>
            <label from="1-12" id="61" name="Evoking" text="make a special treat" to="1-15" type="event"/>
            <label from="2-2" id="62" name="UnrelEv" text="decided" type="event"/>
            <label from="2-5" id="63" name="Evoking" text="make a special dessert" to="2-8" type="event"/>
            <label from="2-10" id="64" name="ScrEv_eat" text="have" type="event"/>
            <label from="3-2" id="65" name="RelNScrEv" text="went" type="event"/>
            <label from="4-7" id="66" name="RelNScrEv" text="chose" type="event"/>
            <label from="4-14" id="67" name="RelNScrEv" text="serve" type="event"/>
            <label from="5-2" id="68" name="ScrEv_get_ingredients" text="picked" type="event"/>
            <label from="5-14" id="69" name="Evoking" text="bake a cake" to="5-16" type="event"/>
            <label from="6-3" id="70" name="UnrelEv" text="returned" type="event"/>
            <label from="6-6" id="71" name="UnrelEv" text="started" type="event"/>
            <label from="6-8" id="72" name="ScrEv_make_dough" text="mix" type="event"/>
            <label from="7-4" id="73" name="UnrelEv" text="was" type="event"/>
            <label from="7-9" id="74" name="ScrEv_pour_dough" text="spread" type="event"/>
            <label from="7-15" id="75" name="ScrEv_put_cake_oven" text="placed" type="event"/>
            <label from="8-8" id="76" name="RelNScrEv" text="bake" type="event"/>
            <label from="8-11" id="77" name="UnrelEv" text="was" type="event"/>
            <label from="8-14" id="78" name="ScrEv_take_out_oven" text="take out" to="8-15" type="event"/>
            <label from="8-14" id="79" name="ScrEv_take_out_oven" text="take" type="event"/>
            <label from="8-19" id="80" name="ScrEv_add_ingredients" text="add" type="event"/>
            <label from="9-4" id="81" name="ScrEv_cool_down" text="cooled" type="event"/>
            <label from="9-6" id="82" name="ScrEv_add_ingredients" text="added" type="event"/>
            <label from="9-10" id="83" name="ScrEv_other" text="set" type="event"/>
            <label from="9-14" id="84" name="ScrEv_wait" text="wait" type="event"/>
            <label from="9-21" id="85" name="ScrEv_eat" text="try" type="event"/>
        </events>
        <chains>
            <chain elements="1 4"/>
            <chain elements="2 5 9 11 12 15 20 23 25 29 34 41 48 50 53"/>
            <chain elements="6 13 24 26 33 39 49 52 55 58"/>
            <chain elements="17 22"/>
            <chain elements="10 28 57"/>
            <chain elements="37 40 42 44"/>
            <chain elements="45 47"/>
        </chains>
    </annotations>
</story>
