<?xml version="1.0" encoding="UTF-8" standalone="no"?>
<!DOCTYPE story SYSTEM "../InScript.dtd">
<story id="061" scenario="cake">
    <text>
        <content>Last week was my friend 's birthday . 
I asked him if he was going to do anything special and he said no . 
I felt bad for him , so I said I would at least bake him a cake . 
Maybe this was a hasty decision since I have no experience baking cakes . 
So I looked online to see what I needed to do . 
I found a recipe that looked easy enough , so later that day I drove over to the grocery store to buy all the ingredients I would need to bake the cake . 
When I got to the store I started gathering up everything I needed . 
Once I almost had everything I turned down an aisle and noticed there were boxed of pre-made cake mix I could buy . 
This seemed like an easy option , so I put all the ingredients back and bought one of those mixes . 
I got home and started baking . 
All I needed to add to the mix was a couple eggs and some vegetable oil . 
After it was in the oven for an hour the cake was ready . </content>
        <sentences>
            <sentence id="1">
                <token content="Last" id="1-1">
                    <pos type="JJ"/>
                    <lemma type="last"/>
                </token>
                <token content="week" id="1-2">
                    <pos type="NN"/>
                    <lemma type="week"/>
                </token>
                <token content="was" id="1-3">
                    <pos type="VBD"/>
                    <lemma type="be"/>
                </token>
                <token content="my" id="1-4">
                    <pos type="PRP$"/>
                    <lemma type="my"/>
                </token>
                <token content="friend" id="1-5">
                    <pos type="NN"/>
                    <lemma type="friend"/>
                </token>
                <token content="'s" id="1-6"/>
                <token content="birthday" id="1-7">
                    <pos type="NN"/>
                    <lemma type="birthday"/>
                </token>
                <token content="." id="1-8"/>
            </sentence>
            <sentence id="2">
                <token content="I" id="2-1">
                    <pos type="PRP"/>
                    <lemma type="I"/>
                    <dep head="2-2" type="nsubj"/>
                </token>
                <token content="asked" id="2-2">
                    <pos type="VBD"/>
                    <lemma type="ask"/>
                </token>
                <token content="him" id="2-3">
                    <pos type="PRP"/>
                    <lemma type="he"/>
                    <dep head="2-2" type="dobj"/>
                </token>
                <token content="if" id="2-4">
                    <pos type="IN"/>
                    <lemma type="if"/>
                    <dep head="2-7" type="mark"/>
                </token>
                <token content="he" id="2-5">
                    <pos type="PRP"/>
                    <lemma type="he"/>
                    <dep head="2-7" type="nsubj"/>
                </token>
                <token content="was" id="2-6">
                    <pos type="VBD"/>
                    <lemma type="be"/>
                    <dep head="2-7" type="aux"/>
                </token>
                <token content="going" id="2-7">
                    <pos type="VBG"/>
                    <lemma type="go"/>
                    <dep head="2-2" type="advcl"/>
                </token>
                <token content="to" id="2-8">
                    <pos type="TO"/>
                    <lemma type="to"/>
                    <dep head="2-9" type="aux"/>
                </token>
                <token content="do" id="2-9">
                    <pos type="VB"/>
                    <lemma type="do"/>
                    <dep head="2-7" type="xcomp"/>
                </token>
                <token content="anything" id="2-10">
                    <pos type="NN"/>
                    <lemma type="anything"/>
                    <dep head="2-9" type="dobj"/>
                </token>
                <token content="special" id="2-11">
                    <pos type="JJ"/>
                    <lemma type="special"/>
                </token>
                <token content="and" id="2-12"/>
                <token content="he" id="2-13">
                    <pos type="PRP"/>
                    <lemma type="he"/>
                    <dep head="2-14" type="nsubj"/>
                </token>
                <token content="said" id="2-14">
                    <pos type="VBD"/>
                    <lemma type="say"/>
                    <dep head="2-2" type="conj"/>
                </token>
                <token content="no" id="2-15">
                    <pos type="UH"/>
                    <lemma type="no"/>
                    <dep head="2-14" type="discourse"/>
                </token>
                <token content="." id="2-16"/>
            </sentence>
            <sentence id="3">
                <token content="I" id="3-1">
                    <pos type="PRP"/>
                    <lemma type="I"/>
                    <dep head="3-2" type="nsubj"/>
                </token>
                <token content="felt" id="3-2">
                    <pos type="VBD"/>
                    <lemma type="feel"/>
                </token>
                <token content="bad" id="3-3">
                    <pos type="JJ"/>
                    <lemma type="bad"/>
                    <dep head="3-2" type="acomp"/>
                </token>
                <token content="for" id="3-4"/>
                <token content="him" id="3-5">
                    <pos type="PRP"/>
                    <lemma type="he"/>
                    <dep head="3-2" type="prep"/>
                </token>
                <token content="," id="3-6"/>
                <token content="so" id="3-7">
                    <pos type="IN"/>
                    <lemma type="so"/>
                    <dep head="3-2" type="dep"/>
                </token>
                <token content="I" id="3-8">
                    <pos type="PRP"/>
                    <lemma type="I"/>
                    <dep head="3-9" type="nsubj"/>
                </token>
                <token content="said" id="3-9">
                    <pos type="VBD"/>
                    <lemma type="say"/>
                    <dep head="3-2" type="parataxis"/>
                </token>
                <token content="I" id="3-10">
                    <pos type="PRP"/>
                    <lemma type="I"/>
                    <dep head="3-14" type="nsubj"/>
                </token>
                <token content="would" id="3-11">
                    <pos type="MD"/>
                    <lemma type="would"/>
                    <dep head="3-14" type="aux"/>
                </token>
                <token content="at" id="3-12">
                    <pos type="IN"/>
                    <lemma type="at"/>
                    <dep head="3-14" type="advmod"/>
                </token>
                <token content="least" id="3-13">
                    <pos type="JJS"/>
                    <lemma type="least"/>
                </token>
                <token content="bake" id="3-14">
                    <pos type="VB"/>
                    <lemma type="bake"/>
                    <dep head="3-9" type="ccomp"/>
                </token>
                <token content="him" id="3-15">
                    <pos type="PRP"/>
                    <lemma type="he"/>
                </token>
                <token content="a" id="3-16">
                    <pos type="DT"/>
                    <lemma type="a"/>
                </token>
                <token content="cake" id="3-17">
                    <pos type="NN"/>
                    <lemma type="cake"/>
                    <dep head="3-14" type="xcomp"/>
                </token>
                <token content="." id="3-18"/>
            </sentence>
            <sentence id="4">
                <token content="Maybe" id="4-1">
                    <pos type="RB"/>
                    <lemma type="maybe"/>
                </token>
                <token content="this" id="4-2">
                    <pos type="DT"/>
                    <lemma type="this"/>
                </token>
                <token content="was" id="4-3">
                    <pos type="VBD"/>
                    <lemma type="be"/>
                </token>
                <token content="a" id="4-4">
                    <pos type="DT"/>
                    <lemma type="a"/>
                </token>
                <token content="hasty" id="4-5">
                    <pos type="JJ"/>
                    <lemma type="hasty"/>
                </token>
                <token content="decision" id="4-6">
                    <pos type="NN"/>
                    <lemma type="decision"/>
                </token>
                <token content="since" id="4-7">
                    <pos type="IN"/>
                    <lemma type="since"/>
                    <dep head="4-9" type="mark"/>
                </token>
                <token content="I" id="4-8">
                    <pos type="PRP"/>
                    <lemma type="I"/>
                    <dep head="4-9" type="nsubj"/>
                </token>
                <token content="have" id="4-9">
                    <pos type="VBP"/>
                    <lemma type="have"/>
                </token>
                <token content="no" id="4-10">
                    <pos type="DT"/>
                    <lemma type="no"/>
                </token>
                <token content="experience" id="4-11">
                    <pos type="NN"/>
                    <lemma type="experience"/>
                    <dep head="4-9" type="dobj"/>
                </token>
                <token content="baking" id="4-12">
                    <pos type="VBG"/>
                    <lemma type="bake"/>
                </token>
                <token content="cakes" id="4-13">
                    <pos type="NNS"/>
                    <lemma type="cake"/>
                    <dep head="4-12" type="dobj"/>
                </token>
                <token content="." id="4-14"/>
            </sentence>
            <sentence id="5">
                <token content="So" id="5-1">
                    <pos type="IN"/>
                    <lemma type="so"/>
                    <dep head="5-3" type="dep"/>
                </token>
                <token content="I" id="5-2">
                    <pos type="PRP"/>
                    <lemma type="I"/>
                    <dep head="5-3" type="nsubj"/>
                </token>
                <token content="looked" id="5-3">
                    <pos type="VBD"/>
                    <lemma type="look"/>
                </token>
                <token content="online" id="5-4">
                    <pos type="NN"/>
                    <lemma type="online"/>
                    <dep head="5-3" type="prep"/>
                </token>
                <token content="to" id="5-5">
                    <pos type="TO"/>
                    <lemma type="to"/>
                    <dep head="5-6" type="aux"/>
                </token>
                <token content="see" id="5-6">
                    <pos type="VB"/>
                    <lemma type="see"/>
                    <dep head="5-3" type="xcomp"/>
                </token>
                <token content="what" id="5-7">
                    <pos type="WP"/>
                    <lemma type="what"/>
                    <dep head="5-9" type="dobj"/>
                </token>
                <token content="I" id="5-8">
                    <pos type="PRP"/>
                    <lemma type="I"/>
                    <dep head="5-9" type="nsubj"/>
                </token>
                <token content="needed" id="5-9">
                    <pos type="VBD"/>
                    <lemma type="need"/>
                    <dep head="5-6" type="ccomp"/>
                </token>
                <token content="to" id="5-10">
                    <pos type="TO"/>
                    <lemma type="to"/>
                    <dep head="5-11" type="aux"/>
                </token>
                <token content="do" id="5-11">
                    <pos type="VB"/>
                    <lemma type="do"/>
                    <dep head="5-9" type="xcomp"/>
                </token>
                <token content="." id="5-12"/>
            </sentence>
            <sentence id="6">
                <token content="I" id="6-1">
                    <pos type="PRP"/>
                    <lemma type="I"/>
                    <dep head="6-2" type="nsubj"/>
                </token>
                <token content="found" id="6-2">
                    <pos type="VBD"/>
                    <lemma type="find"/>
                </token>
                <token content="a" id="6-3">
                    <pos type="DT"/>
                    <lemma type="a"/>
                </token>
                <token content="recipe" id="6-4">
                    <pos type="NN"/>
                    <lemma type="recipe"/>
                    <dep head="6-2" type="dobj"/>
                </token>
                <token content="that" id="6-5">
                    <pos type="WDT"/>
                    <lemma type="that"/>
                    <dep head="6-6" type="nsubj"/>
                </token>
                <token content="looked" id="6-6">
                    <pos type="VBD"/>
                    <lemma type="look"/>
                </token>
                <token content="easy" id="6-7">
                    <pos type="RB"/>
                    <lemma type="easy"/>
                </token>
                <token content="enough" id="6-8">
                    <pos type="JJ"/>
                    <lemma type="enough"/>
                    <dep head="6-6" type="acomp"/>
                </token>
                <token content="," id="6-9"/>
                <token content="so" id="6-10">
                    <pos type="IN"/>
                    <lemma type="so"/>
                    <dep head="6-2" type="dep"/>
                </token>
                <token content="later" id="6-11">
                    <pos type="RBR"/>
                    <lemma type="later"/>
                </token>
                <token content="that" id="6-12">
                    <pos type="DT"/>
                    <lemma type="that"/>
                </token>
                <token content="day" id="6-13">
                    <pos type="NN"/>
                    <lemma type="day"/>
                    <dep head="6-15" type="tmod"/>
                </token>
                <token content="I" id="6-14">
                    <pos type="PRP"/>
                    <lemma type="I"/>
                    <dep head="6-15" type="nsubj"/>
                </token>
                <token content="drove" id="6-15">
                    <pos type="VBD"/>
                    <lemma type="drive"/>
                    <dep head="6-2" type="parataxis"/>
                </token>
                <token content="over" id="6-16">
                    <pos type="RP"/>
                    <lemma type="over"/>
                    <dep head="6-15" type="prt"/>
                </token>
                <token content="to" id="6-17"/>
                <token content="the" id="6-18">
                    <pos type="DT"/>
                    <lemma type="the"/>
                </token>
                <token content="grocery" id="6-19">
                    <pos type="NN"/>
                    <lemma type="grocery"/>
                </token>
                <token content="store" id="6-20">
                    <pos type="NN"/>
                    <lemma type="store"/>
                    <dep head="6-15" type="prep"/>
                </token>
                <token content="to" id="6-21">
                    <pos type="TO"/>
                    <lemma type="to"/>
                    <dep head="6-22" type="aux"/>
                </token>
                <token content="buy" id="6-22">
                    <pos type="VB"/>
                    <lemma type="buy"/>
                    <dep head="6-15" type="xcomp"/>
                </token>
                <token content="all" id="6-23">
                    <pos type="PDT"/>
                    <lemma type="all"/>
                </token>
                <token content="the" id="6-24">
                    <pos type="DT"/>
                    <lemma type="the"/>
                </token>
                <token content="ingredients" id="6-25">
                    <pos type="NNS"/>
                    <lemma type="ingredient"/>
                    <dep head="6-22" type="dobj"/>
                </token>
                <token content="I" id="6-26">
                    <pos type="PRP"/>
                    <lemma type="I"/>
                    <dep head="6-28" type="nsubj"/>
                </token>
                <token content="would" id="6-27">
                    <pos type="MD"/>
                    <lemma type="would"/>
                    <dep head="6-28" type="aux"/>
                </token>
                <token content="need" id="6-28">
                    <pos type="VB"/>
                    <lemma type="need"/>
                </token>
                <token content="to" id="6-29">
                    <pos type="TO"/>
                    <lemma type="to"/>
                    <dep head="6-30" type="aux"/>
                </token>
                <token content="bake" id="6-30">
                    <pos type="VB"/>
                    <lemma type="bake"/>
                    <dep head="6-28" type="xcomp"/>
                </token>
                <token content="the" id="6-31">
                    <pos type="DT"/>
                    <lemma type="the"/>
                </token>
                <token content="cake" id="6-32">
                    <pos type="NN"/>
                    <lemma type="cake"/>
                    <dep head="6-30" type="dobj"/>
                </token>
                <token content="." id="6-33"/>
            </sentence>
            <sentence id="7">
                <token content="When" id="7-1">
                    <pos type="WRB"/>
                    <lemma type="when"/>
                    <dep head="7-3" type="advmod"/>
                </token>
                <token content="I" id="7-2">
                    <pos type="PRP"/>
                    <lemma type="I"/>
                    <dep head="7-3" type="nsubj"/>
                </token>
                <token content="got" id="7-3">
                    <pos type="VBD"/>
                    <lemma type="get"/>
                    <dep head="7-8" type="advcl"/>
                </token>
                <token content="to" id="7-4"/>
                <token content="the" id="7-5">
                    <pos type="DT"/>
                    <lemma type="the"/>
                </token>
                <token content="store" id="7-6">
                    <pos type="NN"/>
                    <lemma type="store"/>
                    <dep head="7-3" type="prep"/>
                </token>
                <token content="I" id="7-7">
                    <pos type="PRP"/>
                    <lemma type="I"/>
                    <dep head="7-8" type="nsubj"/>
                </token>
                <token content="started" id="7-8">
                    <pos type="VBD"/>
                    <lemma type="start"/>
                </token>
                <token content="gathering" id="7-9">
                    <pos type="VBG"/>
                    <lemma type="gather"/>
                    <dep head="7-8" type="xcomp"/>
                </token>
                <token content="up" id="7-10">
                    <pos type="RP"/>
                    <lemma type="up"/>
                    <dep head="7-9" type="prt"/>
                </token>
                <token content="everything" id="7-11">
                    <pos type="NN"/>
                    <lemma type="everything"/>
                    <dep head="7-9" type="dobj"/>
                </token>
                <token content="I" id="7-12">
                    <pos type="PRP"/>
                    <lemma type="I"/>
                    <dep head="7-13" type="nsubj"/>
                </token>
                <token content="needed" id="7-13">
                    <pos type="VBD"/>
                    <lemma type="need"/>
                </token>
                <token content="." id="7-14"/>
            </sentence>
            <sentence id="8">
                <token content="Once" id="8-1">
                    <pos type="IN"/>
                    <lemma type="once"/>
                    <dep head="8-4" type="mark"/>
                </token>
                <token content="I" id="8-2">
                    <pos type="PRP"/>
                    <lemma type="I"/>
                    <dep head="8-4" type="nsubj"/>
                </token>
                <token content="almost" id="8-3">
                    <pos type="RB"/>
                    <lemma type="almost"/>
                    <dep head="8-4" type="advmod"/>
                </token>
                <token content="had" id="8-4">
                    <pos type="VBD"/>
                    <lemma type="have"/>
                    <dep head="8-22" type="advcl"/>
                </token>
                <token content="everything" id="8-5">
                    <pos type="NN"/>
                    <lemma type="everything"/>
                    <dep head="8-4" type="dobj"/>
                </token>
                <token content="I" id="8-6">
                    <pos type="PRP"/>
                    <lemma type="I"/>
                    <dep head="8-7" type="nsubj"/>
                </token>
                <token content="turned" id="8-7">
                    <pos type="VBD"/>
                    <lemma type="turn"/>
                </token>
                <token content="down" id="8-8">
                    <pos type="RP"/>
                    <lemma type="down"/>
                    <dep head="8-7" type="prt"/>
                </token>
                <token content="an" id="8-9">
                    <pos type="DT"/>
                    <lemma type="a"/>
                </token>
                <token content="aisle" id="8-10">
                    <pos type="NN"/>
                    <lemma type="aisle"/>
                    <dep head="8-7" type="dobj"/>
                </token>
                <token content="and" id="8-11"/>
                <token content="noticed" id="8-12">
                    <pos type="VBD"/>
                    <lemma type="notice"/>
                    <dep head="8-7" type="conj"/>
                </token>
                <token content="there" id="8-13">
                    <pos type="EX"/>
                    <lemma type="there"/>
                    <dep head="8-15" type="expl"/>
                </token>
                <token content="were" id="8-14">
                    <pos type="VBD"/>
                    <lemma type="be"/>
                    <dep head="8-15" type="auxpass"/>
                </token>
                <token content="boxed" id="8-15">
                    <pos type="VBN"/>
                    <lemma type="box"/>
                    <dep head="8-12" type="ccomp"/>
                </token>
                <token content="of" id="8-16"/>
                <token content="pre-made" id="8-17">
                    <pos type="JJ"/>
                    <lemma type="pre-made"/>
                </token>
                <token content="cake" id="8-18">
                    <pos type="NN"/>
                    <lemma type="cake"/>
                </token>
                <token content="mix" id="8-19">
                    <pos type="NN"/>
                    <lemma type="mix"/>
                    <dep head="8-15" type="prep"/>
                </token>
                <token content="I" id="8-20">
                    <pos type="PRP"/>
                    <lemma type="I"/>
                    <dep head="8-22" type="nsubj"/>
                </token>
                <token content="could" id="8-21">
                    <pos type="MD"/>
                    <lemma type="could"/>
                    <dep head="8-22" type="aux"/>
                </token>
                <token content="buy" id="8-22">
                    <pos type="VB"/>
                    <lemma type="buy"/>
                </token>
                <token content="." id="8-23"/>
            </sentence>
            <sentence id="9">
                <token content="This" id="9-1">
                    <pos type="DT"/>
                    <lemma type="this"/>
                    <dep head="9-2" type="nsubj"/>
                </token>
                <token content="seemed" id="9-2">
                    <pos type="VBD"/>
                    <lemma type="seem"/>
                </token>
                <token content="like" id="9-3"/>
                <token content="an" id="9-4">
                    <pos type="DT"/>
                    <lemma type="a"/>
                </token>
                <token content="easy" id="9-5">
                    <pos type="JJ"/>
                    <lemma type="easy"/>
                </token>
                <token content="option" id="9-6">
                    <pos type="NN"/>
                    <lemma type="option"/>
                    <dep head="9-2" type="prep"/>
                </token>
                <token content="," id="9-7"/>
                <token content="so" id="9-8">
                    <pos type="IN"/>
                    <lemma type="so"/>
                    <dep head="9-2" type="dep"/>
                </token>
                <token content="I" id="9-9">
                    <pos type="PRP"/>
                    <lemma type="I"/>
                    <dep head="9-10" type="nsubj"/>
                </token>
                <token content="put" id="9-10">
                    <pos type="VBD"/>
                    <lemma type="put"/>
                    <dep head="9-2" type="parataxis"/>
                </token>
                <token content="all" id="9-11">
                    <pos type="PDT"/>
                    <lemma type="all"/>
                </token>
                <token content="the" id="9-12">
                    <pos type="DT"/>
                    <lemma type="the"/>
                </token>
                <token content="ingredients" id="9-13">
                    <pos type="NNS"/>
                    <lemma type="ingredient"/>
                    <dep head="9-10" type="dobj"/>
                </token>
                <token content="back" id="9-14">
                    <pos type="RB"/>
                    <lemma type="back"/>
                    <dep head="9-10" type="advmod"/>
                </token>
                <token content="and" id="9-15"/>
                <token content="bought" id="9-16">
                    <pos type="VBD"/>
                    <lemma type="buy"/>
                    <dep head="9-10" type="conj"/>
                </token>
                <token content="one" id="9-17">
                    <pos type="CD"/>
                    <lemma type="one"/>
                    <dep head="9-16" type="dobj"/>
                </token>
                <token content="of" id="9-18"/>
                <token content="those" id="9-19">
                    <pos type="DT"/>
                    <lemma type="those"/>
                </token>
                <token content="mixes" id="9-20">
                    <pos type="NN"/>
                    <lemma type="mix"/>
                </token>
                <token content="." id="9-21"/>
            </sentence>
            <sentence id="10">
                <token content="I" id="10-1">
                    <pos type="PRP"/>
                    <lemma type="I"/>
                    <dep head="10-2" type="nsubj"/>
                </token>
                <token content="got" id="10-2">
                    <pos type="VBD"/>
                    <lemma type="get"/>
                </token>
                <token content="home" id="10-3">
                    <pos type="NN"/>
                    <lemma type="home"/>
                    <dep head="10-2" type="dobj"/>
                </token>
                <token content="and" id="10-4"/>
                <token content="started" id="10-5">
                    <pos type="VBD"/>
                    <lemma type="start"/>
                    <dep head="10-2" type="conj"/>
                </token>
                <token content="baking" id="10-6">
                    <pos type="VBG"/>
                    <lemma type="bake"/>
                    <dep head="10-5" type="dobj"/>
                </token>
                <token content="." id="10-7"/>
            </sentence>
            <sentence id="11">
                <token content="All" id="11-1">
                    <pos type="DT"/>
                    <lemma type="all"/>
                </token>
                <token content="I" id="11-2">
                    <pos type="PRP"/>
                    <lemma type="I"/>
                    <dep head="11-3" type="nsubj"/>
                </token>
                <token content="needed" id="11-3">
                    <pos type="VBD"/>
                    <lemma type="need"/>
                </token>
                <token content="to" id="11-4">
                    <pos type="TO"/>
                    <lemma type="to"/>
                    <dep head="11-5" type="aux"/>
                </token>
                <token content="add" id="11-5">
                    <pos type="VB"/>
                    <lemma type="add"/>
                    <dep head="11-3" type="xcomp"/>
                </token>
                <token content="to" id="11-6"/>
                <token content="the" id="11-7">
                    <pos type="DT"/>
                    <lemma type="the"/>
                </token>
                <token content="mix" id="11-8">
                    <pos type="NN"/>
                    <lemma type="mix"/>
                    <dep head="11-5" type="prep"/>
                </token>
                <token content="was" id="11-9">
                    <pos type="VBD"/>
                    <lemma type="be"/>
                </token>
                <token content="a" id="11-10">
                    <pos type="DT"/>
                    <lemma type="a"/>
                </token>
                <token content="couple" id="11-11">
                    <pos type="NN"/>
                    <lemma type="couple"/>
                </token>
                <token content="eggs" id="11-12">
                    <pos type="NNS"/>
                    <lemma type="egg"/>
                </token>
                <token content="and" id="11-13"/>
                <token content="some" id="11-14">
                    <pos type="DT"/>
                    <lemma type="some"/>
                </token>
                <token content="vegetable" id="11-15">
                    <pos type="NN"/>
                    <lemma type="vegetable"/>
                </token>
                <token content="oil" id="11-16">
                    <pos type="NN"/>
                    <lemma type="oil"/>
                </token>
                <token content="." id="11-17"/>
            </sentence>
            <sentence id="12">
                <token content="After" id="12-1">
                    <pos type="IN"/>
                    <lemma type="after"/>
                    <dep head="12-3" type="mark"/>
                </token>
                <token content="it" id="12-2">
                    <pos type="PRP"/>
                    <lemma type="it"/>
                    <dep head="12-3" type="nsubj"/>
                </token>
                <token content="was" id="12-3">
                    <pos type="VBD"/>
                    <lemma type="be"/>
                </token>
                <token content="in" id="12-4"/>
                <token content="the" id="12-5">
                    <pos type="DT"/>
                    <lemma type="the"/>
                </token>
                <token content="oven" id="12-6">
                    <pos type="NN"/>
                    <lemma type="oven"/>
                    <dep head="12-3" type="prep"/>
                </token>
                <token content="for" id="12-7"/>
                <token content="an" id="12-8">
                    <pos type="DT"/>
                    <lemma type="a"/>
                </token>
                <token content="hour" id="12-9">
                    <pos type="NN"/>
                    <lemma type="hour"/>
                </token>
                <token content="the" id="12-10">
                    <pos type="DT"/>
                    <lemma type="the"/>
                </token>
                <token content="cake" id="12-11">
                    <pos type="NN"/>
                    <lemma type="cake"/>
                </token>
                <token content="was" id="12-12">
                    <pos type="VBD"/>
                    <lemma type="be"/>
                </token>
                <token content="ready" id="12-13">
                    <pos type="JJ"/>
                    <lemma type="ready"/>
                </token>
                <token content="." id="12-14"/>
            </sentence>
        </sentences>
    </text>
    <annotations>
        <participants>
            <label from="1-2" id="0" name="NPart" text="week" type="participant"/>
            <label from="1-4" id="1" name="ScrPart_cook" text="my" type="participant"/>
            <label from="1-5" id="2" name="ScrPart_beneficiary" text="friend" type="participant"/>
            <label from="1-7" id="3" name="NPart" text="birthday" type="participant"/>
            <label from="2-1" id="4" name="ScrPart_cook" text="I" type="participant"/>
            <label from="2-3" id="5" name="ScrPart_beneficiary" text="him" type="participant"/>
            <label from="2-5" id="6" name="ScrPart_beneficiary" text="he" type="participant"/>
            <label from="2-10" id="7" name="No_label" text="anything" type="participant"/>
            <label from="2-13" id="8" name="ScrPart_beneficiary" text="he" type="participant"/>
            <label from="3-1" id="9" name="ScrPart_cook" text="I" type="participant"/>
            <label from="3-5" id="10" name="ScrPart_beneficiary" text="him" type="participant"/>
            <label from="3-8" id="11" name="ScrPart_cook" text="I" type="participant"/>
            <label from="3-10" id="12" name="ScrPart_cook" text="I" type="participant"/>
            <label from="3-15" id="13" name="ScrPart_beneficiary" text="him" type="participant"/>
            <label from="3-17" id="14" name="ScrPart_cake" text="cake" type="participant"/>
            <label from="4-6" id="15" name="NPart" text="decision" type="participant"/>
            <label from="4-8" id="16" name="ScrPart_cook" text="I" type="participant"/>
            <label from="4-11" id="17" name="NPart" text="experience" type="participant"/>
            <label from="4-13" id="18" name="ScrPart_cake" text="cakes" type="participant"/>
            <label from="5-2" id="19" name="ScrPart_cook" text="I" type="participant"/>
            <label from="5-4" id="20" name="ScrPart_recipe_source" text="online" type="participant"/>
            <label from="5-8" id="21" name="ScrPart_cook" text="I" type="participant"/>
            <label from="6-1" id="22" name="ScrPart_cook" text="I" type="participant"/>
            <label from="6-4" id="23" name="ScrPart_baking_instructions" text="recipe" type="participant"/>
            <label from="6-13" id="24" name="NPart" text="day" type="participant"/>
            <label from="6-14" id="25" name="ScrPart_cook" text="I" type="participant"/>
            <label from="6-19" id="26" name="ScrPart_store" text="grocery store" to="6-20" type="participant"/>
            <label from="6-20" id="27" name="ScrPart_store" text="store" type="participant"/>
            <label from="6-25" id="28" name="ScrPart_ingredients" text="ingredients" type="participant"/>
            <label from="6-26" id="29" name="ScrPart_cook" text="I" type="participant"/>
            <label from="6-32" id="30" name="ScrPart_cake" text="cake" type="participant"/>
            <label from="7-2" id="31" name="ScrPart_cook" text="I" type="participant"/>
            <label from="7-6" id="32" name="ScrPart_store" text="store" type="participant"/>
            <label from="7-7" id="33" name="ScrPart_cook" text="I" type="participant"/>
            <label from="7-11" id="34" name="ScrPart_ingredients" text="everything" type="participant"/>
            <label from="7-12" id="35" name="ScrPart_cook" text="I" type="participant"/>
            <label from="8-2" id="36" name="ScrPart_cook" text="I" type="participant"/>
            <label from="8-5" id="37" name="ScrPart_ingredients" text="everything" type="participant"/>
            <label from="8-6" id="38" name="ScrPart_cook" text="I" type="participant"/>
            <label from="8-10" id="39" name="NPart" text="aisle" type="participant"/>
            <label from="8-18" id="40" name="ScrPart_ingredients" text="cake mix" to="8-19" type="participant"/>
            <label from="8-19" id="41" name="ScrPart_ingredients" text="mix" type="participant"/>
            <label from="8-20" id="42" name="ScrPart_cook" text="I" type="participant"/>
            <label from="9-6" id="43" name="NPart" text="option" type="participant"/>
            <label from="9-9" id="44" name="ScrPart_cook" text="I" type="participant"/>
            <label from="9-13" id="45" name="ScrPart_ingredients" text="ingredients" type="participant"/>
            <label from="9-20" id="46" name="ScrPart_ingredients" text="mixes" type="participant"/>
            <label from="10-1" id="47" name="ScrPart_cook" text="I" type="participant"/>
            <label from="10-3" id="48" name="ScrPart_kitchen/location" text="home" type="participant"/>
            <label from="11-2" id="49" name="ScrPart_cook" text="I" type="participant"/>
            <label from="11-8" id="50" name="ScrPart_ingredients" text="mix" type="participant"/>
            <label from="11-11" id="51" name="Head_of_Partitive" text="couple" type="participant"/>
            <label from="11-12" id="52" name="ScrPart_ingredients" text="eggs" type="participant"/>
            <label from="11-15" id="53" name="ScrPart_ingredients" text="vegetable oil" to="11-16" type="participant"/>
            <label from="11-16" id="54" name="ScrPart_ingredients" text="oil" type="participant"/>
            <label from="12-2" id="55" name="ScrPart_cake" text="it" type="participant"/>
            <label from="12-6" id="56" name="ScrPart_oven" text="oven" type="participant"/>
            <label from="12-9" id="57" name="ScrPart_time" text="hour" type="participant"/>
            <label from="12-11" id="58" name="ScrPart_cake" text="cake" type="participant"/>
        </participants>
        <events>
            <label from="1-3" id="59" name="UnrelEv" text="was" type="event"/>
            <label from="2-2" id="60" name="UnrelEv" text="asked" type="event"/>
            <label from="2-9" id="61" name="UnrelEv" text="do" type="event"/>
            <label from="2-15" id="62" name="UnrelEv" text="no" type="event"/>
            <label from="3-2" id="63" name="UnrelEv" text="felt" type="event"/>
            <label from="3-9" id="64" name="UnrelEv" text="said" type="event"/>
            <label from="3-14" id="65" name="Evoking" text="bake him a cake" to="3-17" type="event"/>
            <label from="4-3" id="66" name="UnrelEv" text="was" type="event"/>
            <label from="4-9" id="67" name="UnrelEv" text="have" type="event"/>
            <label from="4-12" id="68" name="Evoking" text="baking cakes" to="4-13" type="event"/>
            <label from="5-3" id="69" name="ScrEv_choose_recipe" text="looked" type="event"/>
            <label from="5-6" id="70" name="UnrelEv" text="see" type="event"/>
            <label from="5-11" id="71" name="UnrelEv" text="do" type="event"/>
            <label from="6-2" id="72" name="ScrEv_choose_recipe" text="found" type="event"/>
            <label from="6-6" id="73" name="UnrelEv" text="looked" type="event"/>
            <label from="6-15" id="74" name="ScrEv_get_ingredients" text="drove" type="event"/>
            <label from="6-22" id="75" name="ScrEv_get_ingredients" text="buy" type="event"/>
            <label from="6-28" id="76" name="UnrelEv" text="need" type="event"/>
            <label from="6-30" id="77" name="Evoking" text="bake the cake" to="6-32" type="event"/>
            <label from="7-3" id="78" name="ScrEv_get_ingredients" text="got to" to="7-4" type="event"/>
            <label from="7-9" id="79" name="ScrEv_get_ingredients" text="gathering" type="event"/>
            <label from="8-4" id="80" name="UnrelEv" text="had" type="event"/>
            <label from="8-7" id="81" name="UnrelEv" text="turned down" to="8-8" type="event"/>
            <label from="8-12" id="82" name="UnrelEv" text="noticed" type="event"/>
            <label from="8-14" id="83" name="UnrelEv" text="were" type="event"/>
            <label from="8-17" id="84" name="ScrEv_prepare_ingredients" text="pre-made" type="event"/>
            <label from="8-22" id="85" name="ScrEv_get_ingredients" text="buy" type="event"/>
            <label from="9-2" id="86" name="UnrelEv" text="seemed" type="event"/>
            <label from="9-10" id="87" name="UnrelEv" text="put" type="event"/>
            <label from="9-16" id="88" name="ScrEv_get_ingredients" text="bought" type="event"/>
            <label from="10-2" id="89" name="RelNScrEv" text="got" type="event"/>
            <label from="10-5" id="90" name="UnrelEv" text="started" type="event"/>
            <label from="10-6" id="91" name="Evoking" text="baking" type="event"/>
            <label from="11-5" id="92" name="ScrEv_add_ingredients" text="add" type="event"/>
            <label from="12-3" id="93" name="ScrEv_wait" text="was" type="event"/>
            <label from="12-12" id="94" name="UnrelEv" text="was" type="event"/>
        </events>
        <chains>
            <chain elements="1 4 9 11 12 16 19 21 22 25 29 31 33 35 36 38 42 44 47 49"/>
            <chain elements="2 5 6 8 10 13"/>
            <chain elements="14 18 30 55 58"/>
            <chain elements="27 32"/>
            <chain elements="28 34 37 45"/>
            <chain elements="41 46 50"/>
        </chains>
    </annotations>
</story>
