<?xml version="1.0" encoding="UTF-8" standalone="no"?>
<!DOCTYPE story SYSTEM "../InScript.dtd">
<story id="013" scenario="cake">
    <text>
        <content>On Saturday I baked a chocolate cake for my dad 's birthday . 
On Saturday morning , I went to the local supermarket and bought all the necessary ingredients . 
When I arrived back home , I laid all the ingredients out on the kitchen counter . 
I then preheated the oven to 375 degrees Fahrenheit and greased a cake tin with butter . 
Then , following the directions in the recipe I found in my cookbook , I measured out the correct quantities for all the ingredients . 
I then made the cake batter following the step-by-step instructions in the recipe . 
When the batter was made , I poured it into my greased cake pan . 
I then placed the cake in the oven and set the kitchen timer to 45 minutes . 
When the timer rang , I removed the cake from the oven , using kitchen mitts so I would n't burn my hands . 
I then placed the pan on the counter for 5 minutes . 
After 5 minutes had passed , I carefully removed the cake from the pan and placed it on a wire rack to cool . 
When the cake was completely cool , I iced it with chocolate frosting . </content>
        <sentences>
            <sentence id="1">
                <token content="On" id="1-1"/>
                <token content="Saturday" id="1-2">
                    <pos type="NNP"/>
                    <lemma type="Saturday"/>
                    <dep head="1-4" type="prep"/>
                </token>
                <token content="I" id="1-3">
                    <pos type="PRP"/>
                    <lemma type="I"/>
                    <dep head="1-4" type="nsubj"/>
                </token>
                <token content="baked" id="1-4">
                    <pos type="VBZ"/>
                    <lemma type="bake"/>
                </token>
                <token content="a" id="1-5">
                    <pos type="DT"/>
                    <lemma type="a"/>
                </token>
                <token content="chocolate" id="1-6">
                    <pos type="NN"/>
                    <lemma type="chocolate"/>
                </token>
                <token content="cake" id="1-7">
                    <pos type="NN"/>
                    <lemma type="cake"/>
                    <dep head="1-4" type="dobj"/>
                </token>
                <token content="for" id="1-8"/>
                <token content="my" id="1-9">
                    <pos type="PRP$"/>
                    <lemma type="my"/>
                </token>
                <token content="dad" id="1-10">
                    <pos type="NN"/>
                    <lemma type="dad"/>
                </token>
                <token content="'s" id="1-11"/>
                <token content="birthday" id="1-12">
                    <pos type="NN"/>
                    <lemma type="birthday"/>
                </token>
                <token content="." id="1-13"/>
            </sentence>
            <sentence id="2">
                <token content="On" id="2-1"/>
                <token content="Saturday" id="2-2">
                    <pos type="NNP"/>
                    <lemma type="Saturday"/>
                    <dep head="2-6" type="prep"/>
                </token>
                <token content="morning" id="2-3">
                    <pos type="NN"/>
                    <lemma type="morning"/>
                    <dep head="2-6" type="tmod"/>
                </token>
                <token content="," id="2-4"/>
                <token content="I" id="2-5">
                    <pos type="PRP"/>
                    <lemma type="I"/>
                    <dep head="2-6" type="nsubj"/>
                </token>
                <token content="went" id="2-6">
                    <pos type="VBD"/>
                    <lemma type="go"/>
                </token>
                <token content="to" id="2-7"/>
                <token content="the" id="2-8">
                    <pos type="DT"/>
                    <lemma type="the"/>
                </token>
                <token content="local" id="2-9">
                    <pos type="JJ"/>
                    <lemma type="local"/>
                </token>
                <token content="supermarket" id="2-10">
                    <pos type="NN"/>
                    <lemma type="supermarket"/>
                    <dep head="2-6" type="prep"/>
                </token>
                <token content="and" id="2-11"/>
                <token content="bought" id="2-12">
                    <pos type="VBD"/>
                    <lemma type="buy"/>
                    <dep head="2-6" type="conj"/>
                </token>
                <token content="all" id="2-13">
                    <pos type="PDT"/>
                    <lemma type="all"/>
                </token>
                <token content="the" id="2-14">
                    <pos type="DT"/>
                    <lemma type="the"/>
                </token>
                <token content="necessary" id="2-15">
                    <pos type="JJ"/>
                    <lemma type="necessary"/>
                </token>
                <token content="ingredients" id="2-16">
                    <pos type="NNS"/>
                    <lemma type="ingredient"/>
                    <dep head="2-12" type="dobj"/>
                </token>
                <token content="." id="2-17"/>
            </sentence>
            <sentence id="3">
                <token content="When" id="3-1">
                    <pos type="WRB"/>
                    <lemma type="when"/>
                    <dep head="3-3" type="advmod"/>
                </token>
                <token content="I" id="3-2">
                    <pos type="PRP"/>
                    <lemma type="I"/>
                    <dep head="3-3" type="nsubj"/>
                </token>
                <token content="arrived" id="3-3">
                    <pos type="VBD"/>
                    <lemma type="arrive"/>
                    <dep head="3-8" type="advcl"/>
                </token>
                <token content="back" id="3-4">
                    <pos type="RB"/>
                    <lemma type="back"/>
                    <dep head="3-3" type="advmod"/>
                </token>
                <token content="home" id="3-5">
                    <pos type="NN"/>
                    <lemma type="home"/>
                </token>
                <token content="," id="3-6"/>
                <token content="I" id="3-7">
                    <pos type="PRP"/>
                    <lemma type="I"/>
                    <dep head="3-8" type="nsubj"/>
                </token>
                <token content="laid" id="3-8">
                    <pos type="VBD"/>
                    <lemma type="lay"/>
                </token>
                <token content="all" id="3-9">
                    <pos type="PDT"/>
                    <lemma type="all"/>
                </token>
                <token content="the" id="3-10">
                    <pos type="DT"/>
                    <lemma type="the"/>
                </token>
                <token content="ingredients" id="3-11">
                    <pos type="NNS"/>
                    <lemma type="ingredient"/>
                    <dep head="3-8" type="dobj"/>
                </token>
                <token content="out" id="3-12">
                    <pos type="RP"/>
                    <lemma type="out"/>
                    <dep head="3-8" type="prt"/>
                </token>
                <token content="on" id="3-13"/>
                <token content="the" id="3-14">
                    <pos type="DT"/>
                    <lemma type="the"/>
                </token>
                <token content="kitchen" id="3-15">
                    <pos type="NN"/>
                    <lemma type="kitchen"/>
                </token>
                <token content="counter" id="3-16">
                    <pos type="NN"/>
                    <lemma type="counter"/>
                    <dep head="3-8" type="prep"/>
                </token>
                <token content="." id="3-17"/>
            </sentence>
            <sentence id="4">
                <token content="I" id="4-1">
                    <pos type="PRP"/>
                    <lemma type="I"/>
                    <dep head="4-3" type="nsubj"/>
                </token>
                <token content="then" id="4-2">
                    <pos type="RB"/>
                    <lemma type="then"/>
                    <dep head="4-3" type="advmod"/>
                </token>
                <token content="preheated" id="4-3">
                    <pos type="VBD"/>
                    <lemma type="preheat"/>
                </token>
                <token content="the" id="4-4">
                    <pos type="DT"/>
                    <lemma type="the"/>
                </token>
                <token content="oven" id="4-5">
                    <pos type="JJ"/>
                    <lemma type="oven"/>
                </token>
                <token content="to" id="4-6"/>
                <token content="375" id="4-7">
                    <pos type="CD"/>
                    <lemma type="375"/>
                </token>
                <token content="degrees" id="4-8">
                    <pos type="NNS"/>
                    <lemma type="degree"/>
                </token>
                <token content="Fahrenheit" id="4-9">
                    <pos type="NN"/>
                    <lemma type="fahrenheit"/>
                    <dep head="4-3" type="dobj"/>
                </token>
                <token content="and" id="4-10"/>
                <token content="greased" id="4-11">
                    <pos type="VBD"/>
                    <lemma type="grease"/>
                    <dep head="4-3" type="conj"/>
                </token>
                <token content="a" id="4-12">
                    <pos type="DT"/>
                    <lemma type="a"/>
                </token>
                <token content="cake" id="4-13">
                    <pos type="NN"/>
                    <lemma type="cake"/>
                </token>
                <token content="tin" id="4-14">
                    <pos type="NN"/>
                    <lemma type="tin"/>
                    <dep head="4-11" type="dobj"/>
                </token>
                <token content="with" id="4-15"/>
                <token content="butter" id="4-16">
                    <pos type="NN"/>
                    <lemma type="butter"/>
                    <dep head="4-11" type="prep"/>
                </token>
                <token content="." id="4-17"/>
            </sentence>
            <sentence id="5">
                <token content="Then" id="5-1">
                    <pos type="RB"/>
                    <lemma type="then"/>
                    <dep head="5-16" type="advmod"/>
                </token>
                <token content="," id="5-2"/>
                <token content="following" id="5-3"/>
                <token content="the" id="5-4">
                    <pos type="DT"/>
                    <lemma type="the"/>
                </token>
                <token content="directions" id="5-5">
                    <pos type="NNS"/>
                    <lemma type="direction"/>
                    <dep head="5-16" type="prep"/>
                </token>
                <token content="in" id="5-6"/>
                <token content="the" id="5-7">
                    <pos type="DT"/>
                    <lemma type="the"/>
                </token>
                <token content="recipe" id="5-8">
                    <pos type="NN"/>
                    <lemma type="recipe"/>
                </token>
                <token content="I" id="5-9">
                    <pos type="PRP"/>
                    <lemma type="I"/>
                    <dep head="5-10" type="nsubj"/>
                </token>
                <token content="found" id="5-10">
                    <pos type="VBD"/>
                    <lemma type="find"/>
                </token>
                <token content="in" id="5-11"/>
                <token content="my" id="5-12">
                    <pos type="PRP$"/>
                    <lemma type="my"/>
                </token>
                <token content="cookbook" id="5-13">
                    <pos type="NN"/>
                    <lemma type="cookbook"/>
                    <dep head="5-10" type="prep"/>
                </token>
                <token content="," id="5-14"/>
                <token content="I" id="5-15">
                    <pos type="PRP"/>
                    <lemma type="I"/>
                    <dep head="5-16" type="nsubj"/>
                </token>
                <token content="measured" id="5-16">
                    <pos type="VBD"/>
                    <lemma type="measure"/>
                </token>
                <token content="out" id="5-17">
                    <pos type="RP"/>
                    <lemma type="out"/>
                    <dep head="5-16" type="prt"/>
                </token>
                <token content="the" id="5-18">
                    <pos type="DT"/>
                    <lemma type="the"/>
                </token>
                <token content="correct" id="5-19">
                    <pos type="JJ"/>
                    <lemma type="correct"/>
                </token>
                <token content="quantities" id="5-20">
                    <pos type="NNS"/>
                    <lemma type="quantity"/>
                    <dep head="5-16" type="dobj"/>
                </token>
                <token content="for" id="5-21"/>
                <token content="all" id="5-22">
                    <pos type="PDT"/>
                    <lemma type="all"/>
                </token>
                <token content="the" id="5-23">
                    <pos type="DT"/>
                    <lemma type="the"/>
                </token>
                <token content="ingredients" id="5-24">
                    <pos type="NNS"/>
                    <lemma type="ingredient"/>
                </token>
                <token content="." id="5-25"/>
            </sentence>
            <sentence id="6">
                <token content="I" id="6-1">
                    <pos type="PRP"/>
                    <lemma type="I"/>
                    <dep head="6-3" type="nsubj"/>
                </token>
                <token content="then" id="6-2">
                    <pos type="RB"/>
                    <lemma type="then"/>
                    <dep head="6-3" type="advmod"/>
                </token>
                <token content="made" id="6-3">
                    <pos type="VBD"/>
                    <lemma type="make"/>
                </token>
                <token content="the" id="6-4">
                    <pos type="DT"/>
                    <lemma type="the"/>
                </token>
                <token content="cake" id="6-5">
                    <pos type="NN"/>
                    <lemma type="cake"/>
                </token>
                <token content="batter" id="6-6">
                    <pos type="NN"/>
                    <lemma type="batter"/>
                    <dep head="6-3" type="dobj"/>
                </token>
                <token content="following" id="6-7"/>
                <token content="the" id="6-8">
                    <pos type="DT"/>
                    <lemma type="the"/>
                </token>
                <token content="step-by-step" id="6-9">
                    <pos type="JJ"/>
                    <lemma type="step-by-step"/>
                </token>
                <token content="instructions" id="6-10">
                    <pos type="NNS"/>
                    <lemma type="instruction"/>
                </token>
                <token content="in" id="6-11"/>
                <token content="the" id="6-12">
                    <pos type="DT"/>
                    <lemma type="the"/>
                </token>
                <token content="recipe" id="6-13">
                    <pos type="NN"/>
                    <lemma type="recipe"/>
                </token>
                <token content="." id="6-14"/>
            </sentence>
            <sentence id="7">
                <token content="When" id="7-1">
                    <pos type="WRB"/>
                    <lemma type="when"/>
                    <dep head="7-5" type="advmod"/>
                </token>
                <token content="the" id="7-2">
                    <pos type="DT"/>
                    <lemma type="the"/>
                </token>
                <token content="batter" id="7-3">
                    <pos type="NN"/>
                    <lemma type="batter"/>
                    <dep head="7-5" type="nsubjpass"/>
                </token>
                <token content="was" id="7-4">
                    <pos type="VBD"/>
                    <lemma type="be"/>
                    <dep head="7-5" type="auxpass"/>
                </token>
                <token content="made" id="7-5">
                    <pos type="VBN"/>
                    <lemma type="make"/>
                    <dep head="7-8" type="advcl"/>
                </token>
                <token content="," id="7-6"/>
                <token content="I" id="7-7">
                    <pos type="PRP"/>
                    <lemma type="I"/>
                    <dep head="7-8" type="nsubj"/>
                </token>
                <token content="poured" id="7-8">
                    <pos type="VBD"/>
                    <lemma type="pour"/>
                </token>
                <token content="it" id="7-9">
                    <pos type="PRP"/>
                    <lemma type="it"/>
                    <dep head="7-8" type="dobj"/>
                </token>
                <token content="into" id="7-10"/>
                <token content="my" id="7-11">
                    <pos type="PRP$"/>
                    <lemma type="my"/>
                </token>
                <token content="greased" id="7-12">
                    <pos type="JJ"/>
                    <lemma type="greased"/>
                </token>
                <token content="cake" id="7-13">
                    <pos type="NN"/>
                    <lemma type="cake"/>
                </token>
                <token content="pan" id="7-14">
                    <pos type="NN"/>
                    <lemma type="pan"/>
                    <dep head="7-8" type="prep"/>
                </token>
                <token content="." id="7-15"/>
            </sentence>
            <sentence id="8">
                <token content="I" id="8-1">
                    <pos type="PRP"/>
                    <lemma type="I"/>
                    <dep head="8-3" type="nsubj"/>
                </token>
                <token content="then" id="8-2">
                    <pos type="RB"/>
                    <lemma type="then"/>
                    <dep head="8-3" type="advmod"/>
                </token>
                <token content="placed" id="8-3">
                    <pos type="VBD"/>
                    <lemma type="place"/>
                </token>
                <token content="the" id="8-4">
                    <pos type="DT"/>
                    <lemma type="the"/>
                </token>
                <token content="cake" id="8-5">
                    <pos type="NN"/>
                    <lemma type="cake"/>
                    <dep head="8-3" type="dobj"/>
                </token>
                <token content="in" id="8-6"/>
                <token content="the" id="8-7">
                    <pos type="DT"/>
                    <lemma type="the"/>
                </token>
                <token content="oven" id="8-8">
                    <pos type="NN"/>
                    <lemma type="oven"/>
                    <dep head="8-3" type="prep"/>
                </token>
                <token content="and" id="8-9"/>
                <token content="set" id="8-10">
                    <pos type="VBD"/>
                    <lemma type="set"/>
                    <dep head="8-3" type="conj"/>
                </token>
                <token content="the" id="8-11">
                    <pos type="DT"/>
                    <lemma type="the"/>
                </token>
                <token content="kitchen" id="8-12">
                    <pos type="NN"/>
                    <lemma type="kitchen"/>
                </token>
                <token content="timer" id="8-13">
                    <pos type="NN"/>
                    <lemma type="timer"/>
                    <dep head="8-10" type="dobj"/>
                </token>
                <token content="to" id="8-14"/>
                <token content="45" id="8-15">
                    <pos type="CD"/>
                    <lemma type="45"/>
                </token>
                <token content="minutes" id="8-16">
                    <pos type="NNS"/>
                    <lemma type="minute"/>
                    <dep head="8-10" type="prep"/>
                </token>
                <token content="." id="8-17"/>
            </sentence>
            <sentence id="9">
                <token content="When" id="9-1">
                    <pos type="WRB"/>
                    <lemma type="when"/>
                    <dep head="9-4" type="advmod"/>
                </token>
                <token content="the" id="9-2">
                    <pos type="DT"/>
                    <lemma type="the"/>
                </token>
                <token content="timer" id="9-3">
                    <pos type="NN"/>
                    <lemma type="timer"/>
                    <dep head="9-4" type="nsubj"/>
                </token>
                <token content="rang" id="9-4">
                    <pos type="VBD"/>
                    <lemma type="ring"/>
                    <dep head="9-7" type="advcl"/>
                </token>
                <token content="," id="9-5"/>
                <token content="I" id="9-6">
                    <pos type="PRP"/>
                    <lemma type="I"/>
                    <dep head="9-7" type="nsubj"/>
                </token>
                <token content="removed" id="9-7">
                    <pos type="VBD"/>
                    <lemma type="remove"/>
                </token>
                <token content="the" id="9-8">
                    <pos type="DT"/>
                    <lemma type="the"/>
                </token>
                <token content="cake" id="9-9">
                    <pos type="NN"/>
                    <lemma type="cake"/>
                    <dep head="9-7" type="dobj"/>
                </token>
                <token content="from" id="9-10"/>
                <token content="the" id="9-11">
                    <pos type="DT"/>
                    <lemma type="the"/>
                </token>
                <token content="oven" id="9-12">
                    <pos type="NN"/>
                    <lemma type="oven"/>
                    <dep head="9-7" type="prep"/>
                </token>
                <token content="," id="9-13"/>
                <token content="using" id="9-14">
                    <pos type="VBG"/>
                    <lemma type="use"/>
                    <dep head="9-7" type="vmod"/>
                </token>
                <token content="kitchen" id="9-15">
                    <pos type="NN"/>
                    <lemma type="kitchen"/>
                </token>
                <token content="mitts" id="9-16">
                    <pos type="NNS"/>
                    <lemma type="mitt"/>
                    <dep head="9-14" type="dobj"/>
                </token>
                <token content="so" id="9-17">
                    <pos type="IN"/>
                    <lemma type="so"/>
                    <dep head="9-21" type="mark"/>
                </token>
                <token content="I" id="9-18">
                    <pos type="PRP"/>
                    <lemma type="I"/>
                    <dep head="9-21" type="nsubj"/>
                </token>
                <token content="would" id="9-19">
                    <pos type="MD"/>
                    <lemma type="would"/>
                    <dep head="9-21" type="aux"/>
                </token>
                <token content="n't" id="9-20">
                    <pos type="RB"/>
                    <lemma type="not"/>
                    <dep head="9-21" type="neg"/>
                </token>
                <token content="burn" id="9-21">
                    <pos type="VB"/>
                    <lemma type="burn"/>
                    <dep head="9-14" type="advcl"/>
                </token>
                <token content="my" id="9-22">
                    <pos type="PRP$"/>
                    <lemma type="my"/>
                </token>
                <token content="hands" id="9-23">
                    <pos type="NNS"/>
                    <lemma type="hand"/>
                    <dep head="9-21" type="dobj"/>
                </token>
                <token content="." id="9-24"/>
            </sentence>
            <sentence id="10">
                <token content="I" id="10-1">
                    <pos type="PRP"/>
                    <lemma type="I"/>
                    <dep head="10-3" type="nsubj"/>
                </token>
                <token content="then" id="10-2">
                    <pos type="RB"/>
                    <lemma type="then"/>
                    <dep head="10-3" type="advmod"/>
                </token>
                <token content="placed" id="10-3">
                    <pos type="VBD"/>
                    <lemma type="place"/>
                </token>
                <token content="the" id="10-4">
                    <pos type="DT"/>
                    <lemma type="the"/>
                </token>
                <token content="pan" id="10-5">
                    <pos type="NN"/>
                    <lemma type="pan"/>
                    <dep head="10-3" type="dobj"/>
                </token>
                <token content="on" id="10-6"/>
                <token content="the" id="10-7">
                    <pos type="DT"/>
                    <lemma type="the"/>
                </token>
                <token content="counter" id="10-8">
                    <pos type="NN"/>
                    <lemma type="counter"/>
                    <dep head="10-3" type="prep"/>
                </token>
                <token content="for" id="10-9"/>
                <token content="5" id="10-10">
                    <pos type="CD"/>
                    <lemma type="5"/>
                </token>
                <token content="minutes" id="10-11">
                    <pos type="NNS"/>
                    <lemma type="minute"/>
                    <dep head="10-3" type="prep"/>
                </token>
                <token content="." id="10-12"/>
            </sentence>
            <sentence id="11">
                <token content="After" id="11-1">
                    <pos type="IN"/>
                    <lemma type="after"/>
                    <dep head="11-5" type="mark"/>
                </token>
                <token content="5" id="11-2">
                    <pos type="CD"/>
                    <lemma type="5"/>
                </token>
                <token content="minutes" id="11-3">
                    <pos type="NNS"/>
                    <lemma type="minute"/>
                    <dep head="11-5" type="nsubj"/>
                </token>
                <token content="had" id="11-4">
                    <pos type="VBD"/>
                    <lemma type="have"/>
                    <dep head="11-5" type="aux"/>
                </token>
                <token content="passed" id="11-5">
                    <pos type="VBN"/>
                    <lemma type="pass"/>
                    <dep head="11-9" type="advcl"/>
                </token>
                <token content="," id="11-6"/>
                <token content="I" id="11-7">
                    <pos type="PRP"/>
                    <lemma type="I"/>
                    <dep head="11-9" type="nsubj"/>
                </token>
                <token content="carefully" id="11-8">
                    <pos type="RB"/>
                    <lemma type="carefully"/>
                    <dep head="11-9" type="advmod"/>
                </token>
                <token content="removed" id="11-9">
                    <pos type="VBD"/>
                    <lemma type="remove"/>
                </token>
                <token content="the" id="11-10">
                    <pos type="DT"/>
                    <lemma type="the"/>
                </token>
                <token content="cake" id="11-11">
                    <pos type="NN"/>
                    <lemma type="cake"/>
                    <dep head="11-9" type="dobj"/>
                </token>
                <token content="from" id="11-12"/>
                <token content="the" id="11-13">
                    <pos type="DT"/>
                    <lemma type="the"/>
                </token>
                <token content="pan" id="11-14">
                    <pos type="NN"/>
                    <lemma type="pan"/>
                    <dep head="11-9" type="prep"/>
                </token>
                <token content="and" id="11-15"/>
                <token content="placed" id="11-16">
                    <pos type="VBD"/>
                    <lemma type="place"/>
                    <dep head="11-9" type="conj"/>
                </token>
                <token content="it" id="11-17">
                    <pos type="PRP"/>
                    <lemma type="it"/>
                    <dep head="11-16" type="dobj"/>
                </token>
                <token content="on" id="11-18"/>
                <token content="a" id="11-19">
                    <pos type="DT"/>
                    <lemma type="a"/>
                </token>
                <token content="wire" id="11-20">
                    <pos type="NN"/>
                    <lemma type="wire"/>
                </token>
                <token content="rack" id="11-21">
                    <pos type="NN"/>
                    <lemma type="rack"/>
                    <dep head="11-16" type="prep"/>
                </token>
                <token content="to" id="11-22">
                    <pos type="TO"/>
                    <lemma type="to"/>
                    <dep head="11-23" type="aux"/>
                </token>
                <token content="cool" id="11-23">
                    <pos type="VB"/>
                    <lemma type="cool"/>
                    <dep head="11-16" type="vmod"/>
                </token>
                <token content="." id="11-24"/>
            </sentence>
            <sentence id="12">
                <token content="When" id="12-1">
                    <pos type="WRB"/>
                    <lemma type="when"/>
                </token>
                <token content="the" id="12-2">
                    <pos type="DT"/>
                    <lemma type="the"/>
                </token>
                <token content="cake" id="12-3">
                    <pos type="NN"/>
                    <lemma type="cake"/>
                </token>
                <token content="was" id="12-4">
                    <pos type="VBD"/>
                    <lemma type="be"/>
                </token>
                <token content="completely" id="12-5">
                    <pos type="RB"/>
                    <lemma type="completely"/>
                </token>
                <token content="cool" id="12-6">
                    <pos type="JJ"/>
                    <lemma type="cool"/>
                    <dep head="12-9" type="advcl"/>
                </token>
                <token content="," id="12-7"/>
                <token content="I" id="12-8">
                    <pos type="PRP"/>
                    <lemma type="I"/>
                    <dep head="12-9" type="nsubj"/>
                </token>
                <token content="iced" id="12-9">
                    <pos type="VBD"/>
                    <lemma type="ice"/>
                </token>
                <token content="it" id="12-10">
                    <pos type="PRP"/>
                    <lemma type="it"/>
                    <dep head="12-9" type="dobj"/>
                </token>
                <token content="with" id="12-11"/>
                <token content="chocolate" id="12-12">
                    <pos type="NN"/>
                    <lemma type="chocolate"/>
                </token>
                <token content="frosting" id="12-13">
                    <pos type="NN"/>
                    <lemma type="frosting"/>
                    <dep head="12-9" type="prep"/>
                </token>
                <token content="." id="12-14"/>
            </sentence>
        </sentences>
    </text>
    <annotations>
        <participants>
            <label from="1-2" id="0" name="NPart" text="Saturday" type="participant"/>
            <label from="1-3" id="1" name="ScrPart_cook" text="I" type="participant"/>
            <label from="1-6" id="2" name="ScrPart_cake" text="chocolate cake" to="1-7" type="participant"/>
            <label from="1-7" id="3" name="ScrPart_cake" text="cake" type="participant"/>
            <label from="1-9" id="4" name="ScrPart_cook" text="my" type="participant"/>
            <label from="1-10" id="5" name="ScrPart_beneficiary" text="dad" type="participant"/>
            <label from="1-12" id="6" name="NPart" text="birthday" type="participant"/>
            <label from="2-2" id="7" name="NPart" text="Saturday morning" to="2-3" type="participant"/>
            <label from="2-3" id="8" name="NPart" text="morning" type="participant"/>
            <label from="2-5" id="9" name="ScrPart_cook" text="I" type="participant"/>
            <label from="2-10" id="10" name="ScrPart_store" text="supermarket" type="participant"/>
            <label from="2-16" id="11" name="ScrPart_ingredients" text="ingredients" type="participant"/>
            <label from="3-2" id="12" name="ScrPart_cook" text="I" type="participant"/>
            <label from="3-5" id="13" name="ScrPart_kitchen/location" text="home" type="participant"/>
            <label from="3-7" id="14" name="ScrPart_cook" text="I" type="participant"/>
            <label from="3-11" id="15" name="ScrPart_ingredients" text="ingredients" type="participant"/>
            <label from="3-15" id="16" name="ScrPart_kitchen/location" text="kitchen counter" to="3-16" type="participant"/>
            <label from="3-16" id="17" name="ScrPart_kitchen/location" text="counter" type="participant"/>
            <label from="4-1" id="18" name="ScrPart_cook" text="I" type="participant"/>
            <label from="4-5" id="19" name="ScrPart_oven" text="oven" type="participant"/>
            <label from="4-7" id="20" name="ScrPart_temperature" text="375 degrees Fahrenheit" to="4-9" type="participant"/>
            <label from="4-13" id="21" name="ScrPart_cake_tin" text="cake tin" to="4-14" type="participant"/>
            <label from="4-14" id="22" name="ScrPart_cake_tin" text="tin" type="participant"/>
            <label from="4-16" id="23" name="ScrPart_ingredients" text="butter" type="participant"/>
            <label from="5-5" id="24" name="ScrPart_baking_instructions" text="directions" type="participant"/>
            <label from="5-8" id="25" name="ScrPart_baking_instructions" text="recipe" type="participant"/>
            <label from="5-9" id="26" name="ScrPart_cook" text="I" type="participant"/>
            <label from="5-12" id="27" name="ScrPart_cook" text="my" type="participant"/>
            <label from="5-13" id="28" name="ScrPart_recipe_source" text="cookbook" type="participant"/>
            <label from="5-15" id="29" name="ScrPart_cook" text="I" type="participant"/>
            <label from="5-20" id="30" name="ScrPart_other" text="quantities" type="participant"/>
            <label from="5-24" id="31" name="ScrPart_ingredients" text="ingredients" type="participant"/>
            <label from="6-1" id="32" name="ScrPart_cook" text="I" type="participant"/>
            <label from="6-5" id="33" name="ScrPart_dough" text="cake batter" to="6-6" type="participant"/>
            <label from="6-6" id="34" name="ScrPart_dough" text="batter" type="participant"/>
            <label from="6-10" id="35" name="ScrPart_baking_instructions" text="instructions" type="participant"/>
            <label from="6-13" id="36" name="ScrPart_baking_instructions" text="recipe" type="participant"/>
            <label from="7-3" id="37" name="ScrPart_dough" text="batter" type="participant"/>
            <label from="7-7" id="38" name="ScrPart_cook" text="I" type="participant"/>
            <label from="7-9" id="39" name="ScrPart_dough" text="it" type="participant"/>
            <label from="7-11" id="40" name="ScrPart_cook" text="my" type="participant"/>
            <label from="7-13" id="41" name="ScrPart_cake_tin" text="cake pan" to="7-14" type="participant"/>
            <label from="7-14" id="42" name="ScrPart_cake_tin" text="pan" type="participant"/>
            <label from="8-1" id="43" name="ScrPart_cook" text="I" type="participant"/>
            <label from="8-5" id="44" name="ScrPart_cake" text="cake" type="participant"/>
            <label from="8-8" id="45" name="ScrPart_oven" text="oven" type="participant"/>
            <label from="8-12" id="46" name="ScrPart_timer" text="kitchen timer" to="8-13" type="participant"/>
            <label from="8-15" id="47" name="ScrPart_time" text="45 minutes" to="8-16" type="participant"/>
            <label from="9-3" id="48" name="ScrPart_timer" text="timer" type="participant"/>
            <label from="9-6" id="49" name="ScrPart_cook" text="I" type="participant"/>
            <label from="9-9" id="50" name="ScrPart_cake" text="cake" type="participant"/>
            <label from="9-12" id="51" name="ScrPart_oven" text="oven" type="participant"/>
            <label from="9-15" id="52" name="ScrPart_utensil" text="kitchen mitts" to="9-16" type="participant"/>
            <label from="9-16" id="53" name="ScrPart_utensil" text="mitts" type="participant"/>
            <label from="9-18" id="54" name="ScrPart_cook" text="I" type="participant"/>
            <label from="9-22" id="55" name="ScrPart_cook" text="my" type="participant"/>
            <label from="9-23" id="56" name="NPart" text="hands" type="participant"/>
            <label from="10-1" id="57" name="ScrPart_cook" text="I" type="participant"/>
            <label from="10-5" id="58" name="ScrPart_cake_tin" text="pan" type="participant"/>
            <label from="10-8" id="59" name="ScrPart_kitchen/location" text="counter" type="participant"/>
            <label from="10-10" id="60" name="ScrPart_time" text="5 minutes" to="10-11" type="participant"/>
            <label from="11-2" id="61" name="ScrPart_time" text="5 minutes" to="11-3" type="participant"/>
            <label from="11-7" id="62" name="ScrPart_cook" text="I" type="participant"/>
            <label from="11-11" id="63" name="ScrPart_cake" text="cake" type="participant"/>
            <label from="11-14" id="64" name="ScrPart_cake_tin" text="pan" type="participant"/>
            <label from="11-17" id="65" name="ScrPart_cake" text="it" type="participant"/>
            <label from="11-20" id="66" name="ScrPart_utensil" text="wire rack" to="11-21" type="participant"/>
            <label from="11-21" id="67" name="ScrPart_utensil" text="rack" type="participant"/>
            <label from="12-3" id="68" name="ScrPart_cake" text="cake" type="participant"/>
            <label from="12-8" id="69" name="ScrPart_cook" text="I" type="participant"/>
            <label from="12-10" id="70" name="ScrPart_cake" text="it" type="participant"/>
            <label from="12-12" id="71" name="ScrPart_decoration" text="chocolate frosting" to="12-13" type="participant"/>
            <label from="12-13" id="72" name="ScrPart_decoration" text="frosting" type="participant"/>
        </participants>
        <events>
            <label from="1-4" id="73" name="Evoking" text="baked a chocolate cake" to="1-7" type="event"/>
            <label from="2-6" id="74" name="ScrEv_get_ingredients" text="went" type="event"/>
            <label from="2-12" id="75" name="ScrEv_get_ingredients" text="bought" type="event"/>
            <label from="3-3" id="76" name="UnrelEv" text="arrived back" to="3-4" type="event"/>
            <label from="3-8" id="77" name="ScrEv_get_ingredients" text="laid" type="event"/>
            <label from="4-3" id="78" name="ScrEv_preheat" text="preheated" type="event"/>
            <label from="4-11" id="79" name="ScrEv_grease_cake_tin" text="greased" type="event"/>
            <label from="5-3" id="80" name="Unclear" text="following" type="event"/>
            <label from="5-10" id="81" name="ScrEv_choose_recipe" text="found" type="event"/>
            <label from="5-16" id="82" name="ScrEv_add_ingredients" text="measured out" to="5-17" type="event"/>
            <label from="6-3" id="83" name="ScrEv_make_dough" text="made" type="event"/>
            <label from="6-7" id="84" name="Unclear" text="following" type="event"/>
            <label from="7-5" id="85" name="ScrEv_make_dough" text="made" type="event"/>
            <label from="7-8" id="86" name="ScrEv_pour_dough" text="poured" type="event"/>
            <label from="7-12" id="87" name="ScrEv_grease_cake_tin" text="greased" type="event"/>
            <label from="8-3" id="88" name="ScrEv_put_cake_oven" text="placed" type="event"/>
            <label from="8-10" id="89" name="ScrEv_set_time" text="set" type="event"/>
            <label from="9-4" id="90" name="ScrEv_wait" text="rang" type="event"/>
            <label from="9-7" id="91" name="ScrEv_take_out_oven" text="removed" type="event"/>
            <label from="9-14" id="92" name="UnrelEv" text="using" type="event"/>
            <label from="9-21" id="93" name="RelNScrEv" text="burn" type="event"/>
            <label from="10-3" id="94" name="ScrEv_cool_down" text="placed" type="event"/>
            <label from="11-5" id="95" name="ScrEv_cool_down" text="passed" type="event"/>
            <label from="11-9" id="96" name="ScrEv_take_out_cake_tin" text="removed" type="event"/>
            <label from="11-16" id="97" name="ScrEv_cool_down" text="placed" type="event"/>
            <label from="11-23" id="98" name="ScrEv_cool_down" text="cool" type="event"/>
            <label from="12-4" id="99" name="ScrEv_cool_down" text="was" type="event"/>
            <label from="12-9" id="100" name="ScrEv_decorate" text="iced" type="event"/>
        </events>
        <chains>
            <chain elements="4 1 9 12 14 18 26 27 29 32 38 40 43 49 54 55 57 62 69"/>
            <chain elements="44 3 50 63 65 68 70"/>
            <chain elements="15 11 31"/>
            <chain elements="45 19 51"/>
            <chain elements="42 22 58 64"/>
            <chain elements="35 24"/>
            <chain elements="36 25"/>
            <chain elements="37 34 39"/>
            <chain elements="48 46"/>
            <chain elements="61 60"/>
            <chain elements="17 59"/>
        </chains>
    </annotations>
</story>
