<?xml version="1.0" encoding="UTF-8" standalone="no"?>
<!DOCTYPE story SYSTEM "../InScript.dtd">
<story id="042" scenario="cake">
    <text>
        <content>I like to help Mom bake cakes . 
It 's something we enjoy doing together . 
Mom decided she was going to make a chocolate cake , and chocolate is my favorite ! 
First , we washed our hands carefully with plenty of soap . 
Then we dried our hands . 
The first thing we had to do was sift the dry ingredients . 
Mom got out a really big mixing bowl made of aluminum . 
We put in the flour , sugar , salt , and baking powder . 
Mom likes turbinado sugar the best because it 's more healthy , so we used that . 
The four was King Arthur cake flour . 
We blended the dry ingredients carefully with a whip . 
Then we got another bowl and mixed the eggs , milk , and butter . 
Mom took a little pan and melted the chocolate on the stove on very low heat . 
We mixed the chocolate with the liquids and then poured it all into the big bowl . 
We baked the cake for 40 minutes -- it seemed like a long time ! 
-- and after it cooled we iced it and ate some . 
It was delicious . </content>
        <sentences>
            <sentence id="1">
                <token content="I" id="1-1">
                    <pos type="PRP"/>
                    <lemma type="I"/>
                    <dep head="1-2" type="nsubj"/>
                </token>
                <token content="like" id="1-2">
                    <pos type="VBP"/>
                    <lemma type="like"/>
                </token>
                <token content="to" id="1-3">
                    <pos type="TO"/>
                    <lemma type="to"/>
                    <dep head="1-4" type="aux"/>
                </token>
                <token content="help" id="1-4">
                    <pos type="VB"/>
                    <lemma type="help"/>
                    <dep head="1-2" type="xcomp"/>
                </token>
                <token content="Mom" id="1-5">
                    <pos type="NN"/>
                    <lemma type="mom"/>
                </token>
                <token content="bake" id="1-6">
                    <pos type="NN"/>
                    <lemma type="bake"/>
                </token>
                <token content="cakes" id="1-7">
                    <pos type="NNS"/>
                    <lemma type="cake"/>
                    <dep head="1-4" type="dobj"/>
                </token>
                <token content="." id="1-8"/>
            </sentence>
            <sentence id="2">
                <token content="It" id="2-1">
                    <pos type="PRP"/>
                    <lemma type="it"/>
                </token>
                <token content="'s" id="2-2">
                    <pos type="VBZ"/>
                    <lemma type="be"/>
                </token>
                <token content="something" id="2-3">
                    <pos type="NN"/>
                    <lemma type="something"/>
                </token>
                <token content="we" id="2-4">
                    <pos type="PRP"/>
                    <lemma type="we"/>
                    <dep head="2-5" type="nsubj"/>
                </token>
                <token content="enjoy" id="2-5">
                    <pos type="VBP"/>
                    <lemma type="enjoy"/>
                </token>
                <token content="doing" id="2-6">
                    <pos type="VBG"/>
                    <lemma type="do"/>
                    <dep head="2-5" type="xcomp"/>
                </token>
                <token content="together" id="2-7">
                    <pos type="RB"/>
                    <lemma type="together"/>
                    <dep head="2-6" type="advmod"/>
                </token>
                <token content="." id="2-8"/>
            </sentence>
            <sentence id="3">
                <token content="Mom" id="3-1">
                    <pos type="NN"/>
                    <lemma type="mom"/>
                    <dep head="3-2" type="nsubj"/>
                </token>
                <token content="decided" id="3-2">
                    <pos type="VBD"/>
                    <lemma type="decide"/>
                </token>
                <token content="she" id="3-3">
                    <pos type="PRP"/>
                    <lemma type="she"/>
                    <dep head="3-5" type="nsubj"/>
                </token>
                <token content="was" id="3-4">
                    <pos type="VBD"/>
                    <lemma type="be"/>
                    <dep head="3-5" type="aux"/>
                </token>
                <token content="going" id="3-5">
                    <pos type="VBG"/>
                    <lemma type="go"/>
                    <dep head="3-2" type="ccomp"/>
                </token>
                <token content="to" id="3-6">
                    <pos type="TO"/>
                    <lemma type="to"/>
                    <dep head="3-7" type="aux"/>
                </token>
                <token content="make" id="3-7">
                    <pos type="VB"/>
                    <lemma type="make"/>
                    <dep head="3-5" type="xcomp"/>
                </token>
                <token content="a" id="3-8">
                    <pos type="DT"/>
                    <lemma type="a"/>
                </token>
                <token content="chocolate" id="3-9">
                    <pos type="NN"/>
                    <lemma type="chocolate"/>
                </token>
                <token content="cake" id="3-10">
                    <pos type="NN"/>
                    <lemma type="cake"/>
                    <dep head="3-7" type="dobj"/>
                </token>
                <token content="," id="3-11"/>
                <token content="and" id="3-12"/>
                <token content="chocolate" id="3-13">
                    <pos type="NN"/>
                    <lemma type="chocolate"/>
                </token>
                <token content="is" id="3-14">
                    <pos type="VBZ"/>
                    <lemma type="be"/>
                </token>
                <token content="my" id="3-15">
                    <pos type="PRP$"/>
                    <lemma type="my"/>
                </token>
                <token content="favorite" id="3-16">
                    <pos type="NN"/>
                    <lemma type="favorite"/>
                    <dep head="3-2" type="conj"/>
                </token>
                <token content="!" id="3-17"/>
            </sentence>
            <sentence id="4">
                <token content="First" id="4-1">
                    <pos type="RB"/>
                    <lemma type="first"/>
                    <dep head="4-4" type="advmod"/>
                </token>
                <token content="," id="4-2"/>
                <token content="we" id="4-3">
                    <pos type="PRP"/>
                    <lemma type="we"/>
                    <dep head="4-4" type="nsubj"/>
                </token>
                <token content="washed" id="4-4">
                    <pos type="VBD"/>
                    <lemma type="wash"/>
                </token>
                <token content="our" id="4-5">
                    <pos type="PRP$"/>
                    <lemma type="we"/>
                </token>
                <token content="hands" id="4-6">
                    <pos type="NNS"/>
                    <lemma type="hand"/>
                    <dep head="4-4" type="dobj"/>
                </token>
                <token content="carefully" id="4-7">
                    <pos type="RB"/>
                    <lemma type="carefully"/>
                    <dep head="4-4" type="advmod"/>
                </token>
                <token content="with" id="4-8">
                    <pos type="IN"/>
                    <lemma type="with"/>
                    <dep head="4-4" type="prep"/>
                </token>
                <token content="plenty" id="4-9">
                    <pos type="RB"/>
                    <lemma type="plenty"/>
                </token>
                <token content="of" id="4-10"/>
                <token content="soap" id="4-11">
                    <pos type="NN"/>
                    <lemma type="soap"/>
                </token>
                <token content="." id="4-12"/>
            </sentence>
            <sentence id="5">
                <token content="Then" id="5-1">
                    <pos type="RB"/>
                    <lemma type="then"/>
                    <dep head="5-3" type="advmod"/>
                </token>
                <token content="we" id="5-2">
                    <pos type="PRP"/>
                    <lemma type="we"/>
                    <dep head="5-3" type="nsubj"/>
                </token>
                <token content="dried" id="5-3">
                    <pos type="VBD"/>
                    <lemma type="dry"/>
                </token>
                <token content="our" id="5-4">
                    <pos type="PRP$"/>
                    <lemma type="we"/>
                </token>
                <token content="hands" id="5-5">
                    <pos type="NNS"/>
                    <lemma type="hand"/>
                    <dep head="5-3" type="dobj"/>
                </token>
                <token content="." id="5-6"/>
            </sentence>
            <sentence id="6">
                <token content="The" id="6-1">
                    <pos type="DT"/>
                    <lemma type="the"/>
                </token>
                <token content="first" id="6-2">
                    <pos type="JJ"/>
                    <lemma type="first"/>
                </token>
                <token content="thing" id="6-3">
                    <pos type="NN"/>
                    <lemma type="thing"/>
                    <dep head="6-9" type="nsubj"/>
                </token>
                <token content="we" id="6-4">
                    <pos type="PRP"/>
                    <lemma type="we"/>
                    <dep head="6-5" type="nsubj"/>
                </token>
                <token content="had" id="6-5">
                    <pos type="VBD"/>
                    <lemma type="have"/>
                </token>
                <token content="to" id="6-6">
                    <pos type="TO"/>
                    <lemma type="to"/>
                    <dep head="6-7" type="aux"/>
                </token>
                <token content="do" id="6-7">
                    <pos type="VB"/>
                    <lemma type="do"/>
                    <dep head="6-5" type="xcomp"/>
                </token>
                <token content="was" id="6-8">
                    <pos type="VBD"/>
                    <lemma type="be"/>
                    <dep head="6-9" type="aux"/>
                </token>
                <token content="sift" id="6-9">
                    <pos type="VBG"/>
                    <lemma type="sift"/>
                </token>
                <token content="the" id="6-10">
                    <pos type="DT"/>
                    <lemma type="the"/>
                </token>
                <token content="dry" id="6-11">
                    <pos type="JJ"/>
                    <lemma type="dry"/>
                </token>
                <token content="ingredients" id="6-12">
                    <pos type="NNS"/>
                    <lemma type="ingredient"/>
                    <dep head="6-9" type="dobj"/>
                </token>
                <token content="." id="6-13"/>
            </sentence>
            <sentence id="7">
                <token content="Mom" id="7-1">
                    <pos type="NN"/>
                    <lemma type="mom"/>
                    <dep head="7-2" type="nsubj"/>
                </token>
                <token content="got" id="7-2">
                    <pos type="VBD"/>
                    <lemma type="get"/>
                </token>
                <token content="out" id="7-3">
                    <pos type="RP"/>
                    <lemma type="out"/>
                    <dep head="7-2" type="prt"/>
                </token>
                <token content="a" id="7-4">
                    <pos type="DT"/>
                    <lemma type="a"/>
                </token>
                <token content="really" id="7-5">
                    <pos type="RB"/>
                    <lemma type="really"/>
                </token>
                <token content="big" id="7-6">
                    <pos type="JJ"/>
                    <lemma type="big"/>
                </token>
                <token content="mixing" id="7-7">
                    <pos type="JJ"/>
                    <lemma type="mixing"/>
                </token>
                <token content="bowl" id="7-8">
                    <pos type="NN"/>
                    <lemma type="bowl"/>
                    <dep head="7-2" type="dobj"/>
                </token>
                <token content="made" id="7-9">
                    <pos type="VBN"/>
                    <lemma type="make"/>
                </token>
                <token content="of" id="7-10"/>
                <token content="aluminum" id="7-11">
                    <pos type="NN"/>
                    <lemma type="aluminum"/>
                    <dep head="7-9" type="prep"/>
                </token>
                <token content="." id="7-12"/>
            </sentence>
            <sentence id="8">
                <token content="We" id="8-1">
                    <pos type="PRP"/>
                    <lemma type="we"/>
                    <dep head="8-2" type="nsubj"/>
                </token>
                <token content="put" id="8-2">
                    <pos type="VBD"/>
                    <lemma type="put"/>
                </token>
                <token content="in" id="8-3"/>
                <token content="the" id="8-4">
                    <pos type="DT"/>
                    <lemma type="the"/>
                </token>
                <token content="flour" id="8-5">
                    <pos type="NN"/>
                    <lemma type="flour"/>
                    <dep head="8-2" type="prep"/>
                </token>
                <token content="," id="8-6"/>
                <token content="sugar" id="8-7">
                    <pos type="NN"/>
                    <lemma type="sugar"/>
                </token>
                <token content="," id="8-8"/>
                <token content="salt" id="8-9">
                    <pos type="NN"/>
                    <lemma type="salt"/>
                </token>
                <token content="," id="8-10"/>
                <token content="and" id="8-11"/>
                <token content="baking" id="8-12">
                    <pos type="JJ"/>
                    <lemma type="baking"/>
                </token>
                <token content="powder" id="8-13">
                    <pos type="NN"/>
                    <lemma type="powder"/>
                </token>
                <token content="." id="8-14"/>
            </sentence>
            <sentence id="9">
                <token content="Mom" id="9-1">
                    <pos type="NN"/>
                    <lemma type="mom"/>
                    <dep head="9-2" type="nsubj"/>
                </token>
                <token content="likes" id="9-2">
                    <pos type="VBZ"/>
                    <lemma type="like"/>
                </token>
                <token content="turbinado" id="9-3">
                    <pos type="NN"/>
                    <lemma type="turbinado"/>
                </token>
                <token content="sugar" id="9-4">
                    <pos type="NN"/>
                    <lemma type="sugar"/>
                    <dep head="9-2" type="iobj"/>
                </token>
                <token content="the" id="9-5">
                    <pos type="DT"/>
                    <lemma type="the"/>
                </token>
                <token content="best" id="9-6">
                    <pos type="JJS"/>
                    <lemma type="best"/>
                    <dep head="9-2" type="dobj"/>
                </token>
                <token content="because" id="9-7">
                    <pos type="IN"/>
                    <lemma type="because"/>
                </token>
                <token content="it" id="9-8">
                    <pos type="PRP"/>
                    <lemma type="it"/>
                </token>
                <token content="'s" id="9-9">
                    <pos type="VBZ"/>
                    <lemma type="be"/>
                </token>
                <token content="more" id="9-10">
                    <pos type="RBR"/>
                    <lemma type="more"/>
                </token>
                <token content="healthy" id="9-11">
                    <pos type="JJ"/>
                    <lemma type="healthy"/>
                </token>
                <token content="," id="9-12"/>
                <token content="so" id="9-13">
                    <pos type="IN"/>
                    <lemma type="so"/>
                    <dep head="9-2" type="dep"/>
                </token>
                <token content="we" id="9-14">
                    <pos type="PRP"/>
                    <lemma type="we"/>
                    <dep head="9-15" type="nsubj"/>
                </token>
                <token content="used" id="9-15">
                    <pos type="VBD"/>
                    <lemma type="use"/>
                    <dep head="9-2" type="parataxis"/>
                </token>
                <token content="that" id="9-16">
                    <pos type="DT"/>
                    <lemma type="that"/>
                    <dep head="9-15" type="dobj"/>
                </token>
                <token content="." id="9-17"/>
            </sentence>
            <sentence id="10">
                <token content="The" id="10-1">
                    <pos type="DT"/>
                    <lemma type="the"/>
                </token>
                <token content="four" id="10-2">
                    <pos type="CD"/>
                    <lemma type="four"/>
                </token>
                <token content="was" id="10-3">
                    <pos type="VBD"/>
                    <lemma type="be"/>
                </token>
                <token content="King" id="10-4">
                    <pos type="NNP"/>
                    <lemma type="King"/>
                </token>
                <token content="Arthur" id="10-5">
                    <pos type="NNP"/>
                    <lemma type="Arthur"/>
                </token>
                <token content="cake" id="10-6">
                    <pos type="NN"/>
                    <lemma type="cake"/>
                </token>
                <token content="flour" id="10-7">
                    <pos type="NNS"/>
                    <lemma type="flour"/>
                </token>
                <token content="." id="10-8"/>
            </sentence>
            <sentence id="11">
                <token content="We" id="11-1">
                    <pos type="PRP"/>
                    <lemma type="we"/>
                    <dep head="11-2" type="nsubj"/>
                </token>
                <token content="blended" id="11-2">
                    <pos type="VBD"/>
                    <lemma type="blend"/>
                </token>
                <token content="the" id="11-3">
                    <pos type="DT"/>
                    <lemma type="the"/>
                </token>
                <token content="dry" id="11-4">
                    <pos type="JJ"/>
                    <lemma type="dry"/>
                </token>
                <token content="ingredients" id="11-5">
                    <pos type="NNS"/>
                    <lemma type="ingredient"/>
                </token>
                <token content="carefully" id="11-6">
                    <pos type="RB"/>
                    <lemma type="carefully"/>
                    <dep head="11-2" type="advmod"/>
                </token>
                <token content="with" id="11-7"/>
                <token content="a" id="11-8">
                    <pos type="DT"/>
                    <lemma type="a"/>
                </token>
                <token content="whip" id="11-9">
                    <pos type="NN"/>
                    <lemma type="whip"/>
                    <dep head="11-2" type="prep"/>
                </token>
                <token content="." id="11-10"/>
            </sentence>
            <sentence id="12">
                <token content="Then" id="12-1">
                    <pos type="RB"/>
                    <lemma type="then"/>
                    <dep head="12-3" type="advmod"/>
                </token>
                <token content="we" id="12-2">
                    <pos type="PRP"/>
                    <lemma type="we"/>
                    <dep head="12-3" type="nsubj"/>
                </token>
                <token content="got" id="12-3">
                    <pos type="VBD"/>
                    <lemma type="get"/>
                </token>
                <token content="another" id="12-4">
                    <pos type="DT"/>
                    <lemma type="another"/>
                </token>
                <token content="bowl" id="12-5">
                    <pos type="NN"/>
                    <lemma type="bowl"/>
                    <dep head="12-3" type="dobj"/>
                </token>
                <token content="and" id="12-6"/>
                <token content="mixed" id="12-7">
                    <pos type="VBN"/>
                    <lemma type="mix"/>
                    <dep head="12-3" type="conj"/>
                </token>
                <token content="the" id="12-8">
                    <pos type="DT"/>
                    <lemma type="the"/>
                </token>
                <token content="eggs" id="12-9">
                    <pos type="NNS"/>
                    <lemma type="egg"/>
                    <dep head="12-7" type="dobj"/>
                </token>
                <token content="," id="12-10"/>
                <token content="milk" id="12-11">
                    <pos type="NN"/>
                    <lemma type="milk"/>
                </token>
                <token content="," id="12-12"/>
                <token content="and" id="12-13"/>
                <token content="butter" id="12-14">
                    <pos type="NN"/>
                    <lemma type="butter"/>
                </token>
                <token content="." id="12-15"/>
            </sentence>
            <sentence id="13">
                <token content="Mom" id="13-1">
                    <pos type="NN"/>
                    <lemma type="mom"/>
                    <dep head="13-2" type="nsubj"/>
                </token>
                <token content="took" id="13-2">
                    <pos type="VBD"/>
                    <lemma type="take"/>
                </token>
                <token content="a" id="13-3">
                    <pos type="DT"/>
                    <lemma type="a"/>
                </token>
                <token content="little" id="13-4">
                    <pos type="JJ"/>
                    <lemma type="little"/>
                </token>
                <token content="pan" id="13-5">
                    <pos type="NN"/>
                    <lemma type="pan"/>
                    <dep head="13-2" type="dobj"/>
                </token>
                <token content="and" id="13-6"/>
                <token content="melted" id="13-7">
                    <pos type="VBD"/>
                    <lemma type="melt"/>
                    <dep head="13-2" type="conj"/>
                </token>
                <token content="the" id="13-8">
                    <pos type="DT"/>
                    <lemma type="the"/>
                </token>
                <token content="chocolate" id="13-9">
                    <pos type="NN"/>
                    <lemma type="chocolate"/>
                    <dep head="13-7" type="dobj"/>
                </token>
                <token content="on" id="13-10"/>
                <token content="the" id="13-11">
                    <pos type="DT"/>
                    <lemma type="the"/>
                </token>
                <token content="stove" id="13-12">
                    <pos type="NN"/>
                    <lemma type="stove"/>
                    <dep head="13-7" type="prep"/>
                </token>
                <token content="on" id="13-13"/>
                <token content="very" id="13-14">
                    <pos type="RB"/>
                    <lemma type="very"/>
                </token>
                <token content="low" id="13-15">
                    <pos type="JJ"/>
                    <lemma type="low"/>
                </token>
                <token content="heat" id="13-16">
                    <pos type="NN"/>
                    <lemma type="heat"/>
                </token>
                <token content="." id="13-17"/>
            </sentence>
            <sentence id="14">
                <token content="We" id="14-1">
                    <pos type="PRP"/>
                    <lemma type="we"/>
                    <dep head="14-2" type="nsubj"/>
                </token>
                <token content="mixed" id="14-2">
                    <pos type="VBD"/>
                    <lemma type="mix"/>
                </token>
                <token content="the" id="14-3">
                    <pos type="DT"/>
                    <lemma type="the"/>
                </token>
                <token content="chocolate" id="14-4">
                    <pos type="NN"/>
                    <lemma type="chocolate"/>
                    <dep head="14-2" type="dobj"/>
                </token>
                <token content="with" id="14-5"/>
                <token content="the" id="14-6">
                    <pos type="DT"/>
                    <lemma type="the"/>
                </token>
                <token content="liquids" id="14-7">
                    <pos type="NNS"/>
                    <lemma type="liquid"/>
                    <dep head="14-2" type="prep"/>
                </token>
                <token content="and" id="14-8"/>
                <token content="then" id="14-9">
                    <pos type="RB"/>
                    <lemma type="then"/>
                    <dep head="14-10" type="advmod"/>
                </token>
                <token content="poured" id="14-10">
                    <pos type="VBD"/>
                    <lemma type="pour"/>
                    <dep head="14-2" type="conj"/>
                </token>
                <token content="it" id="14-11">
                    <pos type="PRP"/>
                    <lemma type="it"/>
                    <dep head="14-10" type="dobj"/>
                </token>
                <token content="all" id="14-12">
                    <pos type="DT"/>
                    <lemma type="all"/>
                    <dep head="14-10" type="dep"/>
                </token>
                <token content="into" id="14-13"/>
                <token content="the" id="14-14">
                    <pos type="DT"/>
                    <lemma type="the"/>
                </token>
                <token content="big" id="14-15">
                    <pos type="JJ"/>
                    <lemma type="big"/>
                </token>
                <token content="bowl" id="14-16">
                    <pos type="NN"/>
                    <lemma type="bowl"/>
                    <dep head="14-10" type="prep"/>
                </token>
                <token content="." id="14-17"/>
            </sentence>
            <sentence id="15">
                <token content="We" id="15-1">
                    <pos type="PRP"/>
                    <lemma type="we"/>
                    <dep head="15-2" type="nsubj"/>
                </token>
                <token content="baked" id="15-2">
                    <pos type="VBZ"/>
                    <lemma type="bake"/>
                </token>
                <token content="the" id="15-3">
                    <pos type="DT"/>
                    <lemma type="the"/>
                </token>
                <token content="cake" id="15-4">
                    <pos type="NN"/>
                    <lemma type="cake"/>
                    <dep head="15-2" type="dobj"/>
                </token>
                <token content="for" id="15-5"/>
                <token content="40" id="15-6">
                    <pos type="CD"/>
                    <lemma type="40"/>
                </token>
                <token content="minutes" id="15-7">
                    <pos type="NNS"/>
                    <lemma type="minute"/>
                </token>
                <token content="--" id="15-8"/>
                <token content="it" id="15-9">
                    <pos type="PRP"/>
                    <lemma type="it"/>
                    <dep head="15-10" type="nsubj"/>
                </token>
                <token content="seemed" id="15-10">
                    <pos type="VBD"/>
                    <lemma type="seem"/>
                    <dep head="15-2" type="parataxis"/>
                </token>
                <token content="like" id="15-11"/>
                <token content="a" id="15-12">
                    <pos type="DT"/>
                    <lemma type="a"/>
                </token>
                <token content="long" id="15-13">
                    <pos type="JJ"/>
                    <lemma type="long"/>
                </token>
                <token content="time" id="15-14">
                    <pos type="NN"/>
                    <lemma type="time"/>
                    <dep head="15-10" type="prep"/>
                </token>
                <token content="!" id="15-15"/>
            </sentence>
            <sentence id="16">
                <token content="--" id="16-1"/>
                <token content="and" id="16-2">
                    <pos type="VB"/>
                    <lemma type="and"/>
                </token>
                <token content="after" id="16-3">
                    <pos type="IN"/>
                    <lemma type="after"/>
                    <dep head="16-5" type="mark"/>
                </token>
                <token content="it" id="16-4">
                    <pos type="PRP"/>
                    <lemma type="it"/>
                    <dep head="16-5" type="nsubj"/>
                </token>
                <token content="cooled" id="16-5">
                    <pos type="VBD"/>
                    <lemma type="cool"/>
                    <dep head="16-2" type="advcl"/>
                </token>
                <token content="we" id="16-6">
                    <pos type="PRP"/>
                    <lemma type="we"/>
                    <dep head="16-7" type="nsubj"/>
                </token>
                <token content="iced" id="16-7">
                    <pos type="VBZ"/>
                    <lemma type="ice"/>
                    <dep head="16-5" type="ccomp"/>
                </token>
                <token content="it" id="16-8">
                    <pos type="PRP"/>
                    <lemma type="it"/>
                    <dep head="16-7" type="dobj"/>
                </token>
                <token content="and" id="16-9"/>
                <token content="ate" id="16-10">
                    <pos type="VBD"/>
                    <lemma type="eat"/>
                    <dep head="16-7" type="conj"/>
                </token>
                <token content="some" id="16-11">
                    <pos type="DT"/>
                    <lemma type="some"/>
                    <dep head="16-10" type="dobj"/>
                </token>
                <token content="." id="16-12"/>
            </sentence>
            <sentence id="17">
                <token content="It" id="17-1">
                    <pos type="PRP"/>
                    <lemma type="it"/>
                </token>
                <token content="was" id="17-2">
                    <pos type="VBD"/>
                    <lemma type="be"/>
                </token>
                <token content="delicious" id="17-3">
                    <pos type="JJ"/>
                    <lemma type="delicious"/>
                </token>
                <token content="." id="17-4"/>
            </sentence>
        </sentences>
    </text>
    <annotations>
        <participants>
            <label from="1-1" id="0" name="ScrPart_cook" text="I" type="participant"/>
            <label from="1-5" id="1" name="ScrPart_cook" text="Mom" type="participant"/>
            <label from="1-7" id="2" name="ScrPart_cake" text="cakes" type="participant"/>
            <label from="2-1" id="3" name="No_label" text="It" type="participant"/>
            <label from="2-3" id="4" name="No_label" text="something" type="participant"/>
            <label from="2-4" id="5" name="ScrPart_cook" text="we" type="participant"/>
            <label from="3-1" id="6" name="ScrPart_cook" text="Mom" type="participant"/>
            <label from="3-3" id="7" name="ScrPart_cook" text="she" type="participant"/>
            <label from="3-9" id="8" name="ScrPart_cake" text="chocolate cake" to="3-10" type="participant"/>
            <label from="3-10" id="9" name="ScrPart_cake" text="cake" type="participant"/>
            <label from="3-13" id="10" name="ScrPart_ingredients" text="chocolate" type="participant"/>
            <label from="3-15" id="11" name="ScrPart_cook" text="my" type="participant"/>
            <label from="4-3" id="12" name="ScrPart_cook" text="we" type="participant"/>
            <label from="4-5" id="13" name="ScrPart_cook" text="our" type="participant"/>
            <label from="4-6" id="14" name="NPart" text="hands" type="participant"/>
            <label from="4-9" id="15" name="Head_of_Partitive" text="plenty" type="participant"/>
            <label from="4-11" id="16" name="NPart" text="soap" type="participant"/>
            <label from="5-2" id="17" name="ScrPart_cook" text="we" type="participant"/>
            <label from="5-4" id="18" name="ScrPart_cook" text="our" type="participant"/>
            <label from="5-5" id="19" name="NPart" text="hands" type="participant"/>
            <label from="6-3" id="20" name="No_label" text="thing" type="participant"/>
            <label from="6-4" id="21" name="ScrPart_cook" text="we" type="participant"/>
            <label from="6-12" id="22" name="ScrPart_ingredients" text="ingredients" type="participant"/>
            <label from="7-1" id="23" name="ScrPart_cook" text="Mom" type="participant"/>
            <label from="7-7" id="24" name="ScrPart_utensil" text="mixing bowl" to="7-8" type="participant"/>
            <label from="7-8" id="25" name="ScrPart_utensil" text="bowl" type="participant"/>
            <label from="7-11" id="26" name="NPart" text="aluminum" type="participant"/>
            <label from="8-1" id="27" name="ScrPart_cook" text="We" type="participant"/>
            <label from="8-5" id="28" name="ScrPart_ingredients" text="flour" type="participant"/>
            <label from="8-7" id="29" name="ScrPart_ingredients" text="sugar" type="participant"/>
            <label from="8-9" id="30" name="ScrPart_ingredients" text="salt" type="participant"/>
            <label from="8-12" id="31" name="ScrPart_ingredients" text="baking powder" to="8-13" type="participant"/>
            <label from="8-13" id="32" name="ScrPart_ingredients" text="powder" type="participant"/>
            <label from="9-1" id="33" name="ScrPart_cook" text="Mom" type="participant"/>
            <label from="9-3" id="34" name="ScrPart_ingredients" text="turbinado sugar" to="9-4" type="participant"/>
            <label from="9-4" id="35" name="ScrPart_ingredients" text="sugar" type="participant"/>
            <label from="9-8" id="36" name="ScrPart_ingredients" text="it" type="participant"/>
            <label from="9-14" id="37" name="ScrPart_cook" text="we" type="participant"/>
            <label from="9-16" id="38" name="ScrPart_ingredients" text="that" type="participant"/>
            <label from="10-2" id="39" name="ScrPart_ingredients" text="four" type="participant"/>
            <label from="10-4" id="40" name="ScrPart_ingredients" text="King Arthur cake flour" to="10-7" type="participant"/>
            <label from="10-7" id="41" name="ScrPart_ingredients" text="flour" type="participant"/>
            <label from="11-1" id="42" name="ScrPart_cook" text="We" type="participant"/>
            <label from="11-5" id="43" name="ScrPart_ingredients" text="ingredients" type="participant"/>
            <label from="11-9" id="44" name="ScrPart_utensil" text="whip" type="participant"/>
            <label from="12-2" id="45" name="ScrPart_cook" text="we" type="participant"/>
            <label from="12-5" id="46" name="ScrPart_utensil" text="bowl" type="participant"/>
            <label from="12-9" id="47" name="ScrPart_ingredients" text="eggs" type="participant"/>
            <label from="12-11" id="48" name="ScrPart_ingredients" text="milk" type="participant"/>
            <label from="12-14" id="49" name="ScrPart_ingredients" text="butter" type="participant"/>
            <label from="13-1" id="50" name="ScrPart_cook" text="Mom" type="participant"/>
            <label from="13-5" id="51" name="ScrPart_utensil" text="pan" type="participant"/>
            <label from="13-9" id="52" name="ScrPart_ingredients" text="chocolate" type="participant"/>
            <label from="13-12" id="53" name="ScrPart_oven" text="stove" type="participant"/>
            <label from="13-16" id="54" name="ScrPart_temperature" text="heat" type="participant"/>
            <label from="14-1" id="55" name="ScrPart_cook" text="We" type="participant"/>
            <label from="14-4" id="56" name="ScrPart_ingredients" text="chocolate" type="participant"/>
            <label from="14-7" id="57" name="ScrPart_ingredients" text="liquids" type="participant"/>
            <label from="14-11" id="58" name="ScrPart_ingredients" text="it" type="participant"/>
            <label from="14-16" id="59" name="ScrPart_utensil" text="bowl" type="participant"/>
            <label from="15-1" id="60" name="ScrPart_cook" text="We" type="participant"/>
            <label from="15-4" id="61" name="ScrPart_cake" text="cake" type="participant"/>
            <label from="15-7" id="62" name="ScrPart_time" text="minutes" type="participant"/>
            <label from="15-9" id="63" name="No_label" text="it" type="participant"/>
            <label from="15-14" id="64" name="ScrPart_time" text="time" type="participant"/>
            <label from="16-4" id="65" name="ScrPart_cake" text="it" type="participant"/>
            <label from="16-6" id="66" name="ScrPart_cook" text="we" type="participant"/>
            <label from="16-8" id="67" name="ScrPart_cake" text="it" type="participant"/>
            <label from="17-1" id="68" name="ScrPart_cake" text="It" type="participant"/>
        </participants>
        <events>
            <label from="1-2" id="69" name="UnrelEv" text="like" type="event"/>
            <label from="1-6" id="70" name="Evoking" text="bake cakes" to="1-7" type="event"/>
            <label from="2-5" id="71" name="UnrelEv" text="enjoy" type="event"/>
            <label from="3-2" id="72" name="UnrelEv" text="decided" type="event"/>
            <label from="3-7" id="73" name="Evoking" text="make a chocolate cake" to="3-10" type="event"/>
            <label from="3-14" id="74" name="UnrelEv" text="is" type="event"/>
            <label from="4-4" id="75" name="RelNScrEv" text="washed" type="event"/>
            <label from="5-3" id="76" name="RelNScrEv" text="dried" type="event"/>
            <label from="6-7" id="77" name="UnrelEv" text="do" type="event"/>
            <label from="6-9" id="78" name="RelNScrEv" text="sift" type="event"/>
            <label from="7-2" id="79" name="ScrEv_get_utensils" text="got out" to="7-3" type="event"/>
            <label from="8-2" id="80" name="ScrEv_add_ingredients" text="put in" to="8-3" type="event"/>
            <label from="9-2" id="81" name="UnrelEv" text="likes" type="event"/>
            <label from="9-9" id="82" name="UnrelEv" text="'s" type="event"/>
            <label from="9-15" id="83" name="UnrelEv" text="used" type="event"/>
            <label from="10-3" id="84" name="UnrelEv" text="was" type="event"/>
            <label from="11-2" id="85" name="ScrEv_prepare_ingredients" text="blended" type="event"/>
            <label from="12-3" id="86" name="ScrEv_get_utensils" text="got" type="event"/>
            <label from="12-7" id="87" name="ScrEv_prepare_ingredients" text="mixed" type="event"/>
            <label from="13-2" id="88" name="ScrEv_get_utensils" text="took" type="event"/>
            <label from="13-7" id="89" name="ScrEv_prepare_ingredients" text="melted" type="event"/>
            <label from="14-2" id="90" name="ScrEv_prepare_ingredients" text="mixed" type="event"/>
            <label from="14-10" id="91" name="ScrEv_make_dough" text="poured" type="event"/>
            <label from="15-2" id="92" name="ScrEv_wait" text="baked" type="event"/>
            <label from="15-10" id="93" name="UnrelEv" text="seemed" type="event"/>
            <label from="16-5" id="94" name="ScrEv_cool_down" text="cooled" type="event"/>
            <label from="16-7" id="95" name="ScrEv_decorate" text="iced" type="event"/>
            <label from="16-10" id="96" name="ScrEv_eat" text="ate" type="event"/>
            <label from="17-2" id="97" name="UnrelEv" text="was" type="event"/>
        </events>
        <chains>
            <chain elements="5 0 1" name="group_I_mom"/>
            <chain elements="1 6 7 23 33 50"/>
            <chain elements="2 9 61 65 67 68"/>
            <chain elements="0 11"/>
            <chain elements="5 12 13 17 18 21 27 37 42 45 55 60 66"/>
            <chain elements="29 35 36 38"/>
            <chain elements="28 39 41"/>
            <chain elements="22 43"/>
            <chain elements="52 56 10"/>
            <chain elements="25 59"/>
            <chain elements="62 64"/>
        </chains>
    </annotations>
</story>
