<?xml version="1.0" encoding="UTF-8" standalone="no"?>
<!DOCTYPE story SYSTEM "../InScript.dtd">
<story id="009" scenario="cake">
    <text>
        <content>This morning , my sister decided to bake a cake for her friend who was visiting from out of town . 
So , after stopping by the grocery store to buy some sugar , she gathered all of the ingredients and cooking utensils , she needed in her kitchen . 
She got butter , flour , cocoa powder , salt , baking powder , eggs , vanilla , and some buttermilk . 
Next , she preheated her oven to 350 degrees and greased her round baking pan with the butter . 
She then mixed all of the wet ingredients such as the eggs , vanilla , and buttermilk in a mixing bowl . 
For the dry ingredients like the flour , she mixed them separately in another , smaller bowl , where they were stirred together . 
Once this was done , the dry mixture was combined with the wet mixture and then they were were thoroughly stirred together . 
My sister then used a spatula to make sure all of the batter poured into the baking pan . 
After which , the pan was placed in the over for half an hour . 
When the cake was ready , she took the cake and set it on her kitchen counter to cool off for a few minutes . 
Finally , she placed it onto a plate and carefully put on some chocolate buttercream frosting . 
The cake was now ready for her friend to enjoy once she arrived . </content>
        <sentences>
            <sentence id="1">
                <token content="This" id="1-1">
                    <pos type="DT"/>
                    <lemma type="this"/>
                </token>
                <token content="morning" id="1-2">
                    <pos type="NN"/>
                    <lemma type="morning"/>
                    <dep head="1-6" type="tmod"/>
                </token>
                <token content="," id="1-3"/>
                <token content="my" id="1-4">
                    <pos type="PRP$"/>
                    <lemma type="my"/>
                </token>
                <token content="sister" id="1-5">
                    <pos type="NN"/>
                    <lemma type="sister"/>
                    <dep head="1-6" type="nsubj"/>
                </token>
                <token content="decided" id="1-6">
                    <pos type="VBD"/>
                    <lemma type="decide"/>
                </token>
                <token content="to" id="1-7">
                    <pos type="TO"/>
                    <lemma type="to"/>
                    <dep head="1-8" type="aux"/>
                </token>
                <token content="bake" id="1-8">
                    <pos type="VB"/>
                    <lemma type="bake"/>
                    <dep head="1-6" type="xcomp"/>
                </token>
                <token content="a" id="1-9">
                    <pos type="DT"/>
                    <lemma type="a"/>
                </token>
                <token content="cake" id="1-10">
                    <pos type="NN"/>
                    <lemma type="cake"/>
                    <dep head="1-8" type="dobj"/>
                </token>
                <token content="for" id="1-11"/>
                <token content="her" id="1-12">
                    <pos type="PRP$"/>
                    <lemma type="she"/>
                </token>
                <token content="friend" id="1-13">
                    <pos type="NN"/>
                    <lemma type="friend"/>
                </token>
                <token content="who" id="1-14">
                    <pos type="WP"/>
                    <lemma type="who"/>
                    <dep head="1-16" type="nsubj"/>
                </token>
                <token content="was" id="1-15">
                    <pos type="VBD"/>
                    <lemma type="be"/>
                    <dep head="1-16" type="aux"/>
                </token>
                <token content="visiting" id="1-16">
                    <pos type="VBG"/>
                    <lemma type="visit"/>
                </token>
                <token content="from" id="1-17"/>
                <token content="out" id="1-18">
                    <pos type="NN"/>
                    <lemma type="out"/>
                    <dep head="1-16" type="prep"/>
                </token>
                <token content="of" id="1-19"/>
                <token content="town" id="1-20">
                    <pos type="NN"/>
                    <lemma type="town"/>
                </token>
                <token content="." id="1-21"/>
            </sentence>
            <sentence id="2">
                <token content="So" id="2-1">
                    <pos type="RB"/>
                    <lemma type="so"/>
                    <dep head="2-15" type="advmod"/>
                </token>
                <token content="," id="2-2"/>
                <token content="after" id="2-3"/>
                <token content="stopping" id="2-4">
                    <pos type="VBG"/>
                    <lemma type="stop"/>
                    <dep head="2-15" type="prepc"/>
                </token>
                <token content="by" id="2-5"/>
                <token content="the" id="2-6">
                    <pos type="DT"/>
                    <lemma type="the"/>
                </token>
                <token content="grocery" id="2-7">
                    <pos type="NN"/>
                    <lemma type="grocery"/>
                </token>
                <token content="store" id="2-8">
                    <pos type="NN"/>
                    <lemma type="store"/>
                    <dep head="2-4" type="prep"/>
                </token>
                <token content="to" id="2-9">
                    <pos type="TO"/>
                    <lemma type="to"/>
                    <dep head="2-10" type="aux"/>
                </token>
                <token content="buy" id="2-10">
                    <pos type="VB"/>
                    <lemma type="buy"/>
                    <dep head="2-4" type="xcomp"/>
                </token>
                <token content="some" id="2-11">
                    <pos type="DT"/>
                    <lemma type="some"/>
                </token>
                <token content="sugar" id="2-12">
                    <pos type="NN"/>
                    <lemma type="sugar"/>
                    <dep head="2-10" type="dobj"/>
                </token>
                <token content="," id="2-13"/>
                <token content="she" id="2-14">
                    <pos type="PRP"/>
                    <lemma type="she"/>
                    <dep head="2-15" type="nsubj"/>
                </token>
                <token content="gathered" id="2-15">
                    <pos type="VBD"/>
                    <lemma type="gather"/>
                    <dep head="2-25" type="ccomp"/>
                </token>
                <token content="all" id="2-16">
                    <pos type="DT"/>
                    <lemma type="all"/>
                    <dep head="2-15" type="dobj"/>
                </token>
                <token content="of" id="2-17"/>
                <token content="the" id="2-18">
                    <pos type="DT"/>
                    <lemma type="the"/>
                </token>
                <token content="ingredients" id="2-19">
                    <pos type="NNS"/>
                    <lemma type="ingredient"/>
                </token>
                <token content="and" id="2-20"/>
                <token content="cooking" id="2-21">
                    <pos type="NN"/>
                    <lemma type="cooking"/>
                </token>
                <token content="utensils" id="2-22">
                    <pos type="NNS"/>
                    <lemma type="utensil"/>
                </token>
                <token content="," id="2-23"/>
                <token content="she" id="2-24">
                    <pos type="PRP"/>
                    <lemma type="she"/>
                    <dep head="2-25" type="nsubj"/>
                </token>
                <token content="needed" id="2-25">
                    <pos type="VBD"/>
                    <lemma type="need"/>
                </token>
                <token content="in" id="2-26"/>
                <token content="her" id="2-27">
                    <pos type="PRP$"/>
                    <lemma type="she"/>
                </token>
                <token content="kitchen" id="2-28">
                    <pos type="NN"/>
                    <lemma type="kitchen"/>
                    <dep head="2-25" type="prep"/>
                </token>
                <token content="." id="2-29"/>
            </sentence>
            <sentence id="3">
                <token content="She" id="3-1">
                    <pos type="PRP"/>
                    <lemma type="she"/>
                    <dep head="3-2" type="nsubj"/>
                </token>
                <token content="got" id="3-2">
                    <pos type="VBD"/>
                    <lemma type="get"/>
                </token>
                <token content="butter" id="3-3">
                    <pos type="NN"/>
                    <lemma type="butter"/>
                    <dep head="3-2" type="dobj"/>
                </token>
                <token content="," id="3-4"/>
                <token content="flour" id="3-5">
                    <pos type="NN"/>
                    <lemma type="flour"/>
                </token>
                <token content="," id="3-6"/>
                <token content="cocoa" id="3-7">
                    <pos type="NN"/>
                    <lemma type="cocoa"/>
                </token>
                <token content="powder" id="3-8">
                    <pos type="NN"/>
                    <lemma type="powder"/>
                </token>
                <token content="," id="3-9"/>
                <token content="salt" id="3-10">
                    <pos type="NN"/>
                    <lemma type="salt"/>
                </token>
                <token content="," id="3-11"/>
                <token content="baking" id="3-12">
                    <pos type="JJ"/>
                    <lemma type="baking"/>
                </token>
                <token content="powder" id="3-13">
                    <pos type="NN"/>
                    <lemma type="powder"/>
                </token>
                <token content="," id="3-14"/>
                <token content="eggs" id="3-15">
                    <pos type="NNS"/>
                    <lemma type="egg"/>
                </token>
                <token content="," id="3-16"/>
                <token content="vanilla" id="3-17">
                    <pos type="NN"/>
                    <lemma type="vanilla"/>
                </token>
                <token content="," id="3-18"/>
                <token content="and" id="3-19"/>
                <token content="some" id="3-20">
                    <pos type="DT"/>
                    <lemma type="some"/>
                </token>
                <token content="buttermilk" id="3-21">
                    <pos type="NN"/>
                    <lemma type="buttermilk"/>
                </token>
                <token content="." id="3-22"/>
            </sentence>
            <sentence id="4">
                <token content="Next" id="4-1">
                    <pos type="RB"/>
                    <lemma type="next"/>
                    <dep head="4-4" type="advmod"/>
                </token>
                <token content="," id="4-2"/>
                <token content="she" id="4-3">
                    <pos type="PRP"/>
                    <lemma type="she"/>
                    <dep head="4-4" type="nsubj"/>
                </token>
                <token content="preheated" id="4-4">
                    <pos type="VBD"/>
                    <lemma type="preheat"/>
                </token>
                <token content="her" id="4-5">
                    <pos type="PRP$"/>
                    <lemma type="she"/>
                </token>
                <token content="oven" id="4-6">
                    <pos type="NN"/>
                    <lemma type="oven"/>
                    <dep head="4-4" type="dobj"/>
                </token>
                <token content="to" id="4-7"/>
                <token content="350" id="4-8">
                    <pos type="CD"/>
                    <lemma type="350"/>
                </token>
                <token content="degrees" id="4-9">
                    <pos type="NNS"/>
                    <lemma type="degree"/>
                    <dep head="4-4" type="prep"/>
                </token>
                <token content="and" id="4-10"/>
                <token content="greased" id="4-11">
                    <pos type="VBD"/>
                    <lemma type="grease"/>
                    <dep head="4-4" type="conj"/>
                </token>
                <token content="her" id="4-12">
                    <pos type="PRP$"/>
                    <lemma type="she"/>
                </token>
                <token content="round" id="4-13">
                    <pos type="NN"/>
                    <lemma type="round"/>
                </token>
                <token content="baking" id="4-14">
                    <pos type="VBG"/>
                    <lemma type="bake"/>
                </token>
                <token content="pan" id="4-15">
                    <pos type="NN"/>
                    <lemma type="pan"/>
                    <dep head="4-11" type="dobj"/>
                </token>
                <token content="with" id="4-16"/>
                <token content="the" id="4-17">
                    <pos type="DT"/>
                    <lemma type="the"/>
                </token>
                <token content="butter" id="4-18">
                    <pos type="NN"/>
                    <lemma type="butter"/>
                </token>
                <token content="." id="4-19"/>
            </sentence>
            <sentence id="5">
                <token content="She" id="5-1">
                    <pos type="PRP"/>
                    <lemma type="she"/>
                    <dep head="5-3" type="nsubj"/>
                </token>
                <token content="then" id="5-2">
                    <pos type="RB"/>
                    <lemma type="then"/>
                    <dep head="5-3" type="advmod"/>
                </token>
                <token content="mixed" id="5-3">
                    <pos type="VBN"/>
                    <lemma type="mix"/>
                </token>
                <token content="all" id="5-4">
                    <pos type="DT"/>
                    <lemma type="all"/>
                    <dep head="5-3" type="dobj"/>
                </token>
                <token content="of" id="5-5"/>
                <token content="the" id="5-6">
                    <pos type="DT"/>
                    <lemma type="the"/>
                </token>
                <token content="wet" id="5-7">
                    <pos type="JJ"/>
                    <lemma type="wet"/>
                </token>
                <token content="ingredients" id="5-8">
                    <pos type="NNS"/>
                    <lemma type="ingredient"/>
                </token>
                <token content="such" id="5-9"/>
                <token content="as" id="5-10"/>
                <token content="the" id="5-11">
                    <pos type="DT"/>
                    <lemma type="the"/>
                </token>
                <token content="eggs" id="5-12">
                    <pos type="NNS"/>
                    <lemma type="egg"/>
                </token>
                <token content="," id="5-13"/>
                <token content="vanilla" id="5-14">
                    <pos type="NN"/>
                    <lemma type="vanilla"/>
                </token>
                <token content="," id="5-15"/>
                <token content="and" id="5-16"/>
                <token content="buttermilk" id="5-17">
                    <pos type="NN"/>
                    <lemma type="buttermilk"/>
                </token>
                <token content="in" id="5-18"/>
                <token content="a" id="5-19">
                    <pos type="DT"/>
                    <lemma type="a"/>
                </token>
                <token content="mixing" id="5-20">
                    <pos type="JJ"/>
                    <lemma type="mixing"/>
                </token>
                <token content="bowl" id="5-21">
                    <pos type="NN"/>
                    <lemma type="bowl"/>
                    <dep head="5-3" type="prep"/>
                </token>
                <token content="." id="5-22"/>
            </sentence>
            <sentence id="6">
                <token content="For" id="6-1"/>
                <token content="the" id="6-2">
                    <pos type="DT"/>
                    <lemma type="the"/>
                </token>
                <token content="dry" id="6-3">
                    <pos type="JJ"/>
                    <lemma type="dry"/>
                </token>
                <token content="ingredients" id="6-4">
                    <pos type="NNS"/>
                    <lemma type="ingredient"/>
                    <dep head="6-10" type="prep"/>
                </token>
                <token content="like" id="6-5"/>
                <token content="the" id="6-6">
                    <pos type="DT"/>
                    <lemma type="the"/>
                </token>
                <token content="flour" id="6-7">
                    <pos type="NN"/>
                    <lemma type="flour"/>
                </token>
                <token content="," id="6-8"/>
                <token content="she" id="6-9">
                    <pos type="PRP"/>
                    <lemma type="she"/>
                    <dep head="6-10" type="nsubj"/>
                </token>
                <token content="mixed" id="6-10">
                    <pos type="VBN"/>
                    <lemma type="mix"/>
                </token>
                <token content="them" id="6-11">
                    <pos type="PRP"/>
                    <lemma type="they"/>
                    <dep head="6-22" type="nsubjpass"/>
                </token>
                <token content="separately" id="6-12">
                    <pos type="RB"/>
                    <lemma type="separately"/>
                    <dep head="6-22" type="dep"/>
                </token>
                <token content="in" id="6-13"/>
                <token content="another" id="6-14">
                    <pos type="DT"/>
                    <lemma type="another"/>
                </token>
                <token content="," id="6-15"/>
                <token content="smaller" id="6-16">
                    <pos type="JJR"/>
                    <lemma type="smaller"/>
                </token>
                <token content="bowl" id="6-17">
                    <pos type="NN"/>
                    <lemma type="bowl"/>
                </token>
                <token content="," id="6-18"/>
                <token content="where" id="6-19">
                    <pos type="WRB"/>
                    <lemma type="where"/>
                    <dep head="6-22" type="advmod"/>
                </token>
                <token content="they" id="6-20">
                    <pos type="PRP"/>
                    <lemma type="they"/>
                    <dep head="6-22" type="nsubjpass"/>
                </token>
                <token content="were" id="6-21">
                    <pos type="VBD"/>
                    <lemma type="be"/>
                    <dep head="6-22" type="auxpass"/>
                </token>
                <token content="stirred" id="6-22">
                    <pos type="VBN"/>
                    <lemma type="stir"/>
                    <dep head="6-10" type="xcomp"/>
                </token>
                <token content="together" id="6-23">
                    <pos type="RB"/>
                    <lemma type="together"/>
                    <dep head="6-22" type="advmod"/>
                </token>
                <token content="." id="6-24"/>
            </sentence>
            <sentence id="7">
                <token content="Once" id="7-1">
                    <pos type="IN"/>
                    <lemma type="once"/>
                    <dep head="7-4" type="mark"/>
                </token>
                <token content="this" id="7-2">
                    <pos type="DT"/>
                    <lemma type="this"/>
                    <dep head="7-4" type="nsubjpass"/>
                </token>
                <token content="was" id="7-3">
                    <pos type="VBD"/>
                    <lemma type="be"/>
                    <dep head="7-4" type="auxpass"/>
                </token>
                <token content="done" id="7-4">
                    <pos type="VBN"/>
                    <lemma type="do"/>
                    <dep head="7-21" type="csubj"/>
                </token>
                <token content="," id="7-5"/>
                <token content="the" id="7-6">
                    <pos type="DT"/>
                    <lemma type="the"/>
                </token>
                <token content="dry" id="7-7">
                    <pos type="JJ"/>
                    <lemma type="dry"/>
                </token>
                <token content="mixture" id="7-8">
                    <pos type="NN"/>
                    <lemma type="mixture"/>
                    <dep head="7-10" type="nsubjpass"/>
                </token>
                <token content="was" id="7-9">
                    <pos type="VBD"/>
                    <lemma type="be"/>
                    <dep head="7-10" type="auxpass"/>
                </token>
                <token content="combined" id="7-10">
                    <pos type="VBN"/>
                    <lemma type="combine"/>
                    <dep head="7-4" type="conj"/>
                </token>
                <token content="with" id="7-11"/>
                <token content="the" id="7-12">
                    <pos type="DT"/>
                    <lemma type="the"/>
                </token>
                <token content="wet" id="7-13">
                    <pos type="JJ"/>
                    <lemma type="wet"/>
                </token>
                <token content="mixture" id="7-14">
                    <pos type="NN"/>
                    <lemma type="mixture"/>
                    <dep head="7-10" type="prep"/>
                </token>
                <token content="and" id="7-15"/>
                <token content="then" id="7-16">
                    <pos type="RB"/>
                    <lemma type="then"/>
                    <dep head="7-19" type="advmod"/>
                </token>
                <token content="they" id="7-17">
                    <pos type="PRP"/>
                    <lemma type="they"/>
                    <dep head="7-19" type="nsubjpass"/>
                </token>
                <token content="were" id="7-18">
                    <pos type="VBD"/>
                    <lemma type="be"/>
                    <dep head="7-19" type="auxpass"/>
                </token>
                <token content="were" id="7-19">
                    <pos type="VBD"/>
                    <lemma type="be"/>
                    <dep head="7-4" type="conj"/>
                </token>
                <token content="thoroughly" id="7-20">
                    <pos type="RB"/>
                    <lemma type="thoroughly"/>
                    <dep head="7-19" type="advmod"/>
                </token>
                <token content="stirred" id="7-21">
                    <pos type="VBD"/>
                    <lemma type="stir"/>
                </token>
                <token content="together" id="7-22">
                    <pos type="RB"/>
                    <lemma type="together"/>
                    <dep head="7-21" type="advmod"/>
                </token>
                <token content="." id="7-23"/>
            </sentence>
            <sentence id="8">
                <token content="My" id="8-1">
                    <pos type="PRP$"/>
                    <lemma type="my"/>
                </token>
                <token content="sister" id="8-2">
                    <pos type="NN"/>
                    <lemma type="sister"/>
                    <dep head="8-4" type="nsubj"/>
                </token>
                <token content="then" id="8-3">
                    <pos type="RB"/>
                    <lemma type="then"/>
                    <dep head="8-4" type="advmod"/>
                </token>
                <token content="used" id="8-4">
                    <pos type="VBD"/>
                    <lemma type="use"/>
                </token>
                <token content="a" id="8-5">
                    <pos type="DT"/>
                    <lemma type="a"/>
                </token>
                <token content="spatula" id="8-6">
                    <pos type="NN"/>
                    <lemma type="spatula"/>
                    <dep head="8-4" type="dobj"/>
                </token>
                <token content="to" id="8-7">
                    <pos type="TO"/>
                    <lemma type="to"/>
                    <dep head="8-8" type="aux"/>
                </token>
                <token content="make" id="8-8">
                    <pos type="VB"/>
                    <lemma type="make"/>
                </token>
                <token content="sure" id="8-9">
                    <pos type="JJ"/>
                    <lemma type="sure"/>
                    <dep head="8-8" type="acomp"/>
                </token>
                <token content="all" id="8-10">
                    <pos type="DT"/>
                    <lemma type="all"/>
                </token>
                <token content="of" id="8-11"/>
                <token content="the" id="8-12">
                    <pos type="DT"/>
                    <lemma type="the"/>
                </token>
                <token content="batter" id="8-13">
                    <pos type="NN"/>
                    <lemma type="batter"/>
                </token>
                <token content="poured" id="8-14">
                    <pos type="VBN"/>
                    <lemma type="pour"/>
                </token>
                <token content="into" id="8-15"/>
                <token content="the" id="8-16">
                    <pos type="DT"/>
                    <lemma type="the"/>
                </token>
                <token content="baking" id="8-17">
                    <pos type="VBG"/>
                    <lemma type="bake"/>
                </token>
                <token content="pan" id="8-18">
                    <pos type="NN"/>
                    <lemma type="pan"/>
                    <dep head="8-14" type="prep"/>
                </token>
                <token content="." id="8-19"/>
            </sentence>
            <sentence id="9">
                <token content="After" id="9-1">
                    <pos type="IN"/>
                    <lemma type="after"/>
                </token>
                <token content="which" id="9-2">
                    <pos type="WDT"/>
                    <lemma type="which"/>
                    <dep head="9-7" type="advcl"/>
                </token>
                <token content="," id="9-3"/>
                <token content="the" id="9-4">
                    <pos type="DT"/>
                    <lemma type="the"/>
                </token>
                <token content="pan" id="9-5">
                    <pos type="NN"/>
                    <lemma type="pan"/>
                    <dep head="9-7" type="nsubjpass"/>
                </token>
                <token content="was" id="9-6">
                    <pos type="VBD"/>
                    <lemma type="be"/>
                    <dep head="9-7" type="auxpass"/>
                </token>
                <token content="placed" id="9-7">
                    <pos type="VBN"/>
                    <lemma type="place"/>
                </token>
                <token content="in" id="9-8">
                    <pos type="IN"/>
                    <lemma type="in"/>
                    <dep head="9-7" type="prep"/>
                </token>
                <token content="the" id="9-9">
                    <pos type="DT"/>
                    <lemma type="the"/>
                </token>
                <token content="over" id="9-10">
                    <pos type="RB"/>
                    <lemma type="over"/>
                </token>
                <token content="for" id="9-11"/>
                <token content="half" id="9-12">
                    <pos type="PDT"/>
                    <lemma type="half"/>
                </token>
                <token content="an" id="9-13">
                    <pos type="DT"/>
                    <lemma type="a"/>
                </token>
                <token content="hour" id="9-14">
                    <pos type="NN"/>
                    <lemma type="hour"/>
                </token>
                <token content="." id="9-15"/>
            </sentence>
            <sentence id="10">
                <token content="When" id="10-1">
                    <pos type="WRB"/>
                    <lemma type="when"/>
                </token>
                <token content="the" id="10-2">
                    <pos type="DT"/>
                    <lemma type="the"/>
                </token>
                <token content="cake" id="10-3">
                    <pos type="NN"/>
                    <lemma type="cake"/>
                </token>
                <token content="was" id="10-4">
                    <pos type="VBD"/>
                    <lemma type="be"/>
                </token>
                <token content="ready" id="10-5">
                    <pos type="JJ"/>
                    <lemma type="ready"/>
                    <dep head="10-8" type="advcl"/>
                </token>
                <token content="," id="10-6"/>
                <token content="she" id="10-7">
                    <pos type="PRP"/>
                    <lemma type="she"/>
                    <dep head="10-8" type="nsubj"/>
                </token>
                <token content="took" id="10-8">
                    <pos type="VBD"/>
                    <lemma type="take"/>
                </token>
                <token content="the" id="10-9">
                    <pos type="DT"/>
                    <lemma type="the"/>
                </token>
                <token content="cake" id="10-10">
                    <pos type="NN"/>
                    <lemma type="cake"/>
                    <dep head="10-8" type="dobj"/>
                </token>
                <token content="and" id="10-11"/>
                <token content="set" id="10-12">
                    <pos type="VBD"/>
                    <lemma type="set"/>
                    <dep head="10-8" type="conj"/>
                </token>
                <token content="it" id="10-13">
                    <pos type="PRP"/>
                    <lemma type="it"/>
                    <dep head="10-12" type="dobj"/>
                </token>
                <token content="on" id="10-14"/>
                <token content="her" id="10-15">
                    <pos type="PRP$"/>
                    <lemma type="she"/>
                </token>
                <token content="kitchen" id="10-16">
                    <pos type="NN"/>
                    <lemma type="kitchen"/>
                </token>
                <token content="counter" id="10-17">
                    <pos type="NN"/>
                    <lemma type="counter"/>
                    <dep head="10-12" type="prep"/>
                </token>
                <token content="to" id="10-18">
                    <pos type="TO"/>
                    <lemma type="to"/>
                    <dep head="10-19" type="aux"/>
                </token>
                <token content="cool" id="10-19">
                    <pos type="VB"/>
                    <lemma type="cool"/>
                    <dep head="10-12" type="vmod"/>
                </token>
                <token content="off" id="10-20">
                    <pos type="RP"/>
                    <lemma type="off"/>
                    <dep head="10-19" type="prt"/>
                </token>
                <token content="for" id="10-21"/>
                <token content="a" id="10-22">
                    <pos type="DT"/>
                    <lemma type="a"/>
                </token>
                <token content="few" id="10-23">
                    <pos type="JJ"/>
                    <lemma type="few"/>
                </token>
                <token content="minutes" id="10-24">
                    <pos type="NNS"/>
                    <lemma type="minute"/>
                    <dep head="10-19" type="prep"/>
                </token>
                <token content="." id="10-25"/>
            </sentence>
            <sentence id="11">
                <token content="Finally" id="11-1">
                    <pos type="RB"/>
                    <lemma type="finally"/>
                    <dep head="11-4" type="advmod"/>
                </token>
                <token content="," id="11-2"/>
                <token content="she" id="11-3">
                    <pos type="PRP"/>
                    <lemma type="she"/>
                    <dep head="11-4" type="nsubj"/>
                </token>
                <token content="placed" id="11-4">
                    <pos type="VBD"/>
                    <lemma type="place"/>
                </token>
                <token content="it" id="11-5">
                    <pos type="PRP"/>
                    <lemma type="it"/>
                    <dep head="11-4" type="dobj"/>
                </token>
                <token content="onto" id="11-6"/>
                <token content="a" id="11-7">
                    <pos type="DT"/>
                    <lemma type="a"/>
                </token>
                <token content="plate" id="11-8">
                    <pos type="NN"/>
                    <lemma type="plate"/>
                    <dep head="11-4" type="prep"/>
                </token>
                <token content="and" id="11-9"/>
                <token content="carefully" id="11-10">
                    <pos type="RB"/>
                    <lemma type="carefully"/>
                    <dep head="11-11" type="advmod"/>
                </token>
                <token content="put" id="11-11">
                    <pos type="VBD"/>
                    <lemma type="put"/>
                    <dep head="11-4" type="conj"/>
                </token>
                <token content="on" id="11-12"/>
                <token content="some" id="11-13">
                    <pos type="DT"/>
                    <lemma type="some"/>
                </token>
                <token content="chocolate" id="11-14">
                    <pos type="NN"/>
                    <lemma type="chocolate"/>
                </token>
                <token content="buttercream" id="11-15">
                    <pos type="NN"/>
                    <lemma type="buttercream"/>
                </token>
                <token content="frosting" id="11-16">
                    <pos type="NN"/>
                    <lemma type="frosting"/>
                    <dep head="11-11" type="prep"/>
                </token>
                <token content="." id="11-17"/>
            </sentence>
            <sentence id="12">
                <token content="The" id="12-1">
                    <pos type="DT"/>
                    <lemma type="the"/>
                </token>
                <token content="cake" id="12-2">
                    <pos type="NN"/>
                    <lemma type="cake"/>
                </token>
                <token content="was" id="12-3">
                    <pos type="VBD"/>
                    <lemma type="be"/>
                </token>
                <token content="now" id="12-4">
                    <pos type="RB"/>
                    <lemma type="now"/>
                </token>
                <token content="ready" id="12-5">
                    <pos type="JJ"/>
                    <lemma type="ready"/>
                </token>
                <token content="for" id="12-6"/>
                <token content="her" id="12-7">
                    <pos type="PRP$"/>
                    <lemma type="she"/>
                </token>
                <token content="friend" id="12-8">
                    <pos type="NN"/>
                    <lemma type="friend"/>
                </token>
                <token content="to" id="12-9">
                    <pos type="TO"/>
                    <lemma type="to"/>
                    <dep head="12-10" type="aux"/>
                </token>
                <token content="enjoy" id="12-10">
                    <pos type="VB"/>
                    <lemma type="enjoy"/>
                </token>
                <token content="once" id="12-11">
                    <pos type="IN"/>
                    <lemma type="once"/>
                    <dep head="12-13" type="mark"/>
                </token>
                <token content="she" id="12-12">
                    <pos type="PRP"/>
                    <lemma type="she"/>
                    <dep head="12-13" type="nsubj"/>
                </token>
                <token content="arrived" id="12-13">
                    <pos type="VBD"/>
                    <lemma type="arrive"/>
                    <dep head="12-10" type="advcl"/>
                </token>
                <token content="." id="12-14"/>
            </sentence>
        </sentences>
    </text>
    <annotations>
        <participants>
            <label from="1-2" id="0" name="NPart" text="morning" type="participant"/>
            <label from="1-4" id="1" name="NPart" text="my" type="participant"/>
            <label from="1-5" id="2" name="ScrPart_cook" text="sister" type="participant"/>
            <label from="1-10" id="3" name="ScrPart_cake" text="cake" type="participant"/>
            <label from="1-12" id="4" name="ScrPart_cook" text="her" type="participant"/>
            <label from="1-13" id="5" name="ScrPart_beneficiary" text="friend" type="participant"/>
            <label from="1-14" id="6" name="ScrPart_beneficiary" text="who" type="participant"/>
            <label from="1-20" id="7" name="NPart" text="town" type="participant"/>
            <label from="2-7" id="8" name="ScrPart_store" text="grocery store" to="2-8" type="participant"/>
            <label from="2-8" id="9" name="ScrPart_store" text="store" type="participant"/>
            <label from="2-12" id="10" name="ScrPart_ingredients" text="sugar" type="participant"/>
            <label from="2-14" id="11" name="ScrPart_cook" text="she" type="participant"/>
            <label from="2-19" id="12" name="ScrPart_ingredients" text="ingredients" type="participant"/>
            <label from="2-21" id="13" name="ScrPart_utensil" text="cooking utensils" to="2-22" type="participant"/>
            <label from="2-22" id="14" name="ScrPart_utensil" text="utensils" type="participant"/>
            <label from="2-24" id="15" name="ScrPart_cook" text="she" type="participant"/>
            <label from="2-27" id="16" name="ScrPart_cook" text="her" type="participant"/>
            <label from="2-28" id="17" name="ScrPart_kitchen/location" text="kitchen" type="participant"/>
            <label from="3-1" id="18" name="ScrPart_cook" text="She" type="participant"/>
            <label from="3-3" id="19" name="ScrPart_ingredients" text="butter" type="participant"/>
            <label from="3-5" id="20" name="ScrPart_ingredients" text="flour" type="participant"/>
            <label from="3-7" id="21" name="ScrPart_ingredients" text="cocoa powder" to="3-8" type="participant"/>
            <label from="3-8" id="22" name="ScrPart_ingredients" text="powder" type="participant"/>
            <label from="3-10" id="23" name="ScrPart_ingredients" text="salt" type="participant"/>
            <label from="3-12" id="24" name="ScrPart_ingredients" text="baking powder" to="3-13" type="participant"/>
            <label from="3-13" id="25" name="ScrPart_ingredients" text="powder" type="participant"/>
            <label from="3-15" id="26" name="ScrPart_ingredients" text="eggs" type="participant"/>
            <label from="3-17" id="27" name="ScrPart_ingredients" text="vanilla" type="participant"/>
            <label from="3-21" id="28" name="ScrPart_ingredients" text="buttermilk" type="participant"/>
            <label from="4-3" id="29" name="ScrPart_cook" text="she" type="participant"/>
            <label from="4-5" id="30" name="ScrPart_cook" text="her" type="participant"/>
            <label from="4-6" id="31" name="ScrPart_oven" text="oven" type="participant"/>
            <label from="4-8" id="32" name="ScrPart_temperature" text="350 degrees" to="4-9" type="participant"/>
            <label from="4-12" id="33" name="ScrPart_cook" text="her" type="participant"/>
            <label from="4-14" id="34" name="ScrPart_cake_tin" text="baking pan" to="4-15" type="participant"/>
            <label from="4-15" id="35" name="ScrPart_cake_tin" text="pan" type="participant"/>
            <label from="4-18" id="36" name="ScrPart_ingredients" text="butter" type="participant"/>
            <label from="5-1" id="37" name="ScrPart_cook" text="She" type="participant"/>
            <label from="5-8" id="38" name="ScrPart_ingredients" text="ingredients" type="participant"/>
            <label from="5-12" id="39" name="ScrPart_ingredients" text="eggs" type="participant"/>
            <label from="5-14" id="40" name="ScrPart_ingredients" text="vanilla" type="participant"/>
            <label from="5-17" id="41" name="ScrPart_ingredients" text="buttermilk" type="participant"/>
            <label from="5-20" id="42" name="ScrPart_utensil" text="mixing bowl" to="5-21" type="participant"/>
            <label from="5-21" id="43" name="ScrPart_utensil" text="bowl" type="participant"/>
            <label from="6-4" id="44" name="ScrPart_ingredients" text="ingredients" type="participant"/>
            <label from="6-7" id="45" name="ScrPart_ingredients" text="flour" type="participant"/>
            <label from="6-9" id="46" name="ScrPart_cook" text="she" type="participant"/>
            <label from="6-11" id="47" name="ScrPart_ingredients" text="them" type="participant"/>
            <label from="6-17" id="48" name="ScrPart_utensil" text="bowl" type="participant"/>
            <label from="6-20" id="49" name="ScrPart_ingredients" text="they" type="participant"/>
            <label from="7-8" id="50" name="ScrPart_ingredients" text="mixture" type="participant"/>
            <label from="7-14" id="51" name="ScrPart_ingredients" text="mixture" type="participant"/>
            <label from="7-17" id="52" name="ScrPart_ingredients" text="they" type="participant"/>
            <label from="8-1" id="53" name="NPart" text="My" type="participant"/>
            <label from="8-2" id="54" name="ScrPart_cook" text="sister" type="participant"/>
            <label from="8-6" id="55" name="ScrPart_utensil" text="spatula" type="participant"/>
            <label from="8-13" id="56" name="ScrPart_dough" text="batter" type="participant"/>
            <label from="8-17" id="57" name="ScrPart_cake_tin" text="baking pan" to="8-18" type="participant"/>
            <label from="8-18" id="58" name="ScrPart_cake_tin" text="pan" type="participant"/>
            <label from="9-5" id="59" name="ScrPart_cake_tin" text="pan" type="participant"/>
            <label from="9-10" id="60" name="ScrPart_oven" text="over" type="participant"/>
            <label from="9-12" id="61" name="ScrPart_time" text="half an hour" to="9-14" type="participant"/>
            <label from="10-3" id="62" name="ScrPart_cake" text="cake" type="participant"/>
            <label from="10-7" id="63" name="ScrPart_cook" text="she" type="participant"/>
            <label from="10-10" id="64" name="ScrPart_cake" text="cake" type="participant"/>
            <label from="10-13" id="65" name="ScrPart_cake" text="it" type="participant"/>
            <label from="10-15" id="66" name="ScrPart_cook" text="her" type="participant"/>
            <label from="10-16" id="67" name="ScrPart_kitchen/location" text="kitchen counter" to="10-17" type="participant"/>
            <label from="10-17" id="68" name="ScrPart_kitchen/location" text="counter" type="participant"/>
            <label from="10-23" id="69" name="ScrPart_time" text="few minutes" to="10-24" type="participant"/>
            <label from="11-3" id="70" name="ScrPart_cook" text="she" type="participant"/>
            <label from="11-5" id="71" name="ScrPart_cake" text="it" type="participant"/>
            <label from="11-8" id="72" name="ScrPart_utensil" text="plate" type="participant"/>
            <label from="11-14" id="73" name="ScrPart_decoration" text="chocolate buttercream frosting" to="11-16" type="participant"/>
            <label from="11-16" id="74" name="ScrPart_decoration" text="frosting" type="participant"/>
            <label from="12-2" id="75" name="ScrPart_cake" text="cake" type="participant"/>
            <label from="12-7" id="76" name="ScrPart_cook" text="her" type="participant"/>
            <label from="12-8" id="77" name="ScrPart_beneficiary" text="friend" type="participant"/>
            <label from="12-12" id="78" name="ScrPart_beneficiary" text="she" type="participant"/>
        </participants>
        <events>
            <label from="1-6" id="79" name="UnrelEv" text="decided" type="event"/>
            <label from="1-8" id="80" name="Evoking" text="bake a cake" to="1-10" type="event"/>
            <label from="1-16" id="81" name="UnrelEv" text="visiting" type="event"/>
            <label from="2-4" id="82" name="RelNScrEv" text="stopping" type="event"/>
            <label from="2-10" id="83" name="ScrEv_get_ingredients" text="buy" type="event"/>
            <label from="2-15" id="84" name="ScrEv_get_ingredients" text="gathered" type="event"/>
            <label from="2-25" id="85" name="RelNScrEv" text="needed" type="event"/>
            <label from="3-2" id="86" name="ScrEv_get_ingredients" text="got" type="event"/>
            <label from="4-4" id="87" name="ScrEv_preheat" text="preheated" type="event"/>
            <label from="4-11" id="88" name="ScrEv_grease_cake_tin" text="greased" type="event"/>
            <label from="5-3" id="89" name="ScrEv_prepare_ingredients" text="mixed" type="event"/>
            <label from="6-10" id="90" name="ScrEv_prepare_ingredients" text="mixed" type="event"/>
            <label from="6-22" id="91" name="ScrEv_prepare_ingredients" text="stirred" type="event"/>
            <label from="7-4" id="92" name="UnrelEv" text="done" type="event"/>
            <label from="7-10" id="93" name="ScrEv_prepare_ingredients" text="combined" type="event"/>
            <label from="7-21" id="94" name="ScrEv_make_dough" text="stirred together" to="7-22" type="event"/>
            <label from="8-4" id="95" name="RelNScrEv" text="used" type="event"/>
            <label from="8-8" id="96" name="UnrelEv" text="make sure" to="8-9" type="event"/>
            <label from="8-14" id="97" name="ScrEv_pour_dough" text="poured" type="event"/>
            <label from="9-7" id="98" name="ScrEv_put_cake_oven" text="placed" type="event"/>
            <label from="10-4" id="99" name="RelNScrEv" text="was" type="event"/>
            <label from="10-8" id="100" name="ScrEv_take_out_oven" text="took" type="event"/>
            <label from="10-12" id="101" name="ScrEv_cool_down" text="set" type="event"/>
            <label from="10-19" id="102" name="ScrEv_cool_down" text="cool off" to="10-20" type="event"/>
            <label from="11-4" id="103" name="RelNScrEv" text="placed" type="event"/>
            <label from="11-11" id="104" name="ScrEv_decorate" text="put on" to="11-12" type="event"/>
            <label from="12-3" id="105" name="UnrelEv" text="was" type="event"/>
            <label from="12-10" id="106" name="ScrEv_eat" text="enjoy" type="event"/>
            <label from="12-13" id="107" name="UnrelEv" text="arrived" type="event"/>
        </events>
        <chains>
            <chain elements="4 2 11 15 16 18 29 30 33 37 46 54 63 66 70 76"/>
            <chain elements="62 3 64 65 71 75"/>
            <chain elements="6 5 77 78"/>
            <chain elements="48 14 43"/>
            <chain elements="36 19"/>
            <chain elements="45 20"/>
            <chain elements="39 26"/>
            <chain elements="40 27"/>
            <chain elements="41 28"/>
            <chain elements="60 31"/>
            <chain elements="58 35 59"/>
            <chain elements="51 38"/>
            <chain elements="47 44 49 50"/>
            <chain elements="52 50 51" name="coref3_group_dry_mixture_wet_mixture"/>
        </chains>
    </annotations>
</story>
