<?xml version="1.0" encoding="UTF-8" standalone="no"?>
<!DOCTYPE story SYSTEM "../InScript.dtd">
<story id="066" scenario="bicycle">
    <text>
        <content>I was riding my new bicycle when I stumbled over a rock or something . 
The tire seemed to explode upon impact . 
I struggled to stay atop the bicycle but was fortunately able to keep my balance . 
I knew that I had to fix my tire in order to use the bike . 
I knew the local gas station was only a few blocks away so I decided to walk my bike there . 
The first thing I did was get something to tape up the hole . 
The manager gave me some sort of sticky resin in order to patch things up . 
I went to the air pump to put some air into the tire and once it was full I was ready to patch it up . 
I used the resin to cover the hole and the tire seemed as good as new . 
I rode the bike home and made sure to avoid rolling over anymore rocks . </content>
        <sentences>
            <sentence id="1">
                <token content="I" id="1-1">
                    <pos type="PRP"/>
                    <lemma type="I"/>
                    <dep head="1-3" type="nsubj"/>
                </token>
                <token content="was" id="1-2">
                    <pos type="VBD"/>
                    <lemma type="be"/>
                    <dep head="1-3" type="aux"/>
                </token>
                <token content="riding" id="1-3">
                    <pos type="VBG"/>
                    <lemma type="ride"/>
                </token>
                <token content="my" id="1-4">
                    <pos type="PRP$"/>
                    <lemma type="my"/>
                </token>
                <token content="new" id="1-5">
                    <pos type="JJ"/>
                    <lemma type="new"/>
                </token>
                <token content="bicycle" id="1-6">
                    <pos type="NN"/>
                    <lemma type="bicycle"/>
                    <dep head="1-3" type="dobj"/>
                </token>
                <token content="when" id="1-7">
                    <pos type="WRB"/>
                    <lemma type="when"/>
                    <dep head="1-9" type="advmod"/>
                </token>
                <token content="I" id="1-8">
                    <pos type="PRP"/>
                    <lemma type="I"/>
                    <dep head="1-9" type="nsubj"/>
                </token>
                <token content="stumbled" id="1-9">
                    <pos type="VBD"/>
                    <lemma type="stumble"/>
                    <dep head="1-3" type="advcl"/>
                </token>
                <token content="over" id="1-10"/>
                <token content="a" id="1-11">
                    <pos type="DT"/>
                    <lemma type="a"/>
                </token>
                <token content="rock" id="1-12">
                    <pos type="NN"/>
                    <lemma type="rock"/>
                    <dep head="1-9" type="prep"/>
                </token>
                <token content="or" id="1-13"/>
                <token content="something" id="1-14">
                    <pos type="NN"/>
                    <lemma type="something"/>
                </token>
                <token content="." id="1-15"/>
            </sentence>
            <sentence id="2">
                <token content="The" id="2-1">
                    <pos type="DT"/>
                    <lemma type="the"/>
                </token>
                <token content="tire" id="2-2">
                    <pos type="NN"/>
                    <lemma type="tire"/>
                    <dep head="2-3" type="nsubj"/>
                </token>
                <token content="seemed" id="2-3">
                    <pos type="VBD"/>
                    <lemma type="seem"/>
                </token>
                <token content="to" id="2-4">
                    <pos type="TO"/>
                    <lemma type="to"/>
                    <dep head="2-5" type="aux"/>
                </token>
                <token content="explode" id="2-5">
                    <pos type="VB"/>
                    <lemma type="explode"/>
                    <dep head="2-3" type="xcomp"/>
                </token>
                <token content="upon" id="2-6"/>
                <token content="impact" id="2-7">
                    <pos type="NN"/>
                    <lemma type="impact"/>
                    <dep head="2-5" type="prep"/>
                </token>
                <token content="." id="2-8"/>
            </sentence>
            <sentence id="3">
                <token content="I" id="3-1">
                    <pos type="PRP"/>
                    <lemma type="I"/>
                    <dep head="3-2" type="nsubj"/>
                </token>
                <token content="struggled" id="3-2">
                    <pos type="VBD"/>
                    <lemma type="struggle"/>
                </token>
                <token content="to" id="3-3">
                    <pos type="TO"/>
                    <lemma type="to"/>
                    <dep head="3-4" type="aux"/>
                </token>
                <token content="stay" id="3-4">
                    <pos type="VB"/>
                    <lemma type="stay"/>
                    <dep head="3-2" type="xcomp"/>
                </token>
                <token content="atop" id="3-5"/>
                <token content="the" id="3-6">
                    <pos type="DT"/>
                    <lemma type="the"/>
                </token>
                <token content="bicycle" id="3-7">
                    <pos type="NN"/>
                    <lemma type="bicycle"/>
                    <dep head="3-4" type="prep"/>
                </token>
                <token content="but" id="3-8"/>
                <token content="was" id="3-9">
                    <pos type="VBD"/>
                    <lemma type="be"/>
                </token>
                <token content="fortunately" id="3-10">
                    <pos type="RB"/>
                    <lemma type="fortunately"/>
                </token>
                <token content="able" id="3-11">
                    <pos type="JJ"/>
                    <lemma type="able"/>
                    <dep head="3-2" type="conj"/>
                </token>
                <token content="to" id="3-12">
                    <pos type="TO"/>
                    <lemma type="to"/>
                    <dep head="3-13" type="aux"/>
                </token>
                <token content="keep" id="3-13">
                    <pos type="VB"/>
                    <lemma type="keep"/>
                </token>
                <token content="my" id="3-14">
                    <pos type="PRP$"/>
                    <lemma type="my"/>
                </token>
                <token content="balance" id="3-15">
                    <pos type="NN"/>
                    <lemma type="balance"/>
                    <dep head="3-13" type="dobj"/>
                </token>
                <token content="." id="3-16"/>
            </sentence>
            <sentence id="4">
                <token content="I" id="4-1">
                    <pos type="PRP"/>
                    <lemma type="I"/>
                    <dep head="4-2" type="nsubj"/>
                </token>
                <token content="knew" id="4-2">
                    <pos type="VBD"/>
                    <lemma type="know"/>
                </token>
                <token content="that" id="4-3">
                    <pos type="IN"/>
                    <lemma type="that"/>
                    <dep head="4-5" type="mark"/>
                </token>
                <token content="I" id="4-4">
                    <pos type="PRP"/>
                    <lemma type="I"/>
                    <dep head="4-5" type="nsubj"/>
                </token>
                <token content="had" id="4-5">
                    <pos type="VBD"/>
                    <lemma type="have"/>
                    <dep head="4-2" type="ccomp"/>
                </token>
                <token content="to" id="4-6">
                    <pos type="TO"/>
                    <lemma type="to"/>
                    <dep head="4-7" type="aux"/>
                </token>
                <token content="fix" id="4-7">
                    <pos type="VB"/>
                    <lemma type="fix"/>
                    <dep head="4-5" type="xcomp"/>
                </token>
                <token content="my" id="4-8">
                    <pos type="PRP$"/>
                    <lemma type="my"/>
                </token>
                <token content="tire" id="4-9">
                    <pos type="NN"/>
                    <lemma type="tire"/>
                    <dep head="4-7" type="dobj"/>
                </token>
                <token content="in" id="4-10"/>
                <token content="order" id="4-11">
                    <pos type="NN"/>
                    <lemma type="order"/>
                    <dep head="4-7" type="prep"/>
                </token>
                <token content="to" id="4-12">
                    <pos type="TO"/>
                    <lemma type="to"/>
                    <dep head="4-13" type="aux"/>
                </token>
                <token content="use" id="4-13">
                    <pos type="VB"/>
                    <lemma type="use"/>
                    <dep head="4-5" type="xcomp"/>
                </token>
                <token content="the" id="4-14">
                    <pos type="DT"/>
                    <lemma type="the"/>
                </token>
                <token content="bike" id="4-15">
                    <pos type="NN"/>
                    <lemma type="bike"/>
                    <dep head="4-13" type="dobj"/>
                </token>
                <token content="." id="4-16"/>
            </sentence>
            <sentence id="5">
                <token content="I" id="5-1">
                    <pos type="PRP"/>
                    <lemma type="I"/>
                    <dep head="5-2" type="nsubj"/>
                </token>
                <token content="knew" id="5-2">
                    <pos type="VBD"/>
                    <lemma type="know"/>
                </token>
                <token content="the" id="5-3">
                    <pos type="DT"/>
                    <lemma type="the"/>
                </token>
                <token content="local" id="5-4">
                    <pos type="JJ"/>
                    <lemma type="local"/>
                </token>
                <token content="gas" id="5-5">
                    <pos type="NN"/>
                    <lemma type="gas"/>
                </token>
                <token content="station" id="5-6">
                    <pos type="NN"/>
                    <lemma type="station"/>
                    <dep head="5-7" type="nsubj"/>
                </token>
                <token content="was" id="5-7">
                    <pos type="VBD"/>
                    <lemma type="be"/>
                    <dep head="5-2" type="ccomp"/>
                </token>
                <token content="only" id="5-8">
                    <pos type="RB"/>
                    <lemma type="only"/>
                </token>
                <token content="a" id="5-9">
                    <pos type="DT"/>
                    <lemma type="a"/>
                </token>
                <token content="few" id="5-10">
                    <pos type="JJ"/>
                    <lemma type="few"/>
                </token>
                <token content="blocks" id="5-11">
                    <pos type="NNS"/>
                    <lemma type="block"/>
                </token>
                <token content="away" id="5-12">
                    <pos type="RB"/>
                    <lemma type="away"/>
                    <dep head="5-7" type="advmod"/>
                </token>
                <token content="so" id="5-13">
                    <pos type="IN"/>
                    <lemma type="so"/>
                    <dep head="5-15" type="mark"/>
                </token>
                <token content="I" id="5-14">
                    <pos type="PRP"/>
                    <lemma type="I"/>
                    <dep head="5-15" type="nsubj"/>
                </token>
                <token content="decided" id="5-15">
                    <pos type="VBD"/>
                    <lemma type="decide"/>
                    <dep head="5-7" type="advcl"/>
                </token>
                <token content="to" id="5-16">
                    <pos type="TO"/>
                    <lemma type="to"/>
                    <dep head="5-17" type="aux"/>
                </token>
                <token content="walk" id="5-17">
                    <pos type="VB"/>
                    <lemma type="walk"/>
                    <dep head="5-15" type="xcomp"/>
                </token>
                <token content="my" id="5-18">
                    <pos type="PRP$"/>
                    <lemma type="my"/>
                </token>
                <token content="bike" id="5-19">
                    <pos type="NN"/>
                    <lemma type="bike"/>
                    <dep head="5-17" type="dobj"/>
                </token>
                <token content="there" id="5-20">
                    <pos type="RB"/>
                    <lemma type="there"/>
                    <dep head="5-17" type="advmod"/>
                </token>
                <token content="." id="5-21"/>
            </sentence>
            <sentence id="6">
                <token content="The" id="6-1">
                    <pos type="DT"/>
                    <lemma type="the"/>
                </token>
                <token content="first" id="6-2">
                    <pos type="JJ"/>
                    <lemma type="first"/>
                </token>
                <token content="thing" id="6-3">
                    <pos type="NN"/>
                    <lemma type="thing"/>
                    <dep head="6-6" type="nsubj"/>
                </token>
                <token content="I" id="6-4">
                    <pos type="PRP"/>
                    <lemma type="I"/>
                    <dep head="6-5" type="nsubj"/>
                </token>
                <token content="did" id="6-5">
                    <pos type="VBD"/>
                    <lemma type="do"/>
                </token>
                <token content="was" id="6-6">
                    <pos type="VBD"/>
                    <lemma type="be"/>
                </token>
                <token content="get" id="6-7">
                    <pos type="VB"/>
                    <lemma type="get"/>
                    <dep head="6-6" type="ccomp"/>
                </token>
                <token content="something" id="6-8">
                    <pos type="NN"/>
                    <lemma type="something"/>
                    <dep head="6-7" type="dobj"/>
                </token>
                <token content="to" id="6-9"/>
                <token content="tape" id="6-10">
                    <pos type="NN"/>
                    <lemma type="tape"/>
                    <dep head="6-7" type="prep"/>
                </token>
                <token content="up" id="6-11">
                    <pos type="RB"/>
                    <lemma type="up"/>
                </token>
                <token content="the" id="6-12">
                    <pos type="DT"/>
                    <lemma type="the"/>
                </token>
                <token content="hole" id="6-13">
                    <pos type="NN"/>
                    <lemma type="hole"/>
                </token>
                <token content="." id="6-14"/>
            </sentence>
            <sentence id="7">
                <token content="The" id="7-1">
                    <pos type="DT"/>
                    <lemma type="the"/>
                </token>
                <token content="manager" id="7-2">
                    <pos type="NN"/>
                    <lemma type="manager"/>
                    <dep head="7-3" type="nsubj"/>
                </token>
                <token content="gave" id="7-3">
                    <pos type="VBD"/>
                    <lemma type="give"/>
                </token>
                <token content="me" id="7-4">
                    <pos type="PRP"/>
                    <lemma type="I"/>
                    <dep head="7-3" type="iobj"/>
                </token>
                <token content="some" id="7-5">
                    <pos type="DT"/>
                    <lemma type="some"/>
                </token>
                <token content="sort" id="7-6">
                    <pos type="NN"/>
                    <lemma type="sort"/>
                    <dep head="7-3" type="dobj"/>
                </token>
                <token content="of" id="7-7"/>
                <token content="sticky" id="7-8">
                    <pos type="JJ"/>
                    <lemma type="sticky"/>
                </token>
                <token content="resin" id="7-9">
                    <pos type="NN"/>
                    <lemma type="resin"/>
                </token>
                <token content="in" id="7-10"/>
                <token content="order" id="7-11">
                    <pos type="NN"/>
                    <lemma type="order"/>
                </token>
                <token content="to" id="7-12">
                    <pos type="TO"/>
                    <lemma type="to"/>
                    <dep head="7-13" type="aux"/>
                </token>
                <token content="patch" id="7-13">
                    <pos type="VB"/>
                    <lemma type="patch"/>
                </token>
                <token content="things" id="7-14">
                    <pos type="NNS"/>
                    <lemma type="thing"/>
                    <dep head="7-13" type="dobj"/>
                </token>
                <token content="up" id="7-15">
                    <pos type="RP"/>
                    <lemma type="up"/>
                    <dep head="7-13" type="prt"/>
                </token>
                <token content="." id="7-16"/>
            </sentence>
            <sentence id="8">
                <token content="I" id="8-1">
                    <pos type="PRP"/>
                    <lemma type="I"/>
                    <dep head="8-2" type="nsubj"/>
                </token>
                <token content="went" id="8-2">
                    <pos type="VBD"/>
                    <lemma type="go"/>
                </token>
                <token content="to" id="8-3"/>
                <token content="the" id="8-4">
                    <pos type="DT"/>
                    <lemma type="the"/>
                </token>
                <token content="air" id="8-5">
                    <pos type="NN"/>
                    <lemma type="air"/>
                    <dep head="8-2" type="prep"/>
                </token>
                <token content="pump" id="8-6">
                    <pos type="VBP"/>
                    <lemma type="pump"/>
                    <dep head="8-2" type="advcl"/>
                </token>
                <token content="to" id="8-7">
                    <pos type="TO"/>
                    <lemma type="to"/>
                    <dep head="8-8" type="aux"/>
                </token>
                <token content="put" id="8-8">
                    <pos type="VB"/>
                    <lemma type="put"/>
                    <dep head="8-6" type="xcomp"/>
                </token>
                <token content="some" id="8-9">
                    <pos type="DT"/>
                    <lemma type="some"/>
                </token>
                <token content="air" id="8-10">
                    <pos type="NN"/>
                    <lemma type="air"/>
                    <dep head="8-8" type="dobj"/>
                </token>
                <token content="into" id="8-11"/>
                <token content="the" id="8-12">
                    <pos type="DT"/>
                    <lemma type="the"/>
                </token>
                <token content="tire" id="8-13">
                    <pos type="NN"/>
                    <lemma type="tire"/>
                    <dep head="8-8" type="prep"/>
                </token>
                <token content="and" id="8-14"/>
                <token content="once" id="8-15">
                    <pos type="IN"/>
                    <lemma type="once"/>
                </token>
                <token content="it" id="8-16">
                    <pos type="PRP"/>
                    <lemma type="it"/>
                </token>
                <token content="was" id="8-17">
                    <pos type="VBD"/>
                    <lemma type="be"/>
                </token>
                <token content="full" id="8-18">
                    <pos type="JJ"/>
                    <lemma type="full"/>
                    <dep head="8-6" type="conj"/>
                </token>
                <token content="I" id="8-19">
                    <pos type="PRP"/>
                    <lemma type="I"/>
                </token>
                <token content="was" id="8-20">
                    <pos type="VBD"/>
                    <lemma type="be"/>
                </token>
                <token content="ready" id="8-21">
                    <pos type="JJ"/>
                    <lemma type="ready"/>
                </token>
                <token content="to" id="8-22">
                    <pos type="TO"/>
                    <lemma type="to"/>
                    <dep head="8-23" type="aux"/>
                </token>
                <token content="patch" id="8-23">
                    <pos type="VB"/>
                    <lemma type="patch"/>
                </token>
                <token content="it" id="8-24">
                    <pos type="PRP"/>
                    <lemma type="it"/>
                    <dep head="8-23" type="dobj"/>
                </token>
                <token content="up" id="8-25">
                    <pos type="RP"/>
                    <lemma type="up"/>
                    <dep head="8-23" type="prt"/>
                </token>
                <token content="." id="8-26"/>
            </sentence>
            <sentence id="9">
                <token content="I" id="9-1">
                    <pos type="PRP"/>
                    <lemma type="I"/>
                    <dep head="9-2" type="nsubj"/>
                </token>
                <token content="used" id="9-2">
                    <pos type="VBD"/>
                    <lemma type="use"/>
                </token>
                <token content="the" id="9-3">
                    <pos type="DT"/>
                    <lemma type="the"/>
                </token>
                <token content="resin" id="9-4">
                    <pos type="NN"/>
                    <lemma type="resin"/>
                    <dep head="9-2" type="dobj"/>
                </token>
                <token content="to" id="9-5">
                    <pos type="TO"/>
                    <lemma type="to"/>
                    <dep head="9-6" type="aux"/>
                </token>
                <token content="cover" id="9-6">
                    <pos type="VB"/>
                    <lemma type="cover"/>
                </token>
                <token content="the" id="9-7">
                    <pos type="DT"/>
                    <lemma type="the"/>
                </token>
                <token content="hole" id="9-8">
                    <pos type="NN"/>
                    <lemma type="hole"/>
                    <dep head="9-6" type="dobj"/>
                </token>
                <token content="and" id="9-9"/>
                <token content="the" id="9-10">
                    <pos type="DT"/>
                    <lemma type="the"/>
                </token>
                <token content="tire" id="9-11">
                    <pos type="NN"/>
                    <lemma type="tire"/>
                    <dep head="9-12" type="nsubj"/>
                </token>
                <token content="seemed" id="9-12">
                    <pos type="VBD"/>
                    <lemma type="seem"/>
                    <dep head="9-2" type="conj"/>
                </token>
                <token content="as" id="9-13">
                    <pos type="RB"/>
                    <lemma type="as"/>
                </token>
                <token content="good" id="9-14">
                    <pos type="JJ"/>
                    <lemma type="good"/>
                    <dep head="9-12" type="acomp"/>
                </token>
                <token content="as" id="9-15"/>
                <token content="new" id="9-16">
                    <pos type="JJ"/>
                    <lemma type="new"/>
                    <dep head="9-12" type="prep"/>
                </token>
                <token content="." id="9-17"/>
            </sentence>
            <sentence id="10">
                <token content="I" id="10-1">
                    <pos type="PRP"/>
                    <lemma type="I"/>
                    <dep head="10-2" type="nsubj"/>
                </token>
                <token content="rode" id="10-2">
                    <pos type="VBD"/>
                    <lemma type="ride"/>
                </token>
                <token content="the" id="10-3">
                    <pos type="DT"/>
                    <lemma type="the"/>
                </token>
                <token content="bike" id="10-4">
                    <pos type="NN"/>
                    <lemma type="bike"/>
                </token>
                <token content="home" id="10-5">
                    <pos type="NN"/>
                    <lemma type="home"/>
                    <dep head="10-2" type="dobj"/>
                </token>
                <token content="and" id="10-6"/>
                <token content="made" id="10-7">
                    <pos type="VBD"/>
                    <lemma type="make"/>
                    <dep head="10-2" type="conj"/>
                </token>
                <token content="sure" id="10-8">
                    <pos type="JJ"/>
                    <lemma type="sure"/>
                </token>
                <token content="to" id="10-9">
                    <pos type="TO"/>
                    <lemma type="to"/>
                    <dep head="10-10" type="aux"/>
                </token>
                <token content="avoid" id="10-10">
                    <pos type="VB"/>
                    <lemma type="avoid"/>
                </token>
                <token content="rolling" id="10-11">
                    <pos type="VBG"/>
                    <lemma type="roll"/>
                    <dep head="10-10" type="xcomp"/>
                </token>
                <token content="over" id="10-12">
                    <pos type="RP"/>
                    <lemma type="over"/>
                    <dep head="10-11" type="prt"/>
                </token>
                <token content="anymore" id="10-13">
                    <pos type="RB"/>
                    <lemma type="anymore"/>
                    <dep head="10-11" type="advmod"/>
                </token>
                <token content="rocks" id="10-14">
                    <pos type="NNS"/>
                    <lemma type="rock"/>
                    <dep head="10-7" type="dobj"/>
                </token>
                <token content="." id="10-15"/>
            </sentence>
        </sentences>
    </text>
    <annotations>
        <participants>
            <label from="1-1" id="0" name="ScrPart_rider" text="I" type="participant"/>
            <label from="1-4" id="1" name="ScrPart_rider" text="my" type="participant"/>
            <label from="1-6" id="2" name="ScrPart_bicycle" text="bicycle" type="participant"/>
            <label from="1-8" id="3" name="ScrPart_rider" text="I" type="participant"/>
            <label from="1-12" id="4" name="ScrPart_object_damage" text="rock" type="participant"/>
            <label from="1-14" id="5" name="No_label" text="something" type="participant"/>
            <label from="2-2" id="6" name="ScrPart_tire" text="tire" type="participant"/>
            <label from="2-7" id="7" name="NPart" text="impact" type="participant"/>
            <label from="3-1" id="8" name="ScrPart_rider" text="I" type="participant"/>
            <label from="3-7" id="9" name="ScrPart_bicycle" text="bicycle" type="participant"/>
            <label from="3-14" id="10" name="ScrPart_rider" text="my" type="participant"/>
            <label from="3-15" id="11" name="NPart" text="balance" type="participant"/>
            <label from="4-1" id="12" name="ScrPart_rider" text="I" type="participant"/>
            <label from="4-4" id="13" name="ScrPart_rider" text="I" type="participant"/>
            <label from="4-8" id="14" name="ScrPart_rider" text="my" type="participant"/>
            <label from="4-9" id="15" name="ScrPart_tire" text="tire" type="participant"/>
            <label from="4-11" id="16" name="No_label" text="order" type="participant"/>
            <label from="4-15" id="17" name="ScrPart_bicycle" text="bike" type="participant"/>
            <label from="5-1" id="18" name="ScrPart_rider" text="I" type="participant"/>
            <label from="5-5" id="19" name="ScrPart_location_repair" text="gas station" to="5-6" type="participant"/>
            <label from="5-6" id="20" name="ScrPart_location_repair" text="station" type="participant"/>
            <label from="5-11" id="21" name="NPart" text="blocks" type="participant"/>
            <label from="5-14" id="22" name="ScrPart_rider" text="I" type="participant"/>
            <label from="5-18" id="23" name="ScrPart_rider" text="my" type="participant"/>
            <label from="5-19" id="24" name="ScrPart_bicycle" text="bike" type="participant"/>
            <label from="5-20" id="25" name="ScrPart_location_repair" text="there" type="participant"/>
            <label from="6-3" id="26" name="No_label" text="thing" type="participant"/>
            <label from="6-4" id="27" name="ScrPart_rider" text="I" type="participant"/>
            <label from="6-8" id="28" name="ScrPart_patch" text="something" type="participant"/>
            <label from="6-13" id="29" name="ScrPart_damage" text="hole" type="participant"/>
            <label from="7-2" id="30" name="NPart" text="manager" type="participant"/>
            <label from="7-4" id="31" name="ScrPart_rider" text="me" type="participant"/>
            <label from="7-6" id="32" name="No_label" text="sort" type="participant"/>
            <label from="7-9" id="33" name="ScrPart_patch" text="resin" type="participant"/>
            <label from="7-11" id="34" name="No_label" text="order" type="participant"/>
            <label from="7-14" id="35" name="No_label" text="things" type="participant"/>
            <label from="8-1" id="36" name="ScrPart_rider" text="I" type="participant"/>
            <label from="8-5" id="37" name="ScrPart_tool" text="air pump" to="8-6" type="participant"/>
            <label from="8-6" id="38" name="ScrPart_tool" text="pump" type="participant"/>
            <label from="8-10" id="39" name="ScrPart_air" text="air" type="participant"/>
            <label from="8-13" id="40" name="ScrPart_tire" text="tire" type="participant"/>
            <label from="8-16" id="41" name="ScrPart_tire" text="it" type="participant"/>
            <label from="8-19" id="42" name="ScrPart_rider" text="I" type="participant"/>
            <label from="8-24" id="43" name="ScrPart_tire" text="it" type="participant"/>
            <label from="9-1" id="44" name="ScrPart_rider" text="I" type="participant"/>
            <label from="9-4" id="45" name="ScrPart_patch" text="resin" type="participant"/>
            <label from="9-8" id="46" name="ScrPart_damage" text="hole" type="participant"/>
            <label from="9-11" id="47" name="ScrPart_tire" text="tire" type="participant"/>
            <label from="10-1" id="48" name="ScrPart_rider" text="I" type="participant"/>
            <label from="10-4" id="49" name="ScrPart_bicycle" text="bike" type="participant"/>
            <label from="10-5" id="50" name="NPart" text="home" type="participant"/>
            <label from="10-14" id="51" name="NPart" text="rocks" type="participant"/>
        </participants>
        <events>
            <label from="1-3" id="52" name="ScrEv_ride_bike" text="riding" type="event"/>
            <label from="1-9" id="53" name="UnrelEv" text="stumbled" type="event"/>
            <label from="2-3" id="54" name="UnrelEv" text="seemed" type="event"/>
            <label from="2-5" id="55" name="RelNScrEv" text="explode" type="event"/>
            <label from="3-2" id="56" name="UnrelEv" text="struggled" type="event"/>
            <label from="3-4" id="57" name="UnrelEv" text="stay" type="event"/>
            <label from="3-13" id="58" name="UnrelEv" text="keep" type="event"/>
            <label from="4-2" id="59" name="UnrelEv" text="knew" type="event"/>
            <label from="4-7" id="60" name="Evoking" text="fix my tire" to="4-9" type="event"/>
            <label from="4-13" id="61" name="RelNScrEv" text="use" type="event"/>
            <label from="5-2" id="62" name="UnrelEv" text="knew" type="event"/>
            <label from="5-7" id="63" name="UnrelEv" text="was" type="event"/>
            <label from="5-15" id="64" name="UnrelEv" text="decided" type="event"/>
            <label from="5-17" id="65" name="ScrEv_other" text="walk" type="event"/>
            <label from="6-5" id="66" name="UnrelEv" text="did" type="event"/>
            <label from="6-7" id="67" name="ScrEv_get_tools" text="get" type="event"/>
            <label from="6-10" id="68" name="ScrEv_put_patch/seal" text="tape up" to="6-11" type="event"/>
            <label from="6-10" id="69" name="ScrEv_put_patch/seal" text="tape" type="event"/>
            <label from="7-3" id="70" name="RelNScrEv" text="gave" type="event"/>
            <label from="7-13" id="71" name="ScrEv_put_patch/seal" text="patch" type="event"/>
            <label from="8-2" id="72" name="UnrelEv" text="went" type="event"/>
            <label from="8-8" id="73" name="ScrEv_refill_tire_air" text="put" type="event"/>
            <label from="8-17" id="74" name="UnrelEv" text="was" type="event"/>
            <label from="8-20" id="75" name="UnrelEv" text="was" type="event"/>
            <label from="8-23" id="76" name="ScrEv_put_patch/seal" text="patch" type="event"/>
            <label from="9-2" id="77" name="RelNScrEv" text="used" type="event"/>
            <label from="9-6" id="78" name="ScrEv_put_patch/seal" text="cover" type="event"/>
            <label from="9-12" id="79" name="UnrelEv" text="seemed" type="event"/>
            <label from="10-2" id="80" name="ScrEv_ride_bike" text="rode" type="event"/>
            <label from="10-7" id="81" name="UnrelEv" text="made sure" to="10-8" type="event"/>
            <label from="10-7" id="82" name="UnrelEv" text="made" type="event"/>
            <label from="10-10" id="83" name="UnrelEv" text="avoid" type="event"/>
            <label from="10-11" id="84" name="UnrelEv" text="rolling" type="event"/>
        </events>
        <chains>
            <chain elements="0 1 3 8 10 12 13 14 18 22 23 27 31 36 42 44 48"/>
            <chain elements="2 9 17 24 49"/>
            <chain elements="6 15 40 41 43 47"/>
            <chain elements="20 25"/>
            <chain elements="33 45"/>
            <chain elements="29 46"/>
        </chains>
    </annotations>
</story>
