<?xml version="1.0" encoding="UTF-8" standalone="no"?>
<!DOCTYPE story SYSTEM "../InScript.dtd">
<story id="011" scenario="bicycle">
    <text>
        <content>My bike tire was flat so I went to the bike shop and bought a replacement . 
I first took the old tire off of my bike . 
Then I set my bike on a rack to that the flat tire would be easy to get to . 
Then I put the new tire around the wheel to see if it fits . 
It did . 
Then I put the new tire into the grooves inside the wheel . 
Then I walked with my bike to the gas station just around the corner to fill it up with air . 
I put a quarter into the air machine and put my bike next to the air hose and filled the tire up . 
I checked the air pressure with a gauge and it was alright . 
I felt around the tire to make sure that it was solidly in place and it was . </content>
        <sentences>
            <sentence id="1">
                <token content="My" id="1-1">
                    <pos type="PRP$"/>
                    <lemma type="my"/>
                </token>
                <token content="bike" id="1-2">
                    <pos type="NN"/>
                    <lemma type="bike"/>
                </token>
                <token content="tire" id="1-3">
                    <pos type="NN"/>
                    <lemma type="tire"/>
                </token>
                <token content="was" id="1-4">
                    <pos type="VBD"/>
                    <lemma type="be"/>
                </token>
                <token content="flat" id="1-5">
                    <pos type="JJ"/>
                    <lemma type="flat"/>
                </token>
                <token content="so" id="1-6">
                    <pos type="IN"/>
                    <lemma type="so"/>
                    <dep head="1-8" type="mark"/>
                </token>
                <token content="I" id="1-7">
                    <pos type="PRP"/>
                    <lemma type="I"/>
                    <dep head="1-8" type="nsubj"/>
                </token>
                <token content="went" id="1-8">
                    <pos type="VBD"/>
                    <lemma type="go"/>
                </token>
                <token content="to" id="1-9"/>
                <token content="the" id="1-10">
                    <pos type="DT"/>
                    <lemma type="the"/>
                </token>
                <token content="bike" id="1-11">
                    <pos type="NN"/>
                    <lemma type="bike"/>
                </token>
                <token content="shop" id="1-12">
                    <pos type="NN"/>
                    <lemma type="shop"/>
                    <dep head="1-8" type="prep"/>
                </token>
                <token content="and" id="1-13"/>
                <token content="bought" id="1-14">
                    <pos type="VBD"/>
                    <lemma type="buy"/>
                    <dep head="1-8" type="conj"/>
                </token>
                <token content="a" id="1-15">
                    <pos type="DT"/>
                    <lemma type="a"/>
                </token>
                <token content="replacement" id="1-16">
                    <pos type="NN"/>
                    <lemma type="replacement"/>
                    <dep head="1-14" type="dobj"/>
                </token>
                <token content="." id="1-17"/>
            </sentence>
            <sentence id="2">
                <token content="I" id="2-1">
                    <pos type="PRP"/>
                    <lemma type="I"/>
                    <dep head="2-3" type="nsubj"/>
                </token>
                <token content="first" id="2-2">
                    <pos type="RB"/>
                    <lemma type="first"/>
                    <dep head="2-3" type="advmod"/>
                </token>
                <token content="took" id="2-3">
                    <pos type="VBD"/>
                    <lemma type="take"/>
                </token>
                <token content="the" id="2-4">
                    <pos type="DT"/>
                    <lemma type="the"/>
                </token>
                <token content="old" id="2-5">
                    <pos type="JJ"/>
                    <lemma type="old"/>
                </token>
                <token content="tire" id="2-6">
                    <pos type="NN"/>
                    <lemma type="tire"/>
                    <dep head="2-3" type="dobj"/>
                </token>
                <token content="off" id="2-7"/>
                <token content="of" id="2-8"/>
                <token content="my" id="2-9">
                    <pos type="PRP$"/>
                    <lemma type="my"/>
                </token>
                <token content="bike" id="2-10">
                    <pos type="NN"/>
                    <lemma type="bike"/>
                    <dep head="2-3" type="prep"/>
                </token>
                <token content="." id="2-11"/>
            </sentence>
            <sentence id="3">
                <token content="Then" id="3-1">
                    <pos type="RB"/>
                    <lemma type="then"/>
                    <dep head="3-3" type="advmod"/>
                </token>
                <token content="I" id="3-2">
                    <pos type="PRP"/>
                    <lemma type="I"/>
                    <dep head="3-3" type="nsubj"/>
                </token>
                <token content="set" id="3-3">
                    <pos type="VBD"/>
                    <lemma type="set"/>
                </token>
                <token content="my" id="3-4">
                    <pos type="PRP$"/>
                    <lemma type="my"/>
                </token>
                <token content="bike" id="3-5">
                    <pos type="NN"/>
                    <lemma type="bike"/>
                    <dep head="3-3" type="dobj"/>
                </token>
                <token content="on" id="3-6"/>
                <token content="a" id="3-7">
                    <pos type="DT"/>
                    <lemma type="a"/>
                </token>
                <token content="rack" id="3-8">
                    <pos type="NN"/>
                    <lemma type="rack"/>
                    <dep head="3-3" type="prep"/>
                </token>
                <token content="to" id="3-9"/>
                <token content="that" id="3-10">
                    <pos type="WDT"/>
                    <lemma type="that"/>
                </token>
                <token content="the" id="3-11">
                    <pos type="DT"/>
                    <lemma type="the"/>
                </token>
                <token content="flat" id="3-12">
                    <pos type="JJ"/>
                    <lemma type="flat"/>
                </token>
                <token content="tire" id="3-13">
                    <pos type="NN"/>
                    <lemma type="tire"/>
                </token>
                <token content="would" id="3-14">
                    <pos type="MD"/>
                    <lemma type="would"/>
                </token>
                <token content="be" id="3-15">
                    <pos type="VB"/>
                    <lemma type="be"/>
                </token>
                <token content="easy" id="3-16">
                    <pos type="JJ"/>
                    <lemma type="easy"/>
                </token>
                <token content="to" id="3-17">
                    <pos type="TO"/>
                    <lemma type="to"/>
                    <dep head="3-18" type="aux"/>
                </token>
                <token content="get" id="3-18">
                    <pos type="VB"/>
                    <lemma type="get"/>
                </token>
                <token content="to" id="3-19">
                    <pos type="TO"/>
                    <lemma type="to"/>
                    <dep head="3-18" type="prep"/>
                </token>
                <token content="." id="3-20"/>
            </sentence>
            <sentence id="4">
                <token content="Then" id="4-1">
                    <pos type="RB"/>
                    <lemma type="then"/>
                    <dep head="4-3" type="advmod"/>
                </token>
                <token content="I" id="4-2">
                    <pos type="PRP"/>
                    <lemma type="I"/>
                    <dep head="4-3" type="nsubj"/>
                </token>
                <token content="put" id="4-3">
                    <pos type="VBD"/>
                    <lemma type="put"/>
                </token>
                <token content="the" id="4-4">
                    <pos type="DT"/>
                    <lemma type="the"/>
                </token>
                <token content="new" id="4-5">
                    <pos type="JJ"/>
                    <lemma type="new"/>
                </token>
                <token content="tire" id="4-6">
                    <pos type="NN"/>
                    <lemma type="tire"/>
                    <dep head="4-3" type="dobj"/>
                </token>
                <token content="around" id="4-7"/>
                <token content="the" id="4-8">
                    <pos type="DT"/>
                    <lemma type="the"/>
                </token>
                <token content="wheel" id="4-9">
                    <pos type="NN"/>
                    <lemma type="wheel"/>
                    <dep head="4-3" type="prep"/>
                </token>
                <token content="to" id="4-10">
                    <pos type="TO"/>
                    <lemma type="to"/>
                    <dep head="4-11" type="aux"/>
                </token>
                <token content="see" id="4-11">
                    <pos type="VB"/>
                    <lemma type="see"/>
                    <dep head="4-3" type="vmod"/>
                </token>
                <token content="if" id="4-12">
                    <pos type="IN"/>
                    <lemma type="if"/>
                    <dep head="4-14" type="mark"/>
                </token>
                <token content="it" id="4-13">
                    <pos type="PRP"/>
                    <lemma type="it"/>
                    <dep head="4-14" type="nsubj"/>
                </token>
                <token content="fits" id="4-14">
                    <pos type="VBZ"/>
                    <lemma type="fit"/>
                    <dep head="4-11" type="advcl"/>
                </token>
                <token content="." id="4-15"/>
            </sentence>
            <sentence id="5">
                <token content="It" id="5-1">
                    <pos type="PRP"/>
                    <lemma type="it"/>
                    <dep head="5-2" type="nsubj"/>
                </token>
                <token content="did" id="5-2">
                    <pos type="VBD"/>
                    <lemma type="do"/>
                </token>
                <token content="." id="5-3"/>
            </sentence>
            <sentence id="6">
                <token content="Then" id="6-1">
                    <pos type="RB"/>
                    <lemma type="then"/>
                    <dep head="6-3" type="advmod"/>
                </token>
                <token content="I" id="6-2">
                    <pos type="PRP"/>
                    <lemma type="I"/>
                    <dep head="6-3" type="nsubj"/>
                </token>
                <token content="put" id="6-3">
                    <pos type="VBD"/>
                    <lemma type="put"/>
                </token>
                <token content="the" id="6-4">
                    <pos type="DT"/>
                    <lemma type="the"/>
                </token>
                <token content="new" id="6-5">
                    <pos type="JJ"/>
                    <lemma type="new"/>
                </token>
                <token content="tire" id="6-6">
                    <pos type="NN"/>
                    <lemma type="tire"/>
                    <dep head="6-3" type="dobj"/>
                </token>
                <token content="into" id="6-7"/>
                <token content="the" id="6-8">
                    <pos type="DT"/>
                    <lemma type="the"/>
                </token>
                <token content="grooves" id="6-9">
                    <pos type="NN"/>
                    <lemma type="groove"/>
                    <dep head="6-3" type="prep"/>
                </token>
                <token content="inside" id="6-10"/>
                <token content="the" id="6-11">
                    <pos type="DT"/>
                    <lemma type="the"/>
                </token>
                <token content="wheel" id="6-12">
                    <pos type="NN"/>
                    <lemma type="wheel"/>
                </token>
                <token content="." id="6-13"/>
            </sentence>
            <sentence id="7">
                <token content="Then" id="7-1">
                    <pos type="RB"/>
                    <lemma type="then"/>
                    <dep head="7-3" type="advmod"/>
                </token>
                <token content="I" id="7-2">
                    <pos type="PRP"/>
                    <lemma type="I"/>
                    <dep head="7-3" type="nsubj"/>
                </token>
                <token content="walked" id="7-3">
                    <pos type="VBD"/>
                    <lemma type="walk"/>
                </token>
                <token content="with" id="7-4"/>
                <token content="my" id="7-5">
                    <pos type="PRP$"/>
                    <lemma type="my"/>
                </token>
                <token content="bike" id="7-6">
                    <pos type="NN"/>
                    <lemma type="bike"/>
                    <dep head="7-3" type="prep"/>
                </token>
                <token content="to" id="7-7"/>
                <token content="the" id="7-8">
                    <pos type="DT"/>
                    <lemma type="the"/>
                </token>
                <token content="gas" id="7-9">
                    <pos type="NN"/>
                    <lemma type="gas"/>
                </token>
                <token content="station" id="7-10">
                    <pos type="NN"/>
                    <lemma type="station"/>
                    <dep head="7-3" type="prep"/>
                </token>
                <token content="just" id="7-11">
                    <pos type="RB"/>
                    <lemma type="just"/>
                    <dep head="7-3" type="advmod"/>
                </token>
                <token content="around" id="7-12"/>
                <token content="the" id="7-13">
                    <pos type="DT"/>
                    <lemma type="the"/>
                </token>
                <token content="corner" id="7-14">
                    <pos type="NN"/>
                    <lemma type="corner"/>
                    <dep head="7-3" type="prep"/>
                </token>
                <token content="to" id="7-15">
                    <pos type="TO"/>
                    <lemma type="to"/>
                    <dep head="7-16" type="aux"/>
                </token>
                <token content="fill" id="7-16">
                    <pos type="VB"/>
                    <lemma type="fill"/>
                </token>
                <token content="it" id="7-17">
                    <pos type="PRP"/>
                    <lemma type="it"/>
                    <dep head="7-16" type="dobj"/>
                </token>
                <token content="up" id="7-18">
                    <pos type="RP"/>
                    <lemma type="up"/>
                    <dep head="7-16" type="prt"/>
                </token>
                <token content="with" id="7-19"/>
                <token content="air" id="7-20">
                    <pos type="NN"/>
                    <lemma type="air"/>
                    <dep head="7-16" type="prep"/>
                </token>
                <token content="." id="7-21"/>
            </sentence>
            <sentence id="8">
                <token content="I" id="8-1">
                    <pos type="PRP"/>
                    <lemma type="I"/>
                    <dep head="8-2" type="nsubj"/>
                </token>
                <token content="put" id="8-2">
                    <pos type="VBD"/>
                    <lemma type="put"/>
                </token>
                <token content="a" id="8-3">
                    <pos type="DT"/>
                    <lemma type="a"/>
                </token>
                <token content="quarter" id="8-4">
                    <pos type="NN"/>
                    <lemma type="quarter"/>
                    <dep head="8-2" type="dobj"/>
                </token>
                <token content="into" id="8-5"/>
                <token content="the" id="8-6">
                    <pos type="DT"/>
                    <lemma type="the"/>
                </token>
                <token content="air" id="8-7">
                    <pos type="NN"/>
                    <lemma type="air"/>
                </token>
                <token content="machine" id="8-8">
                    <pos type="NN"/>
                    <lemma type="machine"/>
                    <dep head="8-2" type="prep"/>
                </token>
                <token content="and" id="8-9"/>
                <token content="put" id="8-10">
                    <pos type="VB"/>
                    <lemma type="put"/>
                    <dep head="8-2" type="conj"/>
                </token>
                <token content="my" id="8-11">
                    <pos type="PRP$"/>
                    <lemma type="my"/>
                </token>
                <token content="bike" id="8-12">
                    <pos type="NN"/>
                    <lemma type="bike"/>
                    <dep head="8-10" type="dobj"/>
                </token>
                <token content="next" id="8-13"/>
                <token content="to" id="8-14"/>
                <token content="the" id="8-15">
                    <pos type="DT"/>
                    <lemma type="the"/>
                </token>
                <token content="air" id="8-16">
                    <pos type="NN"/>
                    <lemma type="air"/>
                </token>
                <token content="hose" id="8-17">
                    <pos type="NN"/>
                    <lemma type="hose"/>
                    <dep head="8-10" type="prep"/>
                </token>
                <token content="and" id="8-18"/>
                <token content="filled" id="8-19">
                    <pos type="VBD"/>
                    <lemma type="fill"/>
                    <dep head="8-2" type="conj"/>
                </token>
                <token content="the" id="8-20">
                    <pos type="DT"/>
                    <lemma type="the"/>
                </token>
                <token content="tire" id="8-21">
                    <pos type="NN"/>
                    <lemma type="tire"/>
                    <dep head="8-19" type="dobj"/>
                </token>
                <token content="up" id="8-22">
                    <pos type="RP"/>
                    <lemma type="up"/>
                    <dep head="8-19" type="prt"/>
                </token>
                <token content="." id="8-23"/>
            </sentence>
            <sentence id="9">
                <token content="I" id="9-1">
                    <pos type="PRP"/>
                    <lemma type="I"/>
                    <dep head="9-2" type="nsubj"/>
                </token>
                <token content="checked" id="9-2">
                    <pos type="VBD"/>
                    <lemma type="check"/>
                </token>
                <token content="the" id="9-3">
                    <pos type="DT"/>
                    <lemma type="the"/>
                </token>
                <token content="air" id="9-4">
                    <pos type="NN"/>
                    <lemma type="air"/>
                </token>
                <token content="pressure" id="9-5">
                    <pos type="NN"/>
                    <lemma type="pressure"/>
                    <dep head="9-2" type="dobj"/>
                </token>
                <token content="with" id="9-6"/>
                <token content="a" id="9-7">
                    <pos type="DT"/>
                    <lemma type="a"/>
                </token>
                <token content="gauge" id="9-8">
                    <pos type="NN"/>
                    <lemma type="gauge"/>
                    <dep head="9-2" type="prep"/>
                </token>
                <token content="and" id="9-9"/>
                <token content="it" id="9-10">
                    <pos type="PRP"/>
                    <lemma type="it"/>
                </token>
                <token content="was" id="9-11">
                    <pos type="VBD"/>
                    <lemma type="be"/>
                </token>
                <token content="alright" id="9-12">
                    <pos type="JJ"/>
                    <lemma type="alright"/>
                    <dep head="9-2" type="conj"/>
                </token>
                <token content="." id="9-13"/>
            </sentence>
            <sentence id="10">
                <token content="I" id="10-1">
                    <pos type="PRP"/>
                    <lemma type="I"/>
                    <dep head="10-2" type="nsubj"/>
                </token>
                <token content="felt" id="10-2">
                    <pos type="VBD"/>
                    <lemma type="feel"/>
                </token>
                <token content="around" id="10-3"/>
                <token content="the" id="10-4">
                    <pos type="DT"/>
                    <lemma type="the"/>
                </token>
                <token content="tire" id="10-5">
                    <pos type="NN"/>
                    <lemma type="tire"/>
                    <dep head="10-2" type="prep"/>
                </token>
                <token content="to" id="10-6">
                    <pos type="TO"/>
                    <lemma type="to"/>
                    <dep head="10-7" type="aux"/>
                </token>
                <token content="make" id="10-7">
                    <pos type="VB"/>
                    <lemma type="make"/>
                    <dep head="10-2" type="xcomp"/>
                </token>
                <token content="sure" id="10-8">
                    <pos type="JJ"/>
                    <lemma type="sure"/>
                    <dep head="10-7" type="acomp"/>
                </token>
                <token content="that" id="10-9">
                    <pos type="IN"/>
                    <lemma type="that"/>
                    <dep head="10-11" type="mark"/>
                </token>
                <token content="it" id="10-10">
                    <pos type="PRP"/>
                    <lemma type="it"/>
                    <dep head="10-11" type="nsubj"/>
                </token>
                <token content="was" id="10-11">
                    <pos type="VBD"/>
                    <lemma type="be"/>
                    <dep head="10-7" type="ccomp"/>
                </token>
                <token content="solidly" id="10-12">
                    <pos type="RB"/>
                    <lemma type="solidly"/>
                    <dep head="10-11" type="advmod"/>
                </token>
                <token content="in" id="10-13"/>
                <token content="place" id="10-14">
                    <pos type="NN"/>
                    <lemma type="place"/>
                    <dep head="10-11" type="prep"/>
                </token>
                <token content="and" id="10-15"/>
                <token content="it" id="10-16">
                    <pos type="PRP"/>
                    <lemma type="it"/>
                    <dep head="10-17" type="nsubj"/>
                </token>
                <token content="was" id="10-17">
                    <pos type="VBD"/>
                    <lemma type="be"/>
                    <dep head="10-2" type="conj"/>
                </token>
                <token content="." id="10-18"/>
            </sentence>
        </sentences>
    </text>
    <annotations>
        <participants>
            <label from="1-1" id="0" name="ScrPart_rider" text="My" type="participant"/>
            <label from="1-2" id="1" name="ScrPart_tire" text="bike tire" to="1-3" type="participant"/>
            <label from="1-3" id="2" name="ScrPart_tire" text="tire" type="participant"/>
            <label from="1-7" id="3" name="ScrPart_rider" text="I" type="participant"/>
            <label from="1-11" id="4" name="ScrPart_shop" text="bike shop" to="1-12" type="participant"/>
            <label from="1-12" id="5" name="ScrPart_shop" text="shop" type="participant"/>
            <label from="1-16" id="6" name="ScrPart_spare_tube" text="replacement" type="participant"/>
            <label from="2-1" id="7" name="ScrPart_rider" text="I" type="participant"/>
            <label from="2-6" id="8" name="ScrPart_tire" text="tire" type="participant"/>
            <label from="2-9" id="9" name="ScrPart_rider" text="my" type="participant"/>
            <label from="2-10" id="10" name="ScrPart_bicycle" text="bike" type="participant"/>
            <label from="3-2" id="11" name="ScrPart_rider" text="I" type="participant"/>
            <label from="3-4" id="12" name="ScrPart_rider" text="my" type="participant"/>
            <label from="3-5" id="13" name="ScrPart_bicycle" text="bike" type="participant"/>
            <label from="3-8" id="14" name="NPart" text="rack" type="participant"/>
            <label from="3-13" id="15" name="ScrPart_tire" text="tire" type="participant"/>
            <label from="4-2" id="16" name="ScrPart_rider" text="I" type="participant"/>
            <label from="4-6" id="17" name="ScrPart_spare_tube" text="tire" type="participant"/>
            <label from="4-9" id="18" name="ScrPart_wheel" text="wheel" type="participant"/>
            <label from="4-13" id="19" name="ScrPart_spare_tube" text="it" type="participant"/>
            <label from="5-1" id="20" name="ScrPart_spare_tube" text="It" type="participant"/>
            <label from="6-2" id="21" name="ScrPart_rider" text="I" type="participant"/>
            <label from="6-6" id="22" name="ScrPart_spare_tube" text="tire" type="participant"/>
            <label from="6-9" id="23" name="NPart" text="grooves" type="participant"/>
            <label from="6-12" id="24" name="ScrPart_wheel" text="wheel" type="participant"/>
            <label from="7-2" id="25" name="ScrPart_rider" text="I" type="participant"/>
            <label from="7-5" id="26" name="ScrPart_rider" text="my" type="participant"/>
            <label from="7-6" id="27" name="ScrPart_bicycle" text="bike" type="participant"/>
            <label from="7-9" id="28" name="ScrPart_location_repair" text="gas station" to="7-10" type="participant"/>
            <label from="7-14" id="29" name="No_label" text="corner" type="participant"/>
            <label from="7-17" id="30" name="ScrPart_spare_tube" text="it" type="participant"/>
            <label from="7-20" id="31" name="ScrPart_air" text="air" type="participant"/>
            <label from="8-1" id="32" name="ScrPart_rider" text="I" type="participant"/>
            <label from="8-4" id="33" name="NPart" text="quarter" type="participant"/>
            <label from="8-7" id="34" name="ScrPart_tool" text="air machine" to="8-8" type="participant"/>
            <label from="8-8" id="35" name="ScrPart_tool" text="machine" type="participant"/>
            <label from="8-11" id="36" name="ScrPart_rider" text="my" type="participant"/>
            <label from="8-12" id="37" name="ScrPart_bicycle" text="bike" type="participant"/>
            <label from="8-16" id="38" name="ScrPart_tool" text="air hose" to="8-17" type="participant"/>
            <label from="8-17" id="39" name="ScrPart_tool" text="hose" type="participant"/>
            <label from="8-21" id="40" name="ScrPart_spare_tube" text="tire" type="participant"/>
            <label from="9-1" id="41" name="ScrPart_rider" text="I" type="participant"/>
            <label from="9-4" id="42" name="ScrPart_pressure" text="air pressure" to="9-5" type="participant"/>
            <label from="9-5" id="43" name="ScrPart_pressure" text="pressure" type="participant"/>
            <label from="9-8" id="44" name="ScrPart_tool" text="gauge" type="participant"/>
            <label from="9-10" id="45" name="ScrPart_pressure" text="it" type="participant"/>
            <label from="10-1" id="46" name="ScrPart_rider" text="I" type="participant"/>
            <label from="10-5" id="47" name="ScrPart_spare_tube" text="tire" type="participant"/>
            <label from="10-10" id="48" name="ScrPart_spare_tube" text="it" type="participant"/>
            <label from="10-14" id="49" name="No_label" text="place" type="participant"/>
            <label from="10-16" id="50" name="ScrPart_spare_tube" text="it" type="participant"/>
        </participants>
        <events>
            <label from="1-4" id="51" name="UnrelEv" text="was" type="event"/>
            <label from="1-8" id="52" name="RelNScrEv" text="went" type="event"/>
            <label from="1-14" id="53" name="RelNScrEv" text="bought" type="event"/>
            <label from="2-3" id="54" name="ScrEv_take_tire_off" text="took" type="event"/>
            <label from="3-3" id="55" name="RelNScrEv" text="set" type="event"/>
            <label from="3-15" id="56" name="UnrelEv" text="be" type="event"/>
            <label from="3-18" id="57" name="UnrelEv" text="get" type="event"/>
            <label from="4-3" id="58" name="RelNScrEv" text="put" type="event"/>
            <label from="4-11" id="59" name="RelNScrEv" text="see" type="event"/>
            <label from="4-14" id="60" name="UnrelEv" text="fits" type="event"/>
            <label from="5-2" id="61" name="UnrelEv" text="did" type="event"/>
            <label from="6-3" id="62" name="ScrEv_put_new_tire" text="put" type="event"/>
            <label from="7-3" id="63" name="UnrelEv" text="walked" type="event"/>
            <label from="7-16" id="64" name="ScrEv_refill_tire_air" text="fill" type="event"/>
            <label from="8-2" id="65" name="UnrelEv" text="put" type="event"/>
            <label from="8-10" id="66" name="UnrelEv" text="put" type="event"/>
            <label from="8-19" id="67" name="ScrEv_refill_tire_air" text="filled" type="event"/>
            <label from="9-2" id="68" name="ScrEv_check_new_tire" text="checked" type="event"/>
            <label from="9-11" id="69" name="UnrelEv" text="was" type="event"/>
            <label from="10-2" id="70" name="ScrEv_check_new_tire" text="felt" type="event"/>
            <label from="10-7" id="71" name="ScrEv_check_new_tire" text="make sure" to="10-8" type="event"/>
            <label from="10-11" id="72" name="UnrelEv" text="was" type="event"/>
            <label from="10-17" id="73" name="UnrelEv" text="was" type="event"/>
        </events>
        <chains>
            <chain elements="0 3 7 9 11 12 16 21 25 26 32 36 41 46"/>
            <chain elements="2 8 15"/>
            <chain elements="10 13 27 37"/>
            <chain elements="6 17 19 20 22 30 40 47 48 50"/>
            <chain elements="18 24"/>
            <chain elements="43 45"/>
        </chains>
    </annotations>
</story>
