<?xml version="1.0" encoding="UTF-8" standalone="no"?>
<!DOCTYPE story SYSTEM "../InScript.dtd">
<story id="008" scenario="bicycle">
    <text>
        <content>I was riding down the sidewalk and noticed that my bicycle tire had gone flat . 
I took my bike home and attempted to put air in the tire . 
I noticed a hissing noise coming from the tire and realized that it had a hole in it . 
I had a can of tire patch on the shelf in the garage . 
I took a screwdriver and loosened the tire from the metal rim of the bicycle . 
After I got the tire off , I opened the can of tire patch and , with a wooden spatula , I applied some of the black tire patch to the inside of the tire where the hole was . 
I allowed it to dry for a few hours . 
I put the rubber tire back on the tire rim , and added air . 
The tire held air and there was no longer a hissing noise . 
I hope my repair holds for a long while . </content>
        <sentences>
            <sentence id="1">
                <token content="I" id="1-1">
                    <pos type="PRP"/>
                    <lemma type="I"/>
                    <dep head="1-3" type="nsubj"/>
                </token>
                <token content="was" id="1-2">
                    <pos type="VBD"/>
                    <lemma type="be"/>
                    <dep head="1-3" type="aux"/>
                </token>
                <token content="riding" id="1-3">
                    <pos type="VBG"/>
                    <lemma type="ride"/>
                </token>
                <token content="down" id="1-4">
                    <pos type="RP"/>
                    <lemma type="down"/>
                    <dep head="1-3" type="prt"/>
                </token>
                <token content="the" id="1-5">
                    <pos type="DT"/>
                    <lemma type="the"/>
                </token>
                <token content="sidewalk" id="1-6">
                    <pos type="NN"/>
                    <lemma type="sidewalk"/>
                    <dep head="1-3" type="dobj"/>
                </token>
                <token content="and" id="1-7"/>
                <token content="noticed" id="1-8">
                    <pos type="VBD"/>
                    <lemma type="notice"/>
                    <dep head="1-3" type="conj"/>
                </token>
                <token content="that" id="1-9">
                    <pos type="IN"/>
                    <lemma type="that"/>
                    <dep head="1-14" type="mark"/>
                </token>
                <token content="my" id="1-10">
                    <pos type="PRP$"/>
                    <lemma type="my"/>
                </token>
                <token content="bicycle" id="1-11">
                    <pos type="NN"/>
                    <lemma type="bicycle"/>
                </token>
                <token content="tire" id="1-12">
                    <pos type="NN"/>
                    <lemma type="tire"/>
                    <dep head="1-14" type="nsubj"/>
                </token>
                <token content="had" id="1-13">
                    <pos type="VBD"/>
                    <lemma type="have"/>
                    <dep head="1-14" type="aux"/>
                </token>
                <token content="gone" id="1-14">
                    <pos type="VBN"/>
                    <lemma type="go"/>
                    <dep head="1-8" type="ccomp"/>
                </token>
                <token content="flat" id="1-15">
                    <pos type="JJ"/>
                    <lemma type="flat"/>
                    <dep head="1-14" type="acomp"/>
                </token>
                <token content="." id="1-16"/>
            </sentence>
            <sentence id="2">
                <token content="I" id="2-1">
                    <pos type="PRP"/>
                    <lemma type="I"/>
                    <dep head="2-2" type="nsubj"/>
                </token>
                <token content="took" id="2-2">
                    <pos type="VBD"/>
                    <lemma type="take"/>
                </token>
                <token content="my" id="2-3">
                    <pos type="PRP$"/>
                    <lemma type="my"/>
                </token>
                <token content="bike" id="2-4">
                    <pos type="NN"/>
                    <lemma type="bike"/>
                </token>
                <token content="home" id="2-5">
                    <pos type="NN"/>
                    <lemma type="home"/>
                    <dep head="2-2" type="dobj"/>
                </token>
                <token content="and" id="2-6"/>
                <token content="attempted" id="2-7">
                    <pos type="VBD"/>
                    <lemma type="attempt"/>
                    <dep head="2-2" type="conj"/>
                </token>
                <token content="to" id="2-8">
                    <pos type="TO"/>
                    <lemma type="to"/>
                    <dep head="2-9" type="aux"/>
                </token>
                <token content="put" id="2-9">
                    <pos type="VB"/>
                    <lemma type="put"/>
                    <dep head="2-7" type="xcomp"/>
                </token>
                <token content="air" id="2-10">
                    <pos type="NN"/>
                    <lemma type="air"/>
                    <dep head="2-9" type="dobj"/>
                </token>
                <token content="in" id="2-11"/>
                <token content="the" id="2-12">
                    <pos type="DT"/>
                    <lemma type="the"/>
                </token>
                <token content="tire" id="2-13">
                    <pos type="NN"/>
                    <lemma type="tire"/>
                    <dep head="2-9" type="prep"/>
                </token>
                <token content="." id="2-14"/>
            </sentence>
            <sentence id="3">
                <token content="I" id="3-1">
                    <pos type="PRP"/>
                    <lemma type="I"/>
                    <dep head="3-2" type="nsubj"/>
                </token>
                <token content="noticed" id="3-2">
                    <pos type="VBD"/>
                    <lemma type="notice"/>
                </token>
                <token content="a" id="3-3">
                    <pos type="DT"/>
                    <lemma type="a"/>
                </token>
                <token content="hissing" id="3-4">
                    <pos type="VBG"/>
                    <lemma type="hiss"/>
                </token>
                <token content="noise" id="3-5">
                    <pos type="NN"/>
                    <lemma type="noise"/>
                    <dep head="3-2" type="dobj"/>
                </token>
                <token content="coming" id="3-6">
                    <pos type="VBG"/>
                    <lemma type="come"/>
                </token>
                <token content="from" id="3-7"/>
                <token content="the" id="3-8">
                    <pos type="DT"/>
                    <lemma type="the"/>
                </token>
                <token content="tire" id="3-9">
                    <pos type="NN"/>
                    <lemma type="tire"/>
                    <dep head="3-6" type="prep"/>
                </token>
                <token content="and" id="3-10"/>
                <token content="realized" id="3-11">
                    <pos type="VBD"/>
                    <lemma type="realize"/>
                    <dep head="3-2" type="conj"/>
                </token>
                <token content="that" id="3-12">
                    <pos type="IN"/>
                    <lemma type="that"/>
                    <dep head="3-14" type="mark"/>
                </token>
                <token content="it" id="3-13">
                    <pos type="PRP"/>
                    <lemma type="it"/>
                    <dep head="3-14" type="nsubj"/>
                </token>
                <token content="had" id="3-14">
                    <pos type="VBD"/>
                    <lemma type="have"/>
                    <dep head="3-11" type="ccomp"/>
                </token>
                <token content="a" id="3-15">
                    <pos type="DT"/>
                    <lemma type="a"/>
                </token>
                <token content="hole" id="3-16">
                    <pos type="NN"/>
                    <lemma type="hole"/>
                    <dep head="3-14" type="dobj"/>
                </token>
                <token content="in" id="3-17"/>
                <token content="it" id="3-18">
                    <pos type="PRP"/>
                    <lemma type="it"/>
                </token>
                <token content="." id="3-19"/>
            </sentence>
            <sentence id="4">
                <token content="I" id="4-1">
                    <pos type="PRP"/>
                    <lemma type="I"/>
                    <dep head="4-2" type="nsubj"/>
                </token>
                <token content="had" id="4-2">
                    <pos type="VBD"/>
                    <lemma type="have"/>
                </token>
                <token content="a" id="4-3">
                    <pos type="DT"/>
                    <lemma type="a"/>
                </token>
                <token content="can" id="4-4">
                    <pos type="NN"/>
                    <lemma type="can"/>
                    <dep head="4-2" type="dobj"/>
                </token>
                <token content="of" id="4-5"/>
                <token content="tire" id="4-6">
                    <pos type="NN"/>
                    <lemma type="tire"/>
                </token>
                <token content="patch" id="4-7">
                    <pos type="NN"/>
                    <lemma type="patch"/>
                </token>
                <token content="on" id="4-8"/>
                <token content="the" id="4-9">
                    <pos type="DT"/>
                    <lemma type="the"/>
                </token>
                <token content="shelf" id="4-10">
                    <pos type="NN"/>
                    <lemma type="shelf"/>
                    <dep head="4-2" type="prep"/>
                </token>
                <token content="in" id="4-11"/>
                <token content="the" id="4-12">
                    <pos type="DT"/>
                    <lemma type="the"/>
                </token>
                <token content="garage" id="4-13">
                    <pos type="NN"/>
                    <lemma type="garage"/>
                </token>
                <token content="." id="4-14"/>
            </sentence>
            <sentence id="5">
                <token content="I" id="5-1">
                    <pos type="PRP"/>
                    <lemma type="I"/>
                    <dep head="5-2" type="nsubj"/>
                </token>
                <token content="took" id="5-2">
                    <pos type="VBD"/>
                    <lemma type="take"/>
                </token>
                <token content="a" id="5-3">
                    <pos type="DT"/>
                    <lemma type="a"/>
                </token>
                <token content="screwdriver" id="5-4">
                    <pos type="NN"/>
                    <lemma type="screwdriver"/>
                    <dep head="5-2" type="dobj"/>
                </token>
                <token content="and" id="5-5"/>
                <token content="loosened" id="5-6">
                    <pos type="VBN"/>
                    <lemma type="loosen"/>
                    <dep head="5-2" type="conj"/>
                </token>
                <token content="the" id="5-7">
                    <pos type="DT"/>
                    <lemma type="the"/>
                </token>
                <token content="tire" id="5-8">
                    <pos type="NN"/>
                    <lemma type="tire"/>
                    <dep head="5-6" type="dobj"/>
                </token>
                <token content="from" id="5-9"/>
                <token content="the" id="5-10">
                    <pos type="DT"/>
                    <lemma type="the"/>
                </token>
                <token content="metal" id="5-11">
                    <pos type="NN"/>
                    <lemma type="metal"/>
                </token>
                <token content="rim" id="5-12">
                    <pos type="NN"/>
                    <lemma type="rim"/>
                    <dep head="5-6" type="prep"/>
                </token>
                <token content="of" id="5-13"/>
                <token content="the" id="5-14">
                    <pos type="DT"/>
                    <lemma type="the"/>
                </token>
                <token content="bicycle" id="5-15">
                    <pos type="NN"/>
                    <lemma type="bicycle"/>
                </token>
                <token content="." id="5-16"/>
            </sentence>
            <sentence id="6">
                <token content="After" id="6-1">
                    <pos type="IN"/>
                    <lemma type="after"/>
                    <dep head="6-3" type="mark"/>
                </token>
                <token content="I" id="6-2">
                    <pos type="PRP"/>
                    <lemma type="I"/>
                    <dep head="6-3" type="nsubj"/>
                </token>
                <token content="got" id="6-3">
                    <pos type="VBD"/>
                    <lemma type="get"/>
                    <dep head="6-9" type="advcl"/>
                </token>
                <token content="the" id="6-4">
                    <pos type="DT"/>
                    <lemma type="the"/>
                </token>
                <token content="tire" id="6-5">
                    <pos type="NN"/>
                    <lemma type="tire"/>
                    <dep head="6-3" type="dobj"/>
                </token>
                <token content="off" id="6-6">
                    <pos type="RP"/>
                    <lemma type="off"/>
                    <dep head="6-3" type="prt"/>
                </token>
                <token content="," id="6-7"/>
                <token content="I" id="6-8">
                    <pos type="PRP"/>
                    <lemma type="I"/>
                    <dep head="6-9" type="nsubj"/>
                </token>
                <token content="opened" id="6-9">
                    <pos type="VBD"/>
                    <lemma type="open"/>
                </token>
                <token content="the" id="6-10">
                    <pos type="DT"/>
                    <lemma type="the"/>
                </token>
                <token content="can" id="6-11">
                    <pos type="NN"/>
                    <lemma type="can"/>
                    <dep head="6-9" type="dobj"/>
                </token>
                <token content="of" id="6-12"/>
                <token content="tire" id="6-13">
                    <pos type="NN"/>
                    <lemma type="tire"/>
                </token>
                <token content="patch" id="6-14">
                    <pos type="NN"/>
                    <lemma type="patch"/>
                </token>
                <token content="and" id="6-15"/>
                <token content="," id="6-16"/>
                <token content="with" id="6-17"/>
                <token content="a" id="6-18">
                    <pos type="DT"/>
                    <lemma type="a"/>
                </token>
                <token content="wooden" id="6-19">
                    <pos type="JJ"/>
                    <lemma type="wooden"/>
                </token>
                <token content="spatula" id="6-20">
                    <pos type="NN"/>
                    <lemma type="spatula"/>
                    <dep head="6-23" type="prep"/>
                </token>
                <token content="," id="6-21"/>
                <token content="I" id="6-22">
                    <pos type="PRP"/>
                    <lemma type="I"/>
                    <dep head="6-23" type="nsubj"/>
                </token>
                <token content="applied" id="6-23">
                    <pos type="VBD"/>
                    <lemma type="apply"/>
                    <dep head="6-9" type="conj"/>
                </token>
                <token content="some" id="6-24">
                    <pos type="DT"/>
                    <lemma type="some"/>
                    <dep head="6-23" type="dobj"/>
                </token>
                <token content="of" id="6-25"/>
                <token content="the" id="6-26">
                    <pos type="DT"/>
                    <lemma type="the"/>
                </token>
                <token content="black" id="6-27">
                    <pos type="JJ"/>
                    <lemma type="black"/>
                </token>
                <token content="tire" id="6-28">
                    <pos type="NN"/>
                    <lemma type="tire"/>
                </token>
                <token content="patch" id="6-29">
                    <pos type="NN"/>
                    <lemma type="patch"/>
                </token>
                <token content="to" id="6-30"/>
                <token content="the" id="6-31">
                    <pos type="DT"/>
                    <lemma type="the"/>
                </token>
                <token content="inside" id="6-32">
                    <pos type="NN"/>
                    <lemma type="inside"/>
                    <dep head="6-23" type="prep"/>
                </token>
                <token content="of" id="6-33"/>
                <token content="the" id="6-34">
                    <pos type="DT"/>
                    <lemma type="the"/>
                </token>
                <token content="tire" id="6-35">
                    <pos type="NN"/>
                    <lemma type="tire"/>
                </token>
                <token content="where" id="6-36">
                    <pos type="WRB"/>
                    <lemma type="where"/>
                    <dep head="6-39" type="advmod"/>
                </token>
                <token content="the" id="6-37">
                    <pos type="DT"/>
                    <lemma type="the"/>
                </token>
                <token content="hole" id="6-38">
                    <pos type="NN"/>
                    <lemma type="hole"/>
                    <dep head="6-39" type="nsubj"/>
                </token>
                <token content="was" id="6-39">
                    <pos type="VBD"/>
                    <lemma type="be"/>
                    <dep head="6-23" type="advcl"/>
                </token>
                <token content="." id="6-40"/>
            </sentence>
            <sentence id="7">
                <token content="I" id="7-1">
                    <pos type="PRP"/>
                    <lemma type="I"/>
                    <dep head="7-2" type="nsubj"/>
                </token>
                <token content="allowed" id="7-2">
                    <pos type="VBD"/>
                    <lemma type="allow"/>
                </token>
                <token content="it" id="7-3">
                    <pos type="PRP"/>
                    <lemma type="it"/>
                    <dep head="7-2" type="dobj"/>
                </token>
                <token content="to" id="7-4">
                    <pos type="TO"/>
                    <lemma type="to"/>
                    <dep head="7-5" type="aux"/>
                </token>
                <token content="dry" id="7-5">
                    <pos type="VB"/>
                    <lemma type="dry"/>
                    <dep head="7-2" type="xcomp"/>
                </token>
                <token content="for" id="7-6"/>
                <token content="a" id="7-7">
                    <pos type="DT"/>
                    <lemma type="a"/>
                </token>
                <token content="few" id="7-8">
                    <pos type="JJ"/>
                    <lemma type="few"/>
                </token>
                <token content="hours" id="7-9">
                    <pos type="NNS"/>
                    <lemma type="hour"/>
                    <dep head="7-5" type="prep"/>
                </token>
                <token content="." id="7-10"/>
            </sentence>
            <sentence id="8">
                <token content="I" id="8-1">
                    <pos type="PRP"/>
                    <lemma type="I"/>
                    <dep head="8-2" type="nsubj"/>
                </token>
                <token content="put" id="8-2">
                    <pos type="VBD"/>
                    <lemma type="put"/>
                </token>
                <token content="the" id="8-3">
                    <pos type="DT"/>
                    <lemma type="the"/>
                </token>
                <token content="rubber" id="8-4">
                    <pos type="NN"/>
                    <lemma type="rubber"/>
                </token>
                <token content="tire" id="8-5">
                    <pos type="NN"/>
                    <lemma type="tire"/>
                    <dep head="8-2" type="dobj"/>
                </token>
                <token content="back" id="8-6">
                    <pos type="RP"/>
                    <lemma type="back"/>
                    <dep head="8-2" type="prt"/>
                </token>
                <token content="on" id="8-7"/>
                <token content="the" id="8-8">
                    <pos type="DT"/>
                    <lemma type="the"/>
                </token>
                <token content="tire" id="8-9">
                    <pos type="NN"/>
                    <lemma type="tire"/>
                </token>
                <token content="rim" id="8-10">
                    <pos type="NN"/>
                    <lemma type="rim"/>
                    <dep head="8-2" type="prep"/>
                </token>
                <token content="," id="8-11"/>
                <token content="and" id="8-12"/>
                <token content="added" id="8-13">
                    <pos type="VBD"/>
                    <lemma type="add"/>
                    <dep head="8-2" type="conj"/>
                </token>
                <token content="air" id="8-14">
                    <pos type="NN"/>
                    <lemma type="air"/>
                    <dep head="8-13" type="dobj"/>
                </token>
                <token content="." id="8-15"/>
            </sentence>
            <sentence id="9">
                <token content="The" id="9-1">
                    <pos type="DT"/>
                    <lemma type="the"/>
                </token>
                <token content="tire" id="9-2">
                    <pos type="NN"/>
                    <lemma type="tire"/>
                    <dep head="9-3" type="nsubj"/>
                </token>
                <token content="held" id="9-3">
                    <pos type="VBD"/>
                    <lemma type="hold"/>
                </token>
                <token content="air" id="9-4">
                    <pos type="NN"/>
                    <lemma type="air"/>
                    <dep head="9-3" type="dobj"/>
                </token>
                <token content="and" id="9-5"/>
                <token content="there" id="9-6">
                    <pos type="EX"/>
                    <lemma type="there"/>
                    <dep head="9-7" type="expl"/>
                </token>
                <token content="was" id="9-7">
                    <pos type="VBD"/>
                    <lemma type="be"/>
                    <dep head="9-3" type="conj"/>
                </token>
                <token content="no" id="9-8">
                    <pos type="RB"/>
                    <lemma type="no"/>
                </token>
                <token content="longer" id="9-9">
                    <pos type="RB"/>
                    <lemma type="longer"/>
                    <dep head="9-7" type="advmod"/>
                </token>
                <token content="a" id="9-10">
                    <pos type="DT"/>
                    <lemma type="a"/>
                </token>
                <token content="hissing" id="9-11">
                    <pos type="JJ"/>
                    <lemma type="hissing"/>
                </token>
                <token content="noise" id="9-12">
                    <pos type="NN"/>
                    <lemma type="noise"/>
                    <dep head="9-7" type="nsubj"/>
                </token>
                <token content="." id="9-13"/>
            </sentence>
            <sentence id="10">
                <token content="I" id="10-1">
                    <pos type="PRP"/>
                    <lemma type="I"/>
                    <dep head="10-2" type="nsubj"/>
                </token>
                <token content="hope" id="10-2">
                    <pos type="VBP"/>
                    <lemma type="hope"/>
                </token>
                <token content="my" id="10-3">
                    <pos type="PRP$"/>
                    <lemma type="my"/>
                </token>
                <token content="repair" id="10-4">
                    <pos type="NN"/>
                    <lemma type="repair"/>
                    <dep head="10-5" type="nsubj"/>
                </token>
                <token content="holds" id="10-5">
                    <pos type="VBZ"/>
                    <lemma type="hold"/>
                    <dep head="10-2" type="ccomp"/>
                </token>
                <token content="for" id="10-6"/>
                <token content="a" id="10-7">
                    <pos type="DT"/>
                    <lemma type="a"/>
                </token>
                <token content="long" id="10-8">
                    <pos type="JJ"/>
                    <lemma type="long"/>
                </token>
                <token content="while" id="10-9">
                    <pos type="NN"/>
                    <lemma type="while"/>
                    <dep head="10-5" type="prep"/>
                </token>
                <token content="." id="10-10"/>
            </sentence>
        </sentences>
    </text>
    <annotations>
        <participants>
            <label from="1-1" id="0" name="ScrPart_rider" text="I" type="participant"/>
            <label from="1-6" id="1" name="NPart" text="sidewalk" type="participant"/>
            <label from="1-10" id="2" name="ScrPart_rider" text="my" type="participant"/>
            <label from="1-11" id="3" name="ScrPart_tire" text="bicycle tire" to="1-12" type="participant"/>
            <label from="1-12" id="4" name="ScrPart_tire" text="tire" type="participant"/>
            <label from="2-1" id="5" name="ScrPart_rider" text="I" type="participant"/>
            <label from="2-3" id="6" name="ScrPart_rider" text="my" type="participant"/>
            <label from="2-4" id="7" name="ScrPart_bicycle" text="bike" type="participant"/>
            <label from="2-5" id="8" name="NPart" text="home" type="participant"/>
            <label from="2-10" id="9" name="ScrPart_air" text="air" type="participant"/>
            <label from="2-13" id="10" name="ScrPart_tire" text="tire" type="participant"/>
            <label from="3-1" id="11" name="ScrPart_rider" text="I" type="participant"/>
            <label from="3-5" id="12" name="NPart" text="noise" type="participant"/>
            <label from="3-9" id="13" name="ScrPart_tire" text="tire" type="participant"/>
            <label from="3-13" id="14" name="ScrPart_tire" text="it" type="participant"/>
            <label from="3-16" id="15" name="ScrPart_object_damage" text="hole" type="participant"/>
            <label from="3-18" id="16" name="ScrPart_tire" text="it" type="participant"/>
            <label from="4-1" id="17" name="ScrPart_rider" text="I" type="participant"/>
            <label from="4-4" id="18" name="NPart" text="can" type="participant"/>
            <label from="4-6" id="19" name="ScrPart_patch" text="tire patch" to="4-7" type="participant"/>
            <label from="4-7" id="20" name="ScrPart_patch" text="patch" type="participant"/>
            <label from="4-10" id="21" name="ScrPart_other" text="shelf" type="participant"/>
            <label from="4-13" id="22" name="ScrPart_location_repair" text="garage" type="participant"/>
            <label from="5-1" id="23" name="ScrPart_rider" text="I" type="participant"/>
            <label from="5-4" id="24" name="ScrPart_tool" text="screwdriver" type="participant"/>
            <label from="5-8" id="25" name="ScrPart_tire" text="tire" type="participant"/>
            <label from="5-11" id="26" name="ScrPart_rim" text="metal rim" to="5-12" type="participant"/>
            <label from="5-12" id="27" name="ScrPart_rim" text="rim" type="participant"/>
            <label from="5-15" id="28" name="ScrPart_bicycle" text="bicycle" type="participant"/>
            <label from="6-2" id="29" name="ScrPart_rider" text="I" type="participant"/>
            <label from="6-5" id="30" name="ScrPart_tire" text="tire" type="participant"/>
            <label from="6-8" id="31" name="ScrPart_rider" text="I" type="participant"/>
            <label from="6-11" id="32" name="NPart" text="can" type="participant"/>
            <label from="6-13" id="33" name="ScrPart_patch" text="tire patch" to="6-14" type="participant"/>
            <label from="6-14" id="34" name="ScrPart_patch" text="patch" type="participant"/>
            <label from="6-20" id="35" name="ScrPart_tool" text="spatula" type="participant"/>
            <label from="6-22" id="36" name="ScrPart_rider" text="I" type="participant"/>
            <label from="6-28" id="37" name="ScrPart_patch" text="tire patch" to="6-29" type="participant"/>
            <label from="6-29" id="38" name="ScrPart_patch" text="patch" type="participant"/>
            <label from="6-32" id="39" name="NPart" text="inside" type="participant"/>
            <label from="6-35" id="40" name="ScrPart_tire" text="tire" type="participant"/>
            <label from="6-38" id="41" name="ScrPart_object_damage" text="hole" type="participant"/>
            <label from="7-1" id="42" name="ScrPart_rider" text="I" type="participant"/>
            <label from="7-3" id="43" name="ScrPart_patch" text="it" type="participant"/>
            <label from="7-9" id="44" name="NPart" text="hours" type="participant"/>
            <label from="8-1" id="45" name="ScrPart_rider" text="I" type="participant"/>
            <label from="8-4" id="46" name="ScrPart_tire" text="rubber tire" to="8-5" type="participant"/>
            <label from="8-5" id="47" name="ScrPart_tire" text="tire" type="participant"/>
            <label from="8-9" id="48" name="ScrPart_rim" text="tire rim" to="8-10" type="participant"/>
            <label from="8-10" id="49" name="ScrPart_rim" text="rim" type="participant"/>
            <label from="8-14" id="50" name="ScrPart_air" text="air" type="participant"/>
            <label from="9-2" id="51" name="ScrPart_tire" text="tire" type="participant"/>
            <label from="9-4" id="52" name="ScrPart_air" text="air" type="participant"/>
            <label from="9-12" id="53" name="NPart" text="noise" type="participant"/>
            <label from="10-1" id="54" name="ScrPart_rider" text="I" type="participant"/>
            <label from="10-3" id="55" name="ScrPart_rider" text="my" type="participant"/>
            <label from="10-4" id="56" name="NPart" text="repair" type="participant"/>
            <label from="10-9" id="57" name="No_label" text="while" type="participant"/>
        </participants>
        <events>
            <label from="1-3" id="58" name="ScrEv_ride_bike" text="riding" type="event"/>
            <label from="1-8" id="59" name="ScrEv_notice_problem" text="noticed" type="event"/>
            <label from="1-14" id="60" name="RelNScrEv" text="gone" type="event"/>
            <label from="2-2" id="61" name="UnrelEv" text="took" type="event"/>
            <label from="2-7" id="62" name="UnrelEv" text="attempted" type="event"/>
            <label from="2-9" id="63" name="ScrEv_refill_tire_air" text="put" type="event"/>
            <label from="3-2" id="64" name="ScrEv_notice_problem" text="noticed" type="event"/>
            <label from="3-4" id="65" name="UnrelEv" text="hissing" type="event"/>
            <label from="3-6" id="66" name="UnrelEv" text="coming" type="event"/>
            <label from="3-11" id="67" name="UnrelEv" text="realized" type="event"/>
            <label from="3-14" id="68" name="UnrelEv" text="had" type="event"/>
            <label from="4-2" id="69" name="UnrelEv" text="had" type="event"/>
            <label from="5-2" id="70" name="ScrEv_get_tools" text="took" type="event"/>
            <label from="5-6" id="71" name="ScrEv_take_tire_off" text="loosened" type="event"/>
            <label from="6-3" id="72" name="ScrEv_take_tire_off" text="got" type="event"/>
            <label from="6-9" id="73" name="RelNScrEv" text="opened" type="event"/>
            <label from="6-23" id="74" name="ScrEv_put_patch/seal" text="applied" type="event"/>
            <label from="6-39" id="75" name="UnrelEv" text="was" type="event"/>
            <label from="7-2" id="76" name="UnrelEv" text="allowed" type="event"/>
            <label from="7-5" id="77" name="RelNScrEv" text="dry" type="event"/>
            <label from="8-2" id="78" name="ScrEv_put_new_tire" text="put" type="event"/>
            <label from="8-13" id="79" name="ScrEv_refill_tire_air" text="added" type="event"/>
            <label from="9-3" id="80" name="UnrelEv" text="held" type="event"/>
            <label from="9-7" id="81" name="UnrelEv" text="was" type="event"/>
            <label from="9-11" id="82" name="UnrelEv" text="hissing" type="event"/>
            <label from="10-2" id="83" name="UnrelEv" text="hope" type="event"/>
            <label from="10-5" id="84" name="UnrelEv" text="holds" type="event"/>
        </events>
        <chains>
            <chain elements="0 2 5 6 11 17 23 29 31 36 42 45 54 55"/>
            <chain elements="4 10 13 14 16 25 30 40 47 51"/>
            <chain elements="7 28"/>
            <chain elements="20 34 38 43"/>
            <chain elements="15 41"/>
            <chain elements="27 49"/>
            <chain elements="9 50 52"/>
        </chains>
    </annotations>
</story>
