<?xml version="1.0" encoding="UTF-8" standalone="no"?>
<!DOCTYPE story SYSTEM "../InScript.dtd">
<story id="005" scenario="bicycle">
    <text>
        <content>The other day , my best friend and I were riding to his house . 
When we were almost there , I noticed that the front tire on my bicycle felt rather wobbly and was most likely flat . 
I was in luck however , as my friend had a bicycle repair kit and some spare tires . 
Once we arrived at my friend 's house , I asked my friend if he let me borrow his bicycle repair kit . 
First , I turned the bike over and removed the front tire and tube . 
Next I filled the tube with air to check where the tube was damaged , and found a small glass shard which had punctured through it . 
After making ensure the tube was fully deflated , I repaired the puncture in the tube by using glue and applying a patch on top , then slid it back onto the tire using my hands . 
Next , I placed and pushed the tire back onto the tube . 
After which , I reconnected the tire onto the bicycle . 
Finally , I pumped air into the tire until it was filled up and the bicycle was ready to be ridden again . </content>
        <sentences>
            <sentence id="1">
                <token content="The" id="1-1">
                    <pos type="DT"/>
                    <lemma type="the"/>
                </token>
                <token content="other" id="1-2">
                    <pos type="JJ"/>
                    <lemma type="other"/>
                </token>
                <token content="day" id="1-3">
                    <pos type="NN"/>
                    <lemma type="day"/>
                    <dep head="1-11" type="nsubj"/>
                </token>
                <token content="," id="1-4"/>
                <token content="my" id="1-5">
                    <pos type="PRP$"/>
                    <lemma type="my"/>
                </token>
                <token content="best" id="1-6">
                    <pos type="JJS"/>
                    <lemma type="best"/>
                </token>
                <token content="friend" id="1-7">
                    <pos type="NN"/>
                    <lemma type="friend"/>
                </token>
                <token content="and" id="1-8"/>
                <token content="I" id="1-9">
                    <pos type="PRP"/>
                    <lemma type="I"/>
                </token>
                <token content="were" id="1-10">
                    <pos type="VBD"/>
                    <lemma type="be"/>
                    <dep head="1-11" type="aux"/>
                </token>
                <token content="riding" id="1-11">
                    <pos type="VBG"/>
                    <lemma type="ride"/>
                </token>
                <token content="to" id="1-12"/>
                <token content="his" id="1-13">
                    <pos type="PRP$"/>
                    <lemma type="he"/>
                </token>
                <token content="house" id="1-14">
                    <pos type="NN"/>
                    <lemma type="house"/>
                    <dep head="1-11" type="prep"/>
                </token>
                <token content="." id="1-15"/>
            </sentence>
            <sentence id="2">
                <token content="When" id="2-1">
                    <pos type="WRB"/>
                    <lemma type="when"/>
                    <dep head="2-3" type="advmod"/>
                </token>
                <token content="we" id="2-2">
                    <pos type="PRP"/>
                    <lemma type="we"/>
                    <dep head="2-3" type="nsubj"/>
                </token>
                <token content="were" id="2-3">
                    <pos type="VBD"/>
                    <lemma type="be"/>
                    <dep head="2-8" type="advcl"/>
                </token>
                <token content="almost" id="2-4">
                    <pos type="RB"/>
                    <lemma type="almost"/>
                </token>
                <token content="there" id="2-5">
                    <pos type="RB"/>
                    <lemma type="there"/>
                    <dep head="2-3" type="advmod"/>
                </token>
                <token content="," id="2-6"/>
                <token content="I" id="2-7">
                    <pos type="PRP"/>
                    <lemma type="I"/>
                    <dep head="2-8" type="nsubj"/>
                </token>
                <token content="noticed" id="2-8">
                    <pos type="VBD"/>
                    <lemma type="notice"/>
                </token>
                <token content="that" id="2-9">
                    <pos type="IN"/>
                    <lemma type="that"/>
                    <dep head="2-16" type="mark"/>
                </token>
                <token content="the" id="2-10">
                    <pos type="DT"/>
                    <lemma type="the"/>
                </token>
                <token content="front" id="2-11">
                    <pos type="JJ"/>
                    <lemma type="front"/>
                </token>
                <token content="tire" id="2-12">
                    <pos type="NN"/>
                    <lemma type="tire"/>
                    <dep head="2-16" type="nsubj"/>
                </token>
                <token content="on" id="2-13"/>
                <token content="my" id="2-14">
                    <pos type="PRP$"/>
                    <lemma type="my"/>
                </token>
                <token content="bicycle" id="2-15">
                    <pos type="NN"/>
                    <lemma type="bicycle"/>
                </token>
                <token content="felt" id="2-16">
                    <pos type="VBD"/>
                    <lemma type="feel"/>
                    <dep head="2-8" type="ccomp"/>
                </token>
                <token content="rather" id="2-17">
                    <pos type="RB"/>
                    <lemma type="rather"/>
                    <dep head="2-16" type="prep"/>
                </token>
                <token content="wobbly" id="2-18">
                    <pos type="JJ"/>
                    <lemma type="wobbly"/>
                </token>
                <token content="and" id="2-19"/>
                <token content="was" id="2-20">
                    <pos type="VBD"/>
                    <lemma type="be"/>
                </token>
                <token content="most" id="2-21">
                    <pos type="RBS"/>
                    <lemma type="most"/>
                </token>
                <token content="likely" id="2-22">
                    <pos type="RB"/>
                    <lemma type="likely"/>
                </token>
                <token content="flat" id="2-23">
                    <pos type="JJ"/>
                    <lemma type="flat"/>
                    <dep head="2-16" type="conj"/>
                </token>
                <token content="." id="2-24"/>
            </sentence>
            <sentence id="3">
                <token content="I" id="3-1">
                    <pos type="PRP"/>
                    <lemma type="I"/>
                    <dep head="3-2" type="nsubj"/>
                </token>
                <token content="was" id="3-2">
                    <pos type="VBD"/>
                    <lemma type="be"/>
                </token>
                <token content="in" id="3-3"/>
                <token content="luck" id="3-4">
                    <pos type="NN"/>
                    <lemma type="luck"/>
                    <dep head="3-2" type="prep"/>
                </token>
                <token content="however" id="3-5">
                    <pos type="RB"/>
                    <lemma type="however"/>
                    <dep head="3-2" type="advmod"/>
                </token>
                <token content="," id="3-6"/>
                <token content="as" id="3-7">
                    <pos type="IN"/>
                    <lemma type="as"/>
                    <dep head="3-10" type="mark"/>
                </token>
                <token content="my" id="3-8">
                    <pos type="PRP$"/>
                    <lemma type="my"/>
                </token>
                <token content="friend" id="3-9">
                    <pos type="NN"/>
                    <lemma type="friend"/>
                    <dep head="3-10" type="nsubj"/>
                </token>
                <token content="had" id="3-10">
                    <pos type="VBD"/>
                    <lemma type="have"/>
                    <dep head="3-2" type="advcl"/>
                </token>
                <token content="a" id="3-11">
                    <pos type="DT"/>
                    <lemma type="a"/>
                </token>
                <token content="bicycle" id="3-12">
                    <pos type="NN"/>
                    <lemma type="bicycle"/>
                </token>
                <token content="repair" id="3-13">
                    <pos type="NN"/>
                    <lemma type="repair"/>
                </token>
                <token content="kit" id="3-14">
                    <pos type="NN"/>
                    <lemma type="kit"/>
                    <dep head="3-10" type="dobj"/>
                </token>
                <token content="and" id="3-15"/>
                <token content="some" id="3-16">
                    <pos type="DT"/>
                    <lemma type="some"/>
                </token>
                <token content="spare" id="3-17">
                    <pos type="JJ"/>
                    <lemma type="spare"/>
                </token>
                <token content="tires" id="3-18">
                    <pos type="NNS"/>
                    <lemma type="tire"/>
                </token>
                <token content="." id="3-19"/>
            </sentence>
            <sentence id="4">
                <token content="Once" id="4-1">
                    <pos type="IN"/>
                    <lemma type="once"/>
                    <dep head="4-3" type="mark"/>
                </token>
                <token content="we" id="4-2">
                    <pos type="PRP"/>
                    <lemma type="we"/>
                    <dep head="4-3" type="nsubj"/>
                </token>
                <token content="arrived" id="4-3">
                    <pos type="VBD"/>
                    <lemma type="arrive"/>
                    <dep head="4-11" type="advcl"/>
                </token>
                <token content="at" id="4-4"/>
                <token content="my" id="4-5">
                    <pos type="PRP$"/>
                    <lemma type="my"/>
                </token>
                <token content="friend" id="4-6">
                    <pos type="NN"/>
                    <lemma type="friend"/>
                </token>
                <token content="'s" id="4-7"/>
                <token content="house" id="4-8">
                    <pos type="NN"/>
                    <lemma type="house"/>
                    <dep head="4-3" type="prep"/>
                </token>
                <token content="," id="4-9"/>
                <token content="I" id="4-10">
                    <pos type="PRP"/>
                    <lemma type="I"/>
                    <dep head="4-11" type="nsubj"/>
                </token>
                <token content="asked" id="4-11">
                    <pos type="VBD"/>
                    <lemma type="ask"/>
                </token>
                <token content="my" id="4-12">
                    <pos type="PRP$"/>
                    <lemma type="my"/>
                </token>
                <token content="friend" id="4-13">
                    <pos type="NN"/>
                    <lemma type="friend"/>
                    <dep head="4-11" type="dobj"/>
                </token>
                <token content="if" id="4-14">
                    <pos type="IN"/>
                    <lemma type="if"/>
                    <dep head="4-16" type="mark"/>
                </token>
                <token content="he" id="4-15">
                    <pos type="PRP"/>
                    <lemma type="he"/>
                    <dep head="4-16" type="nsubj"/>
                </token>
                <token content="let" id="4-16">
                    <pos type="VBP"/>
                    <lemma type="let"/>
                    <dep head="4-11" type="advcl"/>
                </token>
                <token content="me" id="4-17">
                    <pos type="PRP"/>
                    <lemma type="I"/>
                    <dep head="4-18" type="nsubj"/>
                </token>
                <token content="borrow" id="4-18">
                    <pos type="VB"/>
                    <lemma type="borrow"/>
                    <dep head="4-16" type="ccomp"/>
                </token>
                <token content="his" id="4-19">
                    <pos type="PRP$"/>
                    <lemma type="he"/>
                </token>
                <token content="bicycle" id="4-20">
                    <pos type="NN"/>
                    <lemma type="bicycle"/>
                </token>
                <token content="repair" id="4-21">
                    <pos type="NN"/>
                    <lemma type="repair"/>
                </token>
                <token content="kit" id="4-22">
                    <pos type="NN"/>
                    <lemma type="kit"/>
                    <dep head="4-18" type="dobj"/>
                </token>
                <token content="." id="4-23"/>
            </sentence>
            <sentence id="5">
                <token content="First" id="5-1">
                    <pos type="RB"/>
                    <lemma type="first"/>
                    <dep head="5-4" type="advmod"/>
                </token>
                <token content="," id="5-2"/>
                <token content="I" id="5-3">
                    <pos type="PRP"/>
                    <lemma type="I"/>
                    <dep head="5-4" type="nsubj"/>
                </token>
                <token content="turned" id="5-4">
                    <pos type="VBD"/>
                    <lemma type="turn"/>
                </token>
                <token content="the" id="5-5">
                    <pos type="DT"/>
                    <lemma type="the"/>
                </token>
                <token content="bike" id="5-6">
                    <pos type="NN"/>
                    <lemma type="bike"/>
                    <dep head="5-4" type="dobj"/>
                </token>
                <token content="over" id="5-7">
                    <pos type="RP"/>
                    <lemma type="over"/>
                    <dep head="5-4" type="prt"/>
                </token>
                <token content="and" id="5-8"/>
                <token content="removed" id="5-9">
                    <pos type="VBD"/>
                    <lemma type="remove"/>
                    <dep head="5-4" type="conj"/>
                </token>
                <token content="the" id="5-10">
                    <pos type="DT"/>
                    <lemma type="the"/>
                </token>
                <token content="front" id="5-11">
                    <pos type="JJ"/>
                    <lemma type="front"/>
                </token>
                <token content="tire" id="5-12">
                    <pos type="NN"/>
                    <lemma type="tire"/>
                    <dep head="5-9" type="dobj"/>
                </token>
                <token content="and" id="5-13"/>
                <token content="tube" id="5-14">
                    <pos type="NN"/>
                    <lemma type="tube"/>
                </token>
                <token content="." id="5-15"/>
            </sentence>
            <sentence id="6">
                <token content="Next" id="6-1">
                    <pos type="RB"/>
                    <lemma type="next"/>
                    <dep head="6-3" type="advmod"/>
                </token>
                <token content="I" id="6-2">
                    <pos type="PRP"/>
                    <lemma type="I"/>
                    <dep head="6-3" type="nsubj"/>
                </token>
                <token content="filled" id="6-3">
                    <pos type="VBD"/>
                    <lemma type="fill"/>
                </token>
                <token content="the" id="6-4">
                    <pos type="DT"/>
                    <lemma type="the"/>
                </token>
                <token content="tube" id="6-5">
                    <pos type="NN"/>
                    <lemma type="tube"/>
                    <dep head="6-3" type="dobj"/>
                </token>
                <token content="with" id="6-6"/>
                <token content="air" id="6-7">
                    <pos type="NN"/>
                    <lemma type="air"/>
                    <dep head="6-3" type="prep"/>
                </token>
                <token content="to" id="6-8">
                    <pos type="TO"/>
                    <lemma type="to"/>
                    <dep head="6-9" type="aux"/>
                </token>
                <token content="check" id="6-9">
                    <pos type="VB"/>
                    <lemma type="check"/>
                    <dep head="6-3" type="vmod"/>
                </token>
                <token content="where" id="6-10">
                    <pos type="WRB"/>
                    <lemma type="where"/>
                    <dep head="6-14" type="advmod"/>
                </token>
                <token content="the" id="6-11">
                    <pos type="DT"/>
                    <lemma type="the"/>
                </token>
                <token content="tube" id="6-12">
                    <pos type="NN"/>
                    <lemma type="tube"/>
                    <dep head="6-14" type="nsubjpass"/>
                </token>
                <token content="was" id="6-13">
                    <pos type="VBD"/>
                    <lemma type="be"/>
                    <dep head="6-14" type="auxpass"/>
                </token>
                <token content="damaged" id="6-14">
                    <pos type="VBN"/>
                    <lemma type="damage"/>
                    <dep head="6-9" type="advcl"/>
                </token>
                <token content="," id="6-15"/>
                <token content="and" id="6-16"/>
                <token content="found" id="6-17">
                    <pos type="VBD"/>
                    <lemma type="find"/>
                    <dep head="6-3" type="conj"/>
                </token>
                <token content="a" id="6-18">
                    <pos type="DT"/>
                    <lemma type="a"/>
                </token>
                <token content="small" id="6-19">
                    <pos type="JJ"/>
                    <lemma type="small"/>
                </token>
                <token content="glass" id="6-20">
                    <pos type="NN"/>
                    <lemma type="glass"/>
                </token>
                <token content="shard" id="6-21">
                    <pos type="NN"/>
                    <lemma type="shard"/>
                    <dep head="6-17" type="dobj"/>
                </token>
                <token content="which" id="6-22">
                    <pos type="WDT"/>
                    <lemma type="which"/>
                    <dep head="6-24" type="nsubj"/>
                </token>
                <token content="had" id="6-23">
                    <pos type="VBD"/>
                    <lemma type="have"/>
                    <dep head="6-24" type="aux"/>
                </token>
                <token content="punctured" id="6-24">
                    <pos type="VBN"/>
                    <lemma type="puncture"/>
                </token>
                <token content="through" id="6-25"/>
                <token content="it" id="6-26">
                    <pos type="PRP"/>
                    <lemma type="it"/>
                    <dep head="6-24" type="prep"/>
                </token>
                <token content="." id="6-27"/>
            </sentence>
            <sentence id="7">
                <token content="After" id="7-1"/>
                <token content="making" id="7-2">
                    <pos type="VBG"/>
                    <lemma type="make"/>
                    <dep head="7-11" type="prepc"/>
                </token>
                <token content="ensure" id="7-3">
                    <pos type="VB"/>
                    <lemma type="ensure"/>
                    <dep head="7-2" type="ccomp"/>
                </token>
                <token content="the" id="7-4">
                    <pos type="DT"/>
                    <lemma type="the"/>
                </token>
                <token content="tube" id="7-5">
                    <pos type="NN"/>
                    <lemma type="tube"/>
                </token>
                <token content="was" id="7-6">
                    <pos type="VBD"/>
                    <lemma type="be"/>
                </token>
                <token content="fully" id="7-7">
                    <pos type="RB"/>
                    <lemma type="fully"/>
                </token>
                <token content="deflated" id="7-8">
                    <pos type="JJ"/>
                    <lemma type="deflated"/>
                    <dep head="7-3" type="ccomp"/>
                </token>
                <token content="," id="7-9"/>
                <token content="I" id="7-10">
                    <pos type="PRP"/>
                    <lemma type="I"/>
                    <dep head="7-11" type="nsubj"/>
                </token>
                <token content="repaired" id="7-11">
                    <pos type="VBD"/>
                    <lemma type="repair"/>
                </token>
                <token content="the" id="7-12">
                    <pos type="DT"/>
                    <lemma type="the"/>
                </token>
                <token content="puncture" id="7-13">
                    <pos type="NN"/>
                    <lemma type="puncture"/>
                    <dep head="7-11" type="dobj"/>
                </token>
                <token content="in" id="7-14"/>
                <token content="the" id="7-15">
                    <pos type="DT"/>
                    <lemma type="the"/>
                </token>
                <token content="tube" id="7-16">
                    <pos type="NN"/>
                    <lemma type="tube"/>
                </token>
                <token content="by" id="7-17"/>
                <token content="using" id="7-18">
                    <pos type="VBG"/>
                    <lemma type="use"/>
                    <dep head="7-11" type="prepc"/>
                </token>
                <token content="glue" id="7-19">
                    <pos type="NN"/>
                    <lemma type="glue"/>
                    <dep head="7-18" type="dobj"/>
                </token>
                <token content="and" id="7-20"/>
                <token content="applying" id="7-21">
                    <pos type="VBG"/>
                    <lemma type="apply"/>
                    <dep head="7-18" type="conj"/>
                </token>
                <token content="a" id="7-22">
                    <pos type="DT"/>
                    <lemma type="a"/>
                </token>
                <token content="patch" id="7-23">
                    <pos type="NN"/>
                    <lemma type="patch"/>
                    <dep head="7-21" type="dobj"/>
                </token>
                <token content="on" id="7-24"/>
                <token content="top" id="7-25">
                    <pos type="NN"/>
                    <lemma type="top"/>
                </token>
                <token content="," id="7-26"/>
                <token content="then" id="7-27">
                    <pos type="RB"/>
                    <lemma type="then"/>
                    <dep head="7-28" type="advmod"/>
                </token>
                <token content="slid" id="7-28">
                    <pos type="VBD"/>
                    <lemma type="slide"/>
                    <dep head="7-11" type="dep"/>
                </token>
                <token content="it" id="7-29">
                    <pos type="PRP"/>
                    <lemma type="it"/>
                    <dep head="7-28" type="dobj"/>
                </token>
                <token content="back" id="7-30">
                    <pos type="RB"/>
                    <lemma type="back"/>
                    <dep head="7-28" type="advmod"/>
                </token>
                <token content="onto" id="7-31"/>
                <token content="the" id="7-32">
                    <pos type="DT"/>
                    <lemma type="the"/>
                </token>
                <token content="tire" id="7-33">
                    <pos type="NN"/>
                    <lemma type="tire"/>
                    <dep head="7-28" type="prep"/>
                </token>
                <token content="using" id="7-34">
                    <pos type="VBG"/>
                    <lemma type="use"/>
                </token>
                <token content="my" id="7-35">
                    <pos type="PRP$"/>
                    <lemma type="my"/>
                </token>
                <token content="hands" id="7-36">
                    <pos type="NNS"/>
                    <lemma type="hand"/>
                    <dep head="7-34" type="dobj"/>
                </token>
                <token content="." id="7-37"/>
            </sentence>
            <sentence id="8">
                <token content="Next" id="8-1">
                    <pos type="RB"/>
                    <lemma type="next"/>
                    <dep head="8-4" type="advmod"/>
                </token>
                <token content="," id="8-2"/>
                <token content="I" id="8-3">
                    <pos type="PRP"/>
                    <lemma type="I"/>
                    <dep head="8-4" type="nsubj"/>
                </token>
                <token content="placed" id="8-4">
                    <pos type="VBD"/>
                    <lemma type="place"/>
                </token>
                <token content="and" id="8-5"/>
                <token content="pushed" id="8-6">
                    <pos type="VBD"/>
                    <lemma type="push"/>
                    <dep head="8-4" type="conj"/>
                </token>
                <token content="the" id="8-7">
                    <pos type="DT"/>
                    <lemma type="the"/>
                </token>
                <token content="tire" id="8-8">
                    <pos type="NN"/>
                    <lemma type="tire"/>
                    <dep head="8-6" type="dobj"/>
                </token>
                <token content="back" id="8-9">
                    <pos type="RP"/>
                    <lemma type="back"/>
                    <dep head="8-6" type="prt"/>
                </token>
                <token content="onto" id="8-10"/>
                <token content="the" id="8-11">
                    <pos type="DT"/>
                    <lemma type="the"/>
                </token>
                <token content="tube" id="8-12">
                    <pos type="NN"/>
                    <lemma type="tube"/>
                    <dep head="8-6" type="prep"/>
                </token>
                <token content="." id="8-13"/>
            </sentence>
            <sentence id="9">
                <token content="After" id="9-1">
                    <pos type="IN"/>
                    <lemma type="after"/>
                </token>
                <token content="which" id="9-2">
                    <pos type="WDT"/>
                    <lemma type="which"/>
                    <dep head="9-5" type="advcl"/>
                </token>
                <token content="," id="9-3"/>
                <token content="I" id="9-4">
                    <pos type="PRP"/>
                    <lemma type="I"/>
                    <dep head="9-5" type="nsubj"/>
                </token>
                <token content="reconnected" id="9-5">
                    <pos type="VBD"/>
                    <lemma type="reconnect"/>
                </token>
                <token content="the" id="9-6">
                    <pos type="DT"/>
                    <lemma type="the"/>
                </token>
                <token content="tire" id="9-7">
                    <pos type="NN"/>
                    <lemma type="tire"/>
                    <dep head="9-5" type="dobj"/>
                </token>
                <token content="onto" id="9-8"/>
                <token content="the" id="9-9">
                    <pos type="DT"/>
                    <lemma type="the"/>
                </token>
                <token content="bicycle" id="9-10">
                    <pos type="NN"/>
                    <lemma type="bicycle"/>
                    <dep head="9-5" type="prep"/>
                </token>
                <token content="." id="9-11"/>
            </sentence>
            <sentence id="10">
                <token content="Finally" id="10-1">
                    <pos type="RB"/>
                    <lemma type="finally"/>
                    <dep head="10-4" type="advmod"/>
                </token>
                <token content="," id="10-2"/>
                <token content="I" id="10-3">
                    <pos type="PRP"/>
                    <lemma type="I"/>
                    <dep head="10-4" type="nsubj"/>
                </token>
                <token content="pumped" id="10-4">
                    <pos type="VBD"/>
                    <lemma type="pump"/>
                </token>
                <token content="air" id="10-5">
                    <pos type="NN"/>
                    <lemma type="air"/>
                    <dep head="10-4" type="dobj"/>
                </token>
                <token content="into" id="10-6"/>
                <token content="the" id="10-7">
                    <pos type="DT"/>
                    <lemma type="the"/>
                </token>
                <token content="tire" id="10-8">
                    <pos type="NN"/>
                    <lemma type="tire"/>
                    <dep head="10-4" type="prep"/>
                </token>
                <token content="until" id="10-9">
                    <pos type="IN"/>
                    <lemma type="until"/>
                    <dep head="10-12" type="mark"/>
                </token>
                <token content="it" id="10-10">
                    <pos type="PRP"/>
                    <lemma type="it"/>
                    <dep head="10-12" type="nsubjpass"/>
                </token>
                <token content="was" id="10-11">
                    <pos type="VBD"/>
                    <lemma type="be"/>
                    <dep head="10-12" type="auxpass"/>
                </token>
                <token content="filled" id="10-12">
                    <pos type="VBN"/>
                    <lemma type="fill"/>
                    <dep head="10-4" type="advcl"/>
                </token>
                <token content="up" id="10-13">
                    <pos type="RP"/>
                    <lemma type="up"/>
                    <dep head="10-12" type="prt"/>
                </token>
                <token content="and" id="10-14"/>
                <token content="the" id="10-15">
                    <pos type="DT"/>
                    <lemma type="the"/>
                </token>
                <token content="bicycle" id="10-16">
                    <pos type="NN"/>
                    <lemma type="bicycle"/>
                </token>
                <token content="was" id="10-17">
                    <pos type="VBD"/>
                    <lemma type="be"/>
                </token>
                <token content="ready" id="10-18">
                    <pos type="JJ"/>
                    <lemma type="ready"/>
                    <dep head="10-4" type="conj"/>
                </token>
                <token content="to" id="10-19">
                    <pos type="TO"/>
                    <lemma type="to"/>
                    <dep head="10-21" type="aux"/>
                </token>
                <token content="be" id="10-20">
                    <pos type="VB"/>
                    <lemma type="be"/>
                    <dep head="10-21" type="auxpass"/>
                </token>
                <token content="ridden" id="10-21">
                    <pos type="VBN"/>
                    <lemma type="ride"/>
                </token>
                <token content="again" id="10-22">
                    <pos type="RB"/>
                    <lemma type="again"/>
                    <dep head="10-21" type="advmod"/>
                </token>
                <token content="." id="10-23"/>
            </sentence>
        </sentences>
    </text>
    <annotations>
        <participants>
            <label from="1-3" id="0" name="NPart" text="day" type="participant"/>
            <label from="1-5" id="1" name="ScrPart_rider" text="my" type="participant"/>
            <label from="1-7" id="2" name="ScrPart_rider" text="friend" type="participant"/>
            <label from="1-9" id="3" name="ScrPart_rider" text="I" type="participant"/>
            <label from="1-13" id="4" name="ScrPart_rider" text="his" type="participant"/>
            <label from="1-14" id="5" name="NPart" text="house" type="participant"/>
            <label from="2-2" id="6" name="ScrPart_rider" text="we" type="participant"/>
            <label from="2-7" id="7" name="ScrPart_rider" text="I" type="participant"/>
            <label from="2-11" id="8" name="ScrPart_tire" text="front tire" to="2-12" type="participant"/>
            <label from="2-12" id="9" name="ScrPart_tire" text="tire" type="participant"/>
            <label from="2-14" id="10" name="ScrPart_rider" text="my" type="participant"/>
            <label from="2-15" id="11" name="ScrPart_bicycle" text="bicycle" type="participant"/>
            <label from="3-1" id="12" name="ScrPart_rider" text="I" type="participant"/>
            <label from="3-4" id="13" name="NPart" text="luck" type="participant"/>
            <label from="3-8" id="14" name="ScrPart_rider" text="my" type="participant"/>
            <label from="3-9" id="15" name="ScrPart_rider" text="friend" type="participant"/>
            <label from="3-12" id="16" name="ScrPart_tool" text="bicycle repair kit" to="3-14" type="participant"/>
            <label from="3-14" id="17" name="ScrPart_tool" text="kit" type="participant"/>
            <label from="3-18" id="18" name="ScrPart_spare_tube" text="tires" type="participant"/>
            <label from="4-2" id="19" name="ScrPart_rider" text="we" type="participant"/>
            <label from="4-5" id="20" name="ScrPart_rider" text="my" type="participant"/>
            <label from="4-6" id="21" name="ScrPart_rider" text="friend" type="participant"/>
            <label from="4-8" id="22" name="NPart" text="house" type="participant"/>
            <label from="4-10" id="23" name="ScrPart_rider" text="I" type="participant"/>
            <label from="4-12" id="24" name="ScrPart_rider" text="my" type="participant"/>
            <label from="4-13" id="25" name="ScrPart_rider" text="friend" type="participant"/>
            <label from="4-15" id="26" name="ScrPart_rider" text="he" type="participant"/>
            <label from="4-17" id="27" name="ScrPart_rider" text="me" type="participant"/>
            <label from="4-19" id="28" name="ScrPart_rider" text="his" type="participant"/>
            <label from="4-20" id="29" name="ScrPart_tool" text="bicycle repair kit" to="4-22" type="participant"/>
            <label from="4-22" id="30" name="ScrPart_tool" text="kit" type="participant"/>
            <label from="5-3" id="31" name="ScrPart_rider" text="I" type="participant"/>
            <label from="5-6" id="32" name="ScrPart_bicycle" text="bike" type="participant"/>
            <label from="5-11" id="33" name="ScrPart_tire" text="front tire" to="5-12" type="participant"/>
            <label from="5-12" id="34" name="ScrPart_tire" text="tire" type="participant"/>
            <label from="5-14" id="35" name="ScrPart_tire" text="tube" type="participant"/>
            <label from="6-2" id="36" name="ScrPart_rider" text="I" type="participant"/>
            <label from="6-5" id="37" name="ScrPart_tire" text="tube" type="participant"/>
            <label from="6-7" id="38" name="ScrPart_air" text="air" type="participant"/>
            <label from="6-12" id="39" name="ScrPart_tire" text="tube" type="participant"/>
            <label from="6-20" id="40" name="ScrPart_object_damage" text="glass shard" to="6-21" type="participant"/>
            <label from="6-21" id="41" name="ScrPart_object_damage" text="shard" type="participant"/>
            <label from="6-26" id="42" name="ScrPart_tire" text="it" type="participant"/>
            <label from="7-5" id="43" name="ScrPart_tire" text="tube" type="participant"/>
            <label from="7-10" id="44" name="ScrPart_rider" text="I" type="participant"/>
            <label from="7-13" id="45" name="ScrPart_object_damage" text="puncture" type="participant"/>
            <label from="7-16" id="46" name="ScrPart_tire" text="tube" type="participant"/>
            <label from="7-19" id="47" name="ScrPart_tool" text="glue" type="participant"/>
            <label from="7-23" id="48" name="ScrPart_patch" text="patch" type="participant"/>
            <label from="7-25" id="49" name="NPart" text="top" type="participant"/>
            <label from="7-29" id="50" name="ScrPart_tire" text="it" type="participant"/>
            <label from="7-33" id="51" name="ScrPart_tire" text="tire" type="participant"/>
            <label from="7-35" id="52" name="ScrPart_rider" text="my" type="participant"/>
            <label from="7-36" id="53" name="ScrPart_other" text="hands" type="participant"/>
            <label from="8-3" id="54" name="ScrPart_rider" text="I" type="participant"/>
            <label from="8-8" id="55" name="ScrPart_tire" text="tire" type="participant"/>
            <label from="8-12" id="56" name="ScrPart_tire" text="tube" type="participant"/>
            <label from="9-4" id="57" name="ScrPart_rider" text="I" type="participant"/>
            <label from="9-7" id="58" name="ScrPart_tire" text="tire" type="participant"/>
            <label from="9-10" id="59" name="ScrPart_bicycle" text="bicycle" type="participant"/>
            <label from="10-3" id="60" name="ScrPart_rider" text="I" type="participant"/>
            <label from="10-5" id="61" name="ScrPart_air" text="air" type="participant"/>
            <label from="10-8" id="62" name="ScrPart_tire" text="tire" type="participant"/>
            <label from="10-10" id="63" name="ScrPart_tire" text="it" type="participant"/>
            <label from="10-16" id="64" name="ScrPart_bicycle" text="bicycle" type="participant"/>
        </participants>
        <events>
            <label from="1-11" id="65" name="ScrEv_ride_bike" text="riding" type="event"/>
            <label from="2-3" id="66" name="UnrelEv" text="were" type="event"/>
            <label from="2-8" id="67" name="ScrEv_notice_problem" text="noticed" type="event"/>
            <label from="2-16" id="68" name="ScrEv_notice_problem" text="felt" type="event"/>
            <label from="2-20" id="69" name="UnrelEv" text="was" type="event"/>
            <label from="3-2" id="70" name="UnrelEv" text="was" type="event"/>
            <label from="3-10" id="71" name="UnrelEv" text="had" type="event"/>
            <label from="4-3" id="72" name="UnrelEv" text="arrived" type="event"/>
            <label from="4-11" id="73" name="UnrelEv" text="asked" type="event"/>
            <label from="4-16" id="74" name="UnrelEv" text="let" type="event"/>
            <label from="4-18" id="75" name="UnrelEv" text="borrow" type="event"/>
            <label from="5-4" id="76" name="RelNScrEv" text="turned" type="event"/>
            <label from="5-9" id="77" name="ScrEv_take_tire_off" text="removed" type="event"/>
            <label from="6-3" id="78" name="RelNScrEv" text="filled" type="event"/>
            <label from="6-9" id="79" name="ScrEv_examine_tire" text="check" type="event"/>
            <label from="6-13" id="80" name="UnrelEv" text="was" type="event"/>
            <label from="6-17" id="81" name="ScrEv_examine_tire" text="found" type="event"/>
            <label from="6-24" id="82" name="RelNScrEv" text="punctured" type="event"/>
            <label from="7-2" id="83" name="UnrelEv" text="making" type="event"/>
            <label from="7-6" id="84" name="UnrelEv" text="was" type="event"/>
            <label from="7-11" id="85" name="ScrEv_put_patch/seal" text="repaired" type="event"/>
            <label from="7-18" id="86" name="UnrelEv" text="using" type="event"/>
            <label from="7-21" id="87" name="ScrEv_put_patch/seal" text="applying" type="event"/>
            <label from="7-28" id="88" name="ScrEv_put_new_tire" text="slid" type="event"/>
            <label from="7-34" id="89" name="UnrelEv" text="using" type="event"/>
            <label from="8-4" id="90" name="ScrEv_put_new_tire" text="placed" type="event"/>
            <label from="8-6" id="91" name="ScrEv_put_new_tire" text="pushed" type="event"/>
            <label from="9-5" id="92" name="ScrEv_put_new_tire" text="reconnected" type="event"/>
            <label from="10-4" id="93" name="ScrEv_refill_tire_air" text="pumped" type="event"/>
            <label from="10-11" id="94" name="UnrelEv" text="was" type="event"/>
            <label from="10-12" id="95" name="ScrEv_refill_tire_air" text="filled up" to="10-13" type="event"/>
            <label from="10-17" id="96" name="UnrelEv" text="was" type="event"/>
            <label from="10-21" id="97" name="ScrEv_ride_bike" text="ridden" type="event"/>
        </events>
        <chains>
            <chain elements="1 3 7 10 12 14 20 23 24 27 31 36 44 52 54 57 60"/>
            <chain elements="6 3 4" name="group_I_friend"/>
            <chain elements="2 4 15 21 25 26 28"/>
            <chain elements="6 19"/>
            <chain elements="17 30"/>
            <chain elements="11 32 59 64"/>
            <chain elements="9 34 51 55 58 62 63"/>
            <chain elements="35 37 39 42 43 46 56 50"/>
            <chain elements="38 61"/>
        </chains>
    </annotations>
</story>
