<?xml version="1.0" encoding="UTF-8" standalone="no"?>
<!DOCTYPE story SYSTEM "../InScript.dtd">
<story id="037" scenario="bicycle">
    <text>
        <content>Yesterday I was riding around my neighborhood on my bicycle when I drove over a rusty nail hiding between the bricks on the sidewalk . 
I had to walk my bike home . 
Today , I went to the store to buy a flat tire repair kit . 
I took the tire off the bike and located the nail so I could remove it . 
After removing the nail , I let the remainder of the air out of the tire . 
The next step was to pry the tire off of the rim . 
I got my flat head screwdriver and was able to separate the rim from the tire and inner tube . 
I pumped just enough air to find the leak in my tire where the nail had penetrated . 
After finding the hole , I buffed the area the hole was at and applied glue to it . 
Then I put a tire patch over the glue and let it sit for a few minutes . 
I put the inner tube and tire back on the rim , and pumped my tire up with air . </content>
        <sentences>
            <sentence id="1">
                <token content="Yesterday" id="1-1">
                    <pos type="NN"/>
                    <lemma type="yesterday"/>
                    <dep head="1-4" type="tmod"/>
                </token>
                <token content="I" id="1-2">
                    <pos type="PRP"/>
                    <lemma type="I"/>
                    <dep head="1-4" type="nsubj"/>
                </token>
                <token content="was" id="1-3">
                    <pos type="VBD"/>
                    <lemma type="be"/>
                    <dep head="1-4" type="aux"/>
                </token>
                <token content="riding" id="1-4">
                    <pos type="VBG"/>
                    <lemma type="ride"/>
                </token>
                <token content="around" id="1-5">
                    <pos type="RP"/>
                    <lemma type="around"/>
                    <dep head="1-4" type="prt"/>
                </token>
                <token content="my" id="1-6">
                    <pos type="PRP$"/>
                    <lemma type="my"/>
                </token>
                <token content="neighborhood" id="1-7">
                    <pos type="NN"/>
                    <lemma type="neighborhood"/>
                    <dep head="1-4" type="dobj"/>
                </token>
                <token content="on" id="1-8"/>
                <token content="my" id="1-9">
                    <pos type="PRP$"/>
                    <lemma type="my"/>
                </token>
                <token content="bicycle" id="1-10">
                    <pos type="NN"/>
                    <lemma type="bicycle"/>
                    <dep head="1-4" type="prep"/>
                </token>
                <token content="when" id="1-11">
                    <pos type="WRB"/>
                    <lemma type="when"/>
                    <dep head="1-13" type="advmod"/>
                </token>
                <token content="I" id="1-12">
                    <pos type="PRP"/>
                    <lemma type="I"/>
                    <dep head="1-13" type="nsubj"/>
                </token>
                <token content="drove" id="1-13">
                    <pos type="VBD"/>
                    <lemma type="drive"/>
                </token>
                <token content="over" id="1-14"/>
                <token content="a" id="1-15">
                    <pos type="DT"/>
                    <lemma type="a"/>
                </token>
                <token content="rusty" id="1-16">
                    <pos type="JJ"/>
                    <lemma type="rusty"/>
                </token>
                <token content="nail" id="1-17">
                    <pos type="NN"/>
                    <lemma type="nail"/>
                </token>
                <token content="hiding" id="1-18">
                    <pos type="NN"/>
                    <lemma type="hiding"/>
                    <dep head="1-13" type="prep"/>
                </token>
                <token content="between" id="1-19"/>
                <token content="the" id="1-20">
                    <pos type="DT"/>
                    <lemma type="the"/>
                </token>
                <token content="bricks" id="1-21">
                    <pos type="NNS"/>
                    <lemma type="brick"/>
                </token>
                <token content="on" id="1-22"/>
                <token content="the" id="1-23">
                    <pos type="DT"/>
                    <lemma type="the"/>
                </token>
                <token content="sidewalk" id="1-24">
                    <pos type="NN"/>
                    <lemma type="sidewalk"/>
                    <dep head="1-13" type="prep"/>
                </token>
                <token content="." id="1-25"/>
            </sentence>
            <sentence id="2">
                <token content="I" id="2-1">
                    <pos type="PRP"/>
                    <lemma type="I"/>
                    <dep head="2-2" type="nsubj"/>
                </token>
                <token content="had" id="2-2">
                    <pos type="VBD"/>
                    <lemma type="have"/>
                </token>
                <token content="to" id="2-3">
                    <pos type="TO"/>
                    <lemma type="to"/>
                    <dep head="2-4" type="aux"/>
                </token>
                <token content="walk" id="2-4">
                    <pos type="VB"/>
                    <lemma type="walk"/>
                    <dep head="2-2" type="xcomp"/>
                </token>
                <token content="my" id="2-5">
                    <pos type="PRP$"/>
                    <lemma type="my"/>
                </token>
                <token content="bike" id="2-6">
                    <pos type="NN"/>
                    <lemma type="bike"/>
                </token>
                <token content="home" id="2-7">
                    <pos type="NN"/>
                    <lemma type="home"/>
                    <dep head="2-4" type="dobj"/>
                </token>
                <token content="." id="2-8"/>
            </sentence>
            <sentence id="3">
                <token content="Today" id="3-1">
                    <pos type="NN"/>
                    <lemma type="today"/>
                    <dep head="3-4" type="tmod"/>
                </token>
                <token content="," id="3-2"/>
                <token content="I" id="3-3">
                    <pos type="PRP"/>
                    <lemma type="I"/>
                    <dep head="3-4" type="nsubj"/>
                </token>
                <token content="went" id="3-4">
                    <pos type="VBD"/>
                    <lemma type="go"/>
                </token>
                <token content="to" id="3-5"/>
                <token content="the" id="3-6">
                    <pos type="DT"/>
                    <lemma type="the"/>
                </token>
                <token content="store" id="3-7">
                    <pos type="NN"/>
                    <lemma type="store"/>
                    <dep head="3-4" type="prep"/>
                </token>
                <token content="to" id="3-8">
                    <pos type="TO"/>
                    <lemma type="to"/>
                    <dep head="3-9" type="aux"/>
                </token>
                <token content="buy" id="3-9">
                    <pos type="VB"/>
                    <lemma type="buy"/>
                    <dep head="3-4" type="xcomp"/>
                </token>
                <token content="a" id="3-10">
                    <pos type="DT"/>
                    <lemma type="a"/>
                </token>
                <token content="flat" id="3-11">
                    <pos type="JJ"/>
                    <lemma type="flat"/>
                </token>
                <token content="tire" id="3-12">
                    <pos type="NN"/>
                    <lemma type="tire"/>
                </token>
                <token content="repair" id="3-13">
                    <pos type="NN"/>
                    <lemma type="repair"/>
                </token>
                <token content="kit" id="3-14">
                    <pos type="NN"/>
                    <lemma type="kit"/>
                    <dep head="3-9" type="dobj"/>
                </token>
                <token content="." id="3-15"/>
            </sentence>
            <sentence id="4">
                <token content="I" id="4-1">
                    <pos type="PRP"/>
                    <lemma type="I"/>
                    <dep head="4-2" type="nsubj"/>
                </token>
                <token content="took" id="4-2">
                    <pos type="VBD"/>
                    <lemma type="take"/>
                </token>
                <token content="the" id="4-3">
                    <pos type="DT"/>
                    <lemma type="the"/>
                </token>
                <token content="tire" id="4-4">
                    <pos type="NN"/>
                    <lemma type="tire"/>
                    <dep head="4-2" type="dobj"/>
                </token>
                <token content="off" id="4-5"/>
                <token content="the" id="4-6">
                    <pos type="DT"/>
                    <lemma type="the"/>
                </token>
                <token content="bike" id="4-7">
                    <pos type="NN"/>
                    <lemma type="bike"/>
                    <dep head="4-2" type="prep"/>
                </token>
                <token content="and" id="4-8"/>
                <token content="located" id="4-9">
                    <pos type="VBN"/>
                    <lemma type="locate"/>
                    <dep head="4-2" type="conj"/>
                </token>
                <token content="the" id="4-10">
                    <pos type="DT"/>
                    <lemma type="the"/>
                </token>
                <token content="nail" id="4-11">
                    <pos type="NN"/>
                    <lemma type="nail"/>
                    <dep head="4-9" type="advmod"/>
                </token>
                <token content="so" id="4-12">
                    <pos type="IN"/>
                    <lemma type="so"/>
                    <dep head="4-15" type="mark"/>
                </token>
                <token content="I" id="4-13">
                    <pos type="PRP"/>
                    <lemma type="I"/>
                    <dep head="4-15" type="nsubj"/>
                </token>
                <token content="could" id="4-14">
                    <pos type="MD"/>
                    <lemma type="could"/>
                    <dep head="4-15" type="aux"/>
                </token>
                <token content="remove" id="4-15">
                    <pos type="VB"/>
                    <lemma type="remove"/>
                </token>
                <token content="it" id="4-16">
                    <pos type="PRP"/>
                    <lemma type="it"/>
                    <dep head="4-15" type="dobj"/>
                </token>
                <token content="." id="4-17"/>
            </sentence>
            <sentence id="5">
                <token content="After" id="5-1"/>
                <token content="removing" id="5-2">
                    <pos type="VBG"/>
                    <lemma type="remove"/>
                    <dep head="5-7" type="prepc"/>
                </token>
                <token content="the" id="5-3">
                    <pos type="DT"/>
                    <lemma type="the"/>
                </token>
                <token content="nail" id="5-4">
                    <pos type="NN"/>
                    <lemma type="nail"/>
                    <dep head="5-2" type="dobj"/>
                </token>
                <token content="," id="5-5"/>
                <token content="I" id="5-6">
                    <pos type="PRP"/>
                    <lemma type="I"/>
                    <dep head="5-7" type="nsubj"/>
                </token>
                <token content="let" id="5-7">
                    <pos type="VBP"/>
                    <lemma type="let"/>
                </token>
                <token content="the" id="5-8">
                    <pos type="DT"/>
                    <lemma type="the"/>
                </token>
                <token content="remainder" id="5-9">
                    <pos type="NN"/>
                    <lemma type="remainder"/>
                    <dep head="5-7" type="dobj"/>
                </token>
                <token content="of" id="5-10"/>
                <token content="the" id="5-11">
                    <pos type="DT"/>
                    <lemma type="the"/>
                </token>
                <token content="air" id="5-12">
                    <pos type="NN"/>
                    <lemma type="air"/>
                </token>
                <token content="out" id="5-13"/>
                <token content="of" id="5-14"/>
                <token content="the" id="5-15">
                    <pos type="DT"/>
                    <lemma type="the"/>
                </token>
                <token content="tire" id="5-16">
                    <pos type="NN"/>
                    <lemma type="tire"/>
                </token>
                <token content="." id="5-17"/>
            </sentence>
            <sentence id="6">
                <token content="The" id="6-1">
                    <pos type="DT"/>
                    <lemma type="the"/>
                </token>
                <token content="next" id="6-2">
                    <pos type="JJ"/>
                    <lemma type="next"/>
                </token>
                <token content="step" id="6-3">
                    <pos type="NN"/>
                    <lemma type="step"/>
                    <dep head="6-4" type="nsubj"/>
                </token>
                <token content="was" id="6-4">
                    <pos type="VBD"/>
                    <lemma type="be"/>
                </token>
                <token content="to" id="6-5">
                    <pos type="TO"/>
                    <lemma type="to"/>
                    <dep head="6-6" type="aux"/>
                </token>
                <token content="pry" id="6-6">
                    <pos type="VB"/>
                    <lemma type="pry"/>
                    <dep head="6-4" type="xcomp"/>
                </token>
                <token content="the" id="6-7">
                    <pos type="DT"/>
                    <lemma type="the"/>
                </token>
                <token content="tire" id="6-8">
                    <pos type="NN"/>
                    <lemma type="tire"/>
                    <dep head="6-6" type="dobj"/>
                </token>
                <token content="off" id="6-9"/>
                <token content="of" id="6-10"/>
                <token content="the" id="6-11">
                    <pos type="DT"/>
                    <lemma type="the"/>
                </token>
                <token content="rim" id="6-12">
                    <pos type="NN"/>
                    <lemma type="rim"/>
                    <dep head="6-6" type="prep"/>
                </token>
                <token content="." id="6-13"/>
            </sentence>
            <sentence id="7">
                <token content="I" id="7-1">
                    <pos type="PRP"/>
                    <lemma type="I"/>
                    <dep head="7-2" type="nsubj"/>
                </token>
                <token content="got" id="7-2">
                    <pos type="VBD"/>
                    <lemma type="get"/>
                </token>
                <token content="my" id="7-3">
                    <pos type="PRP$"/>
                    <lemma type="my"/>
                </token>
                <token content="flat" id="7-4">
                    <pos type="JJ"/>
                    <lemma type="flat"/>
                </token>
                <token content="head" id="7-5">
                    <pos type="NN"/>
                    <lemma type="head"/>
                </token>
                <token content="screwdriver" id="7-6">
                    <pos type="NN"/>
                    <lemma type="screwdriver"/>
                    <dep head="7-2" type="dobj"/>
                </token>
                <token content="and" id="7-7"/>
                <token content="was" id="7-8">
                    <pos type="VBD"/>
                    <lemma type="be"/>
                </token>
                <token content="able" id="7-9">
                    <pos type="JJ"/>
                    <lemma type="able"/>
                    <dep head="7-2" type="conj"/>
                </token>
                <token content="to" id="7-10">
                    <pos type="TO"/>
                    <lemma type="to"/>
                    <dep head="7-11" type="aux"/>
                </token>
                <token content="separate" id="7-11">
                    <pos type="VB"/>
                    <lemma type="separate"/>
                </token>
                <token content="the" id="7-12">
                    <pos type="DT"/>
                    <lemma type="the"/>
                </token>
                <token content="rim" id="7-13">
                    <pos type="NN"/>
                    <lemma type="rim"/>
                    <dep head="7-11" type="dobj"/>
                </token>
                <token content="from" id="7-14"/>
                <token content="the" id="7-15">
                    <pos type="DT"/>
                    <lemma type="the"/>
                </token>
                <token content="tire" id="7-16">
                    <pos type="NN"/>
                    <lemma type="tire"/>
                    <dep head="7-11" type="prep"/>
                </token>
                <token content="and" id="7-17"/>
                <token content="inner" id="7-18">
                    <pos type="JJ"/>
                    <lemma type="inner"/>
                </token>
                <token content="tube" id="7-19">
                    <pos type="NN"/>
                    <lemma type="tube"/>
                </token>
                <token content="." id="7-20"/>
            </sentence>
            <sentence id="8">
                <token content="I" id="8-1">
                    <pos type="PRP"/>
                    <lemma type="I"/>
                    <dep head="8-2" type="nsubj"/>
                </token>
                <token content="pumped" id="8-2">
                    <pos type="VBD"/>
                    <lemma type="pump"/>
                </token>
                <token content="just" id="8-3">
                    <pos type="RB"/>
                    <lemma type="just"/>
                </token>
                <token content="enough" id="8-4">
                    <pos type="JJ"/>
                    <lemma type="enough"/>
                </token>
                <token content="air" id="8-5">
                    <pos type="NN"/>
                    <lemma type="air"/>
                    <dep head="8-2" type="dobj"/>
                </token>
                <token content="to" id="8-6">
                    <pos type="TO"/>
                    <lemma type="to"/>
                    <dep head="8-7" type="aux"/>
                </token>
                <token content="find" id="8-7">
                    <pos type="VB"/>
                    <lemma type="find"/>
                    <dep head="8-2" type="vmod"/>
                </token>
                <token content="the" id="8-8">
                    <pos type="DT"/>
                    <lemma type="the"/>
                </token>
                <token content="leak" id="8-9">
                    <pos type="NN"/>
                    <lemma type="leak"/>
                    <dep head="8-7" type="dobj"/>
                </token>
                <token content="in" id="8-10"/>
                <token content="my" id="8-11">
                    <pos type="PRP$"/>
                    <lemma type="my"/>
                </token>
                <token content="tire" id="8-12">
                    <pos type="NN"/>
                    <lemma type="tire"/>
                    <dep head="8-7" type="prep"/>
                </token>
                <token content="where" id="8-13">
                    <pos type="WRB"/>
                    <lemma type="where"/>
                    <dep head="8-17" type="advmod"/>
                </token>
                <token content="the" id="8-14">
                    <pos type="DT"/>
                    <lemma type="the"/>
                </token>
                <token content="nail" id="8-15">
                    <pos type="NN"/>
                    <lemma type="nail"/>
                    <dep head="8-17" type="nsubj"/>
                </token>
                <token content="had" id="8-16">
                    <pos type="VBD"/>
                    <lemma type="have"/>
                    <dep head="8-17" type="aux"/>
                </token>
                <token content="penetrated" id="8-17">
                    <pos type="VBN"/>
                    <lemma type="penetrate"/>
                    <dep head="8-7" type="advcl"/>
                </token>
                <token content="." id="8-18"/>
            </sentence>
            <sentence id="9">
                <token content="After" id="9-1"/>
                <token content="finding" id="9-2">
                    <pos type="VBG"/>
                    <lemma type="find"/>
                    <dep head="9-7" type="prepc"/>
                </token>
                <token content="the" id="9-3">
                    <pos type="DT"/>
                    <lemma type="the"/>
                </token>
                <token content="hole" id="9-4">
                    <pos type="NN"/>
                    <lemma type="hole"/>
                    <dep head="9-2" type="dobj"/>
                </token>
                <token content="," id="9-5"/>
                <token content="I" id="9-6">
                    <pos type="PRP"/>
                    <lemma type="I"/>
                    <dep head="9-7" type="nsubj"/>
                </token>
                <token content="buffed" id="9-7">
                    <pos type="VBD"/>
                    <lemma type="buff"/>
                </token>
                <token content="the" id="9-8">
                    <pos type="DT"/>
                    <lemma type="the"/>
                </token>
                <token content="area" id="9-9">
                    <pos type="NN"/>
                    <lemma type="area"/>
                    <dep head="9-7" type="dobj"/>
                </token>
                <token content="the" id="9-10">
                    <pos type="DT"/>
                    <lemma type="the"/>
                </token>
                <token content="hole" id="9-11">
                    <pos type="NN"/>
                    <lemma type="hole"/>
                    <dep head="9-12" type="nsubj"/>
                </token>
                <token content="was" id="9-12">
                    <pos type="VBD"/>
                    <lemma type="be"/>
                </token>
                <token content="at" id="9-13">
                    <pos type="IN"/>
                    <lemma type="at"/>
                    <dep head="9-12" type="advmod"/>
                </token>
                <token content="and" id="9-14"/>
                <token content="applied" id="9-15">
                    <pos type="VBD"/>
                    <lemma type="apply"/>
                    <dep head="9-12" type="conj"/>
                </token>
                <token content="glue" id="9-16">
                    <pos type="NN"/>
                    <lemma type="glue"/>
                    <dep head="9-15" type="dobj"/>
                </token>
                <token content="to" id="9-17"/>
                <token content="it" id="9-18">
                    <pos type="PRP"/>
                    <lemma type="it"/>
                    <dep head="9-15" type="prep"/>
                </token>
                <token content="." id="9-19"/>
            </sentence>
            <sentence id="10">
                <token content="Then" id="10-1">
                    <pos type="RB"/>
                    <lemma type="then"/>
                    <dep head="10-3" type="advmod"/>
                </token>
                <token content="I" id="10-2">
                    <pos type="PRP"/>
                    <lemma type="I"/>
                    <dep head="10-3" type="nsubj"/>
                </token>
                <token content="put" id="10-3">
                    <pos type="VBD"/>
                    <lemma type="put"/>
                </token>
                <token content="a" id="10-4">
                    <pos type="DT"/>
                    <lemma type="a"/>
                </token>
                <token content="tire" id="10-5">
                    <pos type="NN"/>
                    <lemma type="tire"/>
                </token>
                <token content="patch" id="10-6">
                    <pos type="NN"/>
                    <lemma type="patch"/>
                    <dep head="10-3" type="dobj"/>
                </token>
                <token content="over" id="10-7"/>
                <token content="the" id="10-8">
                    <pos type="DT"/>
                    <lemma type="the"/>
                </token>
                <token content="glue" id="10-9">
                    <pos type="NN"/>
                    <lemma type="glue"/>
                    <dep head="10-3" type="prep"/>
                </token>
                <token content="and" id="10-10"/>
                <token content="let" id="10-11">
                    <pos type="VBD"/>
                    <lemma type="let"/>
                    <dep head="10-3" type="conj"/>
                </token>
                <token content="it" id="10-12">
                    <pos type="PRP"/>
                    <lemma type="it"/>
                    <dep head="10-13" type="nsubj"/>
                </token>
                <token content="sit" id="10-13">
                    <pos type="VBP"/>
                    <lemma type="sit"/>
                    <dep head="10-11" type="ccomp"/>
                </token>
                <token content="for" id="10-14"/>
                <token content="a" id="10-15">
                    <pos type="DT"/>
                    <lemma type="a"/>
                </token>
                <token content="few" id="10-16">
                    <pos type="JJ"/>
                    <lemma type="few"/>
                </token>
                <token content="minutes" id="10-17">
                    <pos type="NNS"/>
                    <lemma type="minute"/>
                    <dep head="10-13" type="prep"/>
                </token>
                <token content="." id="10-18"/>
            </sentence>
            <sentence id="11">
                <token content="I" id="11-1">
                    <pos type="PRP"/>
                    <lemma type="I"/>
                    <dep head="11-2" type="nsubj"/>
                </token>
                <token content="put" id="11-2">
                    <pos type="VBD"/>
                    <lemma type="put"/>
                </token>
                <token content="the" id="11-3">
                    <pos type="DT"/>
                    <lemma type="the"/>
                </token>
                <token content="inner" id="11-4">
                    <pos type="JJ"/>
                    <lemma type="inner"/>
                </token>
                <token content="tube" id="11-5">
                    <pos type="NN"/>
                    <lemma type="tube"/>
                    <dep head="11-2" type="dobj"/>
                </token>
                <token content="and" id="11-6"/>
                <token content="tire" id="11-7">
                    <pos type="NN"/>
                    <lemma type="tire"/>
                </token>
                <token content="back" id="11-8">
                    <pos type="RP"/>
                    <lemma type="back"/>
                    <dep head="11-2" type="prt"/>
                </token>
                <token content="on" id="11-9"/>
                <token content="the" id="11-10">
                    <pos type="DT"/>
                    <lemma type="the"/>
                </token>
                <token content="rim" id="11-11">
                    <pos type="NN"/>
                    <lemma type="rim"/>
                    <dep head="11-2" type="prep"/>
                </token>
                <token content="," id="11-12"/>
                <token content="and" id="11-13"/>
                <token content="pumped" id="11-14">
                    <pos type="VBD"/>
                    <lemma type="pump"/>
                    <dep head="11-2" type="conj"/>
                </token>
                <token content="my" id="11-15">
                    <pos type="PRP$"/>
                    <lemma type="my"/>
                </token>
                <token content="tire" id="11-16">
                    <pos type="NN"/>
                    <lemma type="tire"/>
                    <dep head="11-14" type="dobj"/>
                </token>
                <token content="up" id="11-17">
                    <pos type="RP"/>
                    <lemma type="up"/>
                    <dep head="11-14" type="prt"/>
                </token>
                <token content="with" id="11-18"/>
                <token content="air" id="11-19">
                    <pos type="NN"/>
                    <lemma type="air"/>
                    <dep head="11-14" type="prep"/>
                </token>
                <token content="." id="11-20"/>
            </sentence>
        </sentences>
    </text>
    <annotations>
        <participants>
            <label from="1-2" id="0" name="ScrPart_rider" text="I" type="participant"/>
            <label from="1-6" id="1" name="ScrPart_rider" text="my" type="participant"/>
            <label from="1-7" id="2" name="NPart" text="neighborhood" type="participant"/>
            <label from="1-9" id="3" name="ScrPart_rider" text="my" type="participant"/>
            <label from="1-10" id="4" name="ScrPart_bicycle" text="bicycle" type="participant"/>
            <label from="1-12" id="5" name="ScrPart_rider" text="I" type="participant"/>
            <label from="1-17" id="6" name="ScrPart_object_damage" text="nail" type="participant"/>
            <label from="1-21" id="7" name="NPart" text="bricks" type="participant"/>
            <label from="1-24" id="8" name="NPart" text="sidewalk" type="participant"/>
            <label from="2-1" id="9" name="ScrPart_rider" text="I" type="participant"/>
            <label from="2-5" id="10" name="ScrPart_rider" text="my" type="participant"/>
            <label from="2-6" id="11" name="ScrPart_bicycle" text="bike" type="participant"/>
            <label from="2-7" id="12" name="NPart" text="home" type="participant"/>
            <label from="3-3" id="13" name="ScrPart_rider" text="I" type="participant"/>
            <label from="3-7" id="14" name="ScrPart_shop" text="store" type="participant"/>
            <label from="3-11" id="15" name="ScrPart_tool" text="flat tire repair kit" to="3-14" type="participant"/>
            <label from="3-14" id="16" name="ScrPart_tool" text="kit" type="participant"/>
            <label from="4-1" id="17" name="ScrPart_rider" text="I" type="participant"/>
            <label from="4-4" id="18" name="ScrPart_tire" text="tire" type="participant"/>
            <label from="4-7" id="19" name="ScrPart_bicycle" text="bike" type="participant"/>
            <label from="4-11" id="20" name="ScrPart_object_damage" text="nail" type="participant"/>
            <label from="4-13" id="21" name="ScrPart_rider" text="I" type="participant"/>
            <label from="4-16" id="22" name="ScrPart_object_damage" text="it" type="participant"/>
            <label from="5-4" id="23" name="ScrPart_object_damage" text="nail" type="participant"/>
            <label from="5-6" id="24" name="ScrPart_rider" text="I" type="participant"/>
            <label from="5-9" id="25" name="Head_of_Partitive" text="remainder" type="participant"/>
            <label from="5-12" id="26" name="ScrPart_air" text="air" type="participant"/>
            <label from="5-16" id="27" name="ScrPart_tire" text="tire" type="participant"/>
            <label from="6-3" id="28" name="NPart" text="step" type="participant"/>
            <label from="6-8" id="29" name="ScrPart_tire" text="tire" type="participant"/>
            <label from="6-12" id="30" name="ScrPart_rim" text="rim" type="participant"/>
            <label from="7-1" id="31" name="ScrPart_rider" text="I" type="participant"/>
            <label from="7-3" id="32" name="ScrPart_rider" text="my" type="participant"/>
            <label from="7-4" id="33" name="ScrPart_tool" text="flat head screwdriver" to="7-6" type="participant"/>
            <label from="7-6" id="34" name="ScrPart_tool" text="screwdriver" type="participant"/>
            <label from="7-13" id="35" name="ScrPart_rim" text="rim" type="participant"/>
            <label from="7-16" id="36" name="ScrPart_tire" text="tire" type="participant"/>
            <label from="7-19" id="37" name="ScrPart_tire" text="tube" type="participant"/>
            <label from="8-1" id="38" name="ScrPart_rider" text="I" type="participant"/>
            <label from="8-5" id="39" name="ScrPart_air" text="air" type="participant"/>
            <label from="8-9" id="40" name="ScrPart_damage" text="leak" type="participant"/>
            <label from="8-11" id="41" name="ScrPart_rider" text="my" type="participant"/>
            <label from="8-12" id="42" name="ScrPart_tire" text="tire" type="participant"/>
            <label from="8-15" id="43" name="ScrPart_object_damage" text="nail" type="participant"/>
            <label from="9-4" id="44" name="ScrPart_damage" text="hole" type="participant"/>
            <label from="9-6" id="45" name="ScrPart_rider" text="I" type="participant"/>
            <label from="9-9" id="46" name="ScrPart_bicycle_small_detail" text="area" type="participant"/>
            <label from="9-11" id="47" name="ScrPart_damage" text="hole" type="participant"/>
            <label from="9-16" id="48" name="ScrPart_tool" text="glue" type="participant"/>
            <label from="9-18" id="49" name="ScrPart_bicycle_small_detail" text="it" type="participant"/>
            <label from="10-2" id="50" name="ScrPart_rider" text="I" type="participant"/>
            <label from="10-5" id="51" name="ScrPart_patch" text="tire patch" to="10-6" type="participant"/>
            <label from="10-6" id="52" name="ScrPart_patch" text="patch" type="participant"/>
            <label from="10-9" id="53" name="ScrPart_tool" text="glue" type="participant"/>
            <label from="10-12" id="54" name="ScrPart_patch" text="it" type="participant"/>
            <label from="10-17" id="55" name="NPart" text="minutes" type="participant"/>
            <label from="11-1" id="56" name="ScrPart_rider" text="I" type="participant"/>
            <label from="11-5" id="57" name="ScrPart_tire" text="tube" type="participant"/>
            <label from="11-7" id="58" name="ScrPart_tire" text="tire" type="participant"/>
            <label from="11-11" id="59" name="ScrPart_rim" text="rim" type="participant"/>
            <label from="11-15" id="60" name="ScrPart_rider" text="my" type="participant"/>
            <label from="11-16" id="61" name="ScrPart_tire" text="tire" type="participant"/>
            <label from="11-19" id="62" name="ScrPart_air" text="air" type="participant"/>
        </participants>
        <events>
            <label from="1-4" id="63" name="ScrEv_ride_bike" text="riding" type="event"/>
            <label from="1-13" id="64" name="ScrEv_notice_problem" text="drove" type="event"/>
            <label from="1-18" id="65" name="UnrelEv" text="hiding" type="event"/>
            <label from="2-4" id="66" name="ScrEv_get_off" text="walk" type="event"/>
            <label from="3-4" id="67" name="RelNScrEv" text="went" type="event"/>
            <label from="3-9" id="68" name="ScrEv_get_tools" text="buy" type="event"/>
            <label from="4-2" id="69" name="ScrEv_remove_tire" text="took" type="event"/>
            <label from="4-9" id="70" name="ScrEv_examine_tire" text="located" type="event"/>
            <label from="4-15" id="71" name="RelNScrEv" text="remove" type="event"/>
            <label from="5-2" id="72" name="RelNScrEv" text="removing" type="event"/>
            <label from="5-7" id="73" name="RelNScrEv" text="let" type="event"/>
            <label from="6-4" id="74" name="UnrelEv" text="was" type="event"/>
            <label from="6-6" id="75" name="ScrEv_take_tire_off" text="pry" type="event"/>
            <label from="7-2" id="76" name="ScrEv_get_tools" text="got" type="event"/>
            <label from="7-8" id="77" name="UnrelEv" text="was" type="event"/>
            <label from="7-11" id="78" name="ScrEv_take_tire_off" text="separate" type="event"/>
            <label from="8-2" id="79" name="ScrEv_examine_tire" text="pumped" type="event"/>
            <label from="8-7" id="80" name="ScrEv_examine_tire" text="find" type="event"/>
            <label from="8-17" id="81" name="RelNScrEv" text="penetrated" type="event"/>
            <label from="9-2" id="82" name="ScrEv_examine_tire" text="finding" type="event"/>
            <label from="9-7" id="83" name="RelNScrEv" text="buffed" type="event"/>
            <label from="9-12" id="84" name="UnrelEv" text="was" type="event"/>
            <label from="9-15" id="85" name="ScrEv_put_patch/seal" text="applied" type="event"/>
            <label from="10-3" id="86" name="ScrEv_put_patch/seal" text="put" type="event"/>
            <label from="10-11" id="87" name="UnrelEv" text="let" type="event"/>
            <label from="10-13" id="88" name="RelNScrEv" text="sit" type="event"/>
            <label from="11-2" id="89" name="ScrEv_put_new_tire" text="put" type="event"/>
            <label from="11-14" id="90" name="ScrEv_refill_tire_air" text="pumped" type="event"/>
        </events>
        <chains>
            <chain elements="0 1 3 5 9 10 13 17 21 24 31 32 38 41 45 50 56 60"/>
            <chain elements="4 11 19"/>
            <chain elements="6 20 22 23 43"/>
            <chain elements="18 27 29 36 37 42 57 58 61"/>
            <chain elements="30 35 59"/>
            <chain elements="26 39 62"/>
            <chain elements="40 44 46 47 49"/>
            <chain elements="48 53"/>
            <chain elements="52 54"/>
        </chains>
    </annotations>
</story>
