<?xml version="1.0" encoding="UTF-8" standalone="no"?>
<!DOCTYPE story SYSTEM "../InScript.dtd">
<story id="025" scenario="bicycle">
    <text>
        <content>I was riding my bike around my house and noticed I had to peddle harder than I usually do . 
I got off my bike to see if everything was wrong . 
The front tire looked okay , the chain was still on the bike , but the back tire was flat unfortunately . 
I walked my bike back to my house because it is not safe to ride a bike with a flat tire . 
I went in my garage and looked for the air pump . 
I connected the valve of the pump to the valve on the tire . 
I pumped the air pump and kept checking the tire to make sure it was working . 
It was hard work and it took longer than I thought . 
Eventually , the tire seemed full with air . 
I put my ear next to it to see if I could hear any air coming out but I did n't hear any . 
I got back on my bike and it rode fine . </content>
        <sentences>
            <sentence id="1">
                <token content="I" id="1-1">
                    <pos type="PRP"/>
                    <lemma type="I"/>
                    <dep head="1-3" type="nsubj"/>
                </token>
                <token content="was" id="1-2">
                    <pos type="VBD"/>
                    <lemma type="be"/>
                    <dep head="1-3" type="aux"/>
                </token>
                <token content="riding" id="1-3">
                    <pos type="VBG"/>
                    <lemma type="ride"/>
                </token>
                <token content="my" id="1-4">
                    <pos type="PRP$"/>
                    <lemma type="my"/>
                </token>
                <token content="bike" id="1-5">
                    <pos type="NN"/>
                    <lemma type="bike"/>
                    <dep head="1-3" type="dobj"/>
                </token>
                <token content="around" id="1-6"/>
                <token content="my" id="1-7">
                    <pos type="PRP$"/>
                    <lemma type="my"/>
                </token>
                <token content="house" id="1-8">
                    <pos type="NN"/>
                    <lemma type="house"/>
                    <dep head="1-3" type="prep"/>
                </token>
                <token content="and" id="1-9"/>
                <token content="noticed" id="1-10">
                    <pos type="VBD"/>
                    <lemma type="notice"/>
                    <dep head="1-3" type="conj"/>
                </token>
                <token content="I" id="1-11">
                    <pos type="PRP"/>
                    <lemma type="I"/>
                    <dep head="1-12" type="nsubj"/>
                </token>
                <token content="had" id="1-12">
                    <pos type="VBD"/>
                    <lemma type="have"/>
                    <dep head="1-10" type="ccomp"/>
                </token>
                <token content="to" id="1-13">
                    <pos type="TO"/>
                    <lemma type="to"/>
                    <dep head="1-14" type="aux"/>
                </token>
                <token content="peddle" id="1-14">
                    <pos type="VB"/>
                    <lemma type="peddle"/>
                    <dep head="1-12" type="xcomp"/>
                </token>
                <token content="harder" id="1-15">
                    <pos type="RBR"/>
                    <lemma type="harder"/>
                    <dep head="1-14" type="advmod"/>
                </token>
                <token content="than" id="1-16">
                    <pos type="IN"/>
                    <lemma type="than"/>
                    <dep head="1-19" type="mark"/>
                </token>
                <token content="I" id="1-17">
                    <pos type="PRP"/>
                    <lemma type="I"/>
                    <dep head="1-19" type="nsubj"/>
                </token>
                <token content="usually" id="1-18">
                    <pos type="RB"/>
                    <lemma type="usually"/>
                    <dep head="1-19" type="advmod"/>
                </token>
                <token content="do" id="1-19">
                    <pos type="VBP"/>
                    <lemma type="do"/>
                </token>
                <token content="." id="1-20"/>
            </sentence>
            <sentence id="2">
                <token content="I" id="2-1">
                    <pos type="PRP"/>
                    <lemma type="I"/>
                    <dep head="2-2" type="nsubj"/>
                </token>
                <token content="got" id="2-2">
                    <pos type="VBD"/>
                    <lemma type="get"/>
                </token>
                <token content="off" id="2-3">
                    <pos type="RP"/>
                    <lemma type="off"/>
                    <dep head="2-2" type="prt"/>
                </token>
                <token content="my" id="2-4">
                    <pos type="PRP$"/>
                    <lemma type="my"/>
                </token>
                <token content="bike" id="2-5">
                    <pos type="NN"/>
                    <lemma type="bike"/>
                    <dep head="2-2" type="dobj"/>
                </token>
                <token content="to" id="2-6">
                    <pos type="TO"/>
                    <lemma type="to"/>
                    <dep head="2-7" type="aux"/>
                </token>
                <token content="see" id="2-7">
                    <pos type="VB"/>
                    <lemma type="see"/>
                </token>
                <token content="if" id="2-8">
                    <pos type="IN"/>
                    <lemma type="if"/>
                </token>
                <token content="everything" id="2-9">
                    <pos type="NN"/>
                    <lemma type="everything"/>
                </token>
                <token content="was" id="2-10">
                    <pos type="VBD"/>
                    <lemma type="be"/>
                </token>
                <token content="wrong" id="2-11">
                    <pos type="JJ"/>
                    <lemma type="wrong"/>
                    <dep head="2-7" type="advcl"/>
                </token>
                <token content="." id="2-12"/>
            </sentence>
            <sentence id="3">
                <token content="The" id="3-1">
                    <pos type="DT"/>
                    <lemma type="the"/>
                </token>
                <token content="front" id="3-2">
                    <pos type="JJ"/>
                    <lemma type="front"/>
                </token>
                <token content="tire" id="3-3">
                    <pos type="NN"/>
                    <lemma type="tire"/>
                    <dep head="3-4" type="nsubj"/>
                </token>
                <token content="looked" id="3-4">
                    <pos type="VBD"/>
                    <lemma type="look"/>
                </token>
                <token content="okay" id="3-5">
                    <pos type="JJ"/>
                    <lemma type="okay"/>
                    <dep head="3-4" type="acomp"/>
                </token>
                <token content="," id="3-6"/>
                <token content="the" id="3-7">
                    <pos type="DT"/>
                    <lemma type="the"/>
                </token>
                <token content="chain" id="3-8">
                    <pos type="NN"/>
                    <lemma type="chain"/>
                    <dep head="3-9" type="nsubj"/>
                </token>
                <token content="was" id="3-9">
                    <pos type="VBD"/>
                    <lemma type="be"/>
                    <dep head="3-4" type="dep"/>
                </token>
                <token content="still" id="3-10">
                    <pos type="RB"/>
                    <lemma type="still"/>
                    <dep head="3-9" type="advmod"/>
                </token>
                <token content="on" id="3-11"/>
                <token content="the" id="3-12">
                    <pos type="DT"/>
                    <lemma type="the"/>
                </token>
                <token content="bike" id="3-13">
                    <pos type="NN"/>
                    <lemma type="bike"/>
                    <dep head="3-9" type="prep"/>
                </token>
                <token content="," id="3-14"/>
                <token content="but" id="3-15"/>
                <token content="the" id="3-16">
                    <pos type="DT"/>
                    <lemma type="the"/>
                </token>
                <token content="back" id="3-17">
                    <pos type="JJ"/>
                    <lemma type="back"/>
                </token>
                <token content="tire" id="3-18">
                    <pos type="NN"/>
                    <lemma type="tire"/>
                </token>
                <token content="was" id="3-19">
                    <pos type="VBD"/>
                    <lemma type="be"/>
                </token>
                <token content="flat" id="3-20">
                    <pos type="JJ"/>
                    <lemma type="flat"/>
                    <dep head="3-4" type="conj"/>
                </token>
                <token content="unfortunately" id="3-21">
                    <pos type="RB"/>
                    <lemma type="unfortunately"/>
                </token>
                <token content="." id="3-22"/>
            </sentence>
            <sentence id="4">
                <token content="I" id="4-1">
                    <pos type="PRP"/>
                    <lemma type="I"/>
                    <dep head="4-2" type="nsubj"/>
                </token>
                <token content="walked" id="4-2">
                    <pos type="VBD"/>
                    <lemma type="walk"/>
                </token>
                <token content="my" id="4-3">
                    <pos type="PRP$"/>
                    <lemma type="my"/>
                </token>
                <token content="bike" id="4-4">
                    <pos type="NN"/>
                    <lemma type="bike"/>
                    <dep head="4-2" type="dobj"/>
                </token>
                <token content="back" id="4-5">
                    <pos type="RB"/>
                    <lemma type="back"/>
                    <dep head="4-2" type="advmod"/>
                </token>
                <token content="to" id="4-6"/>
                <token content="my" id="4-7">
                    <pos type="PRP$"/>
                    <lemma type="my"/>
                </token>
                <token content="house" id="4-8">
                    <pos type="NN"/>
                    <lemma type="house"/>
                    <dep head="4-2" type="prep"/>
                </token>
                <token content="because" id="4-9">
                    <pos type="IN"/>
                    <lemma type="because"/>
                </token>
                <token content="it" id="4-10">
                    <pos type="PRP"/>
                    <lemma type="it"/>
                </token>
                <token content="is" id="4-11">
                    <pos type="VBZ"/>
                    <lemma type="be"/>
                </token>
                <token content="not" id="4-12">
                    <pos type="RB"/>
                    <lemma type="not"/>
                </token>
                <token content="safe" id="4-13">
                    <pos type="JJ"/>
                    <lemma type="safe"/>
                    <dep head="4-2" type="advcl"/>
                </token>
                <token content="to" id="4-14">
                    <pos type="TO"/>
                    <lemma type="to"/>
                    <dep head="4-15" type="aux"/>
                </token>
                <token content="ride" id="4-15">
                    <pos type="VB"/>
                    <lemma type="ride"/>
                </token>
                <token content="a" id="4-16">
                    <pos type="DT"/>
                    <lemma type="a"/>
                </token>
                <token content="bike" id="4-17">
                    <pos type="NN"/>
                    <lemma type="bike"/>
                    <dep head="4-15" type="dobj"/>
                </token>
                <token content="with" id="4-18"/>
                <token content="a" id="4-19">
                    <pos type="DT"/>
                    <lemma type="a"/>
                </token>
                <token content="flat" id="4-20">
                    <pos type="JJ"/>
                    <lemma type="flat"/>
                </token>
                <token content="tire" id="4-21">
                    <pos type="NN"/>
                    <lemma type="tire"/>
                    <dep head="4-15" type="prep"/>
                </token>
                <token content="." id="4-22"/>
            </sentence>
            <sentence id="5">
                <token content="I" id="5-1">
                    <pos type="PRP"/>
                    <lemma type="I"/>
                    <dep head="5-2" type="nsubj"/>
                </token>
                <token content="went" id="5-2">
                    <pos type="VBD"/>
                    <lemma type="go"/>
                </token>
                <token content="in" id="5-3"/>
                <token content="my" id="5-4">
                    <pos type="PRP$"/>
                    <lemma type="my"/>
                </token>
                <token content="garage" id="5-5">
                    <pos type="NN"/>
                    <lemma type="garage"/>
                    <dep head="5-2" type="prep"/>
                </token>
                <token content="and" id="5-6"/>
                <token content="looked" id="5-7">
                    <pos type="VBD"/>
                    <lemma type="look"/>
                    <dep head="5-2" type="conj"/>
                </token>
                <token content="for" id="5-8"/>
                <token content="the" id="5-9">
                    <pos type="DT"/>
                    <lemma type="the"/>
                </token>
                <token content="air" id="5-10">
                    <pos type="NN"/>
                    <lemma type="air"/>
                </token>
                <token content="pump" id="5-11">
                    <pos type="NN"/>
                    <lemma type="pump"/>
                    <dep head="5-7" type="prep"/>
                </token>
                <token content="." id="5-12"/>
            </sentence>
            <sentence id="6">
                <token content="I" id="6-1">
                    <pos type="PRP"/>
                    <lemma type="I"/>
                    <dep head="6-2" type="nsubj"/>
                </token>
                <token content="connected" id="6-2">
                    <pos type="VBN"/>
                    <lemma type="connect"/>
                </token>
                <token content="the" id="6-3">
                    <pos type="DT"/>
                    <lemma type="the"/>
                </token>
                <token content="valve" id="6-4">
                    <pos type="NN"/>
                    <lemma type="valve"/>
                    <dep head="6-2" type="dobj"/>
                </token>
                <token content="of" id="6-5"/>
                <token content="the" id="6-6">
                    <pos type="DT"/>
                    <lemma type="the"/>
                </token>
                <token content="pump" id="6-7">
                    <pos type="NN"/>
                    <lemma type="pump"/>
                </token>
                <token content="to" id="6-8"/>
                <token content="the" id="6-9">
                    <pos type="DT"/>
                    <lemma type="the"/>
                </token>
                <token content="valve" id="6-10">
                    <pos type="NN"/>
                    <lemma type="valve"/>
                    <dep head="6-2" type="prep"/>
                </token>
                <token content="on" id="6-11"/>
                <token content="the" id="6-12">
                    <pos type="DT"/>
                    <lemma type="the"/>
                </token>
                <token content="tire" id="6-13">
                    <pos type="NN"/>
                    <lemma type="tire"/>
                </token>
                <token content="." id="6-14"/>
            </sentence>
            <sentence id="7">
                <token content="I" id="7-1">
                    <pos type="PRP"/>
                    <lemma type="I"/>
                    <dep head="7-2" type="nsubj"/>
                </token>
                <token content="pumped" id="7-2">
                    <pos type="VBD"/>
                    <lemma type="pump"/>
                </token>
                <token content="the" id="7-3">
                    <pos type="DT"/>
                    <lemma type="the"/>
                </token>
                <token content="air" id="7-4">
                    <pos type="NN"/>
                    <lemma type="air"/>
                </token>
                <token content="pump" id="7-5">
                    <pos type="NN"/>
                    <lemma type="pump"/>
                    <dep head="7-2" type="dobj"/>
                </token>
                <token content="and" id="7-6"/>
                <token content="kept" id="7-7">
                    <pos type="VBD"/>
                    <lemma type="keep"/>
                    <dep head="7-2" type="conj"/>
                </token>
                <token content="checking" id="7-8">
                    <pos type="VBG"/>
                    <lemma type="check"/>
                    <dep head="7-7" type="xcomp"/>
                </token>
                <token content="the" id="7-9">
                    <pos type="DT"/>
                    <lemma type="the"/>
                </token>
                <token content="tire" id="7-10">
                    <pos type="NN"/>
                    <lemma type="tire"/>
                    <dep head="7-8" type="dobj"/>
                </token>
                <token content="to" id="7-11">
                    <pos type="TO"/>
                    <lemma type="to"/>
                    <dep head="7-12" type="aux"/>
                </token>
                <token content="make" id="7-12">
                    <pos type="VB"/>
                    <lemma type="make"/>
                </token>
                <token content="sure" id="7-13">
                    <pos type="JJ"/>
                    <lemma type="sure"/>
                    <dep head="7-12" type="acomp"/>
                </token>
                <token content="it" id="7-14">
                    <pos type="PRP"/>
                    <lemma type="it"/>
                    <dep head="7-16" type="nsubj"/>
                </token>
                <token content="was" id="7-15">
                    <pos type="VBD"/>
                    <lemma type="be"/>
                    <dep head="7-16" type="aux"/>
                </token>
                <token content="working" id="7-16">
                    <pos type="VBG"/>
                    <lemma type="work"/>
                </token>
                <token content="." id="7-17"/>
            </sentence>
            <sentence id="8">
                <token content="It" id="8-1">
                    <pos type="PRP"/>
                    <lemma type="it"/>
                </token>
                <token content="was" id="8-2">
                    <pos type="VBD"/>
                    <lemma type="be"/>
                </token>
                <token content="hard" id="8-3">
                    <pos type="JJ"/>
                    <lemma type="hard"/>
                </token>
                <token content="work" id="8-4">
                    <pos type="NN"/>
                    <lemma type="work"/>
                </token>
                <token content="and" id="8-5"/>
                <token content="it" id="8-6">
                    <pos type="PRP"/>
                    <lemma type="it"/>
                    <dep head="8-7" type="nsubj"/>
                </token>
                <token content="took" id="8-7">
                    <pos type="VBD"/>
                    <lemma type="take"/>
                </token>
                <token content="longer" id="8-8">
                    <pos type="RBR"/>
                    <lemma type="longer"/>
                    <dep head="8-7" type="advmod"/>
                </token>
                <token content="than" id="8-9">
                    <pos type="IN"/>
                    <lemma type="than"/>
                    <dep head="8-11" type="mark"/>
                </token>
                <token content="I" id="8-10">
                    <pos type="PRP"/>
                    <lemma type="I"/>
                    <dep head="8-11" type="nsubj"/>
                </token>
                <token content="thought" id="8-11">
                    <pos type="VBD"/>
                    <lemma type="think"/>
                    <dep head="8-7" type="advcl"/>
                </token>
                <token content="." id="8-12"/>
            </sentence>
            <sentence id="9">
                <token content="Eventually" id="9-1">
                    <pos type="RB"/>
                    <lemma type="eventually"/>
                    <dep head="9-5" type="advmod"/>
                </token>
                <token content="," id="9-2"/>
                <token content="the" id="9-3">
                    <pos type="DT"/>
                    <lemma type="the"/>
                </token>
                <token content="tire" id="9-4">
                    <pos type="NN"/>
                    <lemma type="tire"/>
                    <dep head="9-5" type="nsubj"/>
                </token>
                <token content="seemed" id="9-5">
                    <pos type="VBD"/>
                    <lemma type="seem"/>
                </token>
                <token content="full" id="9-6">
                    <pos type="JJ"/>
                    <lemma type="full"/>
                    <dep head="9-5" type="acomp"/>
                </token>
                <token content="with" id="9-7"/>
                <token content="air" id="9-8">
                    <pos type="NN"/>
                    <lemma type="air"/>
                    <dep head="9-5" type="prep"/>
                </token>
                <token content="." id="9-9"/>
            </sentence>
            <sentence id="10">
                <token content="I" id="10-1">
                    <pos type="PRP"/>
                    <lemma type="I"/>
                    <dep head="10-2" type="nsubj"/>
                </token>
                <token content="put" id="10-2">
                    <pos type="VBD"/>
                    <lemma type="put"/>
                </token>
                <token content="my" id="10-3">
                    <pos type="PRP$"/>
                    <lemma type="my"/>
                </token>
                <token content="ear" id="10-4">
                    <pos type="NN"/>
                    <lemma type="ear"/>
                    <dep head="10-2" type="dobj"/>
                </token>
                <token content="next" id="10-5"/>
                <token content="to" id="10-6"/>
                <token content="it" id="10-7">
                    <pos type="PRP"/>
                    <lemma type="it"/>
                    <dep head="10-2" type="prep"/>
                </token>
                <token content="to" id="10-8">
                    <pos type="TO"/>
                    <lemma type="to"/>
                    <dep head="10-9" type="aux"/>
                </token>
                <token content="see" id="10-9">
                    <pos type="VB"/>
                    <lemma type="see"/>
                    <dep head="10-2" type="vmod"/>
                </token>
                <token content="if" id="10-10">
                    <pos type="IN"/>
                    <lemma type="if"/>
                    <dep head="10-13" type="mark"/>
                </token>
                <token content="I" id="10-11">
                    <pos type="PRP"/>
                    <lemma type="I"/>
                    <dep head="10-13" type="nsubj"/>
                </token>
                <token content="could" id="10-12">
                    <pos type="MD"/>
                    <lemma type="could"/>
                    <dep head="10-13" type="aux"/>
                </token>
                <token content="hear" id="10-13">
                    <pos type="VB"/>
                    <lemma type="hear"/>
                    <dep head="10-9" type="advcl"/>
                </token>
                <token content="any" id="10-14">
                    <pos type="DT"/>
                    <lemma type="any"/>
                </token>
                <token content="air" id="10-15">
                    <pos type="NN"/>
                    <lemma type="air"/>
                    <dep head="10-13" type="dobj"/>
                </token>
                <token content="coming" id="10-16">
                    <pos type="VBG"/>
                    <lemma type="come"/>
                </token>
                <token content="out" id="10-17">
                    <pos type="RP"/>
                    <lemma type="out"/>
                    <dep head="10-16" type="prt"/>
                </token>
                <token content="but" id="10-18"/>
                <token content="I" id="10-19">
                    <pos type="PRP"/>
                    <lemma type="I"/>
                    <dep head="10-22" type="nsubj"/>
                </token>
                <token content="did" id="10-20">
                    <pos type="VBD"/>
                    <lemma type="do"/>
                    <dep head="10-22" type="aux"/>
                </token>
                <token content="n't" id="10-21">
                    <pos type="RB"/>
                    <lemma type="not"/>
                    <dep head="10-22" type="neg"/>
                </token>
                <token content="hear" id="10-22">
                    <pos type="VB"/>
                    <lemma type="hear"/>
                    <dep head="10-2" type="conj"/>
                </token>
                <token content="any" id="10-23">
                    <pos type="DT"/>
                    <lemma type="any"/>
                    <dep head="10-22" type="dobj"/>
                </token>
                <token content="." id="10-24"/>
            </sentence>
            <sentence id="11">
                <token content="I" id="11-1">
                    <pos type="PRP"/>
                    <lemma type="I"/>
                    <dep head="11-2" type="nsubj"/>
                </token>
                <token content="got" id="11-2">
                    <pos type="VBD"/>
                    <lemma type="get"/>
                </token>
                <token content="back" id="11-3">
                    <pos type="RB"/>
                    <lemma type="back"/>
                    <dep head="11-2" type="advmod"/>
                </token>
                <token content="on" id="11-4"/>
                <token content="my" id="11-5">
                    <pos type="PRP$"/>
                    <lemma type="my"/>
                </token>
                <token content="bike" id="11-6">
                    <pos type="NN"/>
                    <lemma type="bike"/>
                    <dep head="11-2" type="prep"/>
                </token>
                <token content="and" id="11-7"/>
                <token content="it" id="11-8">
                    <pos type="PRP"/>
                    <lemma type="it"/>
                    <dep head="11-9" type="nsubj"/>
                </token>
                <token content="rode" id="11-9">
                    <pos type="VBD"/>
                    <lemma type="ride"/>
                    <dep head="11-2" type="conj"/>
                </token>
                <token content="fine" id="11-10">
                    <pos type="JJ"/>
                    <lemma type="fine"/>
                    <dep head="11-9" type="acomp"/>
                </token>
                <token content="." id="11-11"/>
            </sentence>
        </sentences>
    </text>
    <annotations>
        <participants>
            <label from="1-1" id="0" name="ScrPart_rider" text="I" type="participant"/>
            <label from="1-4" id="1" name="ScrPart_rider" text="my" type="participant"/>
            <label from="1-5" id="2" name="ScrPart_bicycle" text="bike" type="participant"/>
            <label from="1-7" id="3" name="ScrPart_rider" text="my" type="participant"/>
            <label from="1-8" id="4" name="ScrPart_location_repair" text="house" type="participant"/>
            <label from="1-11" id="5" name="ScrPart_rider" text="I" type="participant"/>
            <label from="1-17" id="6" name="ScrPart_rider" text="I" type="participant"/>
            <label from="2-1" id="7" name="ScrPart_rider" text="I" type="participant"/>
            <label from="2-4" id="8" name="ScrPart_rider" text="my" type="participant"/>
            <label from="2-5" id="9" name="ScrPart_bicycle" text="bike" type="participant"/>
            <label from="2-9" id="10" name="NPart" text="everything" type="participant"/>
            <label from="3-2" id="11" name="ScrPart_tire" text="front tire" to="3-3" type="participant"/>
            <label from="3-3" id="12" name="ScrPart_tire" text="tire" type="participant"/>
            <label from="3-8" id="13" name="ScrPart_other" text="chain" type="participant"/>
            <label from="3-13" id="14" name="ScrPart_bicycle" text="bike" type="participant"/>
            <label from="3-17" id="15" name="ScrPart_tire" text="back tire" to="3-18" type="participant"/>
            <label from="3-18" id="16" name="ScrPart_tire" text="tire" type="participant"/>
            <label from="4-1" id="17" name="ScrPart_rider" text="I" type="participant"/>
            <label from="4-3" id="18" name="ScrPart_rider" text="my" type="participant"/>
            <label from="4-4" id="19" name="ScrPart_bicycle" text="bike" type="participant"/>
            <label from="4-7" id="20" name="ScrPart_rider" text="my" type="participant"/>
            <label from="4-8" id="21" name="ScrPart_location_repair" text="house" type="participant"/>
            <label from="4-10" id="22" name="No_label" text="it" type="participant"/>
            <label from="4-17" id="23" name="ScrPart_bicycle" text="bike" type="participant"/>
            <label from="4-21" id="24" name="ScrPart_tire" text="tire" type="participant"/>
            <label from="5-1" id="25" name="ScrPart_rider" text="I" type="participant"/>
            <label from="5-4" id="26" name="ScrPart_rider" text="my" type="participant"/>
            <label from="5-5" id="27" name="ScrPart_location_repair" text="garage" type="participant"/>
            <label from="5-10" id="28" name="ScrPart_tool" text="air pump" to="5-11" type="participant"/>
            <label from="5-11" id="29" name="ScrPart_tool" text="pump" type="participant"/>
            <label from="6-1" id="30" name="ScrPart_rider" text="I" type="participant"/>
            <label from="6-4" id="31" name="NPart" text="valve" type="participant"/>
            <label from="6-7" id="32" name="ScrPart_tool" text="pump" type="participant"/>
            <label from="6-10" id="33" name="ScrPart_bicycle_small_detail" text="valve" type="participant"/>
            <label from="6-13" id="34" name="ScrPart_tire" text="tire" type="participant"/>
            <label from="7-1" id="35" name="ScrPart_rider" text="I" type="participant"/>
            <label from="7-4" id="36" name="ScrPart_tool" text="air pump" to="7-5" type="participant"/>
            <label from="7-5" id="37" name="ScrPart_tool" text="pump" type="participant"/>
            <label from="7-10" id="38" name="ScrPart_tire" text="tire" type="participant"/>
            <label from="7-14" id="39" name="No_label" text="it" type="participant"/>
            <label from="8-1" id="40" name="No_label" text="It" type="participant"/>
            <label from="8-4" id="41" name="NPart" text="work" type="participant"/>
            <label from="8-6" id="42" name="No_label" text="it" type="participant"/>
            <label from="8-10" id="43" name="ScrPart_rider" text="I" type="participant"/>
            <label from="9-4" id="44" name="ScrPart_tire" text="tire" type="participant"/>
            <label from="9-8" id="45" name="ScrPart_air" text="air" type="participant"/>
            <label from="10-1" id="46" name="ScrPart_rider" text="I" type="participant"/>
            <label from="10-3" id="47" name="ScrPart_rider" text="my" type="participant"/>
            <label from="10-4" id="48" name="ScrPart_other" text="ear" type="participant"/>
            <label from="10-7" id="49" name="ScrPart_tire" text="it" type="participant"/>
            <label from="10-11" id="50" name="ScrPart_rider" text="I" type="participant"/>
            <label from="10-15" id="51" name="ScrPart_air" text="air" type="participant"/>
            <label from="10-19" id="52" name="ScrPart_rider" text="I" type="participant"/>
            <label from="11-1" id="53" name="ScrPart_rider" text="I" type="participant"/>
            <label from="11-5" id="54" name="ScrPart_rider" text="my" type="participant"/>
            <label from="11-6" id="55" name="ScrPart_bicycle" text="bike" type="participant"/>
            <label from="11-8" id="56" name="ScrPart_bicycle" text="it" type="participant"/>
        </participants>
        <events>
            <label from="1-3" id="57" name="ScrEv_ride_bike" text="riding" type="event"/>
            <label from="1-10" id="58" name="ScrEv_notice_problem" text="noticed" type="event"/>
            <label from="1-14" id="59" name="UnrelEv" text="peddle" type="event"/>
            <label from="1-19" id="60" name="UnrelEv" text="do" type="event"/>
            <label from="2-2" id="61" name="ScrEv_get_off" text="got" type="event"/>
            <label from="2-7" id="62" name="ScrEv_examine_tire" text="see" type="event"/>
            <label from="2-10" id="63" name="UnrelEv" text="was" type="event"/>
            <label from="3-4" id="64" name="UnrelEv" text="looked" type="event"/>
            <label from="3-9" id="65" name="UnrelEv" text="was" type="event"/>
            <label from="3-19" id="66" name="UnrelEv" text="was" type="event"/>
            <label from="4-2" id="67" name="RelNScrEv" text="walked" type="event"/>
            <label from="4-11" id="68" name="UnrelEv" text="is" type="event"/>
            <label from="4-15" id="69" name="ScrEv_ride_bike" text="ride" type="event"/>
            <label from="5-2" id="70" name="RelNScrEv" text="went" type="event"/>
            <label from="5-7" id="71" name="RelNScrEv" text="looked" type="event"/>
            <label from="6-2" id="72" name="RelNScrEv" text="connected" type="event"/>
            <label from="7-2" id="73" name="ScrEv_refill_tire_air" text="pumped" type="event"/>
            <label from="7-8" id="74" name="RelNScrEv" text="checking" type="event"/>
            <label from="7-12" id="75" name="UnrelEv" text="make sure" to="7-13" type="event"/>
            <label from="7-16" id="76" name="UnrelEv" text="working" type="event"/>
            <label from="8-2" id="77" name="UnrelEv" text="was" type="event"/>
            <label from="8-7" id="78" name="UnrelEv" text="took" type="event"/>
            <label from="8-11" id="79" name="UnrelEv" text="thought" type="event"/>
            <label from="9-5" id="80" name="UnrelEv" text="seemed" type="event"/>
            <label from="10-2" id="81" name="UnrelEv" text="put" type="event"/>
            <label from="10-9" id="82" name="ScrEv_check_new_tire" text="see" type="event"/>
            <label from="10-13" id="83" name="UnrelEv" text="hear" type="event"/>
            <label from="10-16" id="84" name="UnrelEv" text="coming out" to="10-17" type="event"/>
            <label from="10-22" id="85" name="UnrelEv" text="hear" type="event"/>
            <label from="11-2" id="86" name="RelNScrEv" text="got" type="event"/>
            <label from="11-9" id="87" name="ScrEv_ride_bike" text="rode" type="event"/>
        </events>
        <chains>
            <chain elements="0 1 3 5 6 7 8 17 18 20 25 26 30 35 43 46 47 50 52 53 54"/>
            <chain elements="2 9 14 19 23 55 56"/>
            <chain elements="4 21"/>
            <chain elements="16 24 34 38 44 49"/>
            <chain elements="29 32 37"/>
            <chain elements="45 51"/>
        </chains>
    </annotations>
</story>
