<?xml version="1.0" encoding="UTF-8" standalone="no"?>
<!DOCTYPE story SYSTEM "../InScript.dtd">
<story id="027" scenario="bicycle">
    <text>
        <content>As an avid mountain biker , I have found myself in many precarious situations . 
From run ins with bears , to falling into prickly bushes . 
It is always an adventure when you are riding your mountain bike through the great outdoors . 
One particular issue that affects all mountain bikers , is flat tires . 
I have had numerous flat tires during my years riding . 
The first flat tire I ever had left me stranded miles away form civilization . 
I had to hoof it out on foot , carrying a broken bike . 
It was an experience I did not want to relive again . 
From then on I purchased and kept many bicycle tire tubes in my riding gear . 
To replace a bicycle tire is now a simple process for me . 
You break the bead on the old tire shell and pull it slightly to the side . 
You work the tube out from between the rim and the tire itself . 
You then stuff the new rubber tube where the old one was , making sure the nipple matches with the nipple hole . 
You then move the outer tire back into position and pump up the tire . </content>
        <sentences>
            <sentence id="1">
                <token content="As" id="1-1"/>
                <token content="an" id="1-2">
                    <pos type="DT"/>
                    <lemma type="a"/>
                </token>
                <token content="avid" id="1-3">
                    <pos type="JJ"/>
                    <lemma type="avid"/>
                </token>
                <token content="mountain" id="1-4">
                    <pos type="NN"/>
                    <lemma type="mountain"/>
                </token>
                <token content="biker" id="1-5">
                    <pos type="NN"/>
                    <lemma type="biker"/>
                    <dep head="1-9" type="prep"/>
                </token>
                <token content="," id="1-6"/>
                <token content="I" id="1-7">
                    <pos type="PRP"/>
                    <lemma type="I"/>
                    <dep head="1-9" type="nsubj"/>
                </token>
                <token content="have" id="1-8">
                    <pos type="VBP"/>
                    <lemma type="have"/>
                    <dep head="1-9" type="aux"/>
                </token>
                <token content="found" id="1-9">
                    <pos type="VBN"/>
                    <lemma type="find"/>
                </token>
                <token content="myself" id="1-10">
                    <pos type="PRP"/>
                    <lemma type="myself"/>
                    <dep head="1-9" type="dobj"/>
                </token>
                <token content="in" id="1-11"/>
                <token content="many" id="1-12">
                    <pos type="JJ"/>
                    <lemma type="many"/>
                </token>
                <token content="precarious" id="1-13">
                    <pos type="JJ"/>
                    <lemma type="precarious"/>
                </token>
                <token content="situations" id="1-14">
                    <pos type="NNS"/>
                    <lemma type="situation"/>
                    <dep head="1-9" type="prep"/>
                </token>
                <token content="." id="1-15"/>
            </sentence>
            <sentence id="2">
                <token content="From" id="2-1">
                    <pos type="NNP"/>
                    <lemma type="From"/>
                    <dep head="2-2" type="nsubj"/>
                </token>
                <token content="run" id="2-2">
                    <pos type="VBP"/>
                    <lemma type="run"/>
                </token>
                <token content="ins" id="2-3">
                    <pos type="NN"/>
                    <lemma type="in"/>
                    <dep head="2-2" type="dobj"/>
                </token>
                <token content="with" id="2-4"/>
                <token content="bears" id="2-5">
                    <pos type="NNS"/>
                    <lemma type="bear"/>
                    <dep head="2-2" type="prep"/>
                </token>
                <token content="," id="2-6"/>
                <token content="to" id="2-7"/>
                <token content="falling" id="2-8">
                    <pos type="VBG"/>
                    <lemma type="fall"/>
                    <dep head="2-2" type="prepc"/>
                </token>
                <token content="into" id="2-9"/>
                <token content="prickly" id="2-10">
                    <pos type="JJ"/>
                    <lemma type="prickly"/>
                </token>
                <token content="bushes" id="2-11">
                    <pos type="NNS"/>
                    <lemma type="bush"/>
                    <dep head="2-8" type="prep"/>
                </token>
                <token content="." id="2-12"/>
            </sentence>
            <sentence id="3">
                <token content="It" id="3-1">
                    <pos type="PRP"/>
                    <lemma type="it"/>
                </token>
                <token content="is" id="3-2">
                    <pos type="VBZ"/>
                    <lemma type="be"/>
                </token>
                <token content="always" id="3-3">
                    <pos type="RB"/>
                    <lemma type="always"/>
                </token>
                <token content="an" id="3-4">
                    <pos type="DT"/>
                    <lemma type="a"/>
                </token>
                <token content="adventure" id="3-5">
                    <pos type="NN"/>
                    <lemma type="adventure"/>
                </token>
                <token content="when" id="3-6">
                    <pos type="WRB"/>
                    <lemma type="when"/>
                    <dep head="3-9" type="advmod"/>
                </token>
                <token content="you" id="3-7">
                    <pos type="PRP"/>
                    <lemma type="you"/>
                    <dep head="3-9" type="nsubj"/>
                </token>
                <token content="are" id="3-8">
                    <pos type="VBP"/>
                    <lemma type="be"/>
                    <dep head="3-9" type="aux"/>
                </token>
                <token content="riding" id="3-9">
                    <pos type="VBG"/>
                    <lemma type="ride"/>
                </token>
                <token content="your" id="3-10">
                    <pos type="PRP$"/>
                    <lemma type="you"/>
                </token>
                <token content="mountain" id="3-11">
                    <pos type="NN"/>
                    <lemma type="mountain"/>
                </token>
                <token content="bike" id="3-12">
                    <pos type="NN"/>
                    <lemma type="bike"/>
                    <dep head="3-9" type="dobj"/>
                </token>
                <token content="through" id="3-13"/>
                <token content="the" id="3-14">
                    <pos type="DT"/>
                    <lemma type="the"/>
                </token>
                <token content="great" id="3-15">
                    <pos type="JJ"/>
                    <lemma type="great"/>
                </token>
                <token content="outdoors" id="3-16">
                    <pos type="NNS"/>
                    <lemma type="outdoors"/>
                    <dep head="3-9" type="prep"/>
                </token>
                <token content="." id="3-17"/>
            </sentence>
            <sentence id="4">
                <token content="One" id="4-1">
                    <pos type="CD"/>
                    <lemma type="one"/>
                </token>
                <token content="particular" id="4-2">
                    <pos type="JJ"/>
                    <lemma type="particular"/>
                </token>
                <token content="issue" id="4-3">
                    <pos type="NN"/>
                    <lemma type="issue"/>
                </token>
                <token content="that" id="4-4">
                    <pos type="WDT"/>
                    <lemma type="that"/>
                    <dep head="4-5" type="nsubj"/>
                </token>
                <token content="affects" id="4-5">
                    <pos type="VBZ"/>
                    <lemma type="affect"/>
                </token>
                <token content="all" id="4-6">
                    <pos type="DT"/>
                    <lemma type="all"/>
                </token>
                <token content="mountain" id="4-7">
                    <pos type="NN"/>
                    <lemma type="mountain"/>
                </token>
                <token content="bikers" id="4-8">
                    <pos type="NNS"/>
                    <lemma type="biker"/>
                    <dep head="4-5" type="dobj"/>
                </token>
                <token content="," id="4-9"/>
                <token content="is" id="4-10">
                    <pos type="VBZ"/>
                    <lemma type="be"/>
                </token>
                <token content="flat" id="4-11">
                    <pos type="JJ"/>
                    <lemma type="flat"/>
                </token>
                <token content="tires" id="4-12">
                    <pos type="NNS"/>
                    <lemma type="tire"/>
                </token>
                <token content="." id="4-13"/>
            </sentence>
            <sentence id="5">
                <token content="I" id="5-1">
                    <pos type="PRP"/>
                    <lemma type="I"/>
                    <dep head="5-3" type="nsubj"/>
                </token>
                <token content="have" id="5-2">
                    <pos type="VBP"/>
                    <lemma type="have"/>
                    <dep head="5-3" type="aux"/>
                </token>
                <token content="had" id="5-3">
                    <pos type="VBN"/>
                    <lemma type="have"/>
                </token>
                <token content="numerous" id="5-4">
                    <pos type="JJ"/>
                    <lemma type="numerous"/>
                </token>
                <token content="flat" id="5-5">
                    <pos type="JJ"/>
                    <lemma type="flat"/>
                </token>
                <token content="tires" id="5-6">
                    <pos type="NNS"/>
                    <lemma type="tire"/>
                    <dep head="5-3" type="dobj"/>
                </token>
                <token content="during" id="5-7"/>
                <token content="my" id="5-8">
                    <pos type="PRP$"/>
                    <lemma type="my"/>
                </token>
                <token content="years" id="5-9">
                    <pos type="NNS"/>
                    <lemma type="year"/>
                    <dep head="5-3" type="prep"/>
                </token>
                <token content="riding" id="5-10">
                    <pos type="VBG"/>
                    <lemma type="ride"/>
                </token>
                <token content="." id="5-11"/>
            </sentence>
            <sentence id="6">
                <token content="The" id="6-1">
                    <pos type="DT"/>
                    <lemma type="the"/>
                </token>
                <token content="first" id="6-2">
                    <pos type="JJ"/>
                    <lemma type="first"/>
                </token>
                <token content="flat" id="6-3">
                    <pos type="JJ"/>
                    <lemma type="flat"/>
                </token>
                <token content="tire" id="6-4">
                    <pos type="NN"/>
                    <lemma type="tire"/>
                    <dep head="6-13" type="nsubj"/>
                </token>
                <token content="I" id="6-5">
                    <pos type="PRP"/>
                    <lemma type="I"/>
                    <dep head="6-8" type="nsubj"/>
                </token>
                <token content="ever" id="6-6">
                    <pos type="RB"/>
                    <lemma type="ever"/>
                    <dep head="6-8" type="advmod"/>
                </token>
                <token content="had" id="6-7">
                    <pos type="VBD"/>
                    <lemma type="have"/>
                    <dep head="6-8" type="aux"/>
                </token>
                <token content="left" id="6-8">
                    <pos type="VBN"/>
                    <lemma type="leave"/>
                </token>
                <token content="me" id="6-9">
                    <pos type="PRP"/>
                    <lemma type="I"/>
                    <dep head="6-8" type="iobj"/>
                </token>
                <token content="stranded" id="6-10">
                    <pos type="CD"/>
                    <lemma type="stranded"/>
                </token>
                <token content="miles" id="6-11">
                    <pos type="NNS"/>
                    <lemma type="mile"/>
                    <dep head="6-8" type="dobj"/>
                </token>
                <token content="away" id="6-12">
                    <pos type="RB"/>
                    <lemma type="away"/>
                    <dep head="6-13" type="advmod"/>
                </token>
                <token content="form" id="6-13">
                    <pos type="VBP"/>
                    <lemma type="form"/>
                </token>
                <token content="civilization" id="6-14">
                    <pos type="NN"/>
                    <lemma type="civilization"/>
                    <dep head="6-13" type="dobj"/>
                </token>
                <token content="." id="6-15"/>
            </sentence>
            <sentence id="7">
                <token content="I" id="7-1">
                    <pos type="PRP"/>
                    <lemma type="I"/>
                    <dep head="7-2" type="nsubj"/>
                </token>
                <token content="had" id="7-2">
                    <pos type="VBD"/>
                    <lemma type="have"/>
                </token>
                <token content="to" id="7-3">
                    <pos type="TO"/>
                    <lemma type="to"/>
                    <dep head="7-4" type="aux"/>
                </token>
                <token content="hoof" id="7-4">
                    <pos type="VB"/>
                    <lemma type="hoof"/>
                    <dep head="7-2" type="xcomp"/>
                </token>
                <token content="it" id="7-5">
                    <pos type="PRP"/>
                    <lemma type="it"/>
                    <dep head="7-4" type="dobj"/>
                </token>
                <token content="out" id="7-6">
                    <pos type="RP"/>
                    <lemma type="out"/>
                    <dep head="7-4" type="prt"/>
                </token>
                <token content="on" id="7-7"/>
                <token content="foot" id="7-8">
                    <pos type="NN"/>
                    <lemma type="foot"/>
                    <dep head="7-4" type="prep"/>
                </token>
                <token content="," id="7-9"/>
                <token content="carrying" id="7-10">
                    <pos type="VBG"/>
                    <lemma type="carry"/>
                    <dep head="7-4" type="vmod"/>
                </token>
                <token content="a" id="7-11">
                    <pos type="DT"/>
                    <lemma type="a"/>
                </token>
                <token content="broken" id="7-12">
                    <pos type="JJ"/>
                    <lemma type="broken"/>
                </token>
                <token content="bike" id="7-13">
                    <pos type="NN"/>
                    <lemma type="bike"/>
                    <dep head="7-10" type="dobj"/>
                </token>
                <token content="." id="7-14"/>
            </sentence>
            <sentence id="8">
                <token content="It" id="8-1">
                    <pos type="PRP"/>
                    <lemma type="it"/>
                </token>
                <token content="was" id="8-2">
                    <pos type="VBD"/>
                    <lemma type="be"/>
                </token>
                <token content="an" id="8-3">
                    <pos type="DT"/>
                    <lemma type="a"/>
                </token>
                <token content="experience" id="8-4">
                    <pos type="NN"/>
                    <lemma type="experience"/>
                </token>
                <token content="I" id="8-5">
                    <pos type="PRP"/>
                    <lemma type="I"/>
                    <dep head="8-8" type="nsubj"/>
                </token>
                <token content="did" id="8-6">
                    <pos type="VBD"/>
                    <lemma type="do"/>
                    <dep head="8-8" type="aux"/>
                </token>
                <token content="not" id="8-7">
                    <pos type="RB"/>
                    <lemma type="not"/>
                    <dep head="8-8" type="neg"/>
                </token>
                <token content="want" id="8-8">
                    <pos type="VB"/>
                    <lemma type="want"/>
                </token>
                <token content="to" id="8-9">
                    <pos type="TO"/>
                    <lemma type="to"/>
                    <dep head="8-10" type="aux"/>
                </token>
                <token content="relive" id="8-10">
                    <pos type="VB"/>
                    <lemma type="relive"/>
                    <dep head="8-8" type="xcomp"/>
                </token>
                <token content="again" id="8-11">
                    <pos type="RB"/>
                    <lemma type="again"/>
                    <dep head="8-10" type="advmod"/>
                </token>
                <token content="." id="8-12"/>
            </sentence>
            <sentence id="9">
                <token content="From" id="9-1">
                    <pos type="IN"/>
                    <lemma type="from"/>
                    <dep head="9-5" type="prep"/>
                </token>
                <token content="then" id="9-2">
                    <pos type="RB"/>
                    <lemma type="then"/>
                </token>
                <token content="on" id="9-3">
                    <pos type="RB"/>
                    <lemma type="on"/>
                </token>
                <token content="I" id="9-4">
                    <pos type="PRP"/>
                    <lemma type="I"/>
                    <dep head="9-5" type="nsubj"/>
                </token>
                <token content="purchased" id="9-5">
                    <pos type="VBD"/>
                    <lemma type="purchase"/>
                </token>
                <token content="and" id="9-6"/>
                <token content="kept" id="9-7">
                    <pos type="VBD"/>
                    <lemma type="keep"/>
                    <dep head="9-5" type="conj"/>
                </token>
                <token content="many" id="9-8">
                    <pos type="JJ"/>
                    <lemma type="many"/>
                </token>
                <token content="bicycle" id="9-9">
                    <pos type="NN"/>
                    <lemma type="bicycle"/>
                </token>
                <token content="tire" id="9-10">
                    <pos type="NN"/>
                    <lemma type="tire"/>
                </token>
                <token content="tubes" id="9-11">
                    <pos type="NNS"/>
                    <lemma type="tube"/>
                    <dep head="9-7" type="dobj"/>
                </token>
                <token content="in" id="9-12"/>
                <token content="my" id="9-13">
                    <pos type="PRP$"/>
                    <lemma type="my"/>
                </token>
                <token content="riding" id="9-14">
                    <pos type="NN"/>
                    <lemma type="riding"/>
                </token>
                <token content="gear" id="9-15">
                    <pos type="NN"/>
                    <lemma type="gear"/>
                    <dep head="9-7" type="prep"/>
                </token>
                <token content="." id="9-16"/>
            </sentence>
            <sentence id="10">
                <token content="To" id="10-1">
                    <pos type="TO"/>
                    <lemma type="to"/>
                    <dep head="10-2" type="aux"/>
                </token>
                <token content="replace" id="10-2">
                    <pos type="VB"/>
                    <lemma type="replace"/>
                </token>
                <token content="a" id="10-3">
                    <pos type="DT"/>
                    <lemma type="a"/>
                </token>
                <token content="bicycle" id="10-4">
                    <pos type="NN"/>
                    <lemma type="bicycle"/>
                </token>
                <token content="tire" id="10-5">
                    <pos type="NN"/>
                    <lemma type="tire"/>
                    <dep head="10-2" type="dobj"/>
                </token>
                <token content="is" id="10-6">
                    <pos type="VBZ"/>
                    <lemma type="be"/>
                </token>
                <token content="now" id="10-7">
                    <pos type="RB"/>
                    <lemma type="now"/>
                </token>
                <token content="a" id="10-8">
                    <pos type="DT"/>
                    <lemma type="a"/>
                </token>
                <token content="simple" id="10-9">
                    <pos type="JJ"/>
                    <lemma type="simple"/>
                </token>
                <token content="process" id="10-10">
                    <pos type="NN"/>
                    <lemma type="process"/>
                </token>
                <token content="for" id="10-11"/>
                <token content="me" id="10-12">
                    <pos type="PRP"/>
                    <lemma type="I"/>
                </token>
                <token content="." id="10-13"/>
            </sentence>
            <sentence id="11">
                <token content="You" id="11-1">
                    <pos type="PRP"/>
                    <lemma type="you"/>
                    <dep head="11-2" type="nsubj"/>
                </token>
                <token content="break" id="11-2">
                    <pos type="VB"/>
                    <lemma type="break"/>
                </token>
                <token content="the" id="11-3">
                    <pos type="DT"/>
                    <lemma type="the"/>
                </token>
                <token content="bead" id="11-4">
                    <pos type="NN"/>
                    <lemma type="bead"/>
                    <dep head="11-2" type="dobj"/>
                </token>
                <token content="on" id="11-5"/>
                <token content="the" id="11-6">
                    <pos type="DT"/>
                    <lemma type="the"/>
                </token>
                <token content="old" id="11-7">
                    <pos type="JJ"/>
                    <lemma type="old"/>
                </token>
                <token content="tire" id="11-8">
                    <pos type="NN"/>
                    <lemma type="tire"/>
                </token>
                <token content="shell" id="11-9">
                    <pos type="NN"/>
                    <lemma type="shell"/>
                    <dep head="11-2" type="prep"/>
                </token>
                <token content="and" id="11-10"/>
                <token content="pull" id="11-11">
                    <pos type="VB"/>
                    <lemma type="pull"/>
                    <dep head="11-2" type="conj"/>
                </token>
                <token content="it" id="11-12">
                    <pos type="PRP"/>
                    <lemma type="it"/>
                    <dep head="11-11" type="dobj"/>
                </token>
                <token content="slightly" id="11-13">
                    <pos type="RB"/>
                    <lemma type="slightly"/>
                    <dep head="11-11" type="advmod"/>
                </token>
                <token content="to" id="11-14"/>
                <token content="the" id="11-15">
                    <pos type="DT"/>
                    <lemma type="the"/>
                </token>
                <token content="side" id="11-16">
                    <pos type="NN"/>
                    <lemma type="side"/>
                    <dep head="11-11" type="prep"/>
                </token>
                <token content="." id="11-17"/>
            </sentence>
            <sentence id="12">
                <token content="You" id="12-1">
                    <pos type="PRP"/>
                    <lemma type="you"/>
                    <dep head="12-2" type="nsubj"/>
                </token>
                <token content="work" id="12-2">
                    <pos type="VBP"/>
                    <lemma type="work"/>
                </token>
                <token content="the" id="12-3">
                    <pos type="DT"/>
                    <lemma type="the"/>
                </token>
                <token content="tube" id="12-4">
                    <pos type="NN"/>
                    <lemma type="tube"/>
                </token>
                <token content="out" id="12-5">
                    <pos type="IN"/>
                    <lemma type="out"/>
                    <dep head="12-2" type="advmod"/>
                </token>
                <token content="from" id="12-6">
                    <pos type="IN"/>
                    <lemma type="from"/>
                    <dep head="12-2" type="dep"/>
                </token>
                <token content="between" id="12-7"/>
                <token content="the" id="12-8">
                    <pos type="DT"/>
                    <lemma type="the"/>
                </token>
                <token content="rim" id="12-9">
                    <pos type="NN"/>
                    <lemma type="rim"/>
                    <dep head="12-2" type="prep"/>
                </token>
                <token content="and" id="12-10"/>
                <token content="the" id="12-11">
                    <pos type="DT"/>
                    <lemma type="the"/>
                </token>
                <token content="tire" id="12-12">
                    <pos type="NN"/>
                    <lemma type="tire"/>
                </token>
                <token content="itself" id="12-13">
                    <pos type="PRP"/>
                    <lemma type="itself"/>
                    <dep head="12-2" type="dobj"/>
                </token>
                <token content="." id="12-14"/>
            </sentence>
            <sentence id="13">
                <token content="You" id="13-1">
                    <pos type="PRP"/>
                    <lemma type="you"/>
                    <dep head="13-3" type="nsubj"/>
                </token>
                <token content="then" id="13-2">
                    <pos type="RB"/>
                    <lemma type="then"/>
                    <dep head="13-3" type="advmod"/>
                </token>
                <token content="stuff" id="13-3">
                    <pos type="VBP"/>
                    <lemma type="stuff"/>
                </token>
                <token content="the" id="13-4">
                    <pos type="DT"/>
                    <lemma type="the"/>
                </token>
                <token content="new" id="13-5">
                    <pos type="JJ"/>
                    <lemma type="new"/>
                </token>
                <token content="rubber" id="13-6">
                    <pos type="NN"/>
                    <lemma type="rubber"/>
                </token>
                <token content="tube" id="13-7">
                    <pos type="NN"/>
                    <lemma type="tube"/>
                    <dep head="13-3" type="dobj"/>
                </token>
                <token content="where" id="13-8">
                    <pos type="WRB"/>
                    <lemma type="where"/>
                    <dep head="13-12" type="advmod"/>
                </token>
                <token content="the" id="13-9">
                    <pos type="DT"/>
                    <lemma type="the"/>
                </token>
                <token content="old" id="13-10">
                    <pos type="JJ"/>
                    <lemma type="old"/>
                </token>
                <token content="one" id="13-11">
                    <pos type="NN"/>
                    <lemma type="one"/>
                    <dep head="13-12" type="nsubj"/>
                </token>
                <token content="was" id="13-12">
                    <pos type="VBD"/>
                    <lemma type="be"/>
                    <dep head="13-3" type="advcl"/>
                </token>
                <token content="," id="13-13"/>
                <token content="making" id="13-14">
                    <pos type="VBG"/>
                    <lemma type="make"/>
                    <dep head="13-3" type="xcomp"/>
                </token>
                <token content="sure" id="13-15">
                    <pos type="JJ"/>
                    <lemma type="sure"/>
                    <dep head="13-14" type="acomp"/>
                </token>
                <token content="the" id="13-16">
                    <pos type="DT"/>
                    <lemma type="the"/>
                </token>
                <token content="nipple" id="13-17">
                    <pos type="NN"/>
                    <lemma type="nipple"/>
                    <dep head="13-18" type="nsubj"/>
                </token>
                <token content="matches" id="13-18">
                    <pos type="VBZ"/>
                    <lemma type="match"/>
                </token>
                <token content="with" id="13-19"/>
                <token content="the" id="13-20">
                    <pos type="DT"/>
                    <lemma type="the"/>
                </token>
                <token content="nipple" id="13-21">
                    <pos type="JJ"/>
                    <lemma type="nipple"/>
                </token>
                <token content="hole" id="13-22">
                    <pos type="NN"/>
                    <lemma type="hole"/>
                    <dep head="13-18" type="prep"/>
                </token>
                <token content="." id="13-23"/>
            </sentence>
            <sentence id="14">
                <token content="You" id="14-1">
                    <pos type="PRP"/>
                    <lemma type="you"/>
                    <dep head="14-3" type="nsubj"/>
                </token>
                <token content="then" id="14-2">
                    <pos type="RB"/>
                    <lemma type="then"/>
                    <dep head="14-3" type="advmod"/>
                </token>
                <token content="move" id="14-3">
                    <pos type="VB"/>
                    <lemma type="move"/>
                </token>
                <token content="the" id="14-4">
                    <pos type="DT"/>
                    <lemma type="the"/>
                </token>
                <token content="outer" id="14-5">
                    <pos type="JJ"/>
                    <lemma type="outer"/>
                </token>
                <token content="tire" id="14-6">
                    <pos type="NN"/>
                    <lemma type="tire"/>
                    <dep head="14-3" type="dobj"/>
                </token>
                <token content="back" id="14-7">
                    <pos type="RP"/>
                    <lemma type="back"/>
                    <dep head="14-3" type="prt"/>
                </token>
                <token content="into" id="14-8"/>
                <token content="position" id="14-9">
                    <pos type="NN"/>
                    <lemma type="position"/>
                    <dep head="14-3" type="prep"/>
                </token>
                <token content="and" id="14-10"/>
                <token content="pump" id="14-11">
                    <pos type="VB"/>
                    <lemma type="pump"/>
                    <dep head="14-3" type="conj"/>
                </token>
                <token content="up" id="14-12">
                    <pos type="RP"/>
                    <lemma type="up"/>
                    <dep head="14-11" type="prt"/>
                </token>
                <token content="the" id="14-13">
                    <pos type="DT"/>
                    <lemma type="the"/>
                </token>
                <token content="tire" id="14-14">
                    <pos type="NN"/>
                    <lemma type="tire"/>
                    <dep head="14-11" type="dobj"/>
                </token>
                <token content="." id="14-15"/>
            </sentence>
        </sentences>
    </text>
    <annotations>
        <participants>
            <label from="1-4" id="0" name="ScrPart_rider" text="mountain biker" to="1-5" type="participant"/>
            <label from="1-7" id="1" name="ScrPart_rider" text="I" type="participant"/>
            <label from="1-10" id="2" name="ScrPart_rider" text="myself" type="participant"/>
            <label from="1-14" id="3" name="No_label" text="situations" type="participant"/>
            <label from="2-2" id="4" name="No_label" text="run ins" to="2-3" type="participant"/>
            <label from="2-5" id="5" name="NPart" text="bears" type="participant"/>
            <label from="2-11" id="6" name="NPart" text="bushes" type="participant"/>
            <label from="3-1" id="7" name="No_label" text="It" type="participant"/>
            <label from="3-5" id="8" name="No_label" text="adventure" type="participant"/>
            <label from="3-7" id="9" name="ScrPart_rider" text="you" type="participant"/>
            <label from="3-10" id="10" name="ScrPart_rider" text="your" type="participant"/>
            <label from="3-11" id="11" name="ScrPart_bicycle" text="mountain bike" to="3-12" type="participant"/>
            <label from="3-16" id="12" name="No_label" text="outdoors" type="participant"/>
            <label from="4-3" id="13" name="No_label" text="issue" type="participant"/>
            <label from="4-7" id="14" name="ScrPart_rider" text="mountain bikers" to="4-8" type="participant"/>
            <label from="4-12" id="15" name="ScrPart_tire" text="tires" type="participant"/>
            <label from="5-1" id="16" name="ScrPart_rider" text="I" type="participant"/>
            <label from="5-6" id="17" name="ScrPart_tire" text="tires" type="participant"/>
            <label from="5-8" id="18" name="ScrPart_rider" text="my" type="participant"/>
            <label from="5-9" id="19" name="NPart" text="years" type="participant"/>
            <label from="6-4" id="20" name="ScrPart_tire" text="tire" type="participant"/>
            <label from="6-5" id="21" name="ScrPart_rider" text="I" type="participant"/>
            <label from="6-9" id="22" name="ScrPart_rider" text="me" type="participant"/>
            <label from="6-11" id="23" name="NPart" text="miles" type="participant"/>
            <label from="6-14" id="24" name="NPart" text="civilization" type="participant"/>
            <label from="7-1" id="25" name="ScrPart_rider" text="I" type="participant"/>
            <label from="7-5" id="26" name="ScrPart_bicycle" text="it" type="participant"/>
            <label from="7-8" id="27" name="No_label" text="foot" type="participant"/>
            <label from="7-13" id="28" name="ScrPart_bicycle" text="bike" type="participant"/>
            <label from="8-1" id="29" name="No_label" text="It" type="participant"/>
            <label from="8-4" id="30" name="No_label" text="experience" type="participant"/>
            <label from="8-5" id="31" name="ScrPart_rider" text="I" type="participant"/>
            <label from="9-4" id="32" name="ScrPart_rider" text="I" type="participant"/>
            <label from="9-9" id="33" name="ScrPart_spare_tube" text="bicycle tire tubes" to="9-11" type="participant"/>
            <label from="9-13" id="34" name="ScrPart_rider" text="my" type="participant"/>
            <label from="9-15" id="35" name="ScrPart_other" text="gear" type="participant"/>
            <label from="10-4" id="36" name="ScrPart_tire" text="bicycle tire" to="10-5" type="participant"/>
            <label from="10-5" id="37" name="ScrPart_tire" text="tire" type="participant"/>
            <label from="10-10" id="38" name="NPart" text="process" type="participant"/>
            <label from="10-12" id="39" name="ScrPart_rider" text="me" type="participant"/>
            <label from="11-1" id="40" name="ScrPart_rider" text="You" type="participant"/>
            <label from="11-4" id="41" name="ScrPart_bicycle_small_detail" text="bead" type="participant"/>
            <label from="11-8" id="42" name="Unclear" text="tire shell" to="11-9" type="participant"/>
            <label from="11-12" id="43" name="Unclear" text="it" type="participant"/>
            <label from="11-16" id="44" name="NPart" text="side" type="participant"/>
            <label from="12-1" id="45" name="ScrPart_rider" text="You" type="participant"/>
            <label from="12-4" id="46" name="ScrPart_tire" text="tube" type="participant"/>
            <label from="12-9" id="47" name="ScrPart_rim" text="rim" type="participant"/>
            <label from="12-12" id="48" name="ScrPart_tire" text="tire" type="participant"/>
            <label from="12-13" id="49" name="ScrPart_tire" text="itself" type="participant"/>
            <label from="13-1" id="50" name="ScrPart_rider" text="You" type="participant"/>
            <label from="13-6" id="51" name="ScrPart_spare_tube" text="rubber tube" to="13-7" type="participant"/>
            <label from="13-7" id="52" name="ScrPart_spare_tube" text="tube" type="participant"/>
            <label from="13-11" id="53" name="ScrPart_tire" text="one" type="participant"/>
            <label from="13-17" id="54" name="ScrPart_bicycle_small_detail" text="nipple" type="participant"/>
            <label from="13-21" id="55" name="ScrPart_bicycle_small_detail" text="nipple hole" to="13-22" type="participant"/>
            <label from="13-22" id="56" name="ScrPart_bicycle_small_detail" text="hole" type="participant"/>
            <label from="14-1" id="57" name="ScrPart_rider" text="You" type="participant"/>
            <label from="14-6" id="58" name="ScrPart_tire" text="tire" type="participant"/>
            <label from="14-9" id="59" name="NPart" text="position" type="participant"/>
            <label from="14-14" id="60" name="ScrPart_tire" text="tire" type="participant"/>
        </participants>
        <events>
            <label from="1-9" id="61" name="UnrelEv" text="found" type="event"/>
            <label from="2-8" id="62" name="UnrelEv" text="falling" type="event"/>
            <label from="3-2" id="63" name="UnrelEv" text="is" type="event"/>
            <label from="3-9" id="64" name="ScrEv_ride_bike" text="riding" type="event"/>
            <label from="4-5" id="65" name="UnrelEv" text="affects" type="event"/>
            <label from="4-10" id="66" name="UnrelEv" text="is" type="event"/>
            <label from="5-3" id="67" name="UnrelEv" text="had" type="event"/>
            <label from="5-10" id="68" name="ScrEv_ride_bike" text="riding" type="event"/>
            <label from="6-7" id="69" name="UnrelEv" text="had" type="event"/>
            <label from="6-8" id="70" name="UnrelEv" text="left" type="event"/>
            <label from="6-10" id="71" name="UnrelEv" text="stranded" type="event"/>
            <label from="7-4" id="72" name="RelNScrEv" text="hoof" type="event"/>
            <label from="7-10" id="73" name="RelNScrEv" text="carrying" type="event"/>
            <label from="8-2" id="74" name="UnrelEv" text="was" type="event"/>
            <label from="8-10" id="75" name="UnrelEv" text="relive" type="event"/>
            <label from="9-5" id="76" name="ScrEv_get_tools" text="purchased" type="event"/>
            <label from="9-7" id="77" name="UnrelEv" text="kept" type="event"/>
            <label from="10-2" id="78" name="Evoking" text="replace a bicycle tire" to="10-5" type="event"/>
            <label from="10-6" id="79" name="UnrelEv" text="is" type="event"/>
            <label from="11-2" id="80" name="RelNScrEv" text="break" type="event"/>
            <label from="11-11" id="81" name="ScrEv_take_tire_off" text="pull" type="event"/>
            <label from="12-2" id="82" name="ScrEv_take_tire_off" text="work" type="event"/>
            <label from="13-3" id="83" name="ScrEv_put_new_tire" text="stuff" type="event"/>
            <label from="13-14" id="84" name="RelNScrEv" text="making sure" to="13-15" type="event"/>
            <label from="13-18" id="85" name="UnrelEv" text="matches" type="event"/>
            <label from="14-3" id="86" name="ScrEv_put_new_tire" text="move" type="event"/>
            <label from="14-11" id="87" name="ScrEv_refill_tire_air" text="pump up" to="14-12" type="event"/>
        </events>
        <chains>
            <chain elements="39 40 45 50 57 34"/>
            <chain elements="42 43"/>
            <chain elements="37 48 58 60 49 53"/>
            <chain elements="46 53"/>
            <chain elements="0 1 2 9 10 16 18 21 22 25 31 32 34"/>
            <chain elements="15 17"/>
            <chain elements="11 26 28"/>
        </chains>
    </annotations>
</story>
