<?xml version="1.0" encoding="UTF-8" standalone="no"?>
<!DOCTYPE story SYSTEM "../InScript.dtd">
<story id="030" scenario="bicycle">
    <text>
        <content>Carrying a spare inner tube saves lots of time and trouble , since I have to carry a patch kit anyway . 
However , if I do n't have one , I can still fix a flat . 
First I turn the bike over , and remove the brake by opening the quick release lever . 
Then I remove the tire with its quick release lever . 
Now I inspect the outside of the tire , to try to find the source of the problem . 
I look for imbedded glass , thorns , cuts or tears . 
If I find a foreign object , I remove it . 
Then I take the tire off . 
I deflate it , and push the side of the tire towards the middle , trying to expose the tube . 
If that fails , I use tire irons , if I have them . 
I shove one in on the opposite side of the wheel form the valve , and lever the edge of the tire out of the rim . 
Then I put in the next tire iron about three spokes away and try to lift the section of tire in between up and away from the rim . 
This makes it possible to take the whole tire out and remove it . 
I look for the leak inside the tire , and then on the tube . 
I deflate the tube by pushing the valve center until I hear air hiss . 
If I can not find the leak , I put the tube in a bucket of water and look for bubbles . 
If I can not do that , I listen , and then I look around the valve . 
I also inspect the inside of the tire . 
Now , I need a patch kit . 
I clean the outside of the tire near the leak as much as I can . 
Then I roughen the area with the scratchy thing provided . 
I spread the foul-smelling glue , let it dry until it is tacky , and press on the patch , starting at its center , and being careful not to glue the tire to itself . 
Now I partially re-inflate the tube , and replace it in the tire , making sure the spoke cushion stays in place . 
I put the tire on the wheel , and check to see that the valve is pointed straight to the center . 
I re-inflate the tube , and then replace the wheel and reattach it and reattach the brake . 
And I turn the bike over again and ride . </content>
        <sentences>
            <sentence id="1">
                <token content="Carrying" id="1-1">
                    <pos type="VBG"/>
                    <lemma type="carry"/>
                </token>
                <token content="a" id="1-2">
                    <pos type="DT"/>
                    <lemma type="a"/>
                </token>
                <token content="spare" id="1-3">
                    <pos type="JJ"/>
                    <lemma type="spare"/>
                </token>
                <token content="inner" id="1-4">
                    <pos type="JJ"/>
                    <lemma type="inner"/>
                </token>
                <token content="tube" id="1-5">
                    <pos type="NN"/>
                    <lemma type="tube"/>
                    <dep head="1-1" type="dobj"/>
                </token>
                <token content="saves" id="1-6">
                    <pos type="VBZ"/>
                    <lemma type="save"/>
                    <dep head="1-1" type="dep"/>
                </token>
                <token content="lots" id="1-7">
                    <pos type="NNS"/>
                    <lemma type="lot"/>
                    <dep head="1-1" type="nsubj"/>
                </token>
                <token content="of" id="1-8"/>
                <token content="time" id="1-9">
                    <pos type="NN"/>
                    <lemma type="time"/>
                </token>
                <token content="and" id="1-10"/>
                <token content="trouble" id="1-11">
                    <pos type="NN"/>
                    <lemma type="trouble"/>
                </token>
                <token content="," id="1-12"/>
                <token content="since" id="1-13"/>
                <token content="I" id="1-14">
                    <pos type="PRP"/>
                    <lemma type="I"/>
                    <dep head="1-15" type="nsubj"/>
                </token>
                <token content="have" id="1-15">
                    <pos type="VBP"/>
                    <lemma type="have"/>
                </token>
                <token content="to" id="1-16">
                    <pos type="TO"/>
                    <lemma type="to"/>
                    <dep head="1-17" type="aux"/>
                </token>
                <token content="carry" id="1-17">
                    <pos type="VB"/>
                    <lemma type="carry"/>
                    <dep head="1-15" type="xcomp"/>
                </token>
                <token content="a" id="1-18">
                    <pos type="DT"/>
                    <lemma type="a"/>
                </token>
                <token content="patch" id="1-19">
                    <pos type="NN"/>
                    <lemma type="patch"/>
                </token>
                <token content="kit" id="1-20">
                    <pos type="NN"/>
                    <lemma type="kit"/>
                    <dep head="1-17" type="dobj"/>
                </token>
                <token content="anyway" id="1-21">
                    <pos type="RB"/>
                    <lemma type="anyway"/>
                    <dep head="1-17" type="advmod"/>
                </token>
                <token content="." id="1-22"/>
            </sentence>
            <sentence id="2">
                <token content="However" id="2-1">
                    <pos type="RB"/>
                    <lemma type="however"/>
                    <dep head="2-13" type="advmod"/>
                </token>
                <token content="," id="2-2"/>
                <token content="if" id="2-3">
                    <pos type="IN"/>
                    <lemma type="if"/>
                    <dep head="2-7" type="mark"/>
                </token>
                <token content="I" id="2-4">
                    <pos type="PRP"/>
                    <lemma type="I"/>
                    <dep head="2-7" type="nsubj"/>
                </token>
                <token content="do" id="2-5">
                    <pos type="VBP"/>
                    <lemma type="do"/>
                    <dep head="2-7" type="aux"/>
                </token>
                <token content="n't" id="2-6">
                    <pos type="RB"/>
                    <lemma type="not"/>
                    <dep head="2-7" type="neg"/>
                </token>
                <token content="have" id="2-7">
                    <pos type="VB"/>
                    <lemma type="have"/>
                    <dep head="2-13" type="advcl"/>
                </token>
                <token content="one" id="2-8">
                    <pos type="CD"/>
                    <lemma type="one"/>
                    <dep head="2-7" type="dobj"/>
                </token>
                <token content="," id="2-9"/>
                <token content="I" id="2-10">
                    <pos type="PRP"/>
                    <lemma type="I"/>
                    <dep head="2-13" type="nsubj"/>
                </token>
                <token content="can" id="2-11">
                    <pos type="MD"/>
                    <lemma type="can"/>
                    <dep head="2-13" type="aux"/>
                </token>
                <token content="still" id="2-12">
                    <pos type="RB"/>
                    <lemma type="still"/>
                    <dep head="2-13" type="advmod"/>
                </token>
                <token content="fix" id="2-13">
                    <pos type="VB"/>
                    <lemma type="fix"/>
                </token>
                <token content="a" id="2-14">
                    <pos type="DT"/>
                    <lemma type="a"/>
                </token>
                <token content="flat" id="2-15">
                    <pos type="JJ"/>
                    <lemma type="flat"/>
                    <dep head="2-13" type="dobj"/>
                </token>
                <token content="." id="2-16"/>
            </sentence>
            <sentence id="3">
                <token content="First" id="3-1">
                    <pos type="RB"/>
                    <lemma type="first"/>
                    <dep head="3-3" type="advmod"/>
                </token>
                <token content="I" id="3-2">
                    <pos type="PRP"/>
                    <lemma type="I"/>
                    <dep head="3-3" type="nsubj"/>
                </token>
                <token content="turn" id="3-3">
                    <pos type="VBP"/>
                    <lemma type="turn"/>
                </token>
                <token content="the" id="3-4">
                    <pos type="DT"/>
                    <lemma type="the"/>
                </token>
                <token content="bike" id="3-5">
                    <pos type="NN"/>
                    <lemma type="bike"/>
                    <dep head="3-3" type="dobj"/>
                </token>
                <token content="over" id="3-6">
                    <pos type="RP"/>
                    <lemma type="over"/>
                    <dep head="3-3" type="prt"/>
                </token>
                <token content="," id="3-7"/>
                <token content="and" id="3-8"/>
                <token content="remove" id="3-9">
                    <pos type="VB"/>
                    <lemma type="remove"/>
                    <dep head="3-3" type="conj"/>
                </token>
                <token content="the" id="3-10">
                    <pos type="DT"/>
                    <lemma type="the"/>
                </token>
                <token content="brake" id="3-11">
                    <pos type="NN"/>
                    <lemma type="brake"/>
                    <dep head="3-9" type="dobj"/>
                </token>
                <token content="by" id="3-12"/>
                <token content="opening" id="3-13">
                    <pos type="VBG"/>
                    <lemma type="open"/>
                    <dep head="3-9" type="prepc"/>
                </token>
                <token content="the" id="3-14">
                    <pos type="DT"/>
                    <lemma type="the"/>
                </token>
                <token content="quick" id="3-15">
                    <pos type="JJ"/>
                    <lemma type="quick"/>
                </token>
                <token content="release" id="3-16">
                    <pos type="NN"/>
                    <lemma type="release"/>
                </token>
                <token content="lever" id="3-17">
                    <pos type="NN"/>
                    <lemma type="lever"/>
                    <dep head="3-13" type="dobj"/>
                </token>
                <token content="." id="3-18"/>
            </sentence>
            <sentence id="4">
                <token content="Then" id="4-1">
                    <pos type="RB"/>
                    <lemma type="then"/>
                    <dep head="4-3" type="advmod"/>
                </token>
                <token content="I" id="4-2">
                    <pos type="PRP"/>
                    <lemma type="I"/>
                    <dep head="4-3" type="nsubj"/>
                </token>
                <token content="remove" id="4-3">
                    <pos type="VBD"/>
                    <lemma type="remove"/>
                </token>
                <token content="the" id="4-4">
                    <pos type="DT"/>
                    <lemma type="the"/>
                </token>
                <token content="tire" id="4-5">
                    <pos type="NN"/>
                    <lemma type="tire"/>
                    <dep head="4-3" type="dobj"/>
                </token>
                <token content="with" id="4-6"/>
                <token content="its" id="4-7">
                    <pos type="PRP$"/>
                    <lemma type="its"/>
                </token>
                <token content="quick" id="4-8">
                    <pos type="JJ"/>
                    <lemma type="quick"/>
                </token>
                <token content="release" id="4-9">
                    <pos type="NN"/>
                    <lemma type="release"/>
                </token>
                <token content="lever" id="4-10">
                    <pos type="NN"/>
                    <lemma type="lever"/>
                    <dep head="4-3" type="prep"/>
                </token>
                <token content="." id="4-11"/>
            </sentence>
            <sentence id="5">
                <token content="Now" id="5-1">
                    <pos type="RB"/>
                    <lemma type="now"/>
                    <dep head="5-3" type="advmod"/>
                </token>
                <token content="I" id="5-2">
                    <pos type="PRP"/>
                    <lemma type="I"/>
                    <dep head="5-3" type="nsubj"/>
                </token>
                <token content="inspect" id="5-3">
                    <pos type="VBP"/>
                    <lemma type="inspect"/>
                </token>
                <token content="the" id="5-4">
                    <pos type="DT"/>
                    <lemma type="the"/>
                </token>
                <token content="outside" id="5-5">
                    <pos type="NN"/>
                    <lemma type="outside"/>
                    <dep head="5-3" type="dobj"/>
                </token>
                <token content="of" id="5-6"/>
                <token content="the" id="5-7">
                    <pos type="DT"/>
                    <lemma type="the"/>
                </token>
                <token content="tire" id="5-8">
                    <pos type="NN"/>
                    <lemma type="tire"/>
                </token>
                <token content="," id="5-9"/>
                <token content="to" id="5-10">
                    <pos type="TO"/>
                    <lemma type="to"/>
                    <dep head="5-11" type="aux"/>
                </token>
                <token content="try" id="5-11">
                    <pos type="VB"/>
                    <lemma type="try"/>
                    <dep head="5-3" type="vmod"/>
                </token>
                <token content="to" id="5-12">
                    <pos type="TO"/>
                    <lemma type="to"/>
                    <dep head="5-13" type="aux"/>
                </token>
                <token content="find" id="5-13">
                    <pos type="VB"/>
                    <lemma type="find"/>
                    <dep head="5-11" type="xcomp"/>
                </token>
                <token content="the" id="5-14">
                    <pos type="DT"/>
                    <lemma type="the"/>
                </token>
                <token content="source" id="5-15">
                    <pos type="NN"/>
                    <lemma type="source"/>
                    <dep head="5-13" type="dobj"/>
                </token>
                <token content="of" id="5-16"/>
                <token content="the" id="5-17">
                    <pos type="DT"/>
                    <lemma type="the"/>
                </token>
                <token content="problem" id="5-18">
                    <pos type="NN"/>
                    <lemma type="problem"/>
                </token>
                <token content="." id="5-19"/>
            </sentence>
            <sentence id="6">
                <token content="I" id="6-1">
                    <pos type="PRP"/>
                    <lemma type="I"/>
                    <dep head="6-2" type="nsubj"/>
                </token>
                <token content="look" id="6-2">
                    <pos type="VBP"/>
                    <lemma type="look"/>
                </token>
                <token content="for" id="6-3"/>
                <token content="imbedded" id="6-4">
                    <pos type="JJ"/>
                    <lemma type="imbedded"/>
                </token>
                <token content="glass" id="6-5">
                    <pos type="NN"/>
                    <lemma type="glass"/>
                    <dep head="6-2" type="prep"/>
                </token>
                <token content="," id="6-6"/>
                <token content="thorns" id="6-7">
                    <pos type="NNS"/>
                    <lemma type="thorn"/>
                </token>
                <token content="," id="6-8"/>
                <token content="cuts" id="6-9">
                    <pos type="NNS"/>
                    <lemma type="cut"/>
                </token>
                <token content="or" id="6-10"/>
                <token content="tears" id="6-11">
                    <pos type="NNS"/>
                    <lemma type="tear"/>
                </token>
                <token content="." id="6-12"/>
            </sentence>
            <sentence id="7">
                <token content="If" id="7-1">
                    <pos type="IN"/>
                    <lemma type="if"/>
                    <dep head="7-3" type="mark"/>
                </token>
                <token content="I" id="7-2">
                    <pos type="PRP"/>
                    <lemma type="I"/>
                    <dep head="7-3" type="nsubj"/>
                </token>
                <token content="find" id="7-3">
                    <pos type="VBP"/>
                    <lemma type="find"/>
                    <dep head="7-9" type="advcl"/>
                </token>
                <token content="a" id="7-4">
                    <pos type="DT"/>
                    <lemma type="a"/>
                </token>
                <token content="foreign" id="7-5">
                    <pos type="JJ"/>
                    <lemma type="foreign"/>
                </token>
                <token content="object" id="7-6">
                    <pos type="NN"/>
                    <lemma type="object"/>
                    <dep head="7-3" type="dobj"/>
                </token>
                <token content="," id="7-7"/>
                <token content="I" id="7-8">
                    <pos type="PRP"/>
                    <lemma type="I"/>
                    <dep head="7-9" type="nsubj"/>
                </token>
                <token content="remove" id="7-9">
                    <pos type="VB"/>
                    <lemma type="remove"/>
                </token>
                <token content="it" id="7-10">
                    <pos type="PRP"/>
                    <lemma type="it"/>
                    <dep head="7-9" type="dobj"/>
                </token>
                <token content="." id="7-11"/>
            </sentence>
            <sentence id="8">
                <token content="Then" id="8-1">
                    <pos type="RB"/>
                    <lemma type="then"/>
                    <dep head="8-3" type="advmod"/>
                </token>
                <token content="I" id="8-2">
                    <pos type="PRP"/>
                    <lemma type="I"/>
                    <dep head="8-3" type="nsubj"/>
                </token>
                <token content="take" id="8-3">
                    <pos type="VBP"/>
                    <lemma type="take"/>
                </token>
                <token content="the" id="8-4">
                    <pos type="DT"/>
                    <lemma type="the"/>
                </token>
                <token content="tire" id="8-5">
                    <pos type="NN"/>
                    <lemma type="tire"/>
                    <dep head="8-3" type="dobj"/>
                </token>
                <token content="off" id="8-6">
                    <pos type="RP"/>
                    <lemma type="off"/>
                    <dep head="8-3" type="prt"/>
                </token>
                <token content="." id="8-7"/>
            </sentence>
            <sentence id="9">
                <token content="I" id="9-1">
                    <pos type="PRP"/>
                    <lemma type="I"/>
                    <dep head="9-2" type="nsubj"/>
                </token>
                <token content="deflate" id="9-2">
                    <pos type="VBP"/>
                    <lemma type="deflate"/>
                </token>
                <token content="it" id="9-3">
                    <pos type="PRP"/>
                    <lemma type="it"/>
                    <dep head="9-2" type="dep"/>
                </token>
                <token content="," id="9-4"/>
                <token content="and" id="9-5"/>
                <token content="push" id="9-6">
                    <pos type="VBP"/>
                    <lemma type="push"/>
                    <dep head="9-2" type="conj"/>
                </token>
                <token content="the" id="9-7">
                    <pos type="DT"/>
                    <lemma type="the"/>
                </token>
                <token content="side" id="9-8">
                    <pos type="NN"/>
                    <lemma type="side"/>
                    <dep head="9-2" type="dobj"/>
                </token>
                <token content="of" id="9-9"/>
                <token content="the" id="9-10">
                    <pos type="DT"/>
                    <lemma type="the"/>
                </token>
                <token content="tire" id="9-11">
                    <pos type="NN"/>
                    <lemma type="tire"/>
                </token>
                <token content="towards" id="9-12"/>
                <token content="the" id="9-13">
                    <pos type="DT"/>
                    <lemma type="the"/>
                </token>
                <token content="middle" id="9-14">
                    <pos type="NN"/>
                    <lemma type="middle"/>
                </token>
                <token content="," id="9-15"/>
                <token content="trying" id="9-16">
                    <pos type="VBG"/>
                    <lemma type="try"/>
                </token>
                <token content="to" id="9-17">
                    <pos type="TO"/>
                    <lemma type="to"/>
                    <dep head="9-18" type="aux"/>
                </token>
                <token content="expose" id="9-18">
                    <pos type="VB"/>
                    <lemma type="expose"/>
                    <dep head="9-16" type="xcomp"/>
                </token>
                <token content="the" id="9-19">
                    <pos type="DT"/>
                    <lemma type="the"/>
                </token>
                <token content="tube" id="9-20">
                    <pos type="NN"/>
                    <lemma type="tube"/>
                    <dep head="9-18" type="dobj"/>
                </token>
                <token content="." id="9-21"/>
            </sentence>
            <sentence id="10">
                <token content="If" id="10-1">
                    <pos type="IN"/>
                    <lemma type="if"/>
                    <dep head="10-3" type="mark"/>
                </token>
                <token content="that" id="10-2">
                    <pos type="DT"/>
                    <lemma type="that"/>
                    <dep head="10-3" type="nsubj"/>
                </token>
                <token content="fails" id="10-3">
                    <pos type="VBZ"/>
                    <lemma type="fail"/>
                    <dep head="10-6" type="advcl"/>
                </token>
                <token content="," id="10-4"/>
                <token content="I" id="10-5">
                    <pos type="PRP"/>
                    <lemma type="I"/>
                    <dep head="10-6" type="nsubj"/>
                </token>
                <token content="use" id="10-6">
                    <pos type="VBP"/>
                    <lemma type="use"/>
                </token>
                <token content="tire" id="10-7">
                    <pos type="NN"/>
                    <lemma type="tire"/>
                </token>
                <token content="irons" id="10-8">
                    <pos type="NNS"/>
                    <lemma type="iron"/>
                    <dep head="10-6" type="dobj"/>
                </token>
                <token content="," id="10-9"/>
                <token content="if" id="10-10">
                    <pos type="IN"/>
                    <lemma type="if"/>
                    <dep head="10-12" type="mark"/>
                </token>
                <token content="I" id="10-11">
                    <pos type="PRP"/>
                    <lemma type="I"/>
                    <dep head="10-12" type="nsubj"/>
                </token>
                <token content="have" id="10-12">
                    <pos type="VBP"/>
                    <lemma type="have"/>
                    <dep head="10-6" type="advcl"/>
                </token>
                <token content="them" id="10-13">
                    <pos type="PRP"/>
                    <lemma type="they"/>
                    <dep head="10-12" type="dobj"/>
                </token>
                <token content="." id="10-14"/>
            </sentence>
            <sentence id="11">
                <token content="I" id="11-1">
                    <pos type="PRP"/>
                    <lemma type="I"/>
                    <dep head="11-2" type="nsubj"/>
                </token>
                <token content="shove" id="11-2">
                    <pos type="VB"/>
                    <lemma type="shove"/>
                </token>
                <token content="one" id="11-3">
                    <pos type="CD"/>
                    <lemma type="one"/>
                    <dep head="11-2" type="dobj"/>
                </token>
                <token content="in" id="11-4">
                    <pos type="IN"/>
                    <lemma type="in"/>
                    <dep head="11-2" type="dep"/>
                </token>
                <token content="on" id="11-5"/>
                <token content="the" id="11-6">
                    <pos type="DT"/>
                    <lemma type="the"/>
                </token>
                <token content="opposite" id="11-7">
                    <pos type="JJ"/>
                    <lemma type="opposite"/>
                </token>
                <token content="side" id="11-8">
                    <pos type="NN"/>
                    <lemma type="side"/>
                    <dep head="11-2" type="prep"/>
                </token>
                <token content="of" id="11-9"/>
                <token content="the" id="11-10">
                    <pos type="DT"/>
                    <lemma type="the"/>
                </token>
                <token content="wheel" id="11-11">
                    <pos type="NN"/>
                    <lemma type="wheel"/>
                </token>
                <token content="form" id="11-12">
                    <pos type="NN"/>
                    <lemma type="form"/>
                </token>
                <token content="the" id="11-13">
                    <pos type="DT"/>
                    <lemma type="the"/>
                </token>
                <token content="valve" id="11-14">
                    <pos type="NN"/>
                    <lemma type="valve"/>
                </token>
                <token content="," id="11-15"/>
                <token content="and" id="11-16"/>
                <token content="lever" id="11-17">
                    <pos type="VB"/>
                    <lemma type="lever"/>
                    <dep head="11-2" type="conj"/>
                </token>
                <token content="the" id="11-18">
                    <pos type="DT"/>
                    <lemma type="the"/>
                </token>
                <token content="edge" id="11-19">
                    <pos type="NN"/>
                    <lemma type="edge"/>
                    <dep head="11-17" type="dobj"/>
                </token>
                <token content="of" id="11-20"/>
                <token content="the" id="11-21">
                    <pos type="DT"/>
                    <lemma type="the"/>
                </token>
                <token content="tire" id="11-22">
                    <pos type="NN"/>
                    <lemma type="tire"/>
                </token>
                <token content="out" id="11-23"/>
                <token content="of" id="11-24"/>
                <token content="the" id="11-25">
                    <pos type="DT"/>
                    <lemma type="the"/>
                </token>
                <token content="rim" id="11-26">
                    <pos type="NN"/>
                    <lemma type="rim"/>
                </token>
                <token content="." id="11-27"/>
            </sentence>
            <sentence id="12">
                <token content="Then" id="12-1">
                    <pos type="RB"/>
                    <lemma type="then"/>
                    <dep head="12-3" type="advmod"/>
                </token>
                <token content="I" id="12-2">
                    <pos type="PRP"/>
                    <lemma type="I"/>
                    <dep head="12-3" type="nsubj"/>
                </token>
                <token content="put" id="12-3">
                    <pos type="VBD"/>
                    <lemma type="put"/>
                </token>
                <token content="in" id="12-4"/>
                <token content="the" id="12-5">
                    <pos type="DT"/>
                    <lemma type="the"/>
                </token>
                <token content="next" id="12-6">
                    <pos type="JJ"/>
                    <lemma type="next"/>
                </token>
                <token content="tire" id="12-7">
                    <pos type="NN"/>
                    <lemma type="tire"/>
                </token>
                <token content="iron" id="12-8">
                    <pos type="NN"/>
                    <lemma type="iron"/>
                    <dep head="12-3" type="prep"/>
                </token>
                <token content="about" id="12-9">
                    <pos type="RB"/>
                    <lemma type="about"/>
                </token>
                <token content="three" id="12-10">
                    <pos type="CD"/>
                    <lemma type="three"/>
                </token>
                <token content="spokes" id="12-11">
                    <pos type="NNS"/>
                    <lemma type="spoke"/>
                </token>
                <token content="away" id="12-12">
                    <pos type="RB"/>
                    <lemma type="away"/>
                    <dep head="12-3" type="advmod"/>
                </token>
                <token content="and" id="12-13"/>
                <token content="try" id="12-14">
                    <pos type="VBP"/>
                    <lemma type="try"/>
                    <dep head="12-3" type="conj"/>
                </token>
                <token content="to" id="12-15">
                    <pos type="TO"/>
                    <lemma type="to"/>
                    <dep head="12-16" type="aux"/>
                </token>
                <token content="lift" id="12-16">
                    <pos type="VB"/>
                    <lemma type="lift"/>
                    <dep head="12-14" type="xcomp"/>
                </token>
                <token content="the" id="12-17">
                    <pos type="DT"/>
                    <lemma type="the"/>
                </token>
                <token content="section" id="12-18">
                    <pos type="NN"/>
                    <lemma type="section"/>
                    <dep head="12-16" type="dobj"/>
                </token>
                <token content="of" id="12-19"/>
                <token content="tire" id="12-20">
                    <pos type="NN"/>
                    <lemma type="tire"/>
                </token>
                <token content="in" id="12-21">
                    <pos type="IN"/>
                    <lemma type="in"/>
                    <dep head="12-16" type="prep"/>
                </token>
                <token content="between" id="12-22">
                    <pos type="IN"/>
                    <lemma type="between"/>
                </token>
                <token content="up" id="12-23">
                    <pos type="RB"/>
                    <lemma type="up"/>
                </token>
                <token content="and" id="12-24"/>
                <token content="away" id="12-25">
                    <pos type="RB"/>
                    <lemma type="away"/>
                </token>
                <token content="from" id="12-26"/>
                <token content="the" id="12-27">
                    <pos type="DT"/>
                    <lemma type="the"/>
                </token>
                <token content="rim" id="12-28">
                    <pos type="NN"/>
                    <lemma type="rim"/>
                    <dep head="12-16" type="prep"/>
                </token>
                <token content="." id="12-29"/>
            </sentence>
            <sentence id="13">
                <token content="This" id="13-1">
                    <pos type="DT"/>
                    <lemma type="this"/>
                    <dep head="13-2" type="nsubj"/>
                </token>
                <token content="makes" id="13-2">
                    <pos type="VBZ"/>
                    <lemma type="make"/>
                </token>
                <token content="it" id="13-3">
                    <pos type="PRP"/>
                    <lemma type="it"/>
                </token>
                <token content="possible" id="13-4">
                    <pos type="JJ"/>
                    <lemma type="possible"/>
                    <dep head="13-2" type="xcomp"/>
                </token>
                <token content="to" id="13-5">
                    <pos type="TO"/>
                    <lemma type="to"/>
                    <dep head="13-6" type="aux"/>
                </token>
                <token content="take" id="13-6">
                    <pos type="VB"/>
                    <lemma type="take"/>
                </token>
                <token content="the" id="13-7">
                    <pos type="DT"/>
                    <lemma type="the"/>
                </token>
                <token content="whole" id="13-8">
                    <pos type="JJ"/>
                    <lemma type="whole"/>
                </token>
                <token content="tire" id="13-9">
                    <pos type="NN"/>
                    <lemma type="tire"/>
                    <dep head="13-6" type="dobj"/>
                </token>
                <token content="out" id="13-10">
                    <pos type="RP"/>
                    <lemma type="out"/>
                    <dep head="13-6" type="prt"/>
                </token>
                <token content="and" id="13-11"/>
                <token content="remove" id="13-12">
                    <pos type="VB"/>
                    <lemma type="remove"/>
                    <dep head="13-6" type="conj"/>
                </token>
                <token content="it" id="13-13">
                    <pos type="PRP"/>
                    <lemma type="it"/>
                    <dep head="13-12" type="dobj"/>
                </token>
                <token content="." id="13-14"/>
            </sentence>
            <sentence id="14">
                <token content="I" id="14-1">
                    <pos type="PRP"/>
                    <lemma type="I"/>
                    <dep head="14-2" type="nsubj"/>
                </token>
                <token content="look" id="14-2">
                    <pos type="VBP"/>
                    <lemma type="look"/>
                    <dep head="14-2" type="conj"/>
                </token>
                <token content="for" id="14-3"/>
                <token content="the" id="14-4">
                    <pos type="DT"/>
                    <lemma type="the"/>
                </token>
                <token content="leak" id="14-5">
                    <pos type="NN"/>
                    <lemma type="leak"/>
                    <dep head="14-2" type="prep"/>
                </token>
                <token content="inside" id="14-6"/>
                <token content="the" id="14-7">
                    <pos type="DT"/>
                    <lemma type="the"/>
                </token>
                <token content="tire" id="14-8">
                    <pos type="NN"/>
                    <lemma type="tire"/>
                </token>
                <token content="," id="14-9"/>
                <token content="and" id="14-10"/>
                <token content="then" id="14-11">
                    <pos type="RB"/>
                    <lemma type="then"/>
                    <dep head="14-2" type="advmod"/>
                </token>
                <token content="on" id="14-12"/>
                <token content="the" id="14-13">
                    <pos type="DT"/>
                    <lemma type="the"/>
                </token>
                <token content="tube" id="14-14">
                    <pos type="NN"/>
                    <lemma type="tube"/>
                    <dep head="14-2" type="prep"/>
                </token>
                <token content="." id="14-15"/>
            </sentence>
            <sentence id="15">
                <token content="I" id="15-1">
                    <pos type="PRP"/>
                    <lemma type="I"/>
                    <dep head="15-2" type="nsubj"/>
                </token>
                <token content="deflate" id="15-2">
                    <pos type="VBP"/>
                    <lemma type="deflate"/>
                </token>
                <token content="the" id="15-3">
                    <pos type="DT"/>
                    <lemma type="the"/>
                </token>
                <token content="tube" id="15-4">
                    <pos type="NN"/>
                    <lemma type="tube"/>
                    <dep head="15-2" type="dobj"/>
                </token>
                <token content="by" id="15-5"/>
                <token content="pushing" id="15-6">
                    <pos type="VBG"/>
                    <lemma type="push"/>
                    <dep head="15-2" type="prepc"/>
                </token>
                <token content="the" id="15-7">
                    <pos type="DT"/>
                    <lemma type="the"/>
                </token>
                <token content="valve" id="15-8">
                    <pos type="NN"/>
                    <lemma type="valve"/>
                </token>
                <token content="center" id="15-9">
                    <pos type="NN"/>
                    <lemma type="center"/>
                    <dep head="15-6" type="dobj"/>
                </token>
                <token content="until" id="15-10">
                    <pos type="IN"/>
                    <lemma type="until"/>
                    <dep head="15-12" type="mark"/>
                </token>
                <token content="I" id="15-11">
                    <pos type="PRP"/>
                    <lemma type="I"/>
                    <dep head="15-12" type="nsubj"/>
                </token>
                <token content="hear" id="15-12">
                    <pos type="VBP"/>
                    <lemma type="hear"/>
                    <dep head="15-6" type="advcl"/>
                </token>
                <token content="air" id="15-13">
                    <pos type="NN"/>
                    <lemma type="air"/>
                </token>
                <token content="hiss" id="15-14">
                    <pos type="NNS"/>
                    <lemma type="hiss"/>
                    <dep head="15-12" type="dobj"/>
                </token>
                <token content="." id="15-15"/>
            </sentence>
            <sentence id="16">
                <token content="If" id="16-1">
                    <pos type="IN"/>
                    <lemma type="if"/>
                    <dep head="16-5" type="mark"/>
                </token>
                <token content="I" id="16-2">
                    <pos type="PRP"/>
                    <lemma type="I"/>
                    <dep head="16-5" type="nsubj"/>
                </token>
                <token content="can" id="16-3">
                    <pos type="MD"/>
                    <lemma type="can"/>
                    <dep head="16-5" type="aux"/>
                </token>
                <token content="not" id="16-4">
                    <pos type="RB"/>
                    <lemma type="not"/>
                    <dep head="16-5" type="neg"/>
                </token>
                <token content="find" id="16-5">
                    <pos type="VB"/>
                    <lemma type="find"/>
                    <dep head="16-10" type="advcl"/>
                </token>
                <token content="the" id="16-6">
                    <pos type="DT"/>
                    <lemma type="the"/>
                </token>
                <token content="leak" id="16-7">
                    <pos type="NN"/>
                    <lemma type="leak"/>
                    <dep head="16-5" type="dobj"/>
                </token>
                <token content="," id="16-8"/>
                <token content="I" id="16-9">
                    <pos type="PRP"/>
                    <lemma type="I"/>
                    <dep head="16-10" type="nsubj"/>
                </token>
                <token content="put" id="16-10">
                    <pos type="VBD"/>
                    <lemma type="put"/>
                </token>
                <token content="the" id="16-11">
                    <pos type="DT"/>
                    <lemma type="the"/>
                </token>
                <token content="tube" id="16-12">
                    <pos type="NN"/>
                    <lemma type="tube"/>
                    <dep head="16-10" type="dobj"/>
                </token>
                <token content="in" id="16-13"/>
                <token content="a" id="16-14">
                    <pos type="DT"/>
                    <lemma type="a"/>
                </token>
                <token content="bucket" id="16-15">
                    <pos type="NN"/>
                    <lemma type="bucket"/>
                    <dep head="16-10" type="prep"/>
                </token>
                <token content="of" id="16-16"/>
                <token content="water" id="16-17">
                    <pos type="NN"/>
                    <lemma type="water"/>
                </token>
                <token content="and" id="16-18"/>
                <token content="look" id="16-19">
                    <pos type="NN"/>
                    <lemma type="look"/>
                </token>
                <token content="for" id="16-20"/>
                <token content="bubbles" id="16-21">
                    <pos type="NNS"/>
                    <lemma type="bubble"/>
                    <dep head="16-10" type="prep"/>
                </token>
                <token content="." id="16-22"/>
            </sentence>
            <sentence id="17">
                <token content="If" id="17-1">
                    <pos type="IN"/>
                    <lemma type="if"/>
                    <dep head="17-5" type="mark"/>
                </token>
                <token content="I" id="17-2">
                    <pos type="PRP"/>
                    <lemma type="I"/>
                    <dep head="17-5" type="nsubj"/>
                </token>
                <token content="can" id="17-3">
                    <pos type="MD"/>
                    <lemma type="can"/>
                    <dep head="17-5" type="aux"/>
                </token>
                <token content="not" id="17-4">
                    <pos type="RB"/>
                    <lemma type="not"/>
                    <dep head="17-5" type="neg"/>
                </token>
                <token content="do" id="17-5">
                    <pos type="VB"/>
                    <lemma type="do"/>
                    <dep head="17-9" type="advcl"/>
                </token>
                <token content="that" id="17-6">
                    <pos type="DT"/>
                    <lemma type="that"/>
                    <dep head="17-5" type="dobj"/>
                </token>
                <token content="," id="17-7"/>
                <token content="I" id="17-8">
                    <pos type="PRP"/>
                    <lemma type="I"/>
                    <dep head="17-9" type="nsubj"/>
                </token>
                <token content="listen" id="17-9">
                    <pos type="VBP"/>
                    <lemma type="listen"/>
                </token>
                <token content="," id="17-10"/>
                <token content="and" id="17-11"/>
                <token content="then" id="17-12">
                    <pos type="RB"/>
                    <lemma type="then"/>
                    <dep head="17-14" type="advmod"/>
                </token>
                <token content="I" id="17-13">
                    <pos type="PRP"/>
                    <lemma type="I"/>
                    <dep head="17-14" type="nsubj"/>
                </token>
                <token content="look" id="17-14">
                    <pos type="VBP"/>
                    <lemma type="look"/>
                    <dep head="17-9" type="conj"/>
                </token>
                <token content="around" id="17-15"/>
                <token content="the" id="17-16">
                    <pos type="DT"/>
                    <lemma type="the"/>
                </token>
                <token content="valve" id="17-17">
                    <pos type="NN"/>
                    <lemma type="valve"/>
                    <dep head="17-14" type="prep"/>
                </token>
                <token content="." id="17-18"/>
            </sentence>
            <sentence id="18">
                <token content="I" id="18-1">
                    <pos type="PRP"/>
                    <lemma type="I"/>
                    <dep head="18-3" type="nsubj"/>
                </token>
                <token content="also" id="18-2">
                    <pos type="RB"/>
                    <lemma type="also"/>
                    <dep head="18-3" type="advmod"/>
                </token>
                <token content="inspect" id="18-3">
                    <pos type="VBP"/>
                    <lemma type="inspect"/>
                </token>
                <token content="the" id="18-4">
                    <pos type="DT"/>
                    <lemma type="the"/>
                </token>
                <token content="inside" id="18-5">
                    <pos type="NN"/>
                    <lemma type="inside"/>
                    <dep head="18-3" type="dobj"/>
                </token>
                <token content="of" id="18-6"/>
                <token content="the" id="18-7">
                    <pos type="DT"/>
                    <lemma type="the"/>
                </token>
                <token content="tire" id="18-8">
                    <pos type="NN"/>
                    <lemma type="tire"/>
                </token>
                <token content="." id="18-9"/>
            </sentence>
            <sentence id="19">
                <token content="Now" id="19-1">
                    <pos type="RB"/>
                    <lemma type="now"/>
                    <dep head="19-4" type="advmod"/>
                </token>
                <token content="," id="19-2"/>
                <token content="I" id="19-3">
                    <pos type="PRP"/>
                    <lemma type="I"/>
                    <dep head="19-4" type="nsubj"/>
                </token>
                <token content="need" id="19-4">
                    <pos type="VBP"/>
                    <lemma type="need"/>
                </token>
                <token content="a" id="19-5">
                    <pos type="DT"/>
                    <lemma type="a"/>
                </token>
                <token content="patch" id="19-6">
                    <pos type="NN"/>
                    <lemma type="patch"/>
                </token>
                <token content="kit" id="19-7">
                    <pos type="NN"/>
                    <lemma type="kit"/>
                    <dep head="19-4" type="dobj"/>
                </token>
                <token content="." id="19-8"/>
            </sentence>
            <sentence id="20">
                <token content="I" id="20-1">
                    <pos type="PRP"/>
                    <lemma type="I"/>
                    <dep head="20-2" type="nsubj"/>
                </token>
                <token content="clean" id="20-2">
                    <pos type="VB"/>
                    <lemma type="clean"/>
                </token>
                <token content="the" id="20-3">
                    <pos type="DT"/>
                    <lemma type="the"/>
                </token>
                <token content="outside" id="20-4">
                    <pos type="NN"/>
                    <lemma type="outside"/>
                    <dep head="20-2" type="dobj"/>
                </token>
                <token content="of" id="20-5"/>
                <token content="the" id="20-6">
                    <pos type="DT"/>
                    <lemma type="the"/>
                </token>
                <token content="tire" id="20-7">
                    <pos type="NN"/>
                    <lemma type="tire"/>
                </token>
                <token content="near" id="20-8"/>
                <token content="the" id="20-9">
                    <pos type="DT"/>
                    <lemma type="the"/>
                </token>
                <token content="leak" id="20-10">
                    <pos type="NN"/>
                    <lemma type="leak"/>
                </token>
                <token content="as" id="20-11">
                    <pos type="RB"/>
                    <lemma type="as"/>
                </token>
                <token content="much" id="20-12">
                    <pos type="RB"/>
                    <lemma type="much"/>
                    <dep head="20-2" type="advmod"/>
                </token>
                <token content="as" id="20-13">
                    <pos type="IN"/>
                    <lemma type="as"/>
                </token>
                <token content="I" id="20-14">
                    <pos type="PRP"/>
                    <lemma type="I"/>
                </token>
                <token content="can" id="20-15">
                    <pos type="MD"/>
                    <lemma type="can"/>
                    <dep head="20-2" type="advcl"/>
                </token>
                <token content="." id="20-16"/>
            </sentence>
            <sentence id="21">
                <token content="Then" id="21-1">
                    <pos type="RB"/>
                    <lemma type="then"/>
                    <dep head="21-3" type="advmod"/>
                </token>
                <token content="I" id="21-2">
                    <pos type="PRP"/>
                    <lemma type="I"/>
                    <dep head="21-3" type="nsubj"/>
                </token>
                <token content="roughen" id="21-3">
                    <pos type="VBP"/>
                    <lemma type="roughen"/>
                </token>
                <token content="the" id="21-4">
                    <pos type="DT"/>
                    <lemma type="the"/>
                </token>
                <token content="area" id="21-5">
                    <pos type="NN"/>
                    <lemma type="area"/>
                    <dep head="21-3" type="dobj"/>
                </token>
                <token content="with" id="21-6"/>
                <token content="the" id="21-7">
                    <pos type="DT"/>
                    <lemma type="the"/>
                </token>
                <token content="scratchy" id="21-8">
                    <pos type="JJ"/>
                    <lemma type="scratchy"/>
                </token>
                <token content="thing" id="21-9">
                    <pos type="NN"/>
                    <lemma type="thing"/>
                    <dep head="21-3" type="prep"/>
                </token>
                <token content="provided" id="21-10">
                    <pos type="VBN"/>
                    <lemma type="provide"/>
                </token>
                <token content="." id="21-11"/>
            </sentence>
            <sentence id="22">
                <token content="I" id="22-1">
                    <pos type="PRP"/>
                    <lemma type="I"/>
                    <dep head="22-2" type="nsubj"/>
                </token>
                <token content="spread" id="22-2">
                    <pos type="VBP"/>
                    <lemma type="spread"/>
                </token>
                <token content="the" id="22-3">
                    <pos type="DT"/>
                    <lemma type="the"/>
                </token>
                <token content="foul-smelling" id="22-4">
                    <pos type="JJ"/>
                    <lemma type="foul-smelling"/>
                </token>
                <token content="glue" id="22-5">
                    <pos type="NN"/>
                    <lemma type="glue"/>
                    <dep head="22-2" type="dobj"/>
                </token>
                <token content="," id="22-6"/>
                <token content="let" id="22-7">
                    <pos type="VB"/>
                    <lemma type="let"/>
                    <dep head="22-2" type="conj"/>
                </token>
                <token content="it" id="22-8">
                    <pos type="PRP"/>
                    <lemma type="it"/>
                </token>
                <token content="dry" id="22-9">
                    <pos type="JJ"/>
                    <lemma type="dry"/>
                    <dep head="22-7" type="xcomp"/>
                </token>
                <token content="until" id="22-10">
                    <pos type="IN"/>
                    <lemma type="until"/>
                </token>
                <token content="it" id="22-11">
                    <pos type="PRP"/>
                    <lemma type="it"/>
                </token>
                <token content="is" id="22-12">
                    <pos type="VBZ"/>
                    <lemma type="be"/>
                </token>
                <token content="tacky" id="22-13">
                    <pos type="JJ"/>
                    <lemma type="tacky"/>
                    <dep head="22-7" type="advcl"/>
                </token>
                <token content="," id="22-14"/>
                <token content="and" id="22-15"/>
                <token content="press" id="22-16">
                    <pos type="VBP"/>
                    <lemma type="press"/>
                    <dep head="22-2" type="conj"/>
                </token>
                <token content="on" id="22-17"/>
                <token content="the" id="22-18">
                    <pos type="DT"/>
                    <lemma type="the"/>
                </token>
                <token content="patch" id="22-19">
                    <pos type="NN"/>
                    <lemma type="patch"/>
                    <dep head="22-2" type="prep"/>
                </token>
                <token content="," id="22-20"/>
                <token content="starting" id="22-21">
                    <pos type="VBG"/>
                    <lemma type="start"/>
                    <dep head="22-2" type="conj"/>
                </token>
                <token content="at" id="22-22"/>
                <token content="its" id="22-23">
                    <pos type="PRP$"/>
                    <lemma type="its"/>
                </token>
                <token content="center" id="22-24">
                    <pos type="NN"/>
                    <lemma type="center"/>
                    <dep head="22-21" type="prep"/>
                </token>
                <token content="," id="22-25"/>
                <token content="and" id="22-26"/>
                <token content="being" id="22-27">
                    <pos type="VBG"/>
                    <lemma type="be"/>
                </token>
                <token content="careful" id="22-28">
                    <pos type="JJ"/>
                    <lemma type="careful"/>
                    <dep head="22-21" type="conj"/>
                </token>
                <token content="not" id="22-29">
                    <pos type="RB"/>
                    <lemma type="not"/>
                    <dep head="22-31" type="neg"/>
                </token>
                <token content="to" id="22-30">
                    <pos type="TO"/>
                    <lemma type="to"/>
                    <dep head="22-31" type="aux"/>
                </token>
                <token content="glue" id="22-31">
                    <pos type="VB"/>
                    <lemma type="glue"/>
                </token>
                <token content="the" id="22-32">
                    <pos type="DT"/>
                    <lemma type="the"/>
                </token>
                <token content="tire" id="22-33">
                    <pos type="NN"/>
                    <lemma type="tire"/>
                    <dep head="22-31" type="dobj"/>
                </token>
                <token content="to" id="22-34"/>
                <token content="itself" id="22-35">
                    <pos type="PRP"/>
                    <lemma type="itself"/>
                    <dep head="22-31" type="prep"/>
                </token>
                <token content="." id="22-36"/>
            </sentence>
            <sentence id="23">
                <token content="Now" id="23-1">
                    <pos type="RB"/>
                    <lemma type="now"/>
                    <dep head="23-4" type="advmod"/>
                </token>
                <token content="I" id="23-2">
                    <pos type="PRP"/>
                    <lemma type="I"/>
                    <dep head="23-4" type="nsubj"/>
                </token>
                <token content="partially" id="23-3">
                    <pos type="RB"/>
                    <lemma type="partially"/>
                    <dep head="23-4" type="advmod"/>
                </token>
                <token content="re-inflate" id="23-4">
                    <pos type="VBP"/>
                    <lemma type="re-inflate"/>
                </token>
                <token content="the" id="23-5">
                    <pos type="DT"/>
                    <lemma type="the"/>
                </token>
                <token content="tube" id="23-6">
                    <pos type="NN"/>
                    <lemma type="tube"/>
                    <dep head="23-4" type="dobj"/>
                </token>
                <token content="," id="23-7"/>
                <token content="and" id="23-8"/>
                <token content="replace" id="23-9">
                    <pos type="VB"/>
                    <lemma type="replace"/>
                    <dep head="23-4" type="conj"/>
                </token>
                <token content="it" id="23-10">
                    <pos type="PRP"/>
                    <lemma type="it"/>
                    <dep head="23-9" type="dobj"/>
                </token>
                <token content="in" id="23-11"/>
                <token content="the" id="23-12">
                    <pos type="DT"/>
                    <lemma type="the"/>
                </token>
                <token content="tire" id="23-13">
                    <pos type="NN"/>
                    <lemma type="tire"/>
                    <dep head="23-9" type="prep"/>
                </token>
                <token content="," id="23-14"/>
                <token content="making" id="23-15">
                    <pos type="VBG"/>
                    <lemma type="make"/>
                    <dep head="23-4" type="conj"/>
                </token>
                <token content="sure" id="23-16">
                    <pos type="JJ"/>
                    <lemma type="sure"/>
                    <dep head="23-15" type="acomp"/>
                </token>
                <token content="the" id="23-17">
                    <pos type="DT"/>
                    <lemma type="the"/>
                </token>
                <token content="spoke" id="23-18">
                    <pos type="JJ"/>
                    <lemma type="spoke"/>
                </token>
                <token content="cushion" id="23-19">
                    <pos type="NN"/>
                    <lemma type="cushion"/>
                </token>
                <token content="stays" id="23-20">
                    <pos type="NNS"/>
                    <lemma type="stay"/>
                </token>
                <token content="in" id="23-21"/>
                <token content="place" id="23-22">
                    <pos type="NN"/>
                    <lemma type="place"/>
                </token>
                <token content="." id="23-23"/>
            </sentence>
            <sentence id="24">
                <token content="I" id="24-1">
                    <pos type="PRP"/>
                    <lemma type="I"/>
                    <dep head="24-2" type="nsubj"/>
                </token>
                <token content="put" id="24-2">
                    <pos type="VBD"/>
                    <lemma type="put"/>
                </token>
                <token content="the" id="24-3">
                    <pos type="DT"/>
                    <lemma type="the"/>
                </token>
                <token content="tire" id="24-4">
                    <pos type="NN"/>
                    <lemma type="tire"/>
                    <dep head="24-2" type="dobj"/>
                </token>
                <token content="on" id="24-5"/>
                <token content="the" id="24-6">
                    <pos type="DT"/>
                    <lemma type="the"/>
                </token>
                <token content="wheel" id="24-7">
                    <pos type="NN"/>
                    <lemma type="wheel"/>
                    <dep head="24-2" type="prep"/>
                </token>
                <token content="," id="24-8"/>
                <token content="and" id="24-9"/>
                <token content="check" id="24-10">
                    <pos type="VBP"/>
                    <lemma type="check"/>
                    <dep head="24-2" type="conj"/>
                </token>
                <token content="to" id="24-11">
                    <pos type="TO"/>
                    <lemma type="to"/>
                    <dep head="24-12" type="aux"/>
                </token>
                <token content="see" id="24-12">
                    <pos type="VB"/>
                    <lemma type="see"/>
                    <dep head="24-10" type="xcomp"/>
                </token>
                <token content="that" id="24-13">
                    <pos type="IN"/>
                    <lemma type="that"/>
                    <dep head="24-17" type="mark"/>
                </token>
                <token content="the" id="24-14">
                    <pos type="DT"/>
                    <lemma type="the"/>
                </token>
                <token content="valve" id="24-15">
                    <pos type="NN"/>
                    <lemma type="valve"/>
                    <dep head="24-17" type="nsubjpass"/>
                </token>
                <token content="is" id="24-16">
                    <pos type="VBZ"/>
                    <lemma type="be"/>
                    <dep head="24-17" type="auxpass"/>
                </token>
                <token content="pointed" id="24-17">
                    <pos type="VBN"/>
                    <lemma type="point"/>
                    <dep head="24-12" type="ccomp"/>
                </token>
                <token content="straight" id="24-18">
                    <pos type="RB"/>
                    <lemma type="straight"/>
                    <dep head="24-17" type="advmod"/>
                </token>
                <token content="to" id="24-19"/>
                <token content="the" id="24-20">
                    <pos type="DT"/>
                    <lemma type="the"/>
                </token>
                <token content="center" id="24-21">
                    <pos type="NN"/>
                    <lemma type="center"/>
                    <dep head="24-17" type="prep"/>
                </token>
                <token content="." id="24-22"/>
            </sentence>
            <sentence id="25">
                <token content="I" id="25-1">
                    <pos type="PRP"/>
                    <lemma type="I"/>
                    <dep head="25-2" type="nsubj"/>
                </token>
                <token content="re-inflate" id="25-2">
                    <pos type="VBP"/>
                    <lemma type="re-inflate"/>
                </token>
                <token content="the" id="25-3">
                    <pos type="DT"/>
                    <lemma type="the"/>
                </token>
                <token content="tube" id="25-4">
                    <pos type="NN"/>
                    <lemma type="tube"/>
                    <dep head="25-2" type="dobj"/>
                </token>
                <token content="," id="25-5"/>
                <token content="and" id="25-6"/>
                <token content="then" id="25-7">
                    <pos type="RB"/>
                    <lemma type="then"/>
                    <dep head="25-8" type="advmod"/>
                </token>
                <token content="replace" id="25-8">
                    <pos type="VB"/>
                    <lemma type="replace"/>
                    <dep head="25-2" type="conj"/>
                </token>
                <token content="the" id="25-9">
                    <pos type="DT"/>
                    <lemma type="the"/>
                </token>
                <token content="wheel" id="25-10">
                    <pos type="NN"/>
                    <lemma type="wheel"/>
                    <dep head="25-8" type="dobj"/>
                </token>
                <token content="and" id="25-11"/>
                <token content="reattach" id="25-12">
                    <pos type="VB"/>
                    <lemma type="reattach"/>
                    <dep head="25-8" type="conj"/>
                </token>
                <token content="it" id="25-13">
                    <pos type="PRP"/>
                    <lemma type="it"/>
                    <dep head="25-12" type="dobj"/>
                </token>
                <token content="and" id="25-14"/>
                <token content="reattach" id="25-15">
                    <pos type="VB"/>
                    <lemma type="reattach"/>
                    <dep head="25-8" type="conj"/>
                </token>
                <token content="the" id="25-16">
                    <pos type="DT"/>
                    <lemma type="the"/>
                </token>
                <token content="brake" id="25-17">
                    <pos type="NN"/>
                    <lemma type="brake"/>
                    <dep head="25-15" type="dobj"/>
                </token>
                <token content="." id="25-18"/>
            </sentence>
            <sentence id="26">
                <token content="And" id="26-1"/>
                <token content="I" id="26-2">
                    <pos type="PRP"/>
                    <lemma type="I"/>
                    <dep head="26-3" type="nsubj"/>
                </token>
                <token content="turn" id="26-3">
                    <pos type="VB"/>
                    <lemma type="turn"/>
                </token>
                <token content="the" id="26-4">
                    <pos type="DT"/>
                    <lemma type="the"/>
                </token>
                <token content="bike" id="26-5">
                    <pos type="NN"/>
                    <lemma type="bike"/>
                    <dep head="26-3" type="dobj"/>
                </token>
                <token content="over" id="26-6">
                    <pos type="RP"/>
                    <lemma type="over"/>
                    <dep head="26-3" type="prt"/>
                </token>
                <token content="again" id="26-7">
                    <pos type="RB"/>
                    <lemma type="again"/>
                    <dep head="26-3" type="advmod"/>
                </token>
                <token content="and" id="26-8"/>
                <token content="ride" id="26-9">
                    <pos type="VB"/>
                    <lemma type="ride"/>
                    <dep head="26-3" type="conj"/>
                </token>
                <token content="." id="26-10"/>
            </sentence>
        </sentences>
    </text>
    <annotations>
        <participants>
            <label from="1-5" id="0" name="ScrPart_spare_tube" text="tube" type="participant"/>
            <label from="1-7" id="1" name="Head_of_Partitive" text="lots" type="participant"/>
            <label from="1-9" id="2" name="NPart" text="time" type="participant"/>
            <label from="1-11" id="3" name="NPart" text="trouble" type="participant"/>
            <label from="1-14" id="4" name="ScrPart_rider" text="I" type="participant"/>
            <label from="1-19" id="5" name="ScrPart_tool" text="patch kit" to="1-20" type="participant"/>
            <label from="1-20" id="6" name="ScrPart_tool" text="kit" type="participant"/>
            <label from="2-4" id="7" name="ScrPart_rider" text="I" type="participant"/>
            <label from="2-8" id="8" name="ScrPart_spare_tube" text="one" type="participant"/>
            <label from="2-10" id="9" name="ScrPart_rider" text="I" type="participant"/>
            <label from="2-15" id="10" name="ScrPart_tire" text="flat" type="participant"/>
            <label from="3-2" id="11" name="ScrPart_rider" text="I" type="participant"/>
            <label from="3-5" id="12" name="ScrPart_bicycle" text="bike" type="participant"/>
            <label from="3-11" id="13" name="ScrPart_bicycle_small_detail" text="brake" type="participant"/>
            <label from="3-15" id="14" name="ScrPart_bicycle_small_detail" text="quick release lever" to="3-17" type="participant"/>
            <label from="3-17" id="15" name="ScrPart_bicycle_small_detail" text="lever" type="participant"/>
            <label from="4-2" id="16" name="ScrPart_rider" text="I" type="participant"/>
            <label from="4-5" id="17" name="ScrPart_tire" text="tire" type="participant"/>
            <label from="4-7" id="18" name="ScrPart_tire" text="its" type="participant"/>
            <label from="4-8" id="19" name="ScrPart_bicycle_small_detail" text="quick release lever" to="4-10" type="participant"/>
            <label from="4-10" id="20" name="ScrPart_bicycle_small_detail" text="lever" type="participant"/>
            <label from="5-2" id="21" name="ScrPart_rider" text="I" type="participant"/>
            <label from="5-5" id="22" name="NPart" text="outside" type="participant"/>
            <label from="5-8" id="23" name="ScrPart_tire" text="tire" type="participant"/>
            <label from="5-15" id="24" name="ScrPart_object_damage" text="source" type="participant"/>
            <label from="5-18" id="25" name="NPart" text="problem" type="participant"/>
            <label from="6-1" id="26" name="ScrPart_rider" text="I" type="participant"/>
            <label from="6-5" id="27" name="ScrPart_object_damage" text="glass" type="participant"/>
            <label from="6-7" id="28" name="ScrPart_object_damage" text="thorns" type="participant"/>
            <label from="6-9" id="29" name="ScrPart_object_damage" text="cuts" type="participant"/>
            <label from="6-11" id="30" name="ScrPart_object_damage" text="tears" type="participant"/>
            <label from="7-2" id="31" name="ScrPart_rider" text="I" type="participant"/>
            <label from="7-6" id="32" name="ScrPart_object_damage" text="object" type="participant"/>
            <label from="7-8" id="33" name="ScrPart_rider" text="I" type="participant"/>
            <label from="7-10" id="34" name="ScrPart_object_damage" text="it" type="participant"/>
            <label from="8-2" id="35" name="ScrPart_rider" text="I" type="participant"/>
            <label from="8-5" id="36" name="ScrPart_tire" text="tire" type="participant"/>
            <label from="9-1" id="37" name="ScrPart_rider" text="I" type="participant"/>
            <label from="9-3" id="38" name="ScrPart_tire" text="it" type="participant"/>
            <label from="9-8" id="39" name="NPart" text="side" type="participant"/>
            <label from="9-11" id="40" name="ScrPart_tire" text="tire" type="participant"/>
            <label from="9-14" id="41" name="NPart" text="middle" type="participant"/>
            <label from="9-20" id="42" name="ScrPart_tire" text="tube" type="participant"/>
            <label from="10-5" id="43" name="ScrPart_rider" text="I" type="participant"/>
            <label from="10-7" id="44" name="ScrPart_tool" text="tire irons" to="10-8" type="participant"/>
            <label from="10-8" id="45" name="ScrPart_tool" text="irons" type="participant"/>
            <label from="10-11" id="46" name="ScrPart_rider" text="I" type="participant"/>
            <label from="10-13" id="47" name="ScrPart_tool" text="them" type="participant"/>
            <label from="11-1" id="48" name="ScrPart_rider" text="I" type="participant"/>
            <label from="11-3" id="49" name="ScrPart_tool" text="one" type="participant"/>
            <label from="11-8" id="50" name="NPart" text="side" type="participant"/>
            <label from="11-11" id="51" name="ScrPart_wheel" text="wheel" type="participant"/>
            <label from="11-14" id="52" name="ScrPart_bicycle_small_detail" text="valve" type="participant"/>
            <label from="11-19" id="53" name="NPart" text="edge" type="participant"/>
            <label from="11-22" id="54" name="ScrPart_tire" text="tire" type="participant"/>
            <label from="11-26" id="55" name="ScrPart_rim" text="rim" type="participant"/>
            <label from="12-2" id="56" name="ScrPart_rider" text="I" type="participant"/>
            <label from="12-7" id="57" name="ScrPart_tool" text="tire iron" to="12-8" type="participant"/>
            <label from="12-8" id="58" name="ScrPart_tool" text="iron" type="participant"/>
            <label from="12-11" id="59" name="ScrPart_bicycle_small_detail" text="spokes" type="participant"/>
            <label from="12-18" id="60" name="NPart" text="section" type="participant"/>
            <label from="12-20" id="61" name="ScrPart_tire" text="tire" type="participant"/>
            <label from="12-28" id="62" name="ScrPart_rim" text="rim" type="participant"/>
            <label from="13-3" id="63" name="No_label" text="it" type="participant"/>
            <label from="13-9" id="64" name="ScrPart_tire" text="tire" type="participant"/>
            <label from="13-13" id="65" name="ScrPart_tire" text="it" type="participant"/>
            <label from="14-1" id="66" name="ScrPart_rider" text="I" type="participant"/>
            <label from="14-5" id="67" name="ScrPart_object_damage" text="leak" type="participant"/>
            <label from="14-8" id="68" name="ScrPart_tire" text="tire" type="participant"/>
            <label from="14-14" id="69" name="ScrPart_tire" text="tube" type="participant"/>
            <label from="15-1" id="70" name="ScrPart_rider" text="I" type="participant"/>
            <label from="15-4" id="71" name="ScrPart_tire" text="tube" type="participant"/>
            <label from="15-8" id="72" name="ScrPart_bicycle_small_detail" text="valve center" to="15-9" type="participant"/>
            <label from="15-9" id="73" name="ScrPart_bicycle_small_detail" text="center" type="participant"/>
            <label from="15-11" id="74" name="ScrPart_rider" text="I" type="participant"/>
            <label from="15-13" id="75" name="ScrPart_air" text="air" type="participant"/>
            <label from="16-2" id="76" name="ScrPart_rider" text="I" type="participant"/>
            <label from="16-7" id="77" name="ScrPart_object_damage" text="leak" type="participant"/>
            <label from="16-9" id="78" name="ScrPart_rider" text="I" type="participant"/>
            <label from="16-12" id="79" name="ScrPart_tire" text="tube" type="participant"/>
            <label from="16-15" id="80" name="NPart" text="bucket" type="participant"/>
            <label from="16-17" id="81" name="NPart" text="water" type="participant"/>
            <label from="16-21" id="82" name="ScrPart_air" text="bubbles" type="participant"/>
            <label from="17-2" id="83" name="ScrPart_rider" text="I" type="participant"/>
            <label from="17-8" id="84" name="ScrPart_rider" text="I" type="participant"/>
            <label from="17-13" id="85" name="ScrPart_rider" text="I" type="participant"/>
            <label from="17-17" id="86" name="ScrPart_bicycle_small_detail" text="valve" type="participant"/>
            <label from="18-1" id="87" name="ScrPart_rider" text="I" type="participant"/>
            <label from="18-5" id="88" name="NPart" text="inside" type="participant"/>
            <label from="18-8" id="89" name="ScrPart_tire" text="tire" type="participant"/>
            <label from="19-3" id="90" name="ScrPart_rider" text="I" type="participant"/>
            <label from="19-6" id="91" name="ScrPart_tool" text="patch kit" to="19-7" type="participant"/>
            <label from="19-7" id="92" name="ScrPart_tool" text="kit" type="participant"/>
            <label from="20-1" id="93" name="ScrPart_rider" text="I" type="participant"/>
            <label from="20-4" id="94" name="NPart" text="outside" type="participant"/>
            <label from="20-7" id="95" name="ScrPart_tire" text="tire" type="participant"/>
            <label from="20-10" id="96" name="ScrPart_object_damage" text="leak" type="participant"/>
            <label from="20-14" id="97" name="ScrPart_rider" text="I" type="participant"/>
            <label from="21-2" id="98" name="ScrPart_rider" text="I" type="participant"/>
            <label from="21-5" id="99" name="NPart" text="area" type="participant"/>
            <label from="21-9" id="100" name="ScrPart_tool" text="thing" type="participant"/>
            <label from="22-1" id="101" name="ScrPart_rider" text="I" type="participant"/>
            <label from="22-5" id="102" name="ScrPart_tool" text="glue" type="participant"/>
            <label from="22-8" id="103" name="ScrPart_tool" text="it" type="participant"/>
            <label from="22-11" id="104" name="ScrPart_tool" text="it" type="participant"/>
            <label from="22-19" id="105" name="ScrPart_patch" text="patch" type="participant"/>
            <label from="22-23" id="106" name="ScrPart_patch" text="its" type="participant"/>
            <label from="22-24" id="107" name="NPart" text="center" type="participant"/>
            <label from="22-33" id="108" name="ScrPart_tire" text="tire" type="participant"/>
            <label from="22-35" id="109" name="ScrPart_tire" text="itself" type="participant"/>
            <label from="23-2" id="110" name="ScrPart_rider" text="I" type="participant"/>
            <label from="23-6" id="111" name="ScrPart_tire" text="tube" type="participant"/>
            <label from="23-10" id="112" name="ScrPart_tire" text="it" type="participant"/>
            <label from="23-13" id="113" name="ScrPart_tire" text="tire" type="participant"/>
            <label from="23-18" id="114" name="ScrPart_bicycle_small_detail" text="spoke cushion" to="23-19" type="participant"/>
            <label from="23-19" id="115" name="ScrPart_bicycle_small_detail" text="cushion" type="participant"/>
            <label from="23-22" id="116" name="No_label" text="place" type="participant"/>
            <label from="24-1" id="117" name="ScrPart_rider" text="I" type="participant"/>
            <label from="24-4" id="118" name="ScrPart_tire" text="tire" type="participant"/>
            <label from="24-7" id="119" name="ScrPart_wheel" text="wheel" type="participant"/>
            <label from="24-15" id="120" name="ScrPart_bicycle_small_detail" text="valve" type="participant"/>
            <label from="24-21" id="121" name="NPart" text="center" type="participant"/>
            <label from="25-1" id="122" name="ScrPart_rider" text="I" type="participant"/>
            <label from="25-4" id="123" name="ScrPart_tire" text="tube" type="participant"/>
            <label from="25-10" id="124" name="ScrPart_wheel" text="wheel" type="participant"/>
            <label from="25-13" id="125" name="ScrPart_wheel" text="it" type="participant"/>
            <label from="25-17" id="126" name="ScrPart_bicycle_small_detail" text="brake" type="participant"/>
            <label from="26-2" id="127" name="ScrPart_rider" text="I" type="participant"/>
            <label from="26-5" id="128" name="ScrPart_bicycle" text="bike" type="participant"/>
        </participants>
        <events>
            <label from="1-1" id="129" name="UnrelEv" text="Carrying" type="event"/>
            <label from="1-6" id="130" name="UnrelEv" text="saves" type="event"/>
            <label from="1-17" id="131" name="UnrelEv" text="carry" type="event"/>
            <label from="2-7" id="132" name="UnrelEv" text="have" type="event"/>
            <label from="2-13" id="133" name="Evoking" text="fix a flat" to="2-15" type="event"/>
            <label from="3-3" id="134" name="RelNScrEv" text="turn" type="event"/>
            <label from="3-9" id="135" name="RelNScrEv" text="remove" type="event"/>
            <label from="3-13" id="136" name="RelNScrEv" text="opening" type="event"/>
            <label from="4-3" id="137" name="ScrEv_take_tire_off" text="remove" type="event"/>
            <label from="5-3" id="138" name="ScrEv_examine_tire" text="inspect" type="event"/>
            <label from="5-11" id="139" name="UnrelEv" text="try" type="event"/>
            <label from="5-13" id="140" name="ScrEv_examine_tire" text="find" type="event"/>
            <label from="6-2" id="141" name="ScrEv_examine_tire" text="look" type="event"/>
            <label from="7-3" id="142" name="RelNScrEv" text="find" type="event"/>
            <label from="7-9" id="143" name="RelNScrEv" text="remove" type="event"/>
            <label from="8-3" id="144" name="ScrEv_take_tire_off" text="take" type="event"/>
            <label from="9-2" id="145" name="RelNScrEv" text="deflate" type="event"/>
            <label from="9-6" id="146" name="RelNScrEv" text="push" type="event"/>
            <label from="9-16" id="147" name="UnrelEv" text="trying" type="event"/>
            <label from="9-18" id="148" name="ScrEv_take_tire_off" text="expose" type="event"/>
            <label from="10-3" id="149" name="UnrelEv" text="fails" type="event"/>
            <label from="10-6" id="150" name="UnrelEv" text="use" type="event"/>
            <label from="10-12" id="151" name="UnrelEv" text="have" type="event"/>
            <label from="11-2" id="152" name="RelNScrEv" text="shove" type="event"/>
            <label from="11-17" id="153" name="RelNScrEv" text="lever" type="event"/>
            <label from="12-3" id="154" name="RelNScrEv" text="put in" to="12-4" type="event"/>
            <label from="12-14" id="155" name="UnrelEv" text="try" type="event"/>
            <label from="12-16" id="156" name="RelNScrEv" text="lift" type="event"/>
            <label from="13-2" id="157" name="UnrelEv" text="makes" type="event"/>
            <label from="13-6" id="158" name="ScrEv_take_tire_off" text="take" type="event"/>
            <label from="13-12" id="159" name="ScrEv_remove_tire" text="remove" type="event"/>
            <label from="14-2" id="160" name="ScrEv_examine_tire" text="look" type="event"/>
            <label from="15-2" id="161" name="RelNScrEv" text="deflate" type="event"/>
            <label from="15-6" id="162" name="RelNScrEv" text="pushing" type="event"/>
            <label from="15-12" id="163" name="UnrelEv" text="hear" type="event"/>
            <label from="15-14" id="164" name="UnrelEv" text="hiss" type="event"/>
            <label from="16-5" id="165" name="RelNScrEv" text="find" type="event"/>
            <label from="16-10" id="166" name="RelNScrEv" text="put" type="event"/>
            <label from="16-19" id="167" name="ScrEv_examine_tire" text="look" type="event"/>
            <label from="17-5" id="168" name="UnrelEv" text="do" type="event"/>
            <label from="17-9" id="169" name="RelNScrEv" text="listen" type="event"/>
            <label from="17-14" id="170" name="ScrEv_examine_tire" text="look" type="event"/>
            <label from="18-3" id="171" name="ScrEv_examine_tire" text="inspect" type="event"/>
            <label from="19-4" id="172" name="UnrelEv" text="need" type="event"/>
            <label from="20-2" id="173" name="RelNScrEv" text="clean" type="event"/>
            <label from="20-15" id="174" name="UnrelEv" text="can" type="event"/>
            <label from="21-3" id="175" name="RelNScrEv" text="roughen" type="event"/>
            <label from="21-10" id="176" name="UnrelEv" text="provided" type="event"/>
            <label from="22-2" id="177" name="RelNScrEv" text="spread" type="event"/>
            <label from="22-4" id="178" name="UnrelEv" text="foul-smelling" type="event"/>
            <label from="22-7" id="179" name="UnrelEv" text="let" type="event"/>
            <label from="22-9" id="180" name="RelNScrEv" text="dry" type="event"/>
            <label from="22-12" id="181" name="UnrelEv" text="is" type="event"/>
            <label from="22-16" id="182" name="ScrEv_put_patch/seal" text="press on" to="22-17" type="event"/>
            <label from="22-21" id="183" name="UnrelEv" text="starting" type="event"/>
            <label from="22-27" id="184" name="UnrelEv" text="being" type="event"/>
            <label from="22-31" id="185" name="UnrelEv" text="glue" type="event"/>
            <label from="23-4" id="186" name="ScrEv_refill_tire_air" text="re-inflate" type="event"/>
            <label from="23-9" id="187" name="ScrEv_put_new_tire" text="replace" type="event"/>
            <label from="23-15" id="188" name="UnrelEv" text="making sure" to="23-16" type="event"/>
            <label from="23-20" id="189" name="UnrelEv" text="stays" type="event"/>
            <label from="24-2" id="190" name="ScrEv_put_new_tire" text="put" type="event"/>
            <label from="24-10" id="191" name="ScrEv_check_new_tire" text="check" type="event"/>
            <label from="24-12" id="192" name="UnrelEv" text="see" type="event"/>
            <label from="24-17" id="193" name="UnrelEv" text="pointed" type="event"/>
            <label from="25-2" id="194" name="ScrEv_refill_tire_air" text="re-inflate" type="event"/>
            <label from="25-8" id="195" name="ScrEv_other" text="replace" type="event"/>
            <label from="25-12" id="196" name="RelNScrEv" text="reattach" type="event"/>
            <label from="25-15" id="197" name="RelNScrEv" text="reattach" type="event"/>
            <label from="26-3" id="198" name="RelNScrEv" text="turn" type="event"/>
            <label from="26-9" id="199" name="ScrEv_ride_bike" text="ride" type="event"/>
        </events>
        <chains>
            <chain elements="4 7 9 11 16 21 26 31 33 35 37 43 46 48 56 66 70 74 76 78 83 84 85 87 90 93 97 98 101 110 117 122 127"/>
            <chain elements="0 8"/>
            <chain elements="10 17 18 23 36 38 40 54 61 64 65 68 89 95 108 109 113 118"/>
            <chain elements="24 27 28 29 30" name="group_objects"/>
            <chain elements="24 32 34 67 77 96"/>
            <chain elements="45 47"/>
            <chain elements="47 49 58" name="group_tire_irons"/>
            <chain elements="55 62"/>
            <chain elements="42 69 71 79 111 112 123"/>
            <chain elements="52 73 86 120"/>
            <chain elements="75 82"/>
            <chain elements="6 92"/>
            <chain elements="102 103 104"/>
            <chain elements="105 106"/>
            <chain elements="51 119 124 125"/>
            <chain elements="13 126"/>
            <chain elements="12 128"/>
        </chains>
    </annotations>
</story>
