<?xml version="1.0" encoding="UTF-8" standalone="no"?>
<!DOCTYPE story SYSTEM "../InScript.dtd">
<story id="079" scenario="bicycle">
    <text>
        <content>My husband and I are huge health junkies . 
We ride our bikes to and from work everyday . 
Yes , we own a car but we love getting that extra thirty minute workout everyday . 
Last week , I rode over a piece of cracked glass from a bottle . 
The tire on my bike slowly began to deflate . 
I called my husband to come get me and we took the bike home to get fixed . 
I washed it with soapy water to see where the hole was . 
I got out my air pump and began to pump . 
The part where there was a hole blew out air around the wet wheel . 
I got a bike patch and just stuff it on over the spot once the wheel had dried . 
Put some more air into the tire and test drove it around the street and back . 
My sweet bicycle was back and even better than ever . </content>
        <sentences>
            <sentence id="1">
                <token content="My" id="1-1">
                    <pos type="PRP$"/>
                    <lemma type="my"/>
                </token>
                <token content="husband" id="1-2">
                    <pos type="NN"/>
                    <lemma type="husband"/>
                </token>
                <token content="and" id="1-3"/>
                <token content="I" id="1-4">
                    <pos type="PRP"/>
                    <lemma type="I"/>
                </token>
                <token content="are" id="1-5">
                    <pos type="VBP"/>
                    <lemma type="be"/>
                </token>
                <token content="huge" id="1-6">
                    <pos type="JJ"/>
                    <lemma type="huge"/>
                </token>
                <token content="health" id="1-7">
                    <pos type="NN"/>
                    <lemma type="health"/>
                </token>
                <token content="junkies" id="1-8">
                    <pos type="NNS"/>
                    <lemma type="junkie"/>
                </token>
                <token content="." id="1-9"/>
            </sentence>
            <sentence id="2">
                <token content="We" id="2-1">
                    <pos type="PRP"/>
                    <lemma type="we"/>
                    <dep head="2-2" type="nsubj"/>
                </token>
                <token content="ride" id="2-2">
                    <pos type="VBP"/>
                    <lemma type="ride"/>
                    <dep head="2-2" type="conj"/>
                </token>
                <token content="our" id="2-3">
                    <pos type="PRP$"/>
                    <lemma type="we"/>
                </token>
                <token content="bikes" id="2-4">
                    <pos type="NNS"/>
                    <lemma type="bike"/>
                    <dep head="2-2" type="dobj"/>
                </token>
                <token content="to" id="2-5"/>
                <token content="and" id="2-6"/>
                <token content="from" id="2-7"/>
                <token content="work" id="2-8">
                    <pos type="NN"/>
                    <lemma type="work"/>
                    <dep head="2-2" type="prep"/>
                </token>
                <token content="everyday" id="2-9">
                    <pos type="JJ"/>
                    <lemma type="everyday"/>
                </token>
                <token content="." id="2-10"/>
            </sentence>
            <sentence id="3">
                <token content="Yes" id="3-1">
                    <pos type="UH"/>
                    <lemma type="yes"/>
                    <dep head="3-4" type="discourse"/>
                </token>
                <token content="," id="3-2"/>
                <token content="we" id="3-3">
                    <pos type="PRP"/>
                    <lemma type="we"/>
                    <dep head="3-4" type="nsubj"/>
                </token>
                <token content="own" id="3-4">
                    <pos type="VBP"/>
                    <lemma type="own"/>
                </token>
                <token content="a" id="3-5">
                    <pos type="DT"/>
                    <lemma type="a"/>
                </token>
                <token content="car" id="3-6">
                    <pos type="NN"/>
                    <lemma type="car"/>
                    <dep head="3-4" type="dobj"/>
                </token>
                <token content="but" id="3-7"/>
                <token content="we" id="3-8">
                    <pos type="PRP"/>
                    <lemma type="we"/>
                    <dep head="3-9" type="nsubj"/>
                </token>
                <token content="love" id="3-9">
                    <pos type="VBP"/>
                    <lemma type="love"/>
                    <dep head="3-4" type="conj"/>
                </token>
                <token content="getting" id="3-10">
                    <pos type="VBG"/>
                    <lemma type="get"/>
                    <dep head="3-9" type="xcomp"/>
                </token>
                <token content="that" id="3-11">
                    <pos type="DT"/>
                    <lemma type="that"/>
                </token>
                <token content="extra" id="3-12">
                    <pos type="JJ"/>
                    <lemma type="extra"/>
                </token>
                <token content="thirty" id="3-13">
                    <pos type="CD"/>
                    <lemma type="thirty"/>
                </token>
                <token content="minute" id="3-14">
                    <pos type="NN"/>
                    <lemma type="minute"/>
                </token>
                <token content="workout" id="3-15">
                    <pos type="NN"/>
                    <lemma type="workout"/>
                    <dep head="3-10" type="iobj"/>
                </token>
                <token content="everyday" id="3-16">
                    <pos type="NN"/>
                    <lemma type="everyday"/>
                    <dep head="3-10" type="dobj"/>
                </token>
                <token content="." id="3-17"/>
            </sentence>
            <sentence id="4">
                <token content="Last" id="4-1">
                    <pos type="JJ"/>
                    <lemma type="last"/>
                </token>
                <token content="week" id="4-2">
                    <pos type="NN"/>
                    <lemma type="week"/>
                    <dep head="4-5" type="tmod"/>
                </token>
                <token content="," id="4-3"/>
                <token content="I" id="4-4">
                    <pos type="PRP"/>
                    <lemma type="I"/>
                    <dep head="4-5" type="nsubj"/>
                </token>
                <token content="rode" id="4-5">
                    <pos type="VBD"/>
                    <lemma type="ride"/>
                </token>
                <token content="over" id="4-6">
                    <pos type="RP"/>
                    <lemma type="over"/>
                    <dep head="4-5" type="prt"/>
                </token>
                <token content="a" id="4-7">
                    <pos type="DT"/>
                    <lemma type="a"/>
                </token>
                <token content="piece" id="4-8">
                    <pos type="NN"/>
                    <lemma type="piece"/>
                    <dep head="4-5" type="dobj"/>
                </token>
                <token content="of" id="4-9"/>
                <token content="cracked" id="4-10">
                    <pos type="VBN"/>
                    <lemma type="crack"/>
                </token>
                <token content="glass" id="4-11">
                    <pos type="NN"/>
                    <lemma type="glass"/>
                </token>
                <token content="from" id="4-12"/>
                <token content="a" id="4-13">
                    <pos type="DT"/>
                    <lemma type="a"/>
                </token>
                <token content="bottle" id="4-14">
                    <pos type="NN"/>
                    <lemma type="bottle"/>
                </token>
                <token content="." id="4-15"/>
            </sentence>
            <sentence id="5">
                <token content="The" id="5-1">
                    <pos type="DT"/>
                    <lemma type="the"/>
                </token>
                <token content="tire" id="5-2">
                    <pos type="NN"/>
                    <lemma type="tire"/>
                    <dep head="5-7" type="nsubj"/>
                </token>
                <token content="on" id="5-3"/>
                <token content="my" id="5-4">
                    <pos type="PRP$"/>
                    <lemma type="my"/>
                </token>
                <token content="bike" id="5-5">
                    <pos type="NN"/>
                    <lemma type="bike"/>
                </token>
                <token content="slowly" id="5-6">
                    <pos type="RB"/>
                    <lemma type="slowly"/>
                    <dep head="5-7" type="advmod"/>
                </token>
                <token content="began" id="5-7">
                    <pos type="VBD"/>
                    <lemma type="begin"/>
                </token>
                <token content="to" id="5-8">
                    <pos type="TO"/>
                    <lemma type="to"/>
                    <dep head="5-9" type="aux"/>
                </token>
                <token content="deflate" id="5-9">
                    <pos type="VB"/>
                    <lemma type="deflate"/>
                    <dep head="5-7" type="xcomp"/>
                </token>
                <token content="." id="5-10"/>
            </sentence>
            <sentence id="6">
                <token content="I" id="6-1">
                    <pos type="PRP"/>
                    <lemma type="I"/>
                    <dep head="6-2" type="nsubj"/>
                </token>
                <token content="called" id="6-2">
                    <pos type="VBD"/>
                    <lemma type="call"/>
                </token>
                <token content="my" id="6-3">
                    <pos type="PRP$"/>
                    <lemma type="my"/>
                </token>
                <token content="husband" id="6-4">
                    <pos type="NN"/>
                    <lemma type="husband"/>
                    <dep head="6-2" type="dobj"/>
                </token>
                <token content="to" id="6-5">
                    <pos type="TO"/>
                    <lemma type="to"/>
                    <dep head="6-6" type="aux"/>
                </token>
                <token content="come" id="6-6">
                    <pos type="VB"/>
                    <lemma type="come"/>
                </token>
                <token content="get" id="6-7">
                    <pos type="VB"/>
                    <lemma type="get"/>
                    <dep head="6-6" type="xcomp"/>
                </token>
                <token content="me" id="6-8">
                    <pos type="PRP"/>
                    <lemma type="I"/>
                    <dep head="6-7" type="dobj"/>
                </token>
                <token content="and" id="6-9"/>
                <token content="we" id="6-10">
                    <pos type="PRP"/>
                    <lemma type="we"/>
                    <dep head="6-11" type="nsubj"/>
                </token>
                <token content="took" id="6-11">
                    <pos type="VBD"/>
                    <lemma type="take"/>
                    <dep head="6-2" type="conj"/>
                </token>
                <token content="the" id="6-12">
                    <pos type="DT"/>
                    <lemma type="the"/>
                </token>
                <token content="bike" id="6-13">
                    <pos type="NN"/>
                    <lemma type="bike"/>
                </token>
                <token content="home" id="6-14">
                    <pos type="NN"/>
                    <lemma type="home"/>
                    <dep head="6-11" type="dobj"/>
                </token>
                <token content="to" id="6-15">
                    <pos type="TO"/>
                    <lemma type="to"/>
                    <dep head="6-17" type="aux"/>
                </token>
                <token content="get" id="6-16">
                    <pos type="VB"/>
                    <lemma type="get"/>
                    <dep head="6-17" type="auxpass"/>
                </token>
                <token content="fixed" id="6-17">
                    <pos type="VBN"/>
                    <lemma type="fix"/>
                    <dep head="6-11" type="vmod"/>
                </token>
                <token content="." id="6-18"/>
            </sentence>
            <sentence id="7">
                <token content="I" id="7-1">
                    <pos type="PRP"/>
                    <lemma type="I"/>
                    <dep head="7-2" type="nsubj"/>
                </token>
                <token content="washed" id="7-2">
                    <pos type="VBD"/>
                    <lemma type="wash"/>
                </token>
                <token content="it" id="7-3">
                    <pos type="PRP"/>
                    <lemma type="it"/>
                    <dep head="7-2" type="dobj"/>
                </token>
                <token content="with" id="7-4"/>
                <token content="soapy" id="7-5">
                    <pos type="JJ"/>
                    <lemma type="soapy"/>
                </token>
                <token content="water" id="7-6">
                    <pos type="NN"/>
                    <lemma type="water"/>
                    <dep head="7-2" type="prep"/>
                </token>
                <token content="to" id="7-7">
                    <pos type="TO"/>
                    <lemma type="to"/>
                    <dep head="7-8" type="aux"/>
                </token>
                <token content="see" id="7-8">
                    <pos type="VB"/>
                    <lemma type="see"/>
                    <dep head="7-2" type="vmod"/>
                </token>
                <token content="where" id="7-9">
                    <pos type="WRB"/>
                    <lemma type="where"/>
                    <dep head="7-12" type="advmod"/>
                </token>
                <token content="the" id="7-10">
                    <pos type="DT"/>
                    <lemma type="the"/>
                </token>
                <token content="hole" id="7-11">
                    <pos type="NN"/>
                    <lemma type="hole"/>
                    <dep head="7-12" type="nsubj"/>
                </token>
                <token content="was" id="7-12">
                    <pos type="VBD"/>
                    <lemma type="be"/>
                    <dep head="7-8" type="advcl"/>
                </token>
                <token content="." id="7-13"/>
            </sentence>
            <sentence id="8">
                <token content="I" id="8-1">
                    <pos type="PRP"/>
                    <lemma type="I"/>
                    <dep head="8-2" type="nsubj"/>
                </token>
                <token content="got" id="8-2">
                    <pos type="VBD"/>
                    <lemma type="get"/>
                </token>
                <token content="out" id="8-3">
                    <pos type="RP"/>
                    <lemma type="out"/>
                    <dep head="8-2" type="prt"/>
                </token>
                <token content="my" id="8-4">
                    <pos type="PRP$"/>
                    <lemma type="my"/>
                </token>
                <token content="air" id="8-5">
                    <pos type="NN"/>
                    <lemma type="air"/>
                </token>
                <token content="pump" id="8-6">
                    <pos type="NN"/>
                    <lemma type="pump"/>
                    <dep head="8-2" type="dobj"/>
                </token>
                <token content="and" id="8-7"/>
                <token content="began" id="8-8">
                    <pos type="VBD"/>
                    <lemma type="begin"/>
                    <dep head="8-2" type="conj"/>
                </token>
                <token content="to" id="8-9">
                    <pos type="TO"/>
                    <lemma type="to"/>
                    <dep head="8-10" type="aux"/>
                </token>
                <token content="pump" id="8-10">
                    <pos type="VB"/>
                    <lemma type="pump"/>
                    <dep head="8-8" type="xcomp"/>
                </token>
                <token content="." id="8-11"/>
            </sentence>
            <sentence id="9">
                <token content="The" id="9-1">
                    <pos type="DT"/>
                    <lemma type="the"/>
                </token>
                <token content="part" id="9-2">
                    <pos type="NN"/>
                    <lemma type="part"/>
                    <dep head="9-8" type="nsubj"/>
                </token>
                <token content="where" id="9-3">
                    <pos type="WRB"/>
                    <lemma type="where"/>
                    <dep head="9-5" type="advmod"/>
                </token>
                <token content="there" id="9-4">
                    <pos type="EX"/>
                    <lemma type="there"/>
                    <dep head="9-5" type="expl"/>
                </token>
                <token content="was" id="9-5">
                    <pos type="VBD"/>
                    <lemma type="be"/>
                </token>
                <token content="a" id="9-6">
                    <pos type="DT"/>
                    <lemma type="a"/>
                </token>
                <token content="hole" id="9-7">
                    <pos type="NN"/>
                    <lemma type="hole"/>
                    <dep head="9-5" type="nsubj"/>
                </token>
                <token content="blew" id="9-8">
                    <pos type="VBD"/>
                    <lemma type="blow"/>
                </token>
                <token content="out" id="9-9">
                    <pos type="RP"/>
                    <lemma type="out"/>
                    <dep head="9-8" type="prt"/>
                </token>
                <token content="air" id="9-10">
                    <pos type="NN"/>
                    <lemma type="air"/>
                    <dep head="9-8" type="dobj"/>
                </token>
                <token content="around" id="9-11"/>
                <token content="the" id="9-12">
                    <pos type="DT"/>
                    <lemma type="the"/>
                </token>
                <token content="wet" id="9-13">
                    <pos type="JJ"/>
                    <lemma type="wet"/>
                </token>
                <token content="wheel" id="9-14">
                    <pos type="NN"/>
                    <lemma type="wheel"/>
                </token>
                <token content="." id="9-15"/>
            </sentence>
            <sentence id="10">
                <token content="I" id="10-1">
                    <pos type="PRP"/>
                    <lemma type="I"/>
                    <dep head="10-2" type="nsubj"/>
                </token>
                <token content="got" id="10-2">
                    <pos type="VBD"/>
                    <lemma type="get"/>
                </token>
                <token content="a" id="10-3">
                    <pos type="DT"/>
                    <lemma type="a"/>
                </token>
                <token content="bike" id="10-4">
                    <pos type="NN"/>
                    <lemma type="bike"/>
                </token>
                <token content="patch" id="10-5">
                    <pos type="NN"/>
                    <lemma type="patch"/>
                    <dep head="10-2" type="dobj"/>
                </token>
                <token content="and" id="10-6"/>
                <token content="just" id="10-7">
                    <pos type="RB"/>
                    <lemma type="just"/>
                    <dep head="10-8" type="advmod"/>
                </token>
                <token content="stuff" id="10-8">
                    <pos type="VBP"/>
                    <lemma type="stuff"/>
                    <dep head="10-2" type="conj"/>
                </token>
                <token content="it" id="10-9">
                    <pos type="PRP"/>
                    <lemma type="it"/>
                    <dep head="10-8" type="dobj"/>
                </token>
                <token content="on" id="10-10">
                    <pos type="RP"/>
                    <lemma type="on"/>
                    <dep head="10-8" type="prt"/>
                </token>
                <token content="over" id="10-11"/>
                <token content="the" id="10-12">
                    <pos type="DT"/>
                    <lemma type="the"/>
                </token>
                <token content="spot" id="10-13">
                    <pos type="NN"/>
                    <lemma type="spot"/>
                    <dep head="10-8" type="prep"/>
                </token>
                <token content="once" id="10-14">
                    <pos type="IN"/>
                    <lemma type="once"/>
                    <dep head="10-18" type="mark"/>
                </token>
                <token content="the" id="10-15">
                    <pos type="DT"/>
                    <lemma type="the"/>
                </token>
                <token content="wheel" id="10-16">
                    <pos type="NN"/>
                    <lemma type="wheel"/>
                    <dep head="10-18" type="nsubj"/>
                </token>
                <token content="had" id="10-17">
                    <pos type="VBD"/>
                    <lemma type="have"/>
                    <dep head="10-18" type="aux"/>
                </token>
                <token content="dried" id="10-18">
                    <pos type="VBD"/>
                    <lemma type="dry"/>
                    <dep head="10-8" type="advcl"/>
                </token>
                <token content="." id="10-19"/>
            </sentence>
            <sentence id="11">
                <token content="Put" id="11-1">
                    <pos type="VB"/>
                    <lemma type="put"/>
                    <dep head="11-10" type="csubj"/>
                </token>
                <token content="some" id="11-2">
                    <pos type="DT"/>
                    <lemma type="some"/>
                </token>
                <token content="more" id="11-3">
                    <pos type="JJR"/>
                    <lemma type="more"/>
                </token>
                <token content="air" id="11-4">
                    <pos type="NN"/>
                    <lemma type="air"/>
                    <dep head="11-1" type="dobj"/>
                </token>
                <token content="into" id="11-5"/>
                <token content="the" id="11-6">
                    <pos type="DT"/>
                    <lemma type="the"/>
                </token>
                <token content="tire" id="11-7">
                    <pos type="NN"/>
                    <lemma type="tire"/>
                    <dep head="11-1" type="prep"/>
                </token>
                <token content="and" id="11-8"/>
                <token content="test" id="11-9">
                    <pos type="NN"/>
                    <lemma type="test"/>
                </token>
                <token content="drove" id="11-10">
                    <pos type="VBD"/>
                    <lemma type="drive"/>
                </token>
                <token content="it" id="11-11">
                    <pos type="PRP"/>
                    <lemma type="it"/>
                    <dep head="11-10" type="dobj"/>
                </token>
                <token content="around" id="11-12"/>
                <token content="the" id="11-13">
                    <pos type="DT"/>
                    <lemma type="the"/>
                </token>
                <token content="street" id="11-14">
                    <pos type="NN"/>
                    <lemma type="street"/>
                    <dep head="11-10" type="prep"/>
                </token>
                <token content="and" id="11-15"/>
                <token content="back" id="11-16">
                    <pos type="NN"/>
                    <lemma type="back"/>
                </token>
                <token content="." id="11-17"/>
            </sentence>
            <sentence id="12">
                <token content="My" id="12-1">
                    <pos type="PRP$"/>
                    <lemma type="my"/>
                </token>
                <token content="sweet" id="12-2">
                    <pos type="JJ"/>
                    <lemma type="sweet"/>
                </token>
                <token content="bicycle" id="12-3">
                    <pos type="NN"/>
                    <lemma type="bicycle"/>
                    <dep head="12-4" type="nsubj"/>
                </token>
                <token content="was" id="12-4">
                    <pos type="VBD"/>
                    <lemma type="be"/>
                </token>
                <token content="back" id="12-5">
                    <pos type="RB"/>
                    <lemma type="back"/>
                    <dep head="12-4" type="advmod"/>
                </token>
                <token content="and" id="12-6"/>
                <token content="even" id="12-7">
                    <pos type="RB"/>
                    <lemma type="even"/>
                </token>
                <token content="better" id="12-8">
                    <pos type="RBR"/>
                    <lemma type="better"/>
                </token>
                <token content="than" id="12-9">
                    <pos type="IN"/>
                    <lemma type="than"/>
                    <dep head="12-4" type="advmod"/>
                </token>
                <token content="ever" id="12-10">
                    <pos type="RB"/>
                    <lemma type="ever"/>
                </token>
                <token content="." id="12-11"/>
            </sentence>
        </sentences>
    </text>
    <annotations>
        <participants>
            <label from="1-1" id="0" name="ScrPart_rider" text="My" type="participant"/>
            <label from="1-2" id="1" name="NPart" text="husband" type="participant"/>
            <label from="1-4" id="2" name="ScrPart_rider" text="I" type="participant"/>
            <label from="1-7" id="3" name="NPart" text="health junkies" to="1-8" type="participant"/>
            <label from="2-1" id="4" name="ScrPart_rider" text="We" type="participant"/>
            <label from="2-3" id="5" name="ScrPart_rider" text="our" type="participant"/>
            <label from="2-4" id="6" name="ScrPart_bicycle" text="bikes" type="participant"/>
            <label from="2-8" id="7" name="NPart" text="work" type="participant"/>
            <label from="3-3" id="8" name="ScrPart_rider" text="we" type="participant"/>
            <label from="3-6" id="9" name="NPart" text="car" type="participant"/>
            <label from="3-8" id="10" name="ScrPart_rider" text="we" type="participant"/>
            <label from="3-15" id="11" name="NPart" text="workout" type="participant"/>
            <label from="4-2" id="12" name="NPart" text="week" type="participant"/>
            <label from="4-4" id="13" name="ScrPart_rider" text="I" type="participant"/>
            <label from="4-8" id="14" name="Head_of_Partitive" text="piece" type="participant"/>
            <label from="4-11" id="15" name="ScrPart_object_damage" text="glass" type="participant"/>
            <label from="4-14" id="16" name="NPart" text="bottle" type="participant"/>
            <label from="5-2" id="17" name="ScrPart_tire" text="tire" type="participant"/>
            <label from="5-4" id="18" name="ScrPart_rider" text="my" type="participant"/>
            <label from="5-5" id="19" name="ScrPart_bicycle" text="bike" type="participant"/>
            <label from="6-1" id="20" name="ScrPart_rider" text="I" type="participant"/>
            <label from="6-3" id="21" name="ScrPart_rider" text="my" type="participant"/>
            <label from="6-4" id="22" name="NPart" text="husband" type="participant"/>
            <label from="6-8" id="23" name="ScrPart_rider" text="me" type="participant"/>
            <label from="6-10" id="24" name="ScrPart_other" text="we" type="participant"/>
            <label from="6-13" id="25" name="ScrPart_bicycle" text="bike" type="participant"/>
            <label from="6-14" id="26" name="No_label" text="home" type="participant"/>
            <label from="7-1" id="27" name="ScrPart_rider" text="I" type="participant"/>
            <label from="7-3" id="28" name="ScrPart_bicycle" text="it" type="participant"/>
            <label from="7-6" id="29" name="ScrPart_other" text="water" type="participant"/>
            <label from="7-11" id="30" name="ScrPart_damage" text="hole" type="participant"/>
            <label from="8-1" id="31" name="ScrPart_rider" text="I" type="participant"/>
            <label from="8-4" id="32" name="ScrPart_rider" text="my" type="participant"/>
            <label from="8-5" id="33" name="ScrPart_tool" text="air pump" to="8-6" type="participant"/>
            <label from="8-6" id="34" name="ScrPart_tool" text="pump" type="participant"/>
            <label from="9-2" id="35" name="NPart" text="part" type="participant"/>
            <label from="9-7" id="36" name="ScrPart_damage" text="hole" type="participant"/>
            <label from="9-10" id="37" name="ScrPart_air" text="air" type="participant"/>
            <label from="9-14" id="38" name="ScrPart_tire" text="wheel" type="participant"/>
            <label from="10-1" id="39" name="ScrPart_rider" text="I" type="participant"/>
            <label from="10-5" id="40" name="ScrPart_patch" text="patch" type="participant"/>
            <label from="10-9" id="41" name="ScrPart_patch" text="it" type="participant"/>
            <label from="10-13" id="42" name="NPart" text="spot" type="participant"/>
            <label from="10-16" id="43" name="ScrPart_tire" text="wheel" type="participant"/>
            <label from="11-4" id="44" name="ScrPart_air" text="air" type="participant"/>
            <label from="11-7" id="45" name="ScrPart_tire" text="tire" type="participant"/>
            <label from="11-9" id="46" name="NPart" text="test" type="participant"/>
            <label from="11-11" id="47" name="ScrPart_bicycle" text="it" type="participant"/>
            <label from="11-14" id="48" name="NPart" text="street" type="participant"/>
            <label from="12-1" id="49" name="ScrPart_rider" text="My" type="participant"/>
            <label from="12-3" id="50" name="ScrPart_bicycle" text="bicycle" type="participant"/>
        </participants>
        <events>
            <label from="1-5" id="51" name="UnrelEv" text="are" type="event"/>
            <label from="2-2" id="52" name="ScrEv_ride_bike" text="ride" type="event"/>
            <label from="3-4" id="53" name="UnrelEv" text="own" type="event"/>
            <label from="3-9" id="54" name="UnrelEv" text="love" type="event"/>
            <label from="3-10" id="55" name="UnrelEv" text="getting" type="event"/>
            <label from="4-5" id="56" name="ScrEv_ride_bike" text="rode" type="event"/>
            <label from="4-10" id="57" name="UnrelEv" text="cracked" type="event"/>
            <label from="5-7" id="58" name="UnrelEv" text="began" type="event"/>
            <label from="5-9" id="59" name="RelNScrEv" text="deflate" type="event"/>
            <label from="6-2" id="60" name="UnrelEv" text="called" type="event"/>
            <label from="6-6" id="61" name="UnrelEv" text="come" type="event"/>
            <label from="6-7" id="62" name="UnrelEv" text="get" type="event"/>
            <label from="6-11" id="63" name="ScrEv_other" text="took" type="event"/>
            <label from="6-16" id="64" name="Evoking" text="get fixed" to="6-17" type="event"/>
            <label from="7-2" id="65" name="ScrEv_other" text="washed" type="event"/>
            <label from="7-8" id="66" name="UnrelEv" text="see" type="event"/>
            <label from="7-12" id="67" name="UnrelEv" text="was" type="event"/>
            <label from="8-2" id="68" name="ScrEv_get_tools" text="got out" to="8-3" type="event"/>
            <label from="8-2" id="69" name="ScrEv_get_tools" text="got" type="event"/>
            <label from="8-8" id="70" name="UnrelEv" text="began" type="event"/>
            <label from="8-10" id="71" name="ScrEv_other" text="pump" type="event"/>
            <label from="9-5" id="72" name="UnrelEv" text="was" type="event"/>
            <label from="9-8" id="73" name="RelNScrEv" text="blew out" to="9-9" type="event"/>
            <label from="9-8" id="74" name="RelNScrEv" text="blew" type="event"/>
            <label from="10-2" id="75" name="ScrEv_get_tools" text="got" type="event"/>
            <label from="10-8" id="76" name="ScrEv_put_patch/seal" text="stuff" type="event"/>
            <label from="10-18" id="77" name="UnrelEv" text="dried" type="event"/>
            <label from="11-1" id="78" name="ScrEv_refill_tire_air" text="Put" type="event"/>
            <label from="11-9" id="79" name="ScrEv_ride_bike" text="test drove" to="11-10" type="event"/>
            <label from="11-10" id="80" name="ScrEv_ride_bike" text="drove" type="event"/>
            <label from="12-4" id="81" name="UnrelEv" text="was" type="event"/>
        </events>
        <chains>
            <chain elements="0 1 4" name="group_I_husband"/>
            <chain elements="0 2 13 18 20 21 23 27 31 32 39 49"/>
            <chain elements="4 5 8 10"/>
            <chain elements="6 19 25 50 47"/>
            <chain elements="1 22"/>
            <chain elements="30 36"/>
            <chain elements="40 41"/>
            <chain elements="38 43 45"/>
        </chains>
    </annotations>
</story>
