<?xml version="1.0" encoding="UTF-8" standalone="no"?>
<!DOCTYPE story SYSTEM "../InScript.dtd">
<story id="055" scenario="bicycle">
    <text>
        <content>I was riding my bicycle down a beautiful country road on a sunny , summer day . 
When all of a sudden , I felt something was wrong . 
I stopped my bike , got off and looked down . 
My front tire had gone flat . 
I must have ridden over something sharp to puncture it . 
So I pulled out my gear bag that I had strapped to my bike . 
I found an extra rubber tire liner and the tools needed to repair it . 
I took the wheel off my bike so it would be easier to work on . 
I removed the punctured rubber tire liner from the wheel . 
I replaced it with the new one using my tools . 
I then used a special little cartridge I had brought with me that was filled with pressurized carbon dioxide to pump my new tire up . 
Once it was done , I placed it back on my bike and continued on with my ride . </content>
        <sentences>
            <sentence id="1">
                <token content="I" id="1-1">
                    <pos type="PRP"/>
                    <lemma type="I"/>
                    <dep head="1-3" type="nsubj"/>
                </token>
                <token content="was" id="1-2">
                    <pos type="VBD"/>
                    <lemma type="be"/>
                    <dep head="1-3" type="aux"/>
                </token>
                <token content="riding" id="1-3">
                    <pos type="VBG"/>
                    <lemma type="ride"/>
                </token>
                <token content="my" id="1-4">
                    <pos type="PRP$"/>
                    <lemma type="my"/>
                </token>
                <token content="bicycle" id="1-5">
                    <pos type="NN"/>
                    <lemma type="bicycle"/>
                    <dep head="1-3" type="dobj"/>
                </token>
                <token content="down" id="1-6"/>
                <token content="a" id="1-7">
                    <pos type="DT"/>
                    <lemma type="a"/>
                </token>
                <token content="beautiful" id="1-8">
                    <pos type="JJ"/>
                    <lemma type="beautiful"/>
                </token>
                <token content="country" id="1-9">
                    <pos type="NN"/>
                    <lemma type="country"/>
                </token>
                <token content="road" id="1-10">
                    <pos type="NN"/>
                    <lemma type="road"/>
                    <dep head="1-3" type="prep"/>
                </token>
                <token content="on" id="1-11"/>
                <token content="a" id="1-12">
                    <pos type="DT"/>
                    <lemma type="a"/>
                </token>
                <token content="sunny" id="1-13">
                    <pos type="JJ"/>
                    <lemma type="sunny"/>
                </token>
                <token content="," id="1-14"/>
                <token content="summer" id="1-15">
                    <pos type="NN"/>
                    <lemma type="summer"/>
                </token>
                <token content="day" id="1-16">
                    <pos type="NN"/>
                    <lemma type="day"/>
                </token>
                <token content="." id="1-17"/>
            </sentence>
            <sentence id="2">
                <token content="When" id="2-1">
                    <pos type="WRB"/>
                    <lemma type="when"/>
                </token>
                <token content="all" id="2-2">
                    <pos type="DT"/>
                    <lemma type="all"/>
                    <dep head="2-8" type="advcl"/>
                </token>
                <token content="of" id="2-3"/>
                <token content="a" id="2-4">
                    <pos type="DT"/>
                    <lemma type="a"/>
                </token>
                <token content="sudden" id="2-5">
                    <pos type="JJ"/>
                    <lemma type="sudden"/>
                </token>
                <token content="," id="2-6"/>
                <token content="I" id="2-7">
                    <pos type="PRP"/>
                    <lemma type="I"/>
                    <dep head="2-8" type="nsubj"/>
                </token>
                <token content="felt" id="2-8">
                    <pos type="VBD"/>
                    <lemma type="feel"/>
                </token>
                <token content="something" id="2-9">
                    <pos type="NN"/>
                    <lemma type="something"/>
                </token>
                <token content="was" id="2-10">
                    <pos type="VBD"/>
                    <lemma type="be"/>
                </token>
                <token content="wrong" id="2-11">
                    <pos type="JJ"/>
                    <lemma type="wrong"/>
                    <dep head="2-8" type="ccomp"/>
                </token>
                <token content="." id="2-12"/>
            </sentence>
            <sentence id="3">
                <token content="I" id="3-1">
                    <pos type="PRP"/>
                    <lemma type="I"/>
                    <dep head="3-2" type="nsubj"/>
                </token>
                <token content="stopped" id="3-2">
                    <pos type="VBD"/>
                    <lemma type="stop"/>
                </token>
                <token content="my" id="3-3">
                    <pos type="PRP$"/>
                    <lemma type="my"/>
                </token>
                <token content="bike" id="3-4">
                    <pos type="NN"/>
                    <lemma type="bike"/>
                    <dep head="3-2" type="dobj"/>
                </token>
                <token content="," id="3-5"/>
                <token content="got" id="3-6">
                    <pos type="VBD"/>
                    <lemma type="get"/>
                    <dep head="3-2" type="conj"/>
                </token>
                <token content="off" id="3-7">
                    <pos type="RP"/>
                    <lemma type="off"/>
                    <dep head="3-6" type="prt"/>
                </token>
                <token content="and" id="3-8"/>
                <token content="looked" id="3-9">
                    <pos type="VBD"/>
                    <lemma type="look"/>
                    <dep head="3-2" type="conj"/>
                </token>
                <token content="down" id="3-10">
                    <pos type="RP"/>
                    <lemma type="down"/>
                    <dep head="3-9" type="prt"/>
                </token>
                <token content="." id="3-11"/>
            </sentence>
            <sentence id="4">
                <token content="My" id="4-1">
                    <pos type="PRP$"/>
                    <lemma type="my"/>
                </token>
                <token content="front" id="4-2">
                    <pos type="JJ"/>
                    <lemma type="front"/>
                </token>
                <token content="tire" id="4-3">
                    <pos type="NN"/>
                    <lemma type="tire"/>
                    <dep head="4-5" type="nsubj"/>
                </token>
                <token content="had" id="4-4">
                    <pos type="VBD"/>
                    <lemma type="have"/>
                    <dep head="4-5" type="aux"/>
                </token>
                <token content="gone" id="4-5">
                    <pos type="VBN"/>
                    <lemma type="go"/>
                </token>
                <token content="flat" id="4-6">
                    <pos type="JJ"/>
                    <lemma type="flat"/>
                    <dep head="4-5" type="acomp"/>
                </token>
                <token content="." id="4-7"/>
            </sentence>
            <sentence id="5">
                <token content="I" id="5-1">
                    <pos type="PRP"/>
                    <lemma type="I"/>
                    <dep head="5-4" type="nsubj"/>
                </token>
                <token content="must" id="5-2">
                    <pos type="MD"/>
                    <lemma type="must"/>
                    <dep head="5-4" type="aux"/>
                </token>
                <token content="have" id="5-3">
                    <pos type="VB"/>
                    <lemma type="have"/>
                    <dep head="5-4" type="aux"/>
                </token>
                <token content="ridden" id="5-4">
                    <pos type="VBN"/>
                    <lemma type="ride"/>
                </token>
                <token content="over" id="5-5"/>
                <token content="something" id="5-6">
                    <pos type="NN"/>
                    <lemma type="something"/>
                    <dep head="5-4" type="prep"/>
                </token>
                <token content="sharp" id="5-7">
                    <pos type="JJ"/>
                    <lemma type="sharp"/>
                </token>
                <token content="to" id="5-8">
                    <pos type="TO"/>
                    <lemma type="to"/>
                    <dep head="5-9" type="aux"/>
                </token>
                <token content="puncture" id="5-9">
                    <pos type="VB"/>
                    <lemma type="puncture"/>
                </token>
                <token content="it" id="5-10">
                    <pos type="PRP"/>
                    <lemma type="it"/>
                    <dep head="5-9" type="dobj"/>
                </token>
                <token content="." id="5-11"/>
            </sentence>
            <sentence id="6">
                <token content="So" id="6-1">
                    <pos type="IN"/>
                    <lemma type="so"/>
                    <dep head="6-3" type="dep"/>
                </token>
                <token content="I" id="6-2">
                    <pos type="PRP"/>
                    <lemma type="I"/>
                    <dep head="6-3" type="nsubj"/>
                </token>
                <token content="pulled" id="6-3">
                    <pos type="VBD"/>
                    <lemma type="pull"/>
                </token>
                <token content="out" id="6-4">
                    <pos type="RP"/>
                    <lemma type="out"/>
                    <dep head="6-3" type="prt"/>
                </token>
                <token content="my" id="6-5">
                    <pos type="PRP$"/>
                    <lemma type="my"/>
                </token>
                <token content="gear" id="6-6">
                    <pos type="NN"/>
                    <lemma type="gear"/>
                </token>
                <token content="bag" id="6-7">
                    <pos type="NN"/>
                    <lemma type="bag"/>
                    <dep head="6-3" type="dobj"/>
                </token>
                <token content="that" id="6-8">
                    <pos type="IN"/>
                    <lemma type="that"/>
                    <dep head="6-11" type="mark"/>
                </token>
                <token content="I" id="6-9">
                    <pos type="PRP"/>
                    <lemma type="I"/>
                    <dep head="6-11" type="nsubj"/>
                </token>
                <token content="had" id="6-10">
                    <pos type="VBD"/>
                    <lemma type="have"/>
                    <dep head="6-11" type="aux"/>
                </token>
                <token content="strapped" id="6-11">
                    <pos type="VBN"/>
                    <lemma type="strap"/>
                    <dep head="6-3" type="ccomp"/>
                </token>
                <token content="to" id="6-12"/>
                <token content="my" id="6-13">
                    <pos type="PRP$"/>
                    <lemma type="my"/>
                </token>
                <token content="bike" id="6-14">
                    <pos type="NN"/>
                    <lemma type="bike"/>
                    <dep head="6-11" type="prep"/>
                </token>
                <token content="." id="6-15"/>
            </sentence>
            <sentence id="7">
                <token content="I" id="7-1">
                    <pos type="PRP"/>
                    <lemma type="I"/>
                    <dep head="7-2" type="nsubj"/>
                </token>
                <token content="found" id="7-2">
                    <pos type="VBD"/>
                    <lemma type="find"/>
                </token>
                <token content="an" id="7-3">
                    <pos type="DT"/>
                    <lemma type="a"/>
                </token>
                <token content="extra" id="7-4">
                    <pos type="JJ"/>
                    <lemma type="extra"/>
                </token>
                <token content="rubber" id="7-5">
                    <pos type="NN"/>
                    <lemma type="rubber"/>
                </token>
                <token content="tire" id="7-6">
                    <pos type="NN"/>
                    <lemma type="tire"/>
                </token>
                <token content="liner" id="7-7">
                    <pos type="NN"/>
                    <lemma type="liner"/>
                    <dep head="7-11" type="nsubj"/>
                </token>
                <token content="and" id="7-8"/>
                <token content="the" id="7-9">
                    <pos type="DT"/>
                    <lemma type="the"/>
                </token>
                <token content="tools" id="7-10">
                    <pos type="NNS"/>
                    <lemma type="tool"/>
                </token>
                <token content="needed" id="7-11">
                    <pos type="VBD"/>
                    <lemma type="need"/>
                    <dep head="7-2" type="ccomp"/>
                </token>
                <token content="to" id="7-12">
                    <pos type="TO"/>
                    <lemma type="to"/>
                    <dep head="7-13" type="aux"/>
                </token>
                <token content="repair" id="7-13">
                    <pos type="VB"/>
                    <lemma type="repair"/>
                    <dep head="7-11" type="xcomp"/>
                </token>
                <token content="it" id="7-14">
                    <pos type="PRP"/>
                    <lemma type="it"/>
                    <dep head="7-13" type="dobj"/>
                </token>
                <token content="." id="7-15"/>
            </sentence>
            <sentence id="8">
                <token content="I" id="8-1">
                    <pos type="PRP"/>
                    <lemma type="I"/>
                    <dep head="8-2" type="nsubj"/>
                </token>
                <token content="took" id="8-2">
                    <pos type="VBD"/>
                    <lemma type="take"/>
                </token>
                <token content="the" id="8-3">
                    <pos type="DT"/>
                    <lemma type="the"/>
                </token>
                <token content="wheel" id="8-4">
                    <pos type="NN"/>
                    <lemma type="wheel"/>
                    <dep head="8-2" type="dobj"/>
                </token>
                <token content="off" id="8-5"/>
                <token content="my" id="8-6">
                    <pos type="PRP$"/>
                    <lemma type="my"/>
                </token>
                <token content="bike" id="8-7">
                    <pos type="NN"/>
                    <lemma type="bike"/>
                    <dep head="8-2" type="prep"/>
                </token>
                <token content="so" id="8-8">
                    <pos type="IN"/>
                    <lemma type="so"/>
                </token>
                <token content="it" id="8-9">
                    <pos type="PRP"/>
                    <lemma type="it"/>
                </token>
                <token content="would" id="8-10">
                    <pos type="MD"/>
                    <lemma type="would"/>
                </token>
                <token content="be" id="8-11">
                    <pos type="VB"/>
                    <lemma type="be"/>
                </token>
                <token content="easier" id="8-12">
                    <pos type="JJR"/>
                    <lemma type="easier"/>
                    <dep head="8-2" type="advcl"/>
                </token>
                <token content="to" id="8-13">
                    <pos type="TO"/>
                    <lemma type="to"/>
                    <dep head="8-14" type="aux"/>
                </token>
                <token content="work" id="8-14">
                    <pos type="VB"/>
                    <lemma type="work"/>
                </token>
                <token content="on" id="8-15">
                    <pos type="RP"/>
                    <lemma type="on"/>
                    <dep head="8-14" type="prt"/>
                </token>
                <token content="." id="8-16"/>
            </sentence>
            <sentence id="9">
                <token content="I" id="9-1">
                    <pos type="PRP"/>
                    <lemma type="I"/>
                    <dep head="9-2" type="nsubj"/>
                </token>
                <token content="removed" id="9-2">
                    <pos type="VBD"/>
                    <lemma type="remove"/>
                </token>
                <token content="the" id="9-3">
                    <pos type="DT"/>
                    <lemma type="the"/>
                </token>
                <token content="punctured" id="9-4">
                    <pos type="JJ"/>
                    <lemma type="punctured"/>
                </token>
                <token content="rubber" id="9-5">
                    <pos type="NN"/>
                    <lemma type="rubber"/>
                </token>
                <token content="tire" id="9-6">
                    <pos type="NN"/>
                    <lemma type="tire"/>
                </token>
                <token content="liner" id="9-7">
                    <pos type="NN"/>
                    <lemma type="liner"/>
                    <dep head="9-2" type="dobj"/>
                </token>
                <token content="from" id="9-8"/>
                <token content="the" id="9-9">
                    <pos type="DT"/>
                    <lemma type="the"/>
                </token>
                <token content="wheel" id="9-10">
                    <pos type="NN"/>
                    <lemma type="wheel"/>
                    <dep head="9-2" type="prep"/>
                </token>
                <token content="." id="9-11"/>
            </sentence>
            <sentence id="10">
                <token content="I" id="10-1">
                    <pos type="PRP"/>
                    <lemma type="I"/>
                    <dep head="10-2" type="nsubj"/>
                </token>
                <token content="replaced" id="10-2">
                    <pos type="VBD"/>
                    <lemma type="replace"/>
                </token>
                <token content="it" id="10-3">
                    <pos type="PRP"/>
                    <lemma type="it"/>
                    <dep head="10-2" type="dobj"/>
                </token>
                <token content="with" id="10-4"/>
                <token content="the" id="10-5">
                    <pos type="DT"/>
                    <lemma type="the"/>
                </token>
                <token content="new" id="10-6">
                    <pos type="JJ"/>
                    <lemma type="new"/>
                </token>
                <token content="one" id="10-7">
                    <pos type="NN"/>
                    <lemma type="one"/>
                    <dep head="10-2" type="prep"/>
                </token>
                <token content="using" id="10-8">
                    <pos type="VBG"/>
                    <lemma type="use"/>
                </token>
                <token content="my" id="10-9">
                    <pos type="PRP$"/>
                    <lemma type="my"/>
                </token>
                <token content="tools" id="10-10">
                    <pos type="NNS"/>
                    <lemma type="tool"/>
                    <dep head="10-8" type="dobj"/>
                </token>
                <token content="." id="10-11"/>
            </sentence>
            <sentence id="11">
                <token content="I" id="11-1">
                    <pos type="PRP"/>
                    <lemma type="I"/>
                    <dep head="11-3" type="nsubj"/>
                </token>
                <token content="then" id="11-2">
                    <pos type="RB"/>
                    <lemma type="then"/>
                    <dep head="11-3" type="advmod"/>
                </token>
                <token content="used" id="11-3">
                    <pos type="VBD"/>
                    <lemma type="use"/>
                </token>
                <token content="a" id="11-4">
                    <pos type="DT"/>
                    <lemma type="a"/>
                </token>
                <token content="special" id="11-5">
                    <pos type="JJ"/>
                    <lemma type="special"/>
                </token>
                <token content="little" id="11-6">
                    <pos type="JJ"/>
                    <lemma type="little"/>
                </token>
                <token content="cartridge" id="11-7">
                    <pos type="NN"/>
                    <lemma type="cartridge"/>
                    <dep head="11-3" type="dobj"/>
                </token>
                <token content="I" id="11-8">
                    <pos type="PRP"/>
                    <lemma type="I"/>
                    <dep head="11-10" type="nsubj"/>
                </token>
                <token content="had" id="11-9">
                    <pos type="VBD"/>
                    <lemma type="have"/>
                    <dep head="11-10" type="aux"/>
                </token>
                <token content="brought" id="11-10">
                    <pos type="VBN"/>
                    <lemma type="bring"/>
                </token>
                <token content="with" id="11-11"/>
                <token content="me" id="11-12">
                    <pos type="PRP"/>
                    <lemma type="I"/>
                    <dep head="11-10" type="prep"/>
                </token>
                <token content="that" id="11-13">
                    <pos type="WDT"/>
                    <lemma type="that"/>
                    <dep head="11-15" type="nsubjpass"/>
                </token>
                <token content="was" id="11-14">
                    <pos type="VBD"/>
                    <lemma type="be"/>
                    <dep head="11-15" type="auxpass"/>
                </token>
                <token content="filled" id="11-15">
                    <pos type="VBN"/>
                    <lemma type="fill"/>
                </token>
                <token content="with" id="11-16"/>
                <token content="pressurized" id="11-17">
                    <pos type="JJ"/>
                    <lemma type="pressurized"/>
                </token>
                <token content="carbon" id="11-18">
                    <pos type="NN"/>
                    <lemma type="carbon"/>
                </token>
                <token content="dioxide" id="11-19">
                    <pos type="NN"/>
                    <lemma type="dioxide"/>
                    <dep head="11-15" type="prep"/>
                </token>
                <token content="to" id="11-20">
                    <pos type="TO"/>
                    <lemma type="to"/>
                    <dep head="11-21" type="aux"/>
                </token>
                <token content="pump" id="11-21">
                    <pos type="VB"/>
                    <lemma type="pump"/>
                    <dep head="11-15" type="xcomp"/>
                </token>
                <token content="my" id="11-22">
                    <pos type="PRP$"/>
                    <lemma type="my"/>
                </token>
                <token content="new" id="11-23">
                    <pos type="JJ"/>
                    <lemma type="new"/>
                </token>
                <token content="tire" id="11-24">
                    <pos type="NN"/>
                    <lemma type="tire"/>
                    <dep head="11-21" type="dobj"/>
                </token>
                <token content="up" id="11-25">
                    <pos type="RP"/>
                    <lemma type="up"/>
                    <dep head="11-21" type="prt"/>
                </token>
                <token content="." id="11-26"/>
            </sentence>
            <sentence id="12">
                <token content="Once" id="12-1">
                    <pos type="IN"/>
                    <lemma type="once"/>
                    <dep head="12-4" type="mark"/>
                </token>
                <token content="it" id="12-2">
                    <pos type="PRP"/>
                    <lemma type="it"/>
                    <dep head="12-4" type="nsubjpass"/>
                </token>
                <token content="was" id="12-3">
                    <pos type="VBD"/>
                    <lemma type="be"/>
                    <dep head="12-4" type="auxpass"/>
                </token>
                <token content="done" id="12-4">
                    <pos type="VBN"/>
                    <lemma type="do"/>
                    <dep head="12-7" type="advcl"/>
                </token>
                <token content="," id="12-5"/>
                <token content="I" id="12-6">
                    <pos type="PRP"/>
                    <lemma type="I"/>
                    <dep head="12-7" type="nsubj"/>
                </token>
                <token content="placed" id="12-7">
                    <pos type="VBD"/>
                    <lemma type="place"/>
                </token>
                <token content="it" id="12-8">
                    <pos type="PRP"/>
                    <lemma type="it"/>
                    <dep head="12-7" type="dobj"/>
                </token>
                <token content="back" id="12-9">
                    <pos type="RP"/>
                    <lemma type="back"/>
                    <dep head="12-7" type="prt"/>
                </token>
                <token content="on" id="12-10"/>
                <token content="my" id="12-11">
                    <pos type="PRP$"/>
                    <lemma type="my"/>
                </token>
                <token content="bike" id="12-12">
                    <pos type="NN"/>
                    <lemma type="bike"/>
                    <dep head="12-7" type="prep"/>
                </token>
                <token content="and" id="12-13"/>
                <token content="continued" id="12-14">
                    <pos type="VBD"/>
                    <lemma type="continue"/>
                    <dep head="12-7" type="conj"/>
                </token>
                <token content="on" id="12-15">
                    <pos type="RP"/>
                    <lemma type="on"/>
                    <dep head="12-14" type="prt"/>
                </token>
                <token content="with" id="12-16"/>
                <token content="my" id="12-17">
                    <pos type="PRP$"/>
                    <lemma type="my"/>
                </token>
                <token content="ride" id="12-18">
                    <pos type="NN"/>
                    <lemma type="ride"/>
                    <dep head="12-14" type="prep"/>
                </token>
                <token content="." id="12-19"/>
            </sentence>
        </sentences>
    </text>
    <annotations>
        <participants>
            <label from="1-1" id="0" name="ScrPart_rider" text="I" type="participant"/>
            <label from="1-4" id="1" name="ScrPart_rider" text="my" type="participant"/>
            <label from="1-5" id="2" name="ScrPart_bicycle" text="bicycle" type="participant"/>
            <label from="1-9" id="3" name="NPart" text="country road" to="1-10" type="participant"/>
            <label from="1-10" id="4" name="NPart" text="road" type="participant"/>
            <label from="1-15" id="5" name="NPart" text="summer day" to="1-16" type="participant"/>
            <label from="1-16" id="6" name="NPart" text="day" type="participant"/>
            <label from="2-7" id="7" name="ScrPart_rider" text="I" type="participant"/>
            <label from="2-9" id="8" name="NPart" text="something" type="participant"/>
            <label from="3-1" id="9" name="ScrPart_rider" text="I" type="participant"/>
            <label from="3-3" id="10" name="ScrPart_rider" text="my" type="participant"/>
            <label from="3-4" id="11" name="ScrPart_bicycle" text="bike" type="participant"/>
            <label from="4-1" id="12" name="ScrPart_rider" text="My" type="participant"/>
            <label from="4-3" id="13" name="ScrPart_tire" text="tire" type="participant"/>
            <label from="5-1" id="14" name="ScrPart_rider" text="I" type="participant"/>
            <label from="5-6" id="15" name="ScrPart_object_damage" text="something" type="participant"/>
            <label from="5-10" id="16" name="ScrPart_tire" text="it" type="participant"/>
            <label from="6-2" id="17" name="ScrPart_rider" text="I" type="participant"/>
            <label from="6-5" id="18" name="ScrPart_rider" text="my" type="participant"/>
            <label from="6-6" id="19" name="ScrPart_tool" text="gear bag" to="6-7" type="participant"/>
            <label from="6-7" id="20" name="ScrPart_tool" text="bag" type="participant"/>
            <label from="6-8" id="21" name="ScrPart_tool" text="that" type="participant"/>
            <label from="6-9" id="22" name="ScrPart_rider" text="I" type="participant"/>
            <label from="6-13" id="23" name="ScrPart_rider" text="my" type="participant"/>
            <label from="6-14" id="24" name="ScrPart_bicycle" text="bike" type="participant"/>
            <label from="7-1" id="25" name="ScrPart_rider" text="I" type="participant"/>
            <label from="7-5" id="26" name="ScrPart_spare_tube" text="rubber tire liner" to="7-7" type="participant"/>
            <label from="7-7" id="27" name="ScrPart_spare_tube" text="liner" type="participant"/>
            <label from="7-10" id="28" name="ScrPart_tool" text="tools" type="participant"/>
            <label from="7-14" id="29" name="ScrPart_tire" text="it" type="participant"/>
            <label from="8-1" id="30" name="ScrPart_rider" text="I" type="participant"/>
            <label from="8-4" id="31" name="ScrPart_wheel" text="wheel" type="participant"/>
            <label from="8-6" id="32" name="ScrPart_rider" text="my" type="participant"/>
            <label from="8-7" id="33" name="ScrPart_bicycle" text="bike" type="participant"/>
            <label from="8-9" id="34" name="ScrPart_wheel" text="it" type="participant"/>
            <label from="9-1" id="35" name="ScrPart_rider" text="I" type="participant"/>
            <label from="9-5" id="36" name="ScrPart_tire" text="rubber tire liner" to="9-7" type="participant"/>
            <label from="9-7" id="37" name="ScrPart_tire" text="liner" type="participant"/>
            <label from="9-10" id="38" name="ScrPart_wheel" text="wheel" type="participant"/>
            <label from="10-1" id="39" name="ScrPart_rider" text="I" type="participant"/>
            <label from="10-3" id="40" name="ScrPart_tire" text="it" type="participant"/>
            <label from="10-7" id="41" name="ScrPart_spare_tube" text="one" type="participant"/>
            <label from="10-9" id="42" name="ScrPart_rider" text="my" type="participant"/>
            <label from="10-10" id="43" name="ScrPart_tool" text="tools" type="participant"/>
            <label from="11-1" id="44" name="ScrPart_rider" text="I" type="participant"/>
            <label from="11-7" id="45" name="ScrPart_tool" text="cartridge" type="participant"/>
            <label from="11-8" id="46" name="ScrPart_rider" text="I" type="participant"/>
            <label from="11-12" id="47" name="ScrPart_rider" text="me" type="participant"/>
            <label from="11-13" id="48" name="ScrPart_tool" text="that" type="participant"/>
            <label from="11-18" id="49" name="NPart" text="carbon dioxide" to="11-19" type="participant"/>
            <label from="11-19" id="50" name="NPart" text="dioxide" type="participant"/>
            <label from="11-22" id="51" name="ScrPart_rider" text="my" type="participant"/>
            <label from="11-24" id="52" name="ScrPart_spare_tube" text="tire" type="participant"/>
            <label from="12-2" id="53" name="No_label" text="it" type="participant"/>
            <label from="12-6" id="54" name="ScrPart_rider" text="I" type="participant"/>
            <label from="12-8" id="55" name="ScrPart_spare_tube" text="it" type="participant"/>
            <label from="12-11" id="56" name="ScrPart_rider" text="my" type="participant"/>
            <label from="12-12" id="57" name="ScrPart_bicycle" text="bike" type="participant"/>
            <label from="12-17" id="58" name="ScrPart_rider" text="my" type="participant"/>
            <label from="12-18" id="59" name="ScrPart_ride" text="ride" type="participant"/>
        </participants>
        <events>
            <label from="1-3" id="60" name="ScrEv_ride_bike" text="riding" type="event"/>
            <label from="2-8" id="61" name="ScrEv_notice_problem" text="felt" type="event"/>
            <label from="2-10" id="62" name="UnrelEv" text="was" type="event"/>
            <label from="3-2" id="63" name="ScrEv_get_off" text="stopped" type="event"/>
            <label from="3-6" id="64" name="ScrEv_get_off" text="got off" to="3-7" type="event"/>
            <label from="3-9" id="65" name="RelNScrEv" text="looked" type="event"/>
            <label from="4-5" id="66" name="RelNScrEv" text="gone" type="event"/>
            <label from="5-4" id="67" name="ScrEv_ride_bike" text="ridden" type="event"/>
            <label from="5-9" id="68" name="RelNScrEv" text="puncture" type="event"/>
            <label from="6-3" id="69" name="ScrEv_get_tools" text="pulled out" to="6-4" type="event"/>
            <label from="6-11" id="70" name="RelNScrEv" text="strapped" type="event"/>
            <label from="7-2" id="71" name="ScrEv_get_tire" text="found" type="event"/>
            <label from="7-11" id="72" name="UnrelEv" text="needed" type="event"/>
            <label from="7-13" id="73" name="Evoking" text="repair it" to="7-14" type="event"/>
            <label from="8-2" id="74" name="ScrEv_free_wheel" text="took" type="event"/>
            <label from="8-11" id="75" name="UnrelEv" text="be" type="event"/>
            <label from="8-14" id="76" name="RelNScrEv" text="work" type="event"/>
            <label from="9-2" id="77" name="ScrEv_remove_tire" text="removed" type="event"/>
            <label from="9-4" id="78" name="RelNScrEv" text="punctured" type="event"/>
            <label from="10-2" id="79" name="ScrEv_put_new_tire" text="replaced" type="event"/>
            <label from="10-8" id="80" name="RelNScrEv" text="using" type="event"/>
            <label from="11-3" id="81" name="RelNScrEv" text="used" type="event"/>
            <label from="11-10" id="82" name="ScrEv_get_tools" text="brought" type="event"/>
            <label from="11-15" id="83" name="UnrelEv" text="filled" type="event"/>
            <label from="11-17" id="84" name="UnrelEv" text="pressurized" type="event"/>
            <label from="11-21" id="85" name="ScrEv_refill_tire_air" text="pump" type="event"/>
            <label from="12-4" id="86" name="UnrelEv" text="done" type="event"/>
            <label from="12-7" id="87" name="ScrEv_put_new_tire" text="placed" type="event"/>
            <label from="12-14" id="88" name="ScrEv_ride_bike" text="continued on" to="12-15" type="event"/>
        </events>
        <chains>
            <chain elements="0 1 7 9 10 12 14 17 18 22 23 25 30 32 35 39 42 44 46 47 51 54 56 58"/>
            <chain elements="2 11 24 33 57"/>
            <chain elements="13 16 29 37 40"/>
            <chain elements="20 21"/>
            <chain elements="31 34 38"/>
            <chain elements="27 41 52 55"/>
            <chain elements="28 43"/>
            <chain elements="45 48"/>
        </chains>
    </annotations>
</story>
