<?xml version="1.0" encoding="UTF-8" standalone="no"?>
<!DOCTYPE story SYSTEM "../InScript.dtd">
<story id="068" scenario="bicycle">
    <text>
        <content>I began by finding the culprit of my flat tire , it was a nail on the side of the road . 
Unfortunately I did not have a spare tire so I had to carry my bike the rest of the way home . 
After the gruesome trek back to my house I flipped the bicycle upside down and began my repair . 
First I took off the outer tire to replace my tube with a better more expensive tube that has the ability to fix a puncture . 
I do not want to experience carrying my bike a mile ever again . 
After putting the new tube on I screw back on the tire and put the outer tire over the tube . 
I then fill the PSI to 170 in my tire and listen for any leaking air . 
Then I spin the tire to make all the slime inside become evenly distributed throughout . 
This will prevent leaks in the future and even with a slight leak I will still be able to ride back home and fix the tire quickly yet again . </content>
        <sentences>
            <sentence id="1">
                <token content="I" id="1-1">
                    <pos type="PRP"/>
                    <lemma type="I"/>
                    <dep head="1-2" type="nsubj"/>
                </token>
                <token content="began" id="1-2">
                    <pos type="VBD"/>
                    <lemma type="begin"/>
                </token>
                <token content="by" id="1-3"/>
                <token content="finding" id="1-4">
                    <pos type="VBG"/>
                    <lemma type="find"/>
                    <dep head="1-2" type="prepc"/>
                </token>
                <token content="the" id="1-5">
                    <pos type="DT"/>
                    <lemma type="the"/>
                </token>
                <token content="culprit" id="1-6">
                    <pos type="NN"/>
                    <lemma type="culprit"/>
                    <dep head="1-4" type="dobj"/>
                </token>
                <token content="of" id="1-7"/>
                <token content="my" id="1-8">
                    <pos type="PRP$"/>
                    <lemma type="my"/>
                </token>
                <token content="flat" id="1-9">
                    <pos type="JJ"/>
                    <lemma type="flat"/>
                </token>
                <token content="tire" id="1-10">
                    <pos type="NN"/>
                    <lemma type="tire"/>
                </token>
                <token content="," id="1-11"/>
                <token content="it" id="1-12">
                    <pos type="PRP"/>
                    <lemma type="it"/>
                </token>
                <token content="was" id="1-13">
                    <pos type="VBD"/>
                    <lemma type="be"/>
                </token>
                <token content="a" id="1-14">
                    <pos type="DT"/>
                    <lemma type="a"/>
                </token>
                <token content="nail" id="1-15">
                    <pos type="NN"/>
                    <lemma type="nail"/>
                </token>
                <token content="on" id="1-16"/>
                <token content="the" id="1-17">
                    <pos type="DT"/>
                    <lemma type="the"/>
                </token>
                <token content="side" id="1-18">
                    <pos type="NN"/>
                    <lemma type="side"/>
                </token>
                <token content="of" id="1-19"/>
                <token content="the" id="1-20">
                    <pos type="DT"/>
                    <lemma type="the"/>
                </token>
                <token content="road" id="1-21">
                    <pos type="NN"/>
                    <lemma type="road"/>
                </token>
                <token content="." id="1-22"/>
            </sentence>
            <sentence id="2">
                <token content="Unfortunately" id="2-1">
                    <pos type="RB"/>
                    <lemma type="unfortunately"/>
                    <dep head="2-5" type="advmod"/>
                </token>
                <token content="I" id="2-2">
                    <pos type="PRP"/>
                    <lemma type="I"/>
                    <dep head="2-5" type="nsubj"/>
                </token>
                <token content="did" id="2-3">
                    <pos type="VBD"/>
                    <lemma type="do"/>
                    <dep head="2-5" type="aux"/>
                </token>
                <token content="not" id="2-4">
                    <pos type="RB"/>
                    <lemma type="not"/>
                    <dep head="2-5" type="neg"/>
                </token>
                <token content="have" id="2-5">
                    <pos type="VB"/>
                    <lemma type="have"/>
                </token>
                <token content="a" id="2-6">
                    <pos type="DT"/>
                    <lemma type="a"/>
                </token>
                <token content="spare" id="2-7">
                    <pos type="JJ"/>
                    <lemma type="spare"/>
                </token>
                <token content="tire" id="2-8">
                    <pos type="NN"/>
                    <lemma type="tire"/>
                    <dep head="2-5" type="dobj"/>
                </token>
                <token content="so" id="2-9">
                    <pos type="IN"/>
                    <lemma type="so"/>
                    <dep head="2-11" type="mark"/>
                </token>
                <token content="I" id="2-10">
                    <pos type="PRP"/>
                    <lemma type="I"/>
                    <dep head="2-11" type="nsubj"/>
                </token>
                <token content="had" id="2-11">
                    <pos type="VBD"/>
                    <lemma type="have"/>
                    <dep head="2-5" type="advcl"/>
                </token>
                <token content="to" id="2-12">
                    <pos type="TO"/>
                    <lemma type="to"/>
                    <dep head="2-13" type="aux"/>
                </token>
                <token content="carry" id="2-13">
                    <pos type="VB"/>
                    <lemma type="carry"/>
                    <dep head="2-11" type="xcomp"/>
                </token>
                <token content="my" id="2-14">
                    <pos type="PRP$"/>
                    <lemma type="my"/>
                </token>
                <token content="bike" id="2-15">
                    <pos type="NN"/>
                    <lemma type="bike"/>
                    <dep head="2-13" type="dep"/>
                </token>
                <token content="the" id="2-16">
                    <pos type="DT"/>
                    <lemma type="the"/>
                </token>
                <token content="rest" id="2-17">
                    <pos type="NN"/>
                    <lemma type="rest"/>
                    <dep head="2-13" type="dobj"/>
                </token>
                <token content="of" id="2-18"/>
                <token content="the" id="2-19">
                    <pos type="DT"/>
                    <lemma type="the"/>
                </token>
                <token content="way" id="2-20">
                    <pos type="NN"/>
                    <lemma type="way"/>
                </token>
                <token content="home" id="2-21">
                    <pos type="NN"/>
                    <lemma type="home"/>
                </token>
                <token content="." id="2-22"/>
            </sentence>
            <sentence id="3">
                <token content="After" id="3-1"/>
                <token content="the" id="3-2">
                    <pos type="DT"/>
                    <lemma type="the"/>
                </token>
                <token content="gruesome" id="3-3">
                    <pos type="JJ"/>
                    <lemma type="gruesome"/>
                </token>
                <token content="trek" id="3-4">
                    <pos type="NN"/>
                    <lemma type="trek"/>
                    <dep head="3-10" type="prep"/>
                </token>
                <token content="back" id="3-5">
                    <pos type="RB"/>
                    <lemma type="back"/>
                </token>
                <token content="to" id="3-6"/>
                <token content="my" id="3-7">
                    <pos type="PRP$"/>
                    <lemma type="my"/>
                </token>
                <token content="house" id="3-8">
                    <pos type="NN"/>
                    <lemma type="house"/>
                </token>
                <token content="I" id="3-9">
                    <pos type="PRP"/>
                    <lemma type="I"/>
                    <dep head="3-10" type="nsubj"/>
                </token>
                <token content="flipped" id="3-10">
                    <pos type="VBD"/>
                    <lemma type="flip"/>
                </token>
                <token content="the" id="3-11">
                    <pos type="DT"/>
                    <lemma type="the"/>
                </token>
                <token content="bicycle" id="3-12">
                    <pos type="NN"/>
                    <lemma type="bicycle"/>
                    <dep head="3-10" type="dobj"/>
                </token>
                <token content="upside" id="3-13">
                    <pos type="RB"/>
                    <lemma type="upside"/>
                </token>
                <token content="down" id="3-14">
                    <pos type="RB"/>
                    <lemma type="down"/>
                    <dep head="3-10" type="advmod"/>
                </token>
                <token content="and" id="3-15"/>
                <token content="began" id="3-16">
                    <pos type="VBD"/>
                    <lemma type="begin"/>
                    <dep head="3-10" type="conj"/>
                </token>
                <token content="my" id="3-17">
                    <pos type="PRP$"/>
                    <lemma type="my"/>
                </token>
                <token content="repair" id="3-18">
                    <pos type="NN"/>
                    <lemma type="repair"/>
                    <dep head="3-16" type="dobj"/>
                </token>
                <token content="." id="3-19"/>
            </sentence>
            <sentence id="4">
                <token content="First" id="4-1">
                    <pos type="RB"/>
                    <lemma type="first"/>
                    <dep head="4-3" type="advmod"/>
                </token>
                <token content="I" id="4-2">
                    <pos type="PRP"/>
                    <lemma type="I"/>
                    <dep head="4-3" type="nsubj"/>
                </token>
                <token content="took" id="4-3">
                    <pos type="VBD"/>
                    <lemma type="take"/>
                </token>
                <token content="off" id="4-4">
                    <pos type="RP"/>
                    <lemma type="off"/>
                    <dep head="4-3" type="prt"/>
                </token>
                <token content="the" id="4-5">
                    <pos type="DT"/>
                    <lemma type="the"/>
                </token>
                <token content="outer" id="4-6">
                    <pos type="JJ"/>
                    <lemma type="outer"/>
                </token>
                <token content="tire" id="4-7">
                    <pos type="NN"/>
                    <lemma type="tire"/>
                    <dep head="4-3" type="dobj"/>
                </token>
                <token content="to" id="4-8">
                    <pos type="TO"/>
                    <lemma type="to"/>
                    <dep head="4-9" type="aux"/>
                </token>
                <token content="replace" id="4-9">
                    <pos type="VB"/>
                    <lemma type="replace"/>
                </token>
                <token content="my" id="4-10">
                    <pos type="PRP$"/>
                    <lemma type="my"/>
                </token>
                <token content="tube" id="4-11">
                    <pos type="NN"/>
                    <lemma type="tube"/>
                    <dep head="4-9" type="dobj"/>
                </token>
                <token content="with" id="4-12"/>
                <token content="a" id="4-13">
                    <pos type="DT"/>
                    <lemma type="a"/>
                </token>
                <token content="better" id="4-14">
                    <pos type="RB"/>
                    <lemma type="better"/>
                </token>
                <token content="more" id="4-15">
                    <pos type="RBR"/>
                    <lemma type="more"/>
                </token>
                <token content="expensive" id="4-16">
                    <pos type="JJ"/>
                    <lemma type="expensive"/>
                </token>
                <token content="tube" id="4-17">
                    <pos type="NN"/>
                    <lemma type="tube"/>
                    <dep head="4-9" type="prep"/>
                </token>
                <token content="that" id="4-18">
                    <pos type="WDT"/>
                    <lemma type="that"/>
                    <dep head="4-19" type="nsubj"/>
                </token>
                <token content="has" id="4-19">
                    <pos type="VBZ"/>
                    <lemma type="have"/>
                </token>
                <token content="the" id="4-20">
                    <pos type="DT"/>
                    <lemma type="the"/>
                </token>
                <token content="ability" id="4-21">
                    <pos type="NN"/>
                    <lemma type="ability"/>
                    <dep head="4-19" type="dobj"/>
                </token>
                <token content="to" id="4-22">
                    <pos type="TO"/>
                    <lemma type="to"/>
                    <dep head="4-23" type="aux"/>
                </token>
                <token content="fix" id="4-23">
                    <pos type="VB"/>
                    <lemma type="fix"/>
                </token>
                <token content="a" id="4-24">
                    <pos type="DT"/>
                    <lemma type="a"/>
                </token>
                <token content="puncture" id="4-25">
                    <pos type="NN"/>
                    <lemma type="puncture"/>
                    <dep head="4-23" type="dobj"/>
                </token>
                <token content="." id="4-26"/>
            </sentence>
            <sentence id="5">
                <token content="I" id="5-1">
                    <pos type="PRP"/>
                    <lemma type="I"/>
                    <dep head="5-4" type="nsubj"/>
                </token>
                <token content="do" id="5-2">
                    <pos type="VBP"/>
                    <lemma type="do"/>
                    <dep head="5-4" type="aux"/>
                </token>
                <token content="not" id="5-3">
                    <pos type="RB"/>
                    <lemma type="not"/>
                    <dep head="5-4" type="neg"/>
                </token>
                <token content="want" id="5-4">
                    <pos type="VB"/>
                    <lemma type="want"/>
                </token>
                <token content="to" id="5-5">
                    <pos type="TO"/>
                    <lemma type="to"/>
                    <dep head="5-6" type="aux"/>
                </token>
                <token content="experience" id="5-6">
                    <pos type="VB"/>
                    <lemma type="experience"/>
                    <dep head="5-4" type="xcomp"/>
                </token>
                <token content="carrying" id="5-7">
                    <pos type="VBG"/>
                    <lemma type="carry"/>
                    <dep head="5-6" type="xcomp"/>
                </token>
                <token content="my" id="5-8">
                    <pos type="PRP$"/>
                    <lemma type="my"/>
                </token>
                <token content="bike" id="5-9">
                    <pos type="NN"/>
                    <lemma type="bike"/>
                    <dep head="5-7" type="dobj"/>
                </token>
                <token content="a" id="5-10">
                    <pos type="DT"/>
                    <lemma type="a"/>
                </token>
                <token content="mile" id="5-11">
                    <pos type="NN"/>
                    <lemma type="mile"/>
                </token>
                <token content="ever" id="5-12">
                    <pos type="RB"/>
                    <lemma type="ever"/>
                    <dep head="5-7" type="advmod"/>
                </token>
                <token content="again" id="5-13">
                    <pos type="RB"/>
                    <lemma type="again"/>
                    <dep head="5-7" type="advmod"/>
                </token>
                <token content="." id="5-14"/>
            </sentence>
            <sentence id="6">
                <token content="After" id="6-1"/>
                <token content="putting" id="6-2">
                    <pos type="VBG"/>
                    <lemma type="put"/>
                    <dep head="6-8" type="prepc"/>
                </token>
                <token content="the" id="6-3">
                    <pos type="DT"/>
                    <lemma type="the"/>
                </token>
                <token content="new" id="6-4">
                    <pos type="JJ"/>
                    <lemma type="new"/>
                </token>
                <token content="tube" id="6-5">
                    <pos type="NN"/>
                    <lemma type="tube"/>
                    <dep head="6-2" type="dobj"/>
                </token>
                <token content="on" id="6-6">
                    <pos type="IN"/>
                    <lemma type="on"/>
                    <dep head="6-2" type="prep"/>
                </token>
                <token content="I" id="6-7">
                    <pos type="PRP"/>
                    <lemma type="I"/>
                    <dep head="6-8" type="nsubj"/>
                </token>
                <token content="screw" id="6-8">
                    <pos type="VBD"/>
                    <lemma type="screw"/>
                </token>
                <token content="back" id="6-9">
                    <pos type="RP"/>
                    <lemma type="back"/>
                    <dep head="6-8" type="prt"/>
                </token>
                <token content="on" id="6-10"/>
                <token content="the" id="6-11">
                    <pos type="DT"/>
                    <lemma type="the"/>
                </token>
                <token content="tire" id="6-12">
                    <pos type="NN"/>
                    <lemma type="tire"/>
                    <dep head="6-8" type="prep"/>
                </token>
                <token content="and" id="6-13"/>
                <token content="put" id="6-14">
                    <pos type="VBD"/>
                    <lemma type="put"/>
                    <dep head="6-8" type="conj"/>
                </token>
                <token content="the" id="6-15">
                    <pos type="DT"/>
                    <lemma type="the"/>
                </token>
                <token content="outer" id="6-16">
                    <pos type="JJ"/>
                    <lemma type="outer"/>
                </token>
                <token content="tire" id="6-17">
                    <pos type="NN"/>
                    <lemma type="tire"/>
                    <dep head="6-14" type="dobj"/>
                </token>
                <token content="over" id="6-18"/>
                <token content="the" id="6-19">
                    <pos type="DT"/>
                    <lemma type="the"/>
                </token>
                <token content="tube" id="6-20">
                    <pos type="NN"/>
                    <lemma type="tube"/>
                    <dep head="6-14" type="prep"/>
                </token>
                <token content="." id="6-21"/>
            </sentence>
            <sentence id="7">
                <token content="I" id="7-1">
                    <pos type="PRP"/>
                    <lemma type="I"/>
                    <dep head="7-3" type="nsubj"/>
                </token>
                <token content="then" id="7-2">
                    <pos type="RB"/>
                    <lemma type="then"/>
                    <dep head="7-3" type="advmod"/>
                </token>
                <token content="fill" id="7-3">
                    <pos type="VB"/>
                    <lemma type="fill"/>
                </token>
                <token content="the" id="7-4">
                    <pos type="DT"/>
                    <lemma type="the"/>
                </token>
                <token content="PSI" id="7-5">
                    <pos type="NN"/>
                    <lemma type="psus"/>
                    <dep head="7-3" type="dobj"/>
                </token>
                <token content="to" id="7-6"/>
                <token content="170" id="7-7">
                    <pos type="CD"/>
                    <lemma type="170"/>
                    <dep head="7-3" type="prep"/>
                </token>
                <token content="in" id="7-8"/>
                <token content="my" id="7-9">
                    <pos type="PRP$"/>
                    <lemma type="my"/>
                </token>
                <token content="tire" id="7-10">
                    <pos type="NN"/>
                    <lemma type="tire"/>
                    <dep head="7-3" type="prep"/>
                </token>
                <token content="and" id="7-11"/>
                <token content="listen" id="7-12">
                    <pos type="VB"/>
                    <lemma type="listen"/>
                    <dep head="7-3" type="conj"/>
                </token>
                <token content="for" id="7-13"/>
                <token content="any" id="7-14">
                    <pos type="DT"/>
                    <lemma type="any"/>
                </token>
                <token content="leaking" id="7-15">
                    <pos type="JJ"/>
                    <lemma type="leaking"/>
                </token>
                <token content="air" id="7-16">
                    <pos type="NN"/>
                    <lemma type="air"/>
                    <dep head="7-12" type="prep"/>
                </token>
                <token content="." id="7-17"/>
            </sentence>
            <sentence id="8">
                <token content="Then" id="8-1">
                    <pos type="RB"/>
                    <lemma type="then"/>
                    <dep head="8-3" type="advmod"/>
                </token>
                <token content="I" id="8-2">
                    <pos type="PRP"/>
                    <lemma type="I"/>
                    <dep head="8-3" type="nsubj"/>
                </token>
                <token content="spin" id="8-3">
                    <pos type="VBZ"/>
                    <lemma type="spin"/>
                </token>
                <token content="the" id="8-4">
                    <pos type="DT"/>
                    <lemma type="the"/>
                </token>
                <token content="tire" id="8-5">
                    <pos type="NN"/>
                    <lemma type="tire"/>
                    <dep head="8-3" type="dobj"/>
                </token>
                <token content="to" id="8-6">
                    <pos type="TO"/>
                    <lemma type="to"/>
                    <dep head="8-7" type="aux"/>
                </token>
                <token content="make" id="8-7">
                    <pos type="VB"/>
                    <lemma type="make"/>
                </token>
                <token content="all" id="8-8">
                    <pos type="PDT"/>
                    <lemma type="all"/>
                </token>
                <token content="the" id="8-9">
                    <pos type="DT"/>
                    <lemma type="the"/>
                </token>
                <token content="slime" id="8-10">
                    <pos type="NN"/>
                    <lemma type="slime"/>
                    <dep head="8-12" type="nsubjpass"/>
                </token>
                <token content="inside" id="8-11">
                    <pos type="RB"/>
                    <lemma type="inside"/>
                    <dep head="8-12" type="advmod"/>
                </token>
                <token content="become" id="8-12">
                    <pos type="VB"/>
                    <lemma type="become"/>
                    <dep head="8-7" type="ccomp"/>
                </token>
                <token content="evenly" id="8-13">
                    <pos type="RB"/>
                    <lemma type="evenly"/>
                    <dep head="8-14" type="advmod"/>
                </token>
                <token content="distributed" id="8-14">
                    <pos type="VBN"/>
                    <lemma type="distribute"/>
                    <dep head="8-12" type="acomp"/>
                </token>
                <token content="throughout" id="8-15">
                    <pos type="IN"/>
                    <lemma type="throughout"/>
                    <dep head="8-14" type="prep"/>
                </token>
                <token content="." id="8-16"/>
            </sentence>
            <sentence id="9">
                <token content="This" id="9-1">
                    <pos type="DT"/>
                    <lemma type="this"/>
                    <dep head="9-3" type="nsubj"/>
                </token>
                <token content="will" id="9-2">
                    <pos type="MD"/>
                    <lemma type="will"/>
                    <dep head="9-3" type="aux"/>
                </token>
                <token content="prevent" id="9-3">
                    <pos type="VB"/>
                    <lemma type="prevent"/>
                </token>
                <token content="leaks" id="9-4">
                    <pos type="NNS"/>
                    <lemma type="leak"/>
                    <dep head="9-3" type="dobj"/>
                </token>
                <token content="in" id="9-5">
                    <pos type="IN"/>
                    <lemma type="in"/>
                    <dep head="9-3" type="prep"/>
                </token>
                <token content="the" id="9-6">
                    <pos type="DT"/>
                    <lemma type="the"/>
                </token>
                <token content="future" id="9-7">
                    <pos type="NN"/>
                    <lemma type="future"/>
                </token>
                <token content="and" id="9-8"/>
                <token content="even" id="9-9">
                    <pos type="RB"/>
                    <lemma type="even"/>
                </token>
                <token content="with" id="9-10">
                    <pos type="IN"/>
                    <lemma type="with"/>
                </token>
                <token content="a" id="9-11">
                    <pos type="DT"/>
                    <lemma type="a"/>
                </token>
                <token content="slight" id="9-12">
                    <pos type="JJ"/>
                    <lemma type="slight"/>
                </token>
                <token content="leak" id="9-13">
                    <pos type="NN"/>
                    <lemma type="leak"/>
                </token>
                <token content="I" id="9-14">
                    <pos type="PRP"/>
                    <lemma type="I"/>
                </token>
                <token content="will" id="9-15">
                    <pos type="MD"/>
                    <lemma type="will"/>
                </token>
                <token content="still" id="9-16">
                    <pos type="RB"/>
                    <lemma type="still"/>
                </token>
                <token content="be" id="9-17">
                    <pos type="VB"/>
                    <lemma type="be"/>
                </token>
                <token content="able" id="9-18">
                    <pos type="JJ"/>
                    <lemma type="able"/>
                </token>
                <token content="to" id="9-19">
                    <pos type="TO"/>
                    <lemma type="to"/>
                    <dep head="9-20" type="aux"/>
                </token>
                <token content="ride" id="9-20">
                    <pos type="VB"/>
                    <lemma type="ride"/>
                </token>
                <token content="back" id="9-21">
                    <pos type="RP"/>
                    <lemma type="back"/>
                    <dep head="9-20" type="prt"/>
                </token>
                <token content="home" id="9-22">
                    <pos type="NN"/>
                    <lemma type="home"/>
                    <dep head="9-20" type="dobj"/>
                </token>
                <token content="and" id="9-23"/>
                <token content="fix" id="9-24">
                    <pos type="VB"/>
                    <lemma type="fix"/>
                    <dep head="9-20" type="conj"/>
                </token>
                <token content="the" id="9-25">
                    <pos type="DT"/>
                    <lemma type="the"/>
                </token>
                <token content="tire" id="9-26">
                    <pos type="NN"/>
                    <lemma type="tire"/>
                    <dep head="9-24" type="dobj"/>
                </token>
                <token content="quickly" id="9-27">
                    <pos type="RB"/>
                    <lemma type="quickly"/>
                    <dep head="9-24" type="advmod"/>
                </token>
                <token content="yet" id="9-28"/>
                <token content="again" id="9-29">
                    <pos type="RB"/>
                    <lemma type="again"/>
                </token>
                <token content="." id="9-30"/>
            </sentence>
        </sentences>
    </text>
    <annotations>
        <participants>
            <label from="1-1" id="0" name="ScrPart_rider" text="I" type="participant"/>
            <label from="1-6" id="1" name="ScrPart_object_damage" text="culprit" type="participant"/>
            <label from="1-8" id="2" name="ScrPart_rider" text="my" type="participant"/>
            <label from="1-10" id="3" name="ScrPart_tire" text="tire" type="participant"/>
            <label from="1-12" id="4" name="No_label" text="it" type="participant"/>
            <label from="1-15" id="5" name="ScrPart_object_damage" text="nail" type="participant"/>
            <label from="1-18" id="6" name="Head_of_Partitive" text="side" type="participant"/>
            <label from="1-21" id="7" name="NPart" text="road" type="participant"/>
            <label from="2-2" id="8" name="ScrPart_rider" text="I" type="participant"/>
            <label from="2-7" id="9" name="ScrPart_spare_tube" text="spare tire" to="2-8" type="participant"/>
            <label from="2-8" id="10" name="ScrPart_spare_tube" text="tire" type="participant"/>
            <label from="2-10" id="11" name="ScrPart_rider" text="I" type="participant"/>
            <label from="2-14" id="12" name="ScrPart_rider" text="my" type="participant"/>
            <label from="2-15" id="13" name="ScrPart_bicycle" text="bike" type="participant"/>
            <label from="2-17" id="14" name="NPart" text="rest" type="participant"/>
            <label from="2-20" id="15" name="NPart" text="way" type="participant"/>
            <label from="2-21" id="16" name="ScrPart_location_repair" text="home" type="participant"/>
            <label from="3-4" id="17" name="NPart" text="trek" type="participant"/>
            <label from="3-7" id="18" name="ScrPart_rider" text="my" type="participant"/>
            <label from="3-8" id="19" name="ScrPart_location_repair" text="house" type="participant"/>
            <label from="3-9" id="20" name="ScrPart_rider" text="I" type="participant"/>
            <label from="3-12" id="21" name="ScrPart_bicycle" text="bicycle" type="participant"/>
            <label from="3-17" id="22" name="ScrPart_rider" text="my" type="participant"/>
            <label from="3-18" id="23" name="ScrPart_other" text="repair" type="participant"/>
            <label from="4-2" id="24" name="ScrPart_rider" text="I" type="participant"/>
            <label from="4-7" id="25" name="ScrPart_tire" text="tire" type="participant"/>
            <label from="4-10" id="26" name="ScrPart_rider" text="my" type="participant"/>
            <label from="4-11" id="27" name="ScrPart_tire" text="tube" type="participant"/>
            <label from="4-17" id="28" name="ScrPart_spare_tube" text="tube" type="participant"/>
            <label from="4-21" id="29" name="NPart" text="ability" type="participant"/>
            <label from="4-25" id="30" name="SuppVComp" text="puncture" type="participant"/>
            <label from="5-1" id="31" name="ScrPart_rider" text="I" type="participant"/>
            <label from="5-8" id="32" name="ScrPart_rider" text="my" type="participant"/>
            <label from="5-9" id="33" name="ScrPart_bicycle" text="bike" type="participant"/>
            <label from="5-11" id="34" name="NPart" text="mile" type="participant"/>
            <label from="6-5" id="35" name="ScrPart_spare_tube" text="tube" type="participant"/>
            <label from="6-7" id="36" name="ScrPart_rider" text="I" type="participant"/>
            <label from="6-12" id="37" name="ScrPart_tire" text="tire" type="participant"/>
            <label from="6-17" id="38" name="ScrPart_tire" text="tire" type="participant"/>
            <label from="6-20" id="39" name="ScrPart_spare_tube" text="tube" type="participant"/>
            <label from="7-1" id="40" name="ScrPart_rider" text="I" type="participant"/>
            <label from="7-5" id="41" name="ScrPart_pressure" text="PSI" type="participant"/>
            <label from="7-9" id="42" name="ScrPart_rider" text="my" type="participant"/>
            <label from="7-10" id="43" name="ScrPart_spare_tube" text="tire" type="participant"/>
            <label from="7-16" id="44" name="ScrPart_air" text="air" type="participant"/>
            <label from="8-2" id="45" name="ScrPart_rider" text="I" type="participant"/>
            <label from="8-5" id="46" name="ScrPart_spare_tube" text="tire" type="participant"/>
            <label from="8-10" id="47" name="ScrPart_other" text="slime" type="participant"/>
            <label from="9-4" id="48" name="NPart" text="leaks" type="participant"/>
            <label from="9-7" id="49" name="NPart" text="future" type="participant"/>
            <label from="9-13" id="50" name="NPart" text="leak" type="participant"/>
            <label from="9-14" id="51" name="ScrPart_rider" text="I" type="participant"/>
            <label from="9-22" id="52" name="ScrPart_location_repair" text="home" type="participant"/>
            <label from="9-26" id="53" name="ScrPart_spare_tube" text="tire" type="participant"/>
        </participants>
        <events>
            <label from="1-2" id="54" name="UnrelEv" text="began" type="event"/>
            <label from="1-4" id="55" name="ScrEv_notice_problem" text="finding" type="event"/>
            <label from="1-13" id="56" name="UnrelEv" text="was" type="event"/>
            <label from="2-5" id="57" name="UnrelEv" text="have" type="event"/>
            <label from="2-13" id="58" name="ScrEv_other" text="carry" type="event"/>
            <label from="3-10" id="59" name="ScrEv_lay_bike_down" text="flipped" type="event"/>
            <label from="3-16" id="60" name="Evoking" text="began my repair" to="3-18" type="event"/>
            <label from="4-3" id="61" name="ScrEv_take_tire_off" text="took off" to="4-4" type="event"/>
            <label from="4-3" id="62" name="ScrEv_take_tire_off" text="took" type="event"/>
            <label from="4-9" id="63" name="RelNScrEv" text="replace" type="event"/>
            <label from="4-19" id="64" name="UnrelEv" text="has" type="event"/>
            <label from="4-23" id="65" name="RelNScrEv" text="fix" type="event"/>
            <label from="5-4" id="66" name="UnrelEv" text="want" type="event"/>
            <label from="5-6" id="67" name="UnrelEv" text="experience" type="event"/>
            <label from="5-7" id="68" name="RelNScrEv" text="carrying" type="event"/>
            <label from="6-2" id="69" name="ScrEv_other" text="putting" type="event"/>
            <label from="6-8" id="70" name="ScrEv_put_new_tire" text="screw" type="event"/>
            <label from="7-3" id="71" name="ScrEv_refill_tire_air" text="fill" type="event"/>
            <label from="7-12" id="72" name="ScrEv_check_new_tire" text="listen" type="event"/>
            <label from="7-15" id="73" name="RelNScrEv" text="leaking" type="event"/>
            <label from="8-3" id="74" name="ScrEv_other" text="spin" type="event"/>
            <label from="8-7" id="75" name="UnrelEv" text="make" type="event"/>
            <label from="8-14" id="76" name="UnrelEv" text="distributed" type="event"/>
            <label from="9-3" id="77" name="RelNScrEv" text="prevent" type="event"/>
            <label from="9-20" id="78" name="ScrEv_ride_bike" text="ride" type="event"/>
            <label from="9-24" id="79" name="RelNScrEv" text="fix" type="event"/>
        </events>
        <chains>
            <chain elements="0 2 8 11 12 18 20 22 24 26 31 32 36 40 42 45 51"/>
            <chain elements="1 5"/>
            <chain elements="16 19 52"/>
            <chain elements="13 21 33"/>
            <chain elements="3 25 27"/>
            <chain elements="10 28 35 37 38 39 43 46 53"/>
            <chain elements="48 50"/>
        </chains>
    </annotations>
</story>
