<?xml version="1.0" encoding="UTF-8" standalone="no"?>
<!DOCTYPE story SYSTEM "../InScript.dtd">
<story id="035" scenario="flight">
    <text>
        <content>I made sure I had my ticket in advance and checked to make sure my flight was not canceled . 
I had pre-packed what I needed and doubled checked the list to make sure that all my items were approved . 
Then , I arrived at the airport about one and a half hours early . 
I made sure to go through security first , since there were long lines for that . 
I had to take off my shoes and put my bags through an x-ray . 
After I was done , I put my luggage in the correct area so it could be loaded on the plane . 
I waited until my plane was ready to board and showed the flight attendant my boarding pass . 
I stayed quietly on the plane and made sure I was in my assigned seat . 
It can be crowded and boring , so I read my book on the flight . 
I made sure to listen to the flight attendants when they had an announcement to make . </content>
        <sentences>
            <sentence id="1">
                <token content="I" id="1-1">
                    <pos type="PRP"/>
                    <lemma type="I"/>
                    <dep head="1-2" type="nsubj"/>
                </token>
                <token content="made" id="1-2">
                    <pos type="VBD"/>
                    <lemma type="make"/>
                </token>
                <token content="sure" id="1-3">
                    <pos type="JJ"/>
                    <lemma type="sure"/>
                    <dep head="1-2" type="acomp"/>
                </token>
                <token content="I" id="1-4">
                    <pos type="PRP"/>
                    <lemma type="I"/>
                    <dep head="1-5" type="nsubj"/>
                </token>
                <token content="had" id="1-5">
                    <pos type="VBD"/>
                    <lemma type="have"/>
                </token>
                <token content="my" id="1-6">
                    <pos type="PRP$"/>
                    <lemma type="my"/>
                </token>
                <token content="ticket" id="1-7">
                    <pos type="NN"/>
                    <lemma type="ticket"/>
                    <dep head="1-5" type="dobj"/>
                </token>
                <token content="in" id="1-8"/>
                <token content="advance" id="1-9">
                    <pos type="NN"/>
                    <lemma type="advance"/>
                </token>
                <token content="and" id="1-10"/>
                <token content="checked" id="1-11">
                    <pos type="VBD"/>
                    <lemma type="check"/>
                    <dep head="1-5" type="conj"/>
                </token>
                <token content="to" id="1-12">
                    <pos type="TO"/>
                    <lemma type="to"/>
                    <dep head="1-13" type="aux"/>
                </token>
                <token content="make" id="1-13">
                    <pos type="VB"/>
                    <lemma type="make"/>
                    <dep head="1-11" type="xcomp"/>
                </token>
                <token content="sure" id="1-14">
                    <pos type="JJ"/>
                    <lemma type="sure"/>
                    <dep head="1-13" type="acomp"/>
                </token>
                <token content="my" id="1-15">
                    <pos type="PRP$"/>
                    <lemma type="my"/>
                </token>
                <token content="flight" id="1-16">
                    <pos type="NN"/>
                    <lemma type="flight"/>
                    <dep head="1-19" type="nsubjpass"/>
                </token>
                <token content="was" id="1-17">
                    <pos type="VBD"/>
                    <lemma type="be"/>
                    <dep head="1-19" type="auxpass"/>
                </token>
                <token content="not" id="1-18">
                    <pos type="RB"/>
                    <lemma type="not"/>
                    <dep head="1-19" type="neg"/>
                </token>
                <token content="canceled" id="1-19">
                    <pos type="VBN"/>
                    <lemma type="cancel"/>
                </token>
                <token content="." id="1-20"/>
            </sentence>
            <sentence id="2">
                <token content="I" id="2-1">
                    <pos type="PRP"/>
                    <lemma type="I"/>
                    <dep head="2-3" type="nsubj"/>
                </token>
                <token content="had" id="2-2">
                    <pos type="VBD"/>
                    <lemma type="have"/>
                    <dep head="2-3" type="aux"/>
                </token>
                <token content="pre-packed" id="2-3">
                    <pos type="VBN"/>
                    <lemma type="pre-pack"/>
                </token>
                <token content="what" id="2-4">
                    <pos type="WP"/>
                    <lemma type="what"/>
                    <dep head="2-6" type="dobj"/>
                </token>
                <token content="I" id="2-5">
                    <pos type="PRP"/>
                    <lemma type="I"/>
                    <dep head="2-6" type="nsubj"/>
                </token>
                <token content="needed" id="2-6">
                    <pos type="VBD"/>
                    <lemma type="need"/>
                    <dep head="2-3" type="ccomp"/>
                </token>
                <token content="and" id="2-7"/>
                <token content="doubled" id="2-8">
                    <pos type="VBD"/>
                    <lemma type="double"/>
                    <dep head="2-6" type="conj"/>
                </token>
                <token content="checked" id="2-9">
                    <pos type="VBN"/>
                    <lemma type="check"/>
                    <dep head="2-8" type="dep"/>
                </token>
                <token content="the" id="2-10">
                    <pos type="DT"/>
                    <lemma type="the"/>
                </token>
                <token content="list" id="2-11">
                    <pos type="NN"/>
                    <lemma type="list"/>
                    <dep head="2-9" type="dobj"/>
                </token>
                <token content="to" id="2-12">
                    <pos type="TO"/>
                    <lemma type="to"/>
                    <dep head="2-13" type="aux"/>
                </token>
                <token content="make" id="2-13">
                    <pos type="VB"/>
                    <lemma type="make"/>
                </token>
                <token content="sure" id="2-14">
                    <pos type="JJ"/>
                    <lemma type="sure"/>
                    <dep head="2-13" type="acomp"/>
                </token>
                <token content="that" id="2-15">
                    <pos type="IN"/>
                    <lemma type="that"/>
                    <dep head="2-20" type="mark"/>
                </token>
                <token content="all" id="2-16">
                    <pos type="PDT"/>
                    <lemma type="all"/>
                </token>
                <token content="my" id="2-17">
                    <pos type="PRP$"/>
                    <lemma type="my"/>
                </token>
                <token content="items" id="2-18">
                    <pos type="NNS"/>
                    <lemma type="item"/>
                    <dep head="2-20" type="nsubjpass"/>
                </token>
                <token content="were" id="2-19">
                    <pos type="VBD"/>
                    <lemma type="be"/>
                    <dep head="2-20" type="auxpass"/>
                </token>
                <token content="approved" id="2-20">
                    <pos type="VBN"/>
                    <lemma type="approve"/>
                    <dep head="2-13" type="ccomp"/>
                </token>
                <token content="." id="2-21"/>
            </sentence>
            <sentence id="3">
                <token content="Then" id="3-1">
                    <pos type="RB"/>
                    <lemma type="then"/>
                    <dep head="3-4" type="advmod"/>
                </token>
                <token content="," id="3-2"/>
                <token content="I" id="3-3">
                    <pos type="PRP"/>
                    <lemma type="I"/>
                    <dep head="3-4" type="nsubj"/>
                </token>
                <token content="arrived" id="3-4">
                    <pos type="VBD"/>
                    <lemma type="arrive"/>
                </token>
                <token content="at" id="3-5"/>
                <token content="the" id="3-6">
                    <pos type="DT"/>
                    <lemma type="the"/>
                </token>
                <token content="airport" id="3-7">
                    <pos type="NN"/>
                    <lemma type="airport"/>
                    <dep head="3-4" type="prep"/>
                </token>
                <token content="about" id="3-8"/>
                <token content="one" id="3-9">
                    <pos type="CD"/>
                    <lemma type="one"/>
                </token>
                <token content="and" id="3-10"/>
                <token content="a" id="3-11">
                    <pos type="DT"/>
                    <lemma type="a"/>
                </token>
                <token content="half" id="3-12">
                    <pos type="NN"/>
                    <lemma type="half"/>
                </token>
                <token content="hours" id="3-13">
                    <pos type="NNS"/>
                    <lemma type="hour"/>
                    <dep head="3-4" type="prep"/>
                </token>
                <token content="early" id="3-14">
                    <pos type="RB"/>
                    <lemma type="early"/>
                    <dep head="3-4" type="advmod"/>
                </token>
                <token content="." id="3-15"/>
            </sentence>
            <sentence id="4">
                <token content="I" id="4-1">
                    <pos type="PRP"/>
                    <lemma type="I"/>
                    <dep head="4-2" type="nsubj"/>
                </token>
                <token content="made" id="4-2">
                    <pos type="VBD"/>
                    <lemma type="make"/>
                </token>
                <token content="sure" id="4-3">
                    <pos type="JJ"/>
                    <lemma type="sure"/>
                    <dep head="4-2" type="acomp"/>
                </token>
                <token content="to" id="4-4">
                    <pos type="TO"/>
                    <lemma type="to"/>
                    <dep head="4-5" type="aux"/>
                </token>
                <token content="go" id="4-5">
                    <pos type="VB"/>
                    <lemma type="go"/>
                </token>
                <token content="through" id="4-6">
                    <pos type="RP"/>
                    <lemma type="through"/>
                    <dep head="4-5" type="prt"/>
                </token>
                <token content="security" id="4-7">
                    <pos type="NN"/>
                    <lemma type="security"/>
                    <dep head="4-5" type="dobj"/>
                </token>
                <token content="first" id="4-8">
                    <pos type="RB"/>
                    <lemma type="first"/>
                    <dep head="4-5" type="advmod"/>
                </token>
                <token content="," id="4-9"/>
                <token content="since" id="4-10">
                    <pos type="IN"/>
                    <lemma type="since"/>
                    <dep head="4-12" type="mark"/>
                </token>
                <token content="there" id="4-11">
                    <pos type="EX"/>
                    <lemma type="there"/>
                    <dep head="4-12" type="expl"/>
                </token>
                <token content="were" id="4-12">
                    <pos type="VBD"/>
                    <lemma type="be"/>
                    <dep head="4-5" type="advcl"/>
                </token>
                <token content="long" id="4-13">
                    <pos type="JJ"/>
                    <lemma type="long"/>
                </token>
                <token content="lines" id="4-14">
                    <pos type="NNS"/>
                    <lemma type="line"/>
                    <dep head="4-12" type="nsubj"/>
                </token>
                <token content="for" id="4-15"/>
                <token content="that" id="4-16">
                    <pos type="DT"/>
                    <lemma type="that"/>
                </token>
                <token content="." id="4-17"/>
            </sentence>
            <sentence id="5">
                <token content="I" id="5-1">
                    <pos type="PRP"/>
                    <lemma type="I"/>
                    <dep head="5-2" type="nsubj"/>
                </token>
                <token content="had" id="5-2">
                    <pos type="VBD"/>
                    <lemma type="have"/>
                </token>
                <token content="to" id="5-3">
                    <pos type="TO"/>
                    <lemma type="to"/>
                    <dep head="5-4" type="aux"/>
                </token>
                <token content="take" id="5-4">
                    <pos type="VB"/>
                    <lemma type="take"/>
                    <dep head="5-2" type="xcomp"/>
                </token>
                <token content="off" id="5-5">
                    <pos type="RP"/>
                    <lemma type="off"/>
                    <dep head="5-4" type="prt"/>
                </token>
                <token content="my" id="5-6">
                    <pos type="PRP$"/>
                    <lemma type="my"/>
                </token>
                <token content="shoes" id="5-7">
                    <pos type="NNS"/>
                    <lemma type="shoe"/>
                    <dep head="5-4" type="dobj"/>
                </token>
                <token content="and" id="5-8"/>
                <token content="put" id="5-9">
                    <pos type="VB"/>
                    <lemma type="put"/>
                    <dep head="5-4" type="conj"/>
                </token>
                <token content="my" id="5-10">
                    <pos type="PRP$"/>
                    <lemma type="my"/>
                </token>
                <token content="bags" id="5-11">
                    <pos type="NNS"/>
                    <lemma type="bag"/>
                    <dep head="5-9" type="dobj"/>
                </token>
                <token content="through" id="5-12"/>
                <token content="an" id="5-13">
                    <pos type="DT"/>
                    <lemma type="a"/>
                </token>
                <token content="x-ray" id="5-14">
                    <pos type="NN"/>
                    <lemma type="x-ray"/>
                    <dep head="5-9" type="prep"/>
                </token>
                <token content="." id="5-15"/>
            </sentence>
            <sentence id="6">
                <token content="After" id="6-1">
                    <pos type="IN"/>
                    <lemma type="after"/>
                    <dep head="6-4" type="mark"/>
                </token>
                <token content="I" id="6-2">
                    <pos type="PRP"/>
                    <lemma type="I"/>
                    <dep head="6-4" type="nsubjpass"/>
                </token>
                <token content="was" id="6-3">
                    <pos type="VBD"/>
                    <lemma type="be"/>
                    <dep head="6-4" type="auxpass"/>
                </token>
                <token content="done" id="6-4">
                    <pos type="VBN"/>
                    <lemma type="do"/>
                    <dep head="6-7" type="advcl"/>
                </token>
                <token content="," id="6-5"/>
                <token content="I" id="6-6">
                    <pos type="PRP"/>
                    <lemma type="I"/>
                    <dep head="6-7" type="nsubj"/>
                </token>
                <token content="put" id="6-7">
                    <pos type="VBD"/>
                    <lemma type="put"/>
                </token>
                <token content="my" id="6-8">
                    <pos type="PRP$"/>
                    <lemma type="my"/>
                </token>
                <token content="luggage" id="6-9">
                    <pos type="NN"/>
                    <lemma type="luggage"/>
                    <dep head="6-7" type="dobj"/>
                </token>
                <token content="in" id="6-10"/>
                <token content="the" id="6-11">
                    <pos type="DT"/>
                    <lemma type="the"/>
                </token>
                <token content="correct" id="6-12">
                    <pos type="JJ"/>
                    <lemma type="correct"/>
                </token>
                <token content="area" id="6-13">
                    <pos type="NN"/>
                    <lemma type="area"/>
                    <dep head="6-7" type="prep"/>
                </token>
                <token content="so" id="6-14">
                    <pos type="IN"/>
                    <lemma type="so"/>
                    <dep head="6-18" type="mark"/>
                </token>
                <token content="it" id="6-15">
                    <pos type="PRP"/>
                    <lemma type="it"/>
                    <dep head="6-18" type="nsubjpass"/>
                </token>
                <token content="could" id="6-16">
                    <pos type="MD"/>
                    <lemma type="could"/>
                    <dep head="6-18" type="aux"/>
                </token>
                <token content="be" id="6-17">
                    <pos type="VB"/>
                    <lemma type="be"/>
                    <dep head="6-18" type="auxpass"/>
                </token>
                <token content="loaded" id="6-18">
                    <pos type="VBN"/>
                    <lemma type="load"/>
                    <dep head="6-7" type="advcl"/>
                </token>
                <token content="on" id="6-19"/>
                <token content="the" id="6-20">
                    <pos type="DT"/>
                    <lemma type="the"/>
                </token>
                <token content="plane" id="6-21">
                    <pos type="NN"/>
                    <lemma type="plane"/>
                    <dep head="6-18" type="prep"/>
                </token>
                <token content="." id="6-22"/>
            </sentence>
            <sentence id="7">
                <token content="I" id="7-1">
                    <pos type="PRP"/>
                    <lemma type="I"/>
                    <dep head="7-2" type="nsubj"/>
                </token>
                <token content="waited" id="7-2">
                    <pos type="VBD"/>
                    <lemma type="wait"/>
                </token>
                <token content="until" id="7-3">
                    <pos type="IN"/>
                    <lemma type="until"/>
                </token>
                <token content="my" id="7-4">
                    <pos type="PRP$"/>
                    <lemma type="my"/>
                </token>
                <token content="plane" id="7-5">
                    <pos type="NN"/>
                    <lemma type="plane"/>
                </token>
                <token content="was" id="7-6">
                    <pos type="VBD"/>
                    <lemma type="be"/>
                </token>
                <token content="ready" id="7-7">
                    <pos type="JJ"/>
                    <lemma type="ready"/>
                    <dep head="7-2" type="advcl"/>
                </token>
                <token content="to" id="7-8"/>
                <token content="board" id="7-9">
                    <pos type="NN"/>
                    <lemma type="board"/>
                </token>
                <token content="and" id="7-10"/>
                <token content="showed" id="7-11">
                    <pos type="VBD"/>
                    <lemma type="show"/>
                    <dep head="7-2" type="conj"/>
                </token>
                <token content="the" id="7-12">
                    <pos type="DT"/>
                    <lemma type="the"/>
                </token>
                <token content="flight" id="7-13">
                    <pos type="NN"/>
                    <lemma type="flight"/>
                </token>
                <token content="attendant" id="7-14">
                    <pos type="NN"/>
                    <lemma type="attendant"/>
                    <dep head="7-11" type="iobj"/>
                </token>
                <token content="my" id="7-15">
                    <pos type="PRP$"/>
                    <lemma type="my"/>
                </token>
                <token content="boarding" id="7-16">
                    <pos type="JJ"/>
                    <lemma type="boarding"/>
                </token>
                <token content="pass" id="7-17">
                    <pos type="NN"/>
                    <lemma type="pass"/>
                    <dep head="7-11" type="dobj"/>
                </token>
                <token content="." id="7-18"/>
            </sentence>
            <sentence id="8">
                <token content="I" id="8-1">
                    <pos type="PRP"/>
                    <lemma type="I"/>
                    <dep head="8-2" type="nsubj"/>
                </token>
                <token content="stayed" id="8-2">
                    <pos type="VBD"/>
                    <lemma type="stay"/>
                </token>
                <token content="quietly" id="8-3">
                    <pos type="RB"/>
                    <lemma type="quietly"/>
                    <dep head="8-2" type="advmod"/>
                </token>
                <token content="on" id="8-4"/>
                <token content="the" id="8-5">
                    <pos type="DT"/>
                    <lemma type="the"/>
                </token>
                <token content="plane" id="8-6">
                    <pos type="NN"/>
                    <lemma type="plane"/>
                    <dep head="8-2" type="prep"/>
                </token>
                <token content="and" id="8-7"/>
                <token content="made" id="8-8">
                    <pos type="VBD"/>
                    <lemma type="make"/>
                    <dep head="8-2" type="conj"/>
                </token>
                <token content="sure" id="8-9">
                    <pos type="JJ"/>
                    <lemma type="sure"/>
                    <dep head="8-8" type="acomp"/>
                </token>
                <token content="I" id="8-10">
                    <pos type="PRP"/>
                    <lemma type="I"/>
                    <dep head="8-11" type="nsubj"/>
                </token>
                <token content="was" id="8-11">
                    <pos type="VBD"/>
                    <lemma type="be"/>
                </token>
                <token content="in" id="8-12"/>
                <token content="my" id="8-13">
                    <pos type="PRP$"/>
                    <lemma type="my"/>
                </token>
                <token content="assigned" id="8-14">
                    <pos type="VBN"/>
                    <lemma type="assign"/>
                </token>
                <token content="seat" id="8-15">
                    <pos type="NN"/>
                    <lemma type="seat"/>
                    <dep head="8-11" type="prep"/>
                </token>
                <token content="." id="8-16"/>
            </sentence>
            <sentence id="9">
                <token content="It" id="9-1">
                    <pos type="PRP"/>
                    <lemma type="it"/>
                </token>
                <token content="can" id="9-2">
                    <pos type="MD"/>
                    <lemma type="can"/>
                </token>
                <token content="be" id="9-3">
                    <pos type="VB"/>
                    <lemma type="be"/>
                </token>
                <token content="crowded" id="9-4">
                    <pos type="JJ"/>
                    <lemma type="crowded"/>
                </token>
                <token content="and" id="9-5"/>
                <token content="boring" id="9-6">
                    <pos type="JJ"/>
                    <lemma type="boring"/>
                </token>
                <token content="," id="9-7"/>
                <token content="so" id="9-8">
                    <pos type="IN"/>
                    <lemma type="so"/>
                </token>
                <token content="I" id="9-9">
                    <pos type="PRP"/>
                    <lemma type="I"/>
                    <dep head="9-10" type="nsubj"/>
                </token>
                <token content="read" id="9-10">
                    <pos type="VBD"/>
                    <lemma type="read"/>
                </token>
                <token content="my" id="9-11">
                    <pos type="PRP$"/>
                    <lemma type="my"/>
                </token>
                <token content="book" id="9-12">
                    <pos type="NN"/>
                    <lemma type="book"/>
                    <dep head="9-10" type="dobj"/>
                </token>
                <token content="on" id="9-13"/>
                <token content="the" id="9-14">
                    <pos type="DT"/>
                    <lemma type="the"/>
                </token>
                <token content="flight" id="9-15">
                    <pos type="NN"/>
                    <lemma type="flight"/>
                    <dep head="9-10" type="prep"/>
                </token>
                <token content="." id="9-16"/>
            </sentence>
            <sentence id="10">
                <token content="I" id="10-1">
                    <pos type="PRP"/>
                    <lemma type="I"/>
                    <dep head="10-2" type="nsubj"/>
                </token>
                <token content="made" id="10-2">
                    <pos type="VBD"/>
                    <lemma type="make"/>
                </token>
                <token content="sure" id="10-3">
                    <pos type="JJ"/>
                    <lemma type="sure"/>
                    <dep head="10-2" type="acomp"/>
                </token>
                <token content="to" id="10-4">
                    <pos type="TO"/>
                    <lemma type="to"/>
                    <dep head="10-5" type="aux"/>
                </token>
                <token content="listen" id="10-5">
                    <pos type="VB"/>
                    <lemma type="listen"/>
                </token>
                <token content="to" id="10-6"/>
                <token content="the" id="10-7">
                    <pos type="DT"/>
                    <lemma type="the"/>
                </token>
                <token content="flight" id="10-8">
                    <pos type="NN"/>
                    <lemma type="flight"/>
                </token>
                <token content="attendants" id="10-9">
                    <pos type="NNS"/>
                    <lemma type="attendant"/>
                    <dep head="10-5" type="prep"/>
                </token>
                <token content="when" id="10-10">
                    <pos type="WRB"/>
                    <lemma type="when"/>
                    <dep head="10-12" type="advmod"/>
                </token>
                <token content="they" id="10-11">
                    <pos type="PRP"/>
                    <lemma type="they"/>
                    <dep head="10-12" type="nsubj"/>
                </token>
                <token content="had" id="10-12">
                    <pos type="VBD"/>
                    <lemma type="have"/>
                    <dep head="10-2" type="advcl"/>
                </token>
                <token content="an" id="10-13">
                    <pos type="DT"/>
                    <lemma type="a"/>
                </token>
                <token content="announcement" id="10-14">
                    <pos type="NN"/>
                    <lemma type="announcement"/>
                    <dep head="10-12" type="dobj"/>
                </token>
                <token content="to" id="10-15">
                    <pos type="TO"/>
                    <lemma type="to"/>
                    <dep head="10-16" type="aux"/>
                </token>
                <token content="make" id="10-16">
                    <pos type="VB"/>
                    <lemma type="make"/>
                </token>
                <token content="." id="10-17"/>
            </sentence>
        </sentences>
    </text>
    <annotations>
        <participants>
            <label from="1-1" id="0" name="ScrPart_passenger" text="I" type="participant"/>
            <label from="1-4" id="1" name="ScrPart_passenger" text="I" type="participant"/>
            <label from="1-6" id="2" name="ScrPart_passenger" text="my" type="participant"/>
            <label from="1-7" id="3" name="ScrPart_ticket" text="ticket" type="participant"/>
            <label from="1-9" id="4" name="No_label" text="advance" type="participant"/>
            <label from="1-15" id="5" name="ScrPart_passenger" text="my" type="participant"/>
            <label from="1-16" id="6" name="ScrPart_flight" text="flight" type="participant"/>
            <label from="2-1" id="7" name="ScrPart_passenger" text="I" type="participant"/>
            <label from="2-5" id="8" name="ScrPart_passenger" text="I" type="participant"/>
            <label from="2-11" id="9" name="NPart" text="list" type="participant"/>
            <label from="2-17" id="10" name="ScrPart_passenger" text="my" type="participant"/>
            <label from="2-18" id="11" name="ScrPart_personal_belongings" text="items" type="participant"/>
            <label from="3-3" id="12" name="ScrPart_passenger" text="I" type="participant"/>
            <label from="3-7" id="13" name="ScrPart_airport" text="airport" type="participant"/>
            <label from="3-13" id="14" name="ScrPart_time/date" text="hours" type="participant"/>
            <label from="4-1" id="15" name="ScrPart_passenger" text="I" type="participant"/>
            <label from="4-7" id="16" name="ScrPart_security_check" text="security" type="participant"/>
            <label from="4-14" id="17" name="ScrPart_line" text="lines" type="participant"/>
            <label from="4-16" id="18" name="ScrPart_security_check" text="that" type="participant"/>
            <label from="5-1" id="19" name="ScrPart_passenger" text="I" type="participant"/>
            <label from="5-6" id="20" name="ScrPart_passenger" text="my" type="participant"/>
            <label from="5-7" id="21" name="NPart" text="shoes" type="participant"/>
            <label from="5-10" id="22" name="ScrPart_passenger" text="my" type="participant"/>
            <label from="5-11" id="23" name="ScrPart_carry_on_luggage" text="bags" type="participant"/>
            <label from="5-14" id="24" name="NPart" text="x-ray" type="participant"/>
            <label from="6-2" id="25" name="ScrPart_passenger" text="I" type="participant"/>
            <label from="6-6" id="26" name="ScrPart_passenger" text="I" type="participant"/>
            <label from="6-8" id="27" name="ScrPart_passenger" text="my" type="participant"/>
            <label from="6-9" id="28" name="ScrPart_check_in_luggage" text="luggage" type="participant"/>
            <label from="6-13" id="29" name="NPart" text="area" type="participant"/>
            <label from="6-15" id="30" name="ScrPart_check_in_luggage" text="it" type="participant"/>
            <label from="6-21" id="31" name="ScrPart_plane" text="plane" type="participant"/>
            <label from="7-1" id="32" name="ScrPart_passenger" text="I" type="participant"/>
            <label from="7-4" id="33" name="ScrPart_passenger" text="my" type="participant"/>
            <label from="7-5" id="34" name="ScrPart_plane" text="plane" type="participant"/>
            <label from="7-13" id="35" name="ScrPart_staff" text="flight attendant" to="7-14" type="participant"/>
            <label from="7-14" id="36" name="ScrPart_staff" text="attendant" type="participant"/>
            <label from="7-15" id="37" name="ScrPart_passenger" text="my" type="participant"/>
            <label from="7-16" id="38" name="ScrPart_boarding_pass" text="boarding pass" to="7-17" type="participant"/>
            <label from="7-17" id="39" name="ScrPart_boarding_pass" text="pass" type="participant"/>
            <label from="8-1" id="40" name="ScrPart_passenger" text="I" type="participant"/>
            <label from="8-6" id="41" name="ScrPart_plane" text="plane" type="participant"/>
            <label from="8-10" id="42" name="ScrPart_passenger" text="I" type="participant"/>
            <label from="8-13" id="43" name="ScrPart_passenger" text="my" type="participant"/>
            <label from="8-15" id="44" name="ScrPart_seat" text="seat" type="participant"/>
            <label from="9-1" id="45" name="No_label" text="It" type="participant"/>
            <label from="9-9" id="46" name="ScrPart_passenger" text="I" type="participant"/>
            <label from="9-11" id="47" name="ScrPart_passenger" text="my" type="participant"/>
            <label from="9-12" id="48" name="ScrPart_in-flight_entertainment" text="book" type="participant"/>
            <label from="9-15" id="49" name="ScrPart_flight" text="flight" type="participant"/>
            <label from="10-1" id="50" name="ScrPart_passenger" text="I" type="participant"/>
            <label from="10-8" id="51" name="ScrPart_staff" text="flight attendants" to="10-9" type="participant"/>
            <label from="10-9" id="52" name="ScrPart_staff" text="attendants" type="participant"/>
            <label from="10-11" id="53" name="ScrPart_staff" text="they" type="participant"/>
            <label from="10-14" id="54" name="ScrPart_safety_instructions" text="announcement" type="participant"/>
        </participants>
        <events>
            <label from="1-2" id="55" name="UnrelEv" text="made sure" to="1-3" type="event"/>
            <label from="1-5" id="56" name="UnrelEv" text="had" type="event"/>
            <label from="1-11" id="57" name="RelNScrEv" text="checked" type="event"/>
            <label from="1-13" id="58" name="UnrelEv" text="make sure" to="1-14" type="event"/>
            <label from="1-19" id="59" name="RelNScrEv" text="canceled" type="event"/>
            <label from="2-3" id="60" name="ScrEv_pack_luggage" text="pre-packed" type="event"/>
            <label from="2-6" id="61" name="UnrelEv" text="needed" type="event"/>
            <label from="2-9" id="62" name="RelNScrEv" text="checked" type="event"/>
            <label from="2-20" id="63" name="UnrelEv" text="approved" type="event"/>
            <label from="3-4" id="64" name="ScrEv_get_airport" text="arrived" type="event"/>
            <label from="4-2" id="65" name="UnrelEv" text="made sure" to="4-3" type="event"/>
            <label from="4-5" id="66" name="ScrEv_go_security_checks" text="go through" to="4-6" type="event"/>
            <label from="4-12" id="67" name="UnrelEv" text="were" type="event"/>
            <label from="5-4" id="68" name="ScrEv_go_security_checks" text="take off" to="5-5" type="event"/>
            <label from="5-9" id="69" name="ScrEv_go_security_checks" text="put" type="event"/>
            <label from="6-4" id="70" name="UnrelEv" text="done" type="event"/>
            <label from="6-7" id="71" name="ScrEv_check_luggage" text="put" type="event"/>
            <label from="6-18" id="72" name="RelNScrEv" text="loaded" type="event"/>
            <label from="7-2" id="73" name="ScrEv_wait_boarding" text="waited" type="event"/>
            <label from="7-9" id="74" name="ScrEv_board_plane" text="board" type="event"/>
            <label from="7-11" id="75" name="ScrEv_present_boarding_pass" text="showed" type="event"/>
            <label from="8-2" id="76" name="UnrelEv" text="stayed" type="event"/>
            <label from="8-8" id="77" name="UnrelEv" text="made sure" to="8-9" type="event"/>
            <label from="8-11" id="78" name="UnrelEv" text="was" type="event"/>
            <label from="8-14" id="79" name="RelNScrEv" text="assigned" type="event"/>
            <label from="9-3" id="80" name="UnrelEv" text="be" type="event"/>
            <label from="9-10" id="81" name="ScrEv_spend_time_flight" text="read" type="event"/>
            <label from="10-5" id="82" name="ScrEv_listen_crew" text="listen" type="event"/>
            <label from="10-12" id="83" name="UnrelEv" text="had" type="event"/>
            <label from="10-16" id="84" name="UnrelEv" text="make" type="event"/>
        </events>
        <chains>
            <chain elements="0 1 2 5 7 8 10 12 15 19 20 22 25 26 27 32 33 40 42 43 46 47 50 37"/>
            <chain elements="16 18"/>
            <chain elements="28 30"/>
            <chain elements="31 34 41"/>
            <chain elements="6 49"/>
            <chain elements="52 53"/>
        </chains>
    </annotations>
</story>
