<?xml version="1.0" encoding="UTF-8" standalone="no"?>
<!DOCTYPE story SYSTEM "../InScript.dtd">
<story id="002" scenario="flight">
    <text>
        <content>I was excited to go home for the holidays last December , but I was less excited about having to take an airplane ! 
I normally would drive , but my mother persuaded me to take a plane because she was afraid I would have to drive through snow . 
I filled a single suitcase with as many necessities I could fit , because I did not want to have to deal with putting multiple suitcases through the luggage handler . 
I arrived at the airport and waited in line to check in . 
I let the TSA search me for any contraband that would not be allowed on the plane , and then waited to be allowed to board . 
Once we were let on the plane , I walked over to my seat and shoved my suitcase into the overhead compartment . 
Luckily it fit , so I would be able to keep it with me . 
I snuggled into my seat and tried to ignore the butterflies in my stomach . 
Flying always makes me nervous . 
The person seated directly next to me was a middle aged woman flying alone . 
She gave me a sympathetic smile and asked me if I was as nervous as she was . 
I said yes , and I think we both felt better that at least we would be good seatmates . 
The plane ride was uneventful ; after five hours in the air , we landed at our destination in one piece . </content>
        <sentences>
            <sentence id="1">
                <token content="I" id="1-1">
                    <pos type="PRP"/>
                    <lemma type="I"/>
                </token>
                <token content="was" id="1-2">
                    <pos type="VBD"/>
                    <lemma type="be"/>
                </token>
                <token content="excited" id="1-3">
                    <pos type="JJ"/>
                    <lemma type="excited"/>
                </token>
                <token content="to" id="1-4">
                    <pos type="TO"/>
                    <lemma type="to"/>
                    <dep head="1-5" type="aux"/>
                </token>
                <token content="go" id="1-5">
                    <pos type="VB"/>
                    <lemma type="go"/>
                </token>
                <token content="home" id="1-6">
                    <pos type="NN"/>
                    <lemma type="home"/>
                    <dep head="1-5" type="dobj"/>
                </token>
                <token content="for" id="1-7"/>
                <token content="the" id="1-8">
                    <pos type="DT"/>
                    <lemma type="the"/>
                </token>
                <token content="holidays" id="1-9">
                    <pos type="NNS"/>
                    <lemma type="holiday"/>
                    <dep head="1-5" type="prep"/>
                </token>
                <token content="last" id="1-10">
                    <pos type="JJ"/>
                    <lemma type="last"/>
                </token>
                <token content="December" id="1-11">
                    <pos type="NNP"/>
                    <lemma type="December"/>
                    <dep head="1-5" type="tmod"/>
                </token>
                <token content="," id="1-12"/>
                <token content="but" id="1-13"/>
                <token content="I" id="1-14">
                    <pos type="PRP"/>
                    <lemma type="I"/>
                </token>
                <token content="was" id="1-15">
                    <pos type="VBD"/>
                    <lemma type="be"/>
                </token>
                <token content="less" id="1-16">
                    <pos type="RBR"/>
                    <lemma type="less"/>
                </token>
                <token content="excited" id="1-17">
                    <pos type="JJ"/>
                    <lemma type="excited"/>
                </token>
                <token content="about" id="1-18"/>
                <token content="having" id="1-19">
                    <pos type="VBG"/>
                    <lemma type="have"/>
                </token>
                <token content="to" id="1-20">
                    <pos type="TO"/>
                    <lemma type="to"/>
                    <dep head="1-21" type="aux"/>
                </token>
                <token content="take" id="1-21">
                    <pos type="VB"/>
                    <lemma type="take"/>
                    <dep head="1-19" type="xcomp"/>
                </token>
                <token content="an" id="1-22">
                    <pos type="DT"/>
                    <lemma type="a"/>
                </token>
                <token content="airplane" id="1-23">
                    <pos type="NN"/>
                    <lemma type="airplane"/>
                    <dep head="1-21" type="dobj"/>
                </token>
                <token content="!" id="1-24"/>
            </sentence>
            <sentence id="2">
                <token content="I" id="2-1">
                    <pos type="PRP"/>
                    <lemma type="I"/>
                    <dep head="2-4" type="nsubj"/>
                </token>
                <token content="normally" id="2-2">
                    <pos type="RB"/>
                    <lemma type="normally"/>
                    <dep head="2-4" type="advmod"/>
                </token>
                <token content="would" id="2-3">
                    <pos type="MD"/>
                    <lemma type="would"/>
                    <dep head="2-4" type="aux"/>
                </token>
                <token content="drive" id="2-4">
                    <pos type="VB"/>
                    <lemma type="drive"/>
                </token>
                <token content="," id="2-5"/>
                <token content="but" id="2-6"/>
                <token content="my" id="2-7">
                    <pos type="PRP$"/>
                    <lemma type="my"/>
                </token>
                <token content="mother" id="2-8">
                    <pos type="NN"/>
                    <lemma type="mother"/>
                    <dep head="2-9" type="nsubj"/>
                </token>
                <token content="persuaded" id="2-9">
                    <pos type="VBD"/>
                    <lemma type="persuade"/>
                    <dep head="2-4" type="conj"/>
                </token>
                <token content="me" id="2-10">
                    <pos type="PRP"/>
                    <lemma type="I"/>
                    <dep head="2-9" type="dobj"/>
                </token>
                <token content="to" id="2-11">
                    <pos type="TO"/>
                    <lemma type="to"/>
                    <dep head="2-12" type="aux"/>
                </token>
                <token content="take" id="2-12">
                    <pos type="VB"/>
                    <lemma type="take"/>
                    <dep head="2-9" type="xcomp"/>
                </token>
                <token content="a" id="2-13">
                    <pos type="DT"/>
                    <lemma type="a"/>
                </token>
                <token content="plane" id="2-14">
                    <pos type="NN"/>
                    <lemma type="plane"/>
                    <dep head="2-12" type="dobj"/>
                </token>
                <token content="because" id="2-15">
                    <pos type="IN"/>
                    <lemma type="because"/>
                </token>
                <token content="she" id="2-16">
                    <pos type="PRP"/>
                    <lemma type="she"/>
                </token>
                <token content="was" id="2-17">
                    <pos type="VBD"/>
                    <lemma type="be"/>
                </token>
                <token content="afraid" id="2-18">
                    <pos type="JJ"/>
                    <lemma type="afraid"/>
                    <dep head="2-12" type="advcl"/>
                </token>
                <token content="I" id="2-19">
                    <pos type="PRP"/>
                    <lemma type="I"/>
                    <dep head="2-21" type="nsubj"/>
                </token>
                <token content="would" id="2-20">
                    <pos type="MD"/>
                    <lemma type="would"/>
                    <dep head="2-21" type="aux"/>
                </token>
                <token content="have" id="2-21">
                    <pos type="VB"/>
                    <lemma type="have"/>
                </token>
                <token content="to" id="2-22">
                    <pos type="TO"/>
                    <lemma type="to"/>
                    <dep head="2-23" type="aux"/>
                </token>
                <token content="drive" id="2-23">
                    <pos type="VB"/>
                    <lemma type="drive"/>
                    <dep head="2-21" type="xcomp"/>
                </token>
                <token content="through" id="2-24"/>
                <token content="snow" id="2-25">
                    <pos type="NN"/>
                    <lemma type="snow"/>
                    <dep head="2-23" type="prep"/>
                </token>
                <token content="." id="2-26"/>
            </sentence>
            <sentence id="3">
                <token content="I" id="3-1">
                    <pos type="PRP"/>
                    <lemma type="I"/>
                    <dep head="3-2" type="nsubj"/>
                </token>
                <token content="filled" id="3-2">
                    <pos type="VBD"/>
                    <lemma type="fill"/>
                </token>
                <token content="a" id="3-3">
                    <pos type="DT"/>
                    <lemma type="a"/>
                </token>
                <token content="single" id="3-4">
                    <pos type="JJ"/>
                    <lemma type="single"/>
                </token>
                <token content="suitcase" id="3-5">
                    <pos type="NN"/>
                    <lemma type="suitcase"/>
                    <dep head="3-2" type="dobj"/>
                </token>
                <token content="with" id="3-6">
                    <pos type="IN"/>
                    <lemma type="with"/>
                    <dep head="3-2" type="dep"/>
                </token>
                <token content="as" id="3-7"/>
                <token content="many" id="3-8">
                    <pos type="JJ"/>
                    <lemma type="many"/>
                </token>
                <token content="necessities" id="3-9">
                    <pos type="NNS"/>
                    <lemma type="necessity"/>
                    <dep head="3-2" type="prep"/>
                </token>
                <token content="I" id="3-10">
                    <pos type="PRP"/>
                    <lemma type="I"/>
                    <dep head="3-12" type="nsubj"/>
                </token>
                <token content="could" id="3-11">
                    <pos type="MD"/>
                    <lemma type="could"/>
                    <dep head="3-12" type="aux"/>
                </token>
                <token content="fit" id="3-12">
                    <pos type="VB"/>
                    <lemma type="fit"/>
                </token>
                <token content="," id="3-13"/>
                <token content="because" id="3-14">
                    <pos type="IN"/>
                    <lemma type="because"/>
                    <dep head="3-18" type="mark"/>
                </token>
                <token content="I" id="3-15">
                    <pos type="PRP"/>
                    <lemma type="I"/>
                    <dep head="3-18" type="nsubj"/>
                </token>
                <token content="did" id="3-16">
                    <pos type="VBD"/>
                    <lemma type="do"/>
                    <dep head="3-18" type="aux"/>
                </token>
                <token content="not" id="3-17">
                    <pos type="RB"/>
                    <lemma type="not"/>
                    <dep head="3-18" type="neg"/>
                </token>
                <token content="want" id="3-18">
                    <pos type="VB"/>
                    <lemma type="want"/>
                    <dep head="3-2" type="advcl"/>
                </token>
                <token content="to" id="3-19">
                    <pos type="TO"/>
                    <lemma type="to"/>
                    <dep head="3-20" type="aux"/>
                </token>
                <token content="have" id="3-20">
                    <pos type="VB"/>
                    <lemma type="have"/>
                    <dep head="3-18" type="xcomp"/>
                </token>
                <token content="to" id="3-21">
                    <pos type="TO"/>
                    <lemma type="to"/>
                    <dep head="3-22" type="aux"/>
                </token>
                <token content="deal" id="3-22">
                    <pos type="VB"/>
                    <lemma type="deal"/>
                    <dep head="3-20" type="xcomp"/>
                </token>
                <token content="with" id="3-23"/>
                <token content="putting" id="3-24">
                    <pos type="VBG"/>
                    <lemma type="put"/>
                    <dep head="3-22" type="prepc"/>
                </token>
                <token content="multiple" id="3-25">
                    <pos type="JJ"/>
                    <lemma type="multiple"/>
                </token>
                <token content="suitcases" id="3-26">
                    <pos type="NNS"/>
                    <lemma type="suitcase"/>
                    <dep head="3-24" type="dobj"/>
                </token>
                <token content="through" id="3-27"/>
                <token content="the" id="3-28">
                    <pos type="DT"/>
                    <lemma type="the"/>
                </token>
                <token content="luggage" id="3-29">
                    <pos type="JJ"/>
                    <lemma type="luggage"/>
                </token>
                <token content="handler" id="3-30">
                    <pos type="NN"/>
                    <lemma type="handler"/>
                    <dep head="3-24" type="prep"/>
                </token>
                <token content="." id="3-31"/>
            </sentence>
            <sentence id="4">
                <token content="I" id="4-1">
                    <pos type="PRP"/>
                    <lemma type="I"/>
                    <dep head="4-2" type="nsubj"/>
                </token>
                <token content="arrived" id="4-2">
                    <pos type="VBD"/>
                    <lemma type="arrive"/>
                </token>
                <token content="at" id="4-3"/>
                <token content="the" id="4-4">
                    <pos type="DT"/>
                    <lemma type="the"/>
                </token>
                <token content="airport" id="4-5">
                    <pos type="NN"/>
                    <lemma type="airport"/>
                    <dep head="4-2" type="prep"/>
                </token>
                <token content="and" id="4-6"/>
                <token content="waited" id="4-7">
                    <pos type="VBD"/>
                    <lemma type="wait"/>
                    <dep head="4-2" type="conj"/>
                </token>
                <token content="in" id="4-8"/>
                <token content="line" id="4-9">
                    <pos type="NN"/>
                    <lemma type="line"/>
                    <dep head="4-7" type="prep"/>
                </token>
                <token content="to" id="4-10">
                    <pos type="TO"/>
                    <lemma type="to"/>
                    <dep head="4-11" type="aux"/>
                </token>
                <token content="check" id="4-11">
                    <pos type="VB"/>
                    <lemma type="check"/>
                    <dep head="4-7" type="xcomp"/>
                </token>
                <token content="in" id="4-12">
                    <pos type="RP"/>
                    <lemma type="in"/>
                    <dep head="4-11" type="prt"/>
                </token>
                <token content="." id="4-13"/>
            </sentence>
            <sentence id="5">
                <token content="I" id="5-1">
                    <pos type="PRP"/>
                    <lemma type="I"/>
                    <dep head="5-2" type="nsubj"/>
                </token>
                <token content="let" id="5-2">
                    <pos type="VBP"/>
                    <lemma type="let"/>
                </token>
                <token content="the" id="5-3">
                    <pos type="DT"/>
                    <lemma type="the"/>
                </token>
                <token content="TSA" id="5-4">
                    <pos type="NNP"/>
                    <lemma type="TSA"/>
                    <dep head="5-5" type="nsubj"/>
                </token>
                <token content="search" id="5-5">
                    <pos type="VB"/>
                    <lemma type="search"/>
                    <dep head="5-2" type="ccomp"/>
                </token>
                <token content="me" id="5-6">
                    <pos type="PRP"/>
                    <lemma type="I"/>
                    <dep head="5-5" type="dobj"/>
                </token>
                <token content="for" id="5-7"/>
                <token content="any" id="5-8">
                    <pos type="DT"/>
                    <lemma type="any"/>
                </token>
                <token content="contraband" id="5-9">
                    <pos type="NN"/>
                    <lemma type="contraband"/>
                    <dep head="5-5" type="prep"/>
                </token>
                <token content="that" id="5-10">
                    <pos type="WDT"/>
                    <lemma type="that"/>
                    <dep head="5-14" type="nsubjpass"/>
                </token>
                <token content="would" id="5-11">
                    <pos type="MD"/>
                    <lemma type="would"/>
                    <dep head="5-14" type="aux"/>
                </token>
                <token content="not" id="5-12">
                    <pos type="RB"/>
                    <lemma type="not"/>
                    <dep head="5-14" type="neg"/>
                </token>
                <token content="be" id="5-13">
                    <pos type="VB"/>
                    <lemma type="be"/>
                    <dep head="5-14" type="auxpass"/>
                </token>
                <token content="allowed" id="5-14">
                    <pos type="VBN"/>
                    <lemma type="allow"/>
                </token>
                <token content="on" id="5-15"/>
                <token content="the" id="5-16">
                    <pos type="DT"/>
                    <lemma type="the"/>
                </token>
                <token content="plane" id="5-17">
                    <pos type="NN"/>
                    <lemma type="plane"/>
                    <dep head="5-14" type="prep"/>
                </token>
                <token content="," id="5-18"/>
                <token content="and" id="5-19"/>
                <token content="then" id="5-20">
                    <pos type="RB"/>
                    <lemma type="then"/>
                    <dep head="5-21" type="advmod"/>
                </token>
                <token content="waited" id="5-21">
                    <pos type="VBD"/>
                    <lemma type="wait"/>
                    <dep head="5-14" type="conj"/>
                </token>
                <token content="to" id="5-22">
                    <pos type="TO"/>
                    <lemma type="to"/>
                    <dep head="5-24" type="aux"/>
                </token>
                <token content="be" id="5-23">
                    <pos type="VB"/>
                    <lemma type="be"/>
                    <dep head="5-24" type="auxpass"/>
                </token>
                <token content="allowed" id="5-24">
                    <pos type="VBN"/>
                    <lemma type="allow"/>
                    <dep head="5-21" type="xcomp"/>
                </token>
                <token content="to" id="5-25"/>
                <token content="board" id="5-26">
                    <pos type="NN"/>
                    <lemma type="board"/>
                    <dep head="5-24" type="prep"/>
                </token>
                <token content="." id="5-27"/>
            </sentence>
            <sentence id="6">
                <token content="Once" id="6-1">
                    <pos type="IN"/>
                    <lemma type="once"/>
                    <dep head="6-4" type="mark"/>
                </token>
                <token content="we" id="6-2">
                    <pos type="PRP"/>
                    <lemma type="we"/>
                    <dep head="6-4" type="nsubjpass"/>
                </token>
                <token content="were" id="6-3">
                    <pos type="VBD"/>
                    <lemma type="be"/>
                    <dep head="6-4" type="auxpass"/>
                </token>
                <token content="let" id="6-4">
                    <pos type="VBN"/>
                    <lemma type="let"/>
                    <dep head="6-10" type="advcl"/>
                </token>
                <token content="on" id="6-5"/>
                <token content="the" id="6-6">
                    <pos type="DT"/>
                    <lemma type="the"/>
                </token>
                <token content="plane" id="6-7">
                    <pos type="NN"/>
                    <lemma type="plane"/>
                    <dep head="6-4" type="prep"/>
                </token>
                <token content="," id="6-8"/>
                <token content="I" id="6-9">
                    <pos type="PRP"/>
                    <lemma type="I"/>
                    <dep head="6-10" type="nsubj"/>
                </token>
                <token content="walked" id="6-10">
                    <pos type="VBD"/>
                    <lemma type="walk"/>
                </token>
                <token content="over" id="6-11">
                    <pos type="RP"/>
                    <lemma type="over"/>
                    <dep head="6-10" type="prt"/>
                </token>
                <token content="to" id="6-12"/>
                <token content="my" id="6-13">
                    <pos type="PRP$"/>
                    <lemma type="my"/>
                </token>
                <token content="seat" id="6-14">
                    <pos type="NN"/>
                    <lemma type="seat"/>
                    <dep head="6-10" type="prep"/>
                </token>
                <token content="and" id="6-15"/>
                <token content="shoved" id="6-16">
                    <pos type="VBD"/>
                    <lemma type="shove"/>
                    <dep head="6-10" type="conj"/>
                </token>
                <token content="my" id="6-17">
                    <pos type="PRP$"/>
                    <lemma type="my"/>
                </token>
                <token content="suitcase" id="6-18">
                    <pos type="NN"/>
                    <lemma type="suitcase"/>
                    <dep head="6-16" type="dobj"/>
                </token>
                <token content="into" id="6-19"/>
                <token content="the" id="6-20">
                    <pos type="DT"/>
                    <lemma type="the"/>
                </token>
                <token content="overhead" id="6-21">
                    <pos type="JJ"/>
                    <lemma type="overhead"/>
                </token>
                <token content="compartment" id="6-22">
                    <pos type="NN"/>
                    <lemma type="compartment"/>
                    <dep head="6-16" type="prep"/>
                </token>
                <token content="." id="6-23"/>
            </sentence>
            <sentence id="7">
                <token content="Luckily" id="7-1">
                    <pos type="RB"/>
                    <lemma type="luckily"/>
                    <dep head="7-3" type="advmod"/>
                </token>
                <token content="it" id="7-2">
                    <pos type="PRP"/>
                    <lemma type="it"/>
                    <dep head="7-3" type="nsubj"/>
                </token>
                <token content="fit" id="7-3">
                    <pos type="VBP"/>
                    <lemma type="fit"/>
                </token>
                <token content="," id="7-4"/>
                <token content="so" id="7-5">
                    <pos type="IN"/>
                    <lemma type="so"/>
                    <dep head="7-3" type="dep"/>
                </token>
                <token content="I" id="7-6">
                    <pos type="PRP"/>
                    <lemma type="I"/>
                </token>
                <token content="would" id="7-7">
                    <pos type="MD"/>
                    <lemma type="would"/>
                </token>
                <token content="be" id="7-8">
                    <pos type="VB"/>
                    <lemma type="be"/>
                </token>
                <token content="able" id="7-9">
                    <pos type="JJ"/>
                    <lemma type="able"/>
                    <dep head="7-3" type="parataxis"/>
                </token>
                <token content="to" id="7-10">
                    <pos type="TO"/>
                    <lemma type="to"/>
                    <dep head="7-11" type="aux"/>
                </token>
                <token content="keep" id="7-11">
                    <pos type="VB"/>
                    <lemma type="keep"/>
                </token>
                <token content="it" id="7-12">
                    <pos type="PRP"/>
                    <lemma type="it"/>
                    <dep head="7-11" type="dobj"/>
                </token>
                <token content="with" id="7-13"/>
                <token content="me" id="7-14">
                    <pos type="PRP"/>
                    <lemma type="I"/>
                    <dep head="7-11" type="prep"/>
                </token>
                <token content="." id="7-15"/>
            </sentence>
            <sentence id="8">
                <token content="I" id="8-1">
                    <pos type="PRP"/>
                    <lemma type="I"/>
                    <dep head="8-2" type="nsubj"/>
                </token>
                <token content="snuggled" id="8-2">
                    <pos type="VBD"/>
                    <lemma type="snuggle"/>
                </token>
                <token content="into" id="8-3"/>
                <token content="my" id="8-4">
                    <pos type="PRP$"/>
                    <lemma type="my"/>
                </token>
                <token content="seat" id="8-5">
                    <pos type="NN"/>
                    <lemma type="seat"/>
                    <dep head="8-2" type="prep"/>
                </token>
                <token content="and" id="8-6"/>
                <token content="tried" id="8-7">
                    <pos type="VBD"/>
                    <lemma type="try"/>
                    <dep head="8-2" type="conj"/>
                </token>
                <token content="to" id="8-8">
                    <pos type="TO"/>
                    <lemma type="to"/>
                    <dep head="8-9" type="aux"/>
                </token>
                <token content="ignore" id="8-9">
                    <pos type="VB"/>
                    <lemma type="ignore"/>
                    <dep head="8-7" type="xcomp"/>
                </token>
                <token content="the" id="8-10">
                    <pos type="DT"/>
                    <lemma type="the"/>
                </token>
                <token content="butterflies" id="8-11">
                    <pos type="NNS"/>
                    <lemma type="butterfly"/>
                    <dep head="8-9" type="dobj"/>
                </token>
                <token content="in" id="8-12"/>
                <token content="my" id="8-13">
                    <pos type="PRP$"/>
                    <lemma type="my"/>
                </token>
                <token content="stomach" id="8-14">
                    <pos type="NN"/>
                    <lemma type="stomach"/>
                    <dep head="8-9" type="prep"/>
                </token>
                <token content="." id="8-15"/>
            </sentence>
            <sentence id="9">
                <token content="Flying" id="9-1">
                    <pos type="NNP"/>
                    <lemma type="Flying"/>
                    <dep head="9-3" type="nsubj"/>
                </token>
                <token content="always" id="9-2">
                    <pos type="RB"/>
                    <lemma type="always"/>
                    <dep head="9-3" type="advmod"/>
                </token>
                <token content="makes" id="9-3">
                    <pos type="VBZ"/>
                    <lemma type="make"/>
                </token>
                <token content="me" id="9-4">
                    <pos type="PRP"/>
                    <lemma type="I"/>
                </token>
                <token content="nervous" id="9-5">
                    <pos type="JJ"/>
                    <lemma type="nervous"/>
                    <dep head="9-3" type="xcomp"/>
                </token>
                <token content="." id="9-6"/>
            </sentence>
            <sentence id="10">
                <token content="The" id="10-1">
                    <pos type="DT"/>
                    <lemma type="the"/>
                </token>
                <token content="person" id="10-2">
                    <pos type="NN"/>
                    <lemma type="person"/>
                </token>
                <token content="seated" id="10-3">
                    <pos type="VBN"/>
                    <lemma type="seat"/>
                </token>
                <token content="directly" id="10-4">
                    <pos type="RB"/>
                    <lemma type="directly"/>
                    <dep head="10-3" type="advmod"/>
                </token>
                <token content="next" id="10-5"/>
                <token content="to" id="10-6"/>
                <token content="me" id="10-7">
                    <pos type="PRP"/>
                    <lemma type="I"/>
                    <dep head="10-3" type="prep"/>
                </token>
                <token content="was" id="10-8">
                    <pos type="VBD"/>
                    <lemma type="be"/>
                </token>
                <token content="a" id="10-9">
                    <pos type="DT"/>
                    <lemma type="a"/>
                </token>
                <token content="middle" id="10-10">
                    <pos type="JJ"/>
                    <lemma type="middle"/>
                </token>
                <token content="aged" id="10-11">
                    <pos type="JJ"/>
                    <lemma type="aged"/>
                </token>
                <token content="woman" id="10-12">
                    <pos type="NN"/>
                    <lemma type="woman"/>
                </token>
                <token content="flying" id="10-13">
                    <pos type="VBG"/>
                    <lemma type="fly"/>
                </token>
                <token content="alone" id="10-14">
                    <pos type="RB"/>
                    <lemma type="alone"/>
                    <dep head="10-13" type="advmod"/>
                </token>
                <token content="." id="10-15"/>
            </sentence>
            <sentence id="11">
                <token content="She" id="11-1">
                    <pos type="PRP"/>
                    <lemma type="she"/>
                    <dep head="11-2" type="nsubj"/>
                </token>
                <token content="gave" id="11-2">
                    <pos type="VBD"/>
                    <lemma type="give"/>
                </token>
                <token content="me" id="11-3">
                    <pos type="PRP"/>
                    <lemma type="I"/>
                    <dep head="11-2" type="iobj"/>
                </token>
                <token content="a" id="11-4">
                    <pos type="DT"/>
                    <lemma type="a"/>
                </token>
                <token content="sympathetic" id="11-5">
                    <pos type="JJ"/>
                    <lemma type="sympathetic"/>
                </token>
                <token content="smile" id="11-6">
                    <pos type="NN"/>
                    <lemma type="smile"/>
                    <dep head="11-2" type="dobj"/>
                </token>
                <token content="and" id="11-7"/>
                <token content="asked" id="11-8">
                    <pos type="VBD"/>
                    <lemma type="ask"/>
                    <dep head="11-2" type="conj"/>
                </token>
                <token content="me" id="11-9">
                    <pos type="PRP"/>
                    <lemma type="I"/>
                    <dep head="11-8" type="dobj"/>
                </token>
                <token content="if" id="11-10">
                    <pos type="IN"/>
                    <lemma type="if"/>
                </token>
                <token content="I" id="11-11">
                    <pos type="PRP"/>
                    <lemma type="I"/>
                </token>
                <token content="was" id="11-12">
                    <pos type="VBD"/>
                    <lemma type="be"/>
                </token>
                <token content="as" id="11-13">
                    <pos type="RB"/>
                    <lemma type="as"/>
                </token>
                <token content="nervous" id="11-14">
                    <pos type="JJ"/>
                    <lemma type="nervous"/>
                    <dep head="11-8" type="advcl"/>
                </token>
                <token content="as" id="11-15">
                    <pos type="IN"/>
                    <lemma type="as"/>
                    <dep head="11-17" type="mark"/>
                </token>
                <token content="she" id="11-16">
                    <pos type="PRP"/>
                    <lemma type="she"/>
                    <dep head="11-17" type="nsubj"/>
                </token>
                <token content="was" id="11-17">
                    <pos type="VBD"/>
                    <lemma type="be"/>
                </token>
                <token content="." id="11-18"/>
            </sentence>
            <sentence id="12">
                <token content="I" id="12-1">
                    <pos type="PRP"/>
                    <lemma type="I"/>
                    <dep head="12-2" type="nsubj"/>
                </token>
                <token content="said" id="12-2">
                    <pos type="VBD"/>
                    <lemma type="say"/>
                </token>
                <token content="yes" id="12-3">
                    <pos type="UH"/>
                    <lemma type="yes"/>
                    <dep head="12-2" type="discourse"/>
                </token>
                <token content="," id="12-4"/>
                <token content="and" id="12-5"/>
                <token content="I" id="12-6">
                    <pos type="PRP"/>
                    <lemma type="I"/>
                    <dep head="12-7" type="nsubj"/>
                </token>
                <token content="think" id="12-7">
                    <pos type="VBP"/>
                    <lemma type="think"/>
                    <dep head="12-2" type="conj"/>
                </token>
                <token content="we" id="12-8">
                    <pos type="PRP"/>
                    <lemma type="we"/>
                    <dep head="12-10" type="nsubj"/>
                </token>
                <token content="both" id="12-9">
                    <pos type="DT"/>
                    <lemma type="both"/>
                    <dep head="12-10" type="dep"/>
                </token>
                <token content="felt" id="12-10">
                    <pos type="VBD"/>
                    <lemma type="feel"/>
                    <dep head="12-7" type="ccomp"/>
                </token>
                <token content="better" id="12-11">
                    <pos type="RBR"/>
                    <lemma type="better"/>
                    <dep head="12-10" type="advmod"/>
                </token>
                <token content="that" id="12-12">
                    <pos type="IN"/>
                    <lemma type="that"/>
                </token>
                <token content="at" id="12-13">
                    <pos type="IN"/>
                    <lemma type="at"/>
                </token>
                <token content="least" id="12-14">
                    <pos type="JJS"/>
                    <lemma type="least"/>
                </token>
                <token content="we" id="12-15">
                    <pos type="PRP"/>
                    <lemma type="we"/>
                </token>
                <token content="would" id="12-16">
                    <pos type="MD"/>
                    <lemma type="would"/>
                </token>
                <token content="be" id="12-17">
                    <pos type="VB"/>
                    <lemma type="be"/>
                </token>
                <token content="good" id="12-18">
                    <pos type="JJ"/>
                    <lemma type="good"/>
                </token>
                <token content="seatmates" id="12-19">
                    <pos type="NNS"/>
                    <lemma type="seatmate"/>
                    <dep head="12-10" type="ccomp"/>
                </token>
                <token content="." id="12-20"/>
            </sentence>
            <sentence id="13">
                <token content="The" id="13-1">
                    <pos type="DT"/>
                    <lemma type="the"/>
                </token>
                <token content="plane" id="13-2">
                    <pos type="NN"/>
                    <lemma type="plane"/>
                </token>
                <token content="ride" id="13-3">
                    <pos type="NN"/>
                    <lemma type="ride"/>
                </token>
                <token content="was" id="13-4">
                    <pos type="VBD"/>
                    <lemma type="be"/>
                </token>
                <token content="uneventful" id="13-5">
                    <pos type="JJ"/>
                    <lemma type="uneventful"/>
                </token>
                <token content=";" id="13-6"/>
                <token content="after" id="13-7"/>
                <token content="five" id="13-8">
                    <pos type="CD"/>
                    <lemma type="five"/>
                </token>
                <token content="hours" id="13-9">
                    <pos type="NNS"/>
                    <lemma type="hour"/>
                    <dep head="13-15" type="prep"/>
                </token>
                <token content="in" id="13-10"/>
                <token content="the" id="13-11">
                    <pos type="DT"/>
                    <lemma type="the"/>
                </token>
                <token content="air" id="13-12">
                    <pos type="NN"/>
                    <lemma type="air"/>
                </token>
                <token content="," id="13-13"/>
                <token content="we" id="13-14">
                    <pos type="PRP"/>
                    <lemma type="we"/>
                    <dep head="13-15" type="nsubj"/>
                </token>
                <token content="landed" id="13-15">
                    <pos type="VBD"/>
                    <lemma type="land"/>
                </token>
                <token content="at" id="13-16"/>
                <token content="our" id="13-17">
                    <pos type="PRP$"/>
                    <lemma type="we"/>
                </token>
                <token content="destination" id="13-18">
                    <pos type="NN"/>
                    <lemma type="destination"/>
                    <dep head="13-15" type="prep"/>
                </token>
                <token content="in" id="13-19"/>
                <token content="one" id="13-20">
                    <pos type="CD"/>
                    <lemma type="one"/>
                </token>
                <token content="piece" id="13-21">
                    <pos type="NN"/>
                    <lemma type="piece"/>
                    <dep head="13-15" type="prep"/>
                </token>
                <token content="." id="13-22"/>
            </sentence>
        </sentences>
    </text>
    <annotations>
        <participants>
            <label from="1-1" id="0" name="ScrPart_passenger" text="I" type="participant"/>
            <label from="1-6" id="1" name="ScrPart_target_location" text="home" type="participant"/>
            <label from="1-9" id="2" name="NPart" text="holidays" type="participant"/>
            <label from="1-11" id="3" name="NPart" text="December" type="participant"/>
            <label from="1-14" id="4" name="ScrPart_passenger" text="I" type="participant"/>
            <label from="1-23" id="5" name="ScrPart_plane" text="airplane" type="participant"/>
            <label from="2-1" id="6" name="ScrPart_passenger" text="I" type="participant"/>
            <label from="2-7" id="7" name="ScrPart_passenger" text="my" type="participant"/>
            <label from="2-8" id="8" name="NPart" text="mother" type="participant"/>
            <label from="2-10" id="9" name="ScrPart_passenger" text="me" type="participant"/>
            <label from="2-14" id="10" name="ScrPart_plane" text="plane" type="participant"/>
            <label from="2-16" id="11" name="NPart" text="she" type="participant"/>
            <label from="2-19" id="12" name="ScrPart_passenger" text="I" type="participant"/>
            <label from="2-25" id="13" name="NPart" text="snow" type="participant"/>
            <label from="3-1" id="14" name="ScrPart_passenger" text="I" type="participant"/>
            <label from="3-5" id="15" name="ScrPart_check_in_luggage" text="suitcase" type="participant"/>
            <label from="3-9" id="16" name="ScrPart_personal_belongings" text="necessities" type="participant"/>
            <label from="3-10" id="17" name="ScrPart_passenger" text="I" type="participant"/>
            <label from="3-15" id="18" name="ScrPart_passenger" text="I" type="participant"/>
            <label from="3-26" id="19" name="ScrPart_check_in_luggage" text="suitcases" type="participant"/>
            <label from="3-29" id="20" name="ScrPart_institutional_devices" text="luggage handler" to="3-30" type="participant"/>
            <label from="3-30" id="21" name="ScrPart_institutional_devices" text="handler" type="participant"/>
            <label from="4-1" id="22" name="ScrPart_passenger" text="I" type="participant"/>
            <label from="4-5" id="23" name="ScrPart_airport" text="airport" type="participant"/>
            <label from="4-9" id="24" name="SuppVComp" text="line" type="participant"/>
            <label from="5-1" id="25" name="ScrPart_passenger" text="I" type="participant"/>
            <label from="5-4" id="26" name="ScrPart_staff" text="TSA" type="participant"/>
            <label from="5-6" id="27" name="ScrPart_passenger" text="me" type="participant"/>
            <label from="5-9" id="28" name="ScrPart_other" text="contraband" type="participant"/>
            <label from="5-17" id="29" name="ScrPart_plane" text="plane" type="participant"/>
            <label from="6-2" id="30" name="ScrPart_passenger" text="we" type="participant"/>
            <label from="6-7" id="31" name="ScrPart_plane" text="plane" type="participant"/>
            <label from="6-9" id="32" name="ScrPart_passenger" text="I" type="participant"/>
            <label from="6-13" id="33" name="ScrPart_passenger" text="my" type="participant"/>
            <label from="6-14" id="34" name="ScrPart_seat" text="seat" type="participant"/>
            <label from="6-17" id="35" name="ScrPart_passenger" text="my" type="participant"/>
            <label from="6-18" id="36" name="ScrPart_carry_on_luggage" text="suitcase" type="participant"/>
            <label from="6-21" id="37" name="ScrPart_other" text="overhead compartment" to="6-22" type="participant"/>
            <label from="6-22" id="38" name="ScrPart_other" text="compartment" type="participant"/>
            <label from="7-2" id="39" name="ScrPart_carry_on_luggage" text="it" type="participant"/>
            <label from="7-6" id="40" name="ScrPart_passenger" text="I" type="participant"/>
            <label from="7-12" id="41" name="ScrPart_carry_on_luggage" text="it" type="participant"/>
            <label from="7-14" id="42" name="ScrPart_passenger" text="me" type="participant"/>
            <label from="8-1" id="43" name="ScrPart_passenger" text="I" type="participant"/>
            <label from="8-4" id="44" name="ScrPart_passenger" text="my" type="participant"/>
            <label from="8-5" id="45" name="ScrPart_seat" text="seat" type="participant"/>
            <label from="8-11" id="46" name="NPart" text="butterflies" type="participant"/>
            <label from="8-13" id="47" name="ScrPart_passenger" text="my" type="participant"/>
            <label from="8-14" id="48" name="NPart" text="stomach" type="participant"/>
            <label from="9-4" id="49" name="ScrPart_passenger" text="me" type="participant"/>
            <label from="10-2" id="50" name="ScrPart_passenger" text="person" type="participant"/>
            <label from="10-7" id="51" name="ScrPart_passenger" text="me" type="participant"/>
            <label from="10-12" id="52" name="ScrPart_passenger" text="woman" type="participant"/>
            <label from="11-1" id="53" name="ScrPart_passenger" text="She" type="participant"/>
            <label from="11-3" id="54" name="ScrPart_passenger" text="me" type="participant"/>
            <label from="11-6" id="55" name="NPart" text="smile" type="participant"/>
            <label from="11-9" id="56" name="ScrPart_passenger" text="me" type="participant"/>
            <label from="11-11" id="57" name="ScrPart_passenger" text="I" type="participant"/>
            <label from="11-16" id="58" name="ScrPart_passenger" text="she" type="participant"/>
            <label from="12-1" id="59" name="ScrPart_passenger" text="I" type="participant"/>
            <label from="12-6" id="60" name="ScrPart_passenger" text="I" type="participant"/>
            <label from="12-8" id="61" name="ScrPart_passenger" text="we" type="participant"/>
            <label from="12-15" id="62" name="ScrPart_passenger" text="we" type="participant"/>
            <label from="12-19" id="63" name="ScrPart_passenger" text="seatmates" type="participant"/>
            <label from="13-2" id="64" name="ScrPart_flight" text="plane ride" to="13-3" type="participant"/>
            <label from="13-3" id="65" name="ScrPart_flight" text="ride" type="participant"/>
            <label from="13-9" id="66" name="ScrPart_time/date" text="hours" type="participant"/>
            <label from="13-12" id="67" name="ScrPart_location_airplane" text="air" type="participant"/>
            <label from="13-14" id="68" name="ScrPart_plane" text="we" type="participant"/>
            <label from="13-17" id="69" name="ScrPart_plane" text="our" type="participant"/>
            <label from="13-18" id="70" name="ScrPart_target_location" text="destination" type="participant"/>
            <label from="13-21" id="71" name="NPart" text="piece" type="participant"/>
        </participants>
        <events>
            <label from="1-2" id="72" name="UnrelEv" text="was" type="event"/>
            <label from="1-3" id="73" name="UnrelEv" text="excited" type="event"/>
            <label from="1-5" id="74" name="UnrelEv" text="go" type="event"/>
            <label from="1-17" id="75" name="UnrelEv" text="excited" type="event"/>
            <label from="1-19" id="76" name="Evoking" text="having to take an airplane" to="1-23" type="event"/>
            <label from="2-4" id="77" name="UnrelEv" text="drive" type="event"/>
            <label from="2-9" id="78" name="UnrelEv" text="persuaded" type="event"/>
            <label from="2-12" id="79" name="Evoking" text="take a plane" to="2-14" type="event"/>
            <label from="2-17" id="80" name="UnrelEv" text="was" type="event"/>
            <label from="2-23" id="81" name="UnrelEv" text="drive" type="event"/>
            <label from="3-2" id="82" name="ScrEv_pack_luggage" text="filled" type="event"/>
            <label from="3-12" id="83" name="UnrelEv" text="fit" type="event"/>
            <label from="3-18" id="84" name="UnrelEv" text="want to" to="3-19" type="event"/>
            <label from="3-18" id="85" name="UnrelEv" text="want" type="event"/>
            <label from="3-22" id="86" name="UnrelEv" text="deal with" to="3-23" type="event"/>
            <label from="3-22" id="87" name="UnrelEv" text="deal" type="event"/>
            <label from="3-24" id="88" name="RelNScrEv" text="putting" type="event"/>
            <label from="4-2" id="89" name="ScrEv_get_airport" text="arrived" type="event"/>
            <label from="4-7" id="90" name="ScrEv_wait" text="waited" type="event"/>
            <label from="4-11" id="91" name="ScrEv_check_in" text="check in" to="4-12" type="event"/>
            <label from="4-11" id="92" name="ScrEv_check_in" text="check" type="event"/>
            <label from="5-2" id="93" name="UnrelEv" text="let" type="event"/>
            <label from="5-5" id="94" name="ScrEv_go_security_checks" text="search me" to="5-6" type="event"/>
            <label from="5-5" id="95" name="ScrEv_go_security_checks" text="search" type="event"/>
            <label from="5-14" id="96" name="UnrelEv" text="allowed" type="event"/>
            <label from="5-21" id="97" name="ScrEv_wait_boarding" text="waited" type="event"/>
            <label from="5-24" id="98" name="UnrelEv" text="allowed" type="event"/>
            <label from="5-26" id="99" name="ScrEv_board_plane" text="board" type="event"/>
            <label from="6-4" id="100" name="ScrEv_board_plane" text="let on" to="6-5" type="event"/>
            <label from="6-4" id="101" name="ScrEv_board_plane" text="let" type="event"/>
            <label from="6-10" id="102" name="ScrEv_take_seat" text="walked over" to="6-11" type="event"/>
            <label from="6-10" id="103" name="ScrEv_take_seat" text="walked" type="event"/>
            <label from="6-16" id="104" name="ScrEv_stow_away_luggage" text="shoved" type="event"/>
            <label from="7-3" id="105" name="RelNScrEv" text="fit" type="event"/>
            <label from="7-8" id="106" name="UnrelEv" text="be" type="event"/>
            <label from="7-11" id="107" name="RelNScrEv" text="keep" type="event"/>
            <label from="8-2" id="108" name="RelNScrEv" text="snuggled" type="event"/>
            <label from="8-7" id="109" name="UnrelEv" text="tried" type="event"/>
            <label from="8-9" id="110" name="UnrelEv" text="ignore" type="event"/>
            <label from="9-1" id="111" name="RelNScrEv" text="Flying" type="event"/>
            <label from="9-3" id="112" name="RelNScrEv" text="makes" type="event"/>
            <label from="10-3" id="113" name="RelNScrEv" text="seated" type="event"/>
            <label from="10-13" id="114" name="RelNScrEv" text="flying" type="event"/>
            <label from="11-2" id="115" name="UnrelEv" text="gave" type="event"/>
            <label from="11-8" id="116" name="UnrelEv" text="asked" type="event"/>
            <label from="11-12" id="117" name="UnrelEv" text="was" type="event"/>
            <label from="11-17" id="118" name="UnrelEv" text="was" type="event"/>
            <label from="12-2" id="119" name="UnrelEv" text="said" type="event"/>
            <label from="12-7" id="120" name="UnrelEv" text="think" type="event"/>
            <label from="12-10" id="121" name="UnrelEv" text="felt" type="event"/>
            <label from="12-17" id="122" name="UnrelEv" text="be" type="event"/>
            <label from="13-4" id="123" name="UnrelEv" text="was" type="event"/>
            <label from="13-15" id="124" name="ScrEv_landing" text="landed" type="event"/>
        </events>
        <chains>
            <chain elements="0 4 6 7 9 12 14 17 18 22 25 32 35 40 42 43 44 47 49 51 54 56 57 59 60"/>
            <chain elements="5 29 31 68 69"/>
            <chain elements="36 39 41"/>
            <chain elements="50 52 53 58"/>
            <chain elements="58 61 60 62 63" name="group_I_woman"/>
        </chains>
    </annotations>
</story>
