<?xml version="1.0" encoding="UTF-8" standalone="no"?>
<!DOCTYPE story SYSTEM "../InScript.dtd">
<story id="077" scenario="flight">
    <text>
        <content>Last year I visited my friend across the country . 
I live in California and he lives in North Carolina . 
I knew that I was n't going to drive all that way ; I needed a more efficient option . 
I decided to start looking up how much a flight would cost . 
I researched what airlines provided flights from the airport nearest to where I live . 
I then had to decide when exactly I wanted to fly there and back , as some days can be cheaper than others . 
We settled on the dates that worked best for both of us , and I booked the cheapest flight I could find for a round-trip ticket . 
When it was time for my trip , I packed my bags and coordinated with a friend to give me a ride to the airport . 
My friend picked me up early enough so that by the time we got to the airport , I would be about an hour and a half early for my flight . 
I then had to check in and go through security . 
Because I only had one small suitcase , I did not have to check my bags . 
I waited in the terminal for my flight to arrive , reading a book to pass the time . 
When the plane landed from the previous flight , I also had to wait for those passengers to unload . 
They began calling different sections to board , and mine was one of the last ones . 
I easily found my seat and stowed my suitcase in the compartment above . 
I was sitting in the middle row , and the other two passengers next to me were already in their seats . 
When I got seated , I went ahead and buckled my seat belt and awaited take off . 
The flight attendants had to make all their checks and when it was time to go , we also had an overview of the emergency procedures . 
I did n't have too much room between myself and the seat in front of me , but there was a little tray on the back of that seat which I put down to use to hold the drink I ordered later . 
I made small talk with the passengers next to me and we shared our travel plans . 
It was overall a decent flight , and we made good time and arrived with no issues . </content>
        <sentences>
            <sentence id="1">
                <token content="Last" id="1-1">
                    <pos type="JJ"/>
                    <lemma type="last"/>
                </token>
                <token content="year" id="1-2">
                    <pos type="NN"/>
                    <lemma type="year"/>
                    <dep head="1-4" type="tmod"/>
                </token>
                <token content="I" id="1-3">
                    <pos type="PRP"/>
                    <lemma type="I"/>
                    <dep head="1-4" type="nsubj"/>
                </token>
                <token content="visited" id="1-4">
                    <pos type="VBD"/>
                    <lemma type="visit"/>
                </token>
                <token content="my" id="1-5">
                    <pos type="PRP$"/>
                    <lemma type="my"/>
                </token>
                <token content="friend" id="1-6">
                    <pos type="NN"/>
                    <lemma type="friend"/>
                    <dep head="1-4" type="dobj"/>
                </token>
                <token content="across" id="1-7"/>
                <token content="the" id="1-8">
                    <pos type="DT"/>
                    <lemma type="the"/>
                </token>
                <token content="country" id="1-9">
                    <pos type="NN"/>
                    <lemma type="country"/>
                    <dep head="1-4" type="prep"/>
                </token>
                <token content="." id="1-10"/>
            </sentence>
            <sentence id="2">
                <token content="I" id="2-1">
                    <pos type="PRP"/>
                    <lemma type="I"/>
                    <dep head="2-2" type="nsubj"/>
                </token>
                <token content="live" id="2-2">
                    <pos type="VBP"/>
                    <lemma type="live"/>
                </token>
                <token content="in" id="2-3"/>
                <token content="California" id="2-4">
                    <pos type="NNP"/>
                    <lemma type="California"/>
                    <dep head="2-2" type="prep"/>
                </token>
                <token content="and" id="2-5"/>
                <token content="he" id="2-6">
                    <pos type="PRP"/>
                    <lemma type="he"/>
                    <dep head="2-7" type="nsubj"/>
                </token>
                <token content="lives" id="2-7">
                    <pos type="VBZ"/>
                    <lemma type="live"/>
                    <dep head="2-2" type="conj"/>
                </token>
                <token content="in" id="2-8"/>
                <token content="North" id="2-9">
                    <pos type="NNP"/>
                    <lemma type="North"/>
                </token>
                <token content="Carolina" id="2-10">
                    <pos type="NNP"/>
                    <lemma type="Carolina"/>
                    <dep head="2-7" type="prep"/>
                </token>
                <token content="." id="2-11"/>
            </sentence>
            <sentence id="3">
                <token content="I" id="3-1">
                    <pos type="PRP"/>
                    <lemma type="I"/>
                    <dep head="3-2" type="nsubj"/>
                </token>
                <token content="knew" id="3-2">
                    <pos type="VBD"/>
                    <lemma type="know"/>
                </token>
                <token content="that" id="3-3">
                    <pos type="IN"/>
                    <lemma type="that"/>
                    <dep head="3-7" type="mark"/>
                </token>
                <token content="I" id="3-4">
                    <pos type="PRP"/>
                    <lemma type="I"/>
                    <dep head="3-7" type="nsubj"/>
                </token>
                <token content="was" id="3-5">
                    <pos type="VBD"/>
                    <lemma type="be"/>
                    <dep head="3-7" type="aux"/>
                </token>
                <token content="n't" id="3-6">
                    <pos type="RB"/>
                    <lemma type="not"/>
                    <dep head="3-7" type="neg"/>
                </token>
                <token content="going" id="3-7">
                    <pos type="VBG"/>
                    <lemma type="go"/>
                    <dep head="3-2" type="ccomp"/>
                </token>
                <token content="to" id="3-8">
                    <pos type="TO"/>
                    <lemma type="to"/>
                    <dep head="3-9" type="aux"/>
                </token>
                <token content="drive" id="3-9">
                    <pos type="VB"/>
                    <lemma type="drive"/>
                    <dep head="3-7" type="xcomp"/>
                </token>
                <token content="all" id="3-10">
                    <pos type="PDT"/>
                    <lemma type="all"/>
                </token>
                <token content="that" id="3-11">
                    <pos type="DT"/>
                    <lemma type="that"/>
                </token>
                <token content="way" id="3-12">
                    <pos type="NN"/>
                    <lemma type="way"/>
                    <dep head="3-9" type="dobj"/>
                </token>
                <token content=";" id="3-13"/>
                <token content="I" id="3-14">
                    <pos type="PRP"/>
                    <lemma type="I"/>
                    <dep head="3-15" type="nsubj"/>
                </token>
                <token content="needed" id="3-15">
                    <pos type="VBD"/>
                    <lemma type="need"/>
                    <dep head="3-2" type="parataxis"/>
                </token>
                <token content="a" id="3-16">
                    <pos type="DT"/>
                    <lemma type="a"/>
                </token>
                <token content="more" id="3-17">
                    <pos type="RBR"/>
                    <lemma type="more"/>
                </token>
                <token content="efficient" id="3-18">
                    <pos type="JJ"/>
                    <lemma type="efficient"/>
                </token>
                <token content="option" id="3-19">
                    <pos type="NN"/>
                    <lemma type="option"/>
                    <dep head="3-15" type="dobj"/>
                </token>
                <token content="." id="3-20"/>
            </sentence>
            <sentence id="4">
                <token content="I" id="4-1">
                    <pos type="PRP"/>
                    <lemma type="I"/>
                    <dep head="4-2" type="nsubj"/>
                </token>
                <token content="decided" id="4-2">
                    <pos type="VBD"/>
                    <lemma type="decide"/>
                </token>
                <token content="to" id="4-3">
                    <pos type="TO"/>
                    <lemma type="to"/>
                    <dep head="4-4" type="aux"/>
                </token>
                <token content="start" id="4-4">
                    <pos type="VB"/>
                    <lemma type="start"/>
                    <dep head="4-2" type="xcomp"/>
                </token>
                <token content="looking" id="4-5">
                    <pos type="VBG"/>
                    <lemma type="look"/>
                    <dep head="4-4" type="xcomp"/>
                </token>
                <token content="up" id="4-6">
                    <pos type="RP"/>
                    <lemma type="up"/>
                    <dep head="4-5" type="prt"/>
                </token>
                <token content="how" id="4-7">
                    <pos type="WRB"/>
                    <lemma type="how"/>
                </token>
                <token content="much" id="4-8">
                    <pos type="JJ"/>
                    <lemma type="much"/>
                    <dep head="4-12" type="dep"/>
                </token>
                <token content="a" id="4-9">
                    <pos type="DT"/>
                    <lemma type="a"/>
                </token>
                <token content="flight" id="4-10">
                    <pos type="NN"/>
                    <lemma type="flight"/>
                    <dep head="4-12" type="nsubj"/>
                </token>
                <token content="would" id="4-11">
                    <pos type="MD"/>
                    <lemma type="would"/>
                    <dep head="4-12" type="aux"/>
                </token>
                <token content="cost" id="4-12">
                    <pos type="VB"/>
                    <lemma type="cost"/>
                    <dep head="4-5" type="ccomp"/>
                </token>
                <token content="." id="4-13"/>
            </sentence>
            <sentence id="5">
                <token content="I" id="5-1">
                    <pos type="PRP"/>
                    <lemma type="I"/>
                    <dep head="5-2" type="nsubj"/>
                </token>
                <token content="researched" id="5-2">
                    <pos type="VBN"/>
                    <lemma type="research"/>
                </token>
                <token content="what" id="5-3">
                    <pos type="WP"/>
                    <lemma type="what"/>
                    <dep head="5-5" type="dobj"/>
                </token>
                <token content="airlines" id="5-4">
                    <pos type="NNS"/>
                    <lemma type="airline"/>
                    <dep head="5-5" type="nsubj"/>
                </token>
                <token content="provided" id="5-5">
                    <pos type="VBD"/>
                    <lemma type="provide"/>
                    <dep head="5-2" type="ccomp"/>
                </token>
                <token content="flights" id="5-6">
                    <pos type="NNS"/>
                    <lemma type="flight"/>
                    <dep head="5-5" type="dobj"/>
                </token>
                <token content="from" id="5-7"/>
                <token content="the" id="5-8">
                    <pos type="DT"/>
                    <lemma type="the"/>
                </token>
                <token content="airport" id="5-9">
                    <pos type="NN"/>
                    <lemma type="airport"/>
                    <dep head="5-5" type="prep"/>
                </token>
                <token content="nearest" id="5-10"/>
                <token content="to" id="5-11">
                    <pos type="TO"/>
                    <lemma type="to"/>
                </token>
                <token content="where" id="5-12">
                    <pos type="WRB"/>
                    <lemma type="where"/>
                    <dep head="5-14" type="advmod"/>
                </token>
                <token content="I" id="5-13">
                    <pos type="PRP"/>
                    <lemma type="I"/>
                    <dep head="5-14" type="nsubj"/>
                </token>
                <token content="live" id="5-14">
                    <pos type="VBP"/>
                    <lemma type="live"/>
                </token>
                <token content="." id="5-15"/>
            </sentence>
            <sentence id="6">
                <token content="I" id="6-1">
                    <pos type="PRP"/>
                    <lemma type="I"/>
                    <dep head="6-3" type="nsubj"/>
                </token>
                <token content="then" id="6-2">
                    <pos type="RB"/>
                    <lemma type="then"/>
                    <dep head="6-3" type="advmod"/>
                </token>
                <token content="had" id="6-3">
                    <pos type="VBD"/>
                    <lemma type="have"/>
                </token>
                <token content="to" id="6-4">
                    <pos type="TO"/>
                    <lemma type="to"/>
                    <dep head="6-5" type="aux"/>
                </token>
                <token content="decide" id="6-5">
                    <pos type="VB"/>
                    <lemma type="decide"/>
                    <dep head="6-3" type="xcomp"/>
                </token>
                <token content="when" id="6-6">
                    <pos type="WRB"/>
                    <lemma type="when"/>
                </token>
                <token content="exactly" id="6-7">
                    <pos type="RB"/>
                    <lemma type="exactly"/>
                    <dep head="6-9" type="advmod"/>
                </token>
                <token content="I" id="6-8">
                    <pos type="PRP"/>
                    <lemma type="I"/>
                    <dep head="6-9" type="nsubj"/>
                </token>
                <token content="wanted" id="6-9">
                    <pos type="VBD"/>
                    <lemma type="want"/>
                    <dep head="6-5" type="advcl"/>
                </token>
                <token content="to" id="6-10">
                    <pos type="TO"/>
                    <lemma type="to"/>
                    <dep head="6-11" type="aux"/>
                </token>
                <token content="fly" id="6-11">
                    <pos type="VB"/>
                    <lemma type="fly"/>
                    <dep head="6-9" type="xcomp"/>
                </token>
                <token content="there" id="6-12">
                    <pos type="RB"/>
                    <lemma type="there"/>
                    <dep head="6-11" type="advmod"/>
                </token>
                <token content="and" id="6-13"/>
                <token content="back" id="6-14">
                    <pos type="RB"/>
                    <lemma type="back"/>
                </token>
                <token content="," id="6-15"/>
                <token content="as" id="6-16">
                    <pos type="IN"/>
                    <lemma type="as"/>
                </token>
                <token content="some" id="6-17">
                    <pos type="DT"/>
                    <lemma type="some"/>
                </token>
                <token content="days" id="6-18">
                    <pos type="NNS"/>
                    <lemma type="day"/>
                </token>
                <token content="can" id="6-19">
                    <pos type="MD"/>
                    <lemma type="can"/>
                </token>
                <token content="be" id="6-20">
                    <pos type="VB"/>
                    <lemma type="be"/>
                </token>
                <token content="cheaper" id="6-21">
                    <pos type="JJR"/>
                    <lemma type="cheaper"/>
                    <dep head="6-11" type="advcl"/>
                </token>
                <token content="than" id="6-22"/>
                <token content="others" id="6-23">
                    <pos type="NNS"/>
                    <lemma type="other"/>
                </token>
                <token content="." id="6-24"/>
            </sentence>
            <sentence id="7">
                <token content="We" id="7-1">
                    <pos type="PRP"/>
                    <lemma type="we"/>
                    <dep head="7-2" type="nsubj"/>
                </token>
                <token content="settled" id="7-2">
                    <pos type="VBD"/>
                    <lemma type="settle"/>
                </token>
                <token content="on" id="7-3"/>
                <token content="the" id="7-4">
                    <pos type="DT"/>
                    <lemma type="the"/>
                </token>
                <token content="dates" id="7-5">
                    <pos type="NNS"/>
                    <lemma type="date"/>
                    <dep head="7-2" type="prep"/>
                </token>
                <token content="that" id="7-6">
                    <pos type="WDT"/>
                    <lemma type="that"/>
                    <dep head="7-7" type="nsubj"/>
                </token>
                <token content="worked" id="7-7">
                    <pos type="VBD"/>
                    <lemma type="work"/>
                </token>
                <token content="best" id="7-8">
                    <pos type="JJS"/>
                    <lemma type="best"/>
                    <dep head="7-7" type="dobj"/>
                </token>
                <token content="for" id="7-9"/>
                <token content="both" id="7-10">
                    <pos type="DT"/>
                    <lemma type="both"/>
                </token>
                <token content="of" id="7-11"/>
                <token content="us" id="7-12">
                    <pos type="PRP"/>
                    <lemma type="we"/>
                </token>
                <token content="," id="7-13"/>
                <token content="and" id="7-14"/>
                <token content="I" id="7-15">
                    <pos type="PRP"/>
                    <lemma type="I"/>
                    <dep head="7-16" type="nsubj"/>
                </token>
                <token content="booked" id="7-16">
                    <pos type="VBD"/>
                    <lemma type="book"/>
                    <dep head="7-2" type="conj"/>
                </token>
                <token content="the" id="7-17">
                    <pos type="DT"/>
                    <lemma type="the"/>
                </token>
                <token content="cheapest" id="7-18">
                    <pos type="JJS"/>
                    <lemma type="cheapest"/>
                </token>
                <token content="flight" id="7-19">
                    <pos type="NN"/>
                    <lemma type="flight"/>
                    <dep head="7-16" type="dobj"/>
                </token>
                <token content="I" id="7-20">
                    <pos type="PRP"/>
                    <lemma type="I"/>
                    <dep head="7-22" type="nsubj"/>
                </token>
                <token content="could" id="7-21">
                    <pos type="MD"/>
                    <lemma type="could"/>
                    <dep head="7-22" type="aux"/>
                </token>
                <token content="find" id="7-22">
                    <pos type="VB"/>
                    <lemma type="find"/>
                </token>
                <token content="for" id="7-23"/>
                <token content="a" id="7-24">
                    <pos type="DT"/>
                    <lemma type="a"/>
                </token>
                <token content="round-trip" id="7-25">
                    <pos type="JJ"/>
                    <lemma type="round-trip"/>
                </token>
                <token content="ticket" id="7-26">
                    <pos type="NN"/>
                    <lemma type="ticket"/>
                    <dep head="7-22" type="prep"/>
                </token>
                <token content="." id="7-27"/>
            </sentence>
            <sentence id="8">
                <token content="When" id="8-1">
                    <pos type="WRB"/>
                    <lemma type="when"/>
                </token>
                <token content="it" id="8-2">
                    <pos type="PRP"/>
                    <lemma type="it"/>
                </token>
                <token content="was" id="8-3">
                    <pos type="VBD"/>
                    <lemma type="be"/>
                </token>
                <token content="time" id="8-4">
                    <pos type="NN"/>
                    <lemma type="time"/>
                    <dep head="8-10" type="advcl"/>
                </token>
                <token content="for" id="8-5"/>
                <token content="my" id="8-6">
                    <pos type="PRP$"/>
                    <lemma type="my"/>
                </token>
                <token content="trip" id="8-7">
                    <pos type="NN"/>
                    <lemma type="trip"/>
                </token>
                <token content="," id="8-8"/>
                <token content="I" id="8-9">
                    <pos type="PRP"/>
                    <lemma type="I"/>
                    <dep head="8-10" type="nsubj"/>
                </token>
                <token content="packed" id="8-10">
                    <pos type="VBD"/>
                    <lemma type="pack"/>
                </token>
                <token content="my" id="8-11">
                    <pos type="PRP$"/>
                    <lemma type="my"/>
                </token>
                <token content="bags" id="8-12">
                    <pos type="NNS"/>
                    <lemma type="bag"/>
                    <dep head="8-10" type="dobj"/>
                </token>
                <token content="and" id="8-13"/>
                <token content="coordinated" id="8-14">
                    <pos type="VBN"/>
                    <lemma type="coordinate"/>
                    <dep head="8-10" type="conj"/>
                </token>
                <token content="with" id="8-15"/>
                <token content="a" id="8-16">
                    <pos type="DT"/>
                    <lemma type="a"/>
                </token>
                <token content="friend" id="8-17">
                    <pos type="NN"/>
                    <lemma type="friend"/>
                    <dep head="8-14" type="prep"/>
                </token>
                <token content="to" id="8-18">
                    <pos type="TO"/>
                    <lemma type="to"/>
                    <dep head="8-19" type="aux"/>
                </token>
                <token content="give" id="8-19">
                    <pos type="VB"/>
                    <lemma type="give"/>
                    <dep head="8-14" type="xcomp"/>
                </token>
                <token content="me" id="8-20">
                    <pos type="PRP"/>
                    <lemma type="I"/>
                    <dep head="8-19" type="iobj"/>
                </token>
                <token content="a" id="8-21">
                    <pos type="DT"/>
                    <lemma type="a"/>
                </token>
                <token content="ride" id="8-22">
                    <pos type="NN"/>
                    <lemma type="ride"/>
                    <dep head="8-19" type="dobj"/>
                </token>
                <token content="to" id="8-23"/>
                <token content="the" id="8-24">
                    <pos type="DT"/>
                    <lemma type="the"/>
                </token>
                <token content="airport" id="8-25">
                    <pos type="NN"/>
                    <lemma type="airport"/>
                </token>
                <token content="." id="8-26"/>
            </sentence>
            <sentence id="9">
                <token content="My" id="9-1">
                    <pos type="PRP$"/>
                    <lemma type="my"/>
                </token>
                <token content="friend" id="9-2">
                    <pos type="NN"/>
                    <lemma type="friend"/>
                    <dep head="9-3" type="nsubj"/>
                </token>
                <token content="picked" id="9-3">
                    <pos type="VBD"/>
                    <lemma type="pick"/>
                    <dep head="9-21" type="ccomp"/>
                </token>
                <token content="me" id="9-4">
                    <pos type="PRP"/>
                    <lemma type="I"/>
                    <dep head="9-3" type="dobj"/>
                </token>
                <token content="up" id="9-5">
                    <pos type="RB"/>
                    <lemma type="up"/>
                </token>
                <token content="early" id="9-6">
                    <pos type="RB"/>
                    <lemma type="early"/>
                    <dep head="9-3" type="advmod"/>
                </token>
                <token content="enough" id="9-7">
                    <pos type="RB"/>
                    <lemma type="enough"/>
                </token>
                <token content="so" id="9-8">
                    <pos type="RB"/>
                    <lemma type="so"/>
                </token>
                <token content="that" id="9-9">
                    <pos type="IN"/>
                    <lemma type="that"/>
                    <dep head="9-14" type="mark"/>
                </token>
                <token content="by" id="9-10"/>
                <token content="the" id="9-11">
                    <pos type="DT"/>
                    <lemma type="the"/>
                </token>
                <token content="time" id="9-12">
                    <pos type="NN"/>
                    <lemma type="time"/>
                    <dep head="9-14" type="prep"/>
                </token>
                <token content="we" id="9-13">
                    <pos type="PRP"/>
                    <lemma type="we"/>
                    <dep head="9-14" type="nsubj"/>
                </token>
                <token content="got" id="9-14">
                    <pos type="VBD"/>
                    <lemma type="get"/>
                </token>
                <token content="to" id="9-15"/>
                <token content="the" id="9-16">
                    <pos type="DT"/>
                    <lemma type="the"/>
                </token>
                <token content="airport" id="9-17">
                    <pos type="NN"/>
                    <lemma type="airport"/>
                    <dep head="9-14" type="prep"/>
                </token>
                <token content="," id="9-18"/>
                <token content="I" id="9-19">
                    <pos type="PRP"/>
                    <lemma type="I"/>
                    <dep head="9-21" type="nsubj"/>
                </token>
                <token content="would" id="9-20">
                    <pos type="MD"/>
                    <lemma type="would"/>
                    <dep head="9-21" type="aux"/>
                </token>
                <token content="be" id="9-21">
                    <pos type="VB"/>
                    <lemma type="be"/>
                </token>
                <token content="about" id="9-22"/>
                <token content="an" id="9-23">
                    <pos type="DT"/>
                    <lemma type="a"/>
                </token>
                <token content="hour" id="9-24">
                    <pos type="NN"/>
                    <lemma type="hour"/>
                    <dep head="9-21" type="prep"/>
                </token>
                <token content="and" id="9-25"/>
                <token content="a" id="9-26">
                    <pos type="DT"/>
                    <lemma type="a"/>
                </token>
                <token content="half" id="9-27">
                    <pos type="NN"/>
                    <lemma type="half"/>
                </token>
                <token content="early" id="9-28">
                    <pos type="RB"/>
                    <lemma type="early"/>
                    <dep head="9-21" type="advmod"/>
                </token>
                <token content="for" id="9-29"/>
                <token content="my" id="9-30">
                    <pos type="PRP$"/>
                    <lemma type="my"/>
                </token>
                <token content="flight" id="9-31">
                    <pos type="NN"/>
                    <lemma type="flight"/>
                </token>
                <token content="." id="9-32"/>
            </sentence>
            <sentence id="10">
                <token content="I" id="10-1">
                    <pos type="PRP"/>
                    <lemma type="I"/>
                    <dep head="10-3" type="nsubj"/>
                </token>
                <token content="then" id="10-2">
                    <pos type="RB"/>
                    <lemma type="then"/>
                    <dep head="10-3" type="advmod"/>
                </token>
                <token content="had" id="10-3">
                    <pos type="VBD"/>
                    <lemma type="have"/>
                </token>
                <token content="to" id="10-4">
                    <pos type="TO"/>
                    <lemma type="to"/>
                    <dep head="10-5" type="aux"/>
                </token>
                <token content="check" id="10-5">
                    <pos type="VB"/>
                    <lemma type="check"/>
                    <dep head="10-3" type="xcomp"/>
                </token>
                <token content="in" id="10-6">
                    <pos type="RP"/>
                    <lemma type="in"/>
                    <dep head="10-5" type="prt"/>
                </token>
                <token content="and" id="10-7"/>
                <token content="go" id="10-8">
                    <pos type="VB"/>
                    <lemma type="go"/>
                    <dep head="10-5" type="conj"/>
                </token>
                <token content="through" id="10-9"/>
                <token content="security" id="10-10">
                    <pos type="NN"/>
                    <lemma type="security"/>
                    <dep head="10-8" type="prep"/>
                </token>
                <token content="." id="10-11"/>
            </sentence>
            <sentence id="11">
                <token content="Because" id="11-1">
                    <pos type="IN"/>
                    <lemma type="because"/>
                    <dep head="11-4" type="mark"/>
                </token>
                <token content="I" id="11-2">
                    <pos type="PRP"/>
                    <lemma type="I"/>
                    <dep head="11-4" type="nsubj"/>
                </token>
                <token content="only" id="11-3">
                    <pos type="RB"/>
                    <lemma type="only"/>
                    <dep head="11-4" type="advmod"/>
                </token>
                <token content="had" id="11-4">
                    <pos type="VBD"/>
                    <lemma type="have"/>
                    <dep head="11-12" type="advcl"/>
                </token>
                <token content="one" id="11-5">
                    <pos type="CD"/>
                    <lemma type="one"/>
                </token>
                <token content="small" id="11-6">
                    <pos type="JJ"/>
                    <lemma type="small"/>
                </token>
                <token content="suitcase" id="11-7">
                    <pos type="NN"/>
                    <lemma type="suitcase"/>
                    <dep head="11-4" type="dobj"/>
                </token>
                <token content="," id="11-8"/>
                <token content="I" id="11-9">
                    <pos type="PRP"/>
                    <lemma type="I"/>
                    <dep head="11-12" type="nsubj"/>
                </token>
                <token content="did" id="11-10">
                    <pos type="VBD"/>
                    <lemma type="do"/>
                    <dep head="11-12" type="aux"/>
                </token>
                <token content="not" id="11-11">
                    <pos type="RB"/>
                    <lemma type="not"/>
                    <dep head="11-12" type="neg"/>
                </token>
                <token content="have" id="11-12">
                    <pos type="VB"/>
                    <lemma type="have"/>
                </token>
                <token content="to" id="11-13">
                    <pos type="TO"/>
                    <lemma type="to"/>
                    <dep head="11-14" type="aux"/>
                </token>
                <token content="check" id="11-14">
                    <pos type="VB"/>
                    <lemma type="check"/>
                    <dep head="11-12" type="xcomp"/>
                </token>
                <token content="my" id="11-15">
                    <pos type="PRP$"/>
                    <lemma type="my"/>
                </token>
                <token content="bags" id="11-16">
                    <pos type="NNS"/>
                    <lemma type="bag"/>
                    <dep head="11-14" type="dobj"/>
                </token>
                <token content="." id="11-17"/>
            </sentence>
            <sentence id="12">
                <token content="I" id="12-1">
                    <pos type="PRP"/>
                    <lemma type="I"/>
                    <dep head="12-2" type="nsubj"/>
                </token>
                <token content="waited" id="12-2">
                    <pos type="VBD"/>
                    <lemma type="wait"/>
                </token>
                <token content="in" id="12-3"/>
                <token content="the" id="12-4">
                    <pos type="DT"/>
                    <lemma type="the"/>
                </token>
                <token content="terminal" id="12-5">
                    <pos type="NN"/>
                    <lemma type="terminal"/>
                    <dep head="12-2" type="prep"/>
                </token>
                <token content="for" id="12-6"/>
                <token content="my" id="12-7">
                    <pos type="PRP$"/>
                    <lemma type="my"/>
                </token>
                <token content="flight" id="12-8">
                    <pos type="NN"/>
                    <lemma type="flight"/>
                </token>
                <token content="to" id="12-9">
                    <pos type="TO"/>
                    <lemma type="to"/>
                    <dep head="12-10" type="aux"/>
                </token>
                <token content="arrive" id="12-10">
                    <pos type="VB"/>
                    <lemma type="arrive"/>
                </token>
                <token content="," id="12-11"/>
                <token content="reading" id="12-12">
                    <pos type="VBG"/>
                    <lemma type="read"/>
                    <dep head="12-2" type="xcomp"/>
                </token>
                <token content="a" id="12-13">
                    <pos type="DT"/>
                    <lemma type="a"/>
                </token>
                <token content="book" id="12-14">
                    <pos type="NN"/>
                    <lemma type="book"/>
                    <dep head="12-12" type="dobj"/>
                </token>
                <token content="to" id="12-15">
                    <pos type="TO"/>
                    <lemma type="to"/>
                    <dep head="12-16" type="aux"/>
                </token>
                <token content="pass" id="12-16">
                    <pos type="VB"/>
                    <lemma type="pass"/>
                </token>
                <token content="the" id="12-17">
                    <pos type="DT"/>
                    <lemma type="the"/>
                </token>
                <token content="time" id="12-18">
                    <pos type="NN"/>
                    <lemma type="time"/>
                    <dep head="12-16" type="dobj"/>
                </token>
                <token content="." id="12-19"/>
            </sentence>
            <sentence id="13">
                <token content="When" id="13-1">
                    <pos type="WRB"/>
                    <lemma type="when"/>
                    <dep head="13-4" type="advmod"/>
                </token>
                <token content="the" id="13-2">
                    <pos type="DT"/>
                    <lemma type="the"/>
                </token>
                <token content="plane" id="13-3">
                    <pos type="NN"/>
                    <lemma type="plane"/>
                    <dep head="13-4" type="nsubj"/>
                </token>
                <token content="landed" id="13-4">
                    <pos type="VBD"/>
                    <lemma type="land"/>
                    <dep head="13-12" type="advcl"/>
                </token>
                <token content="from" id="13-5"/>
                <token content="the" id="13-6">
                    <pos type="DT"/>
                    <lemma type="the"/>
                </token>
                <token content="previous" id="13-7">
                    <pos type="JJ"/>
                    <lemma type="previous"/>
                </token>
                <token content="flight" id="13-8">
                    <pos type="NN"/>
                    <lemma type="flight"/>
                    <dep head="13-4" type="prep"/>
                </token>
                <token content="," id="13-9"/>
                <token content="I" id="13-10">
                    <pos type="PRP"/>
                    <lemma type="I"/>
                    <dep head="13-12" type="nsubj"/>
                </token>
                <token content="also" id="13-11">
                    <pos type="RB"/>
                    <lemma type="also"/>
                    <dep head="13-12" type="advmod"/>
                </token>
                <token content="had" id="13-12">
                    <pos type="VBD"/>
                    <lemma type="have"/>
                </token>
                <token content="to" id="13-13">
                    <pos type="TO"/>
                    <lemma type="to"/>
                    <dep head="13-14" type="aux"/>
                </token>
                <token content="wait" id="13-14">
                    <pos type="VB"/>
                    <lemma type="wait"/>
                    <dep head="13-12" type="xcomp"/>
                </token>
                <token content="for" id="13-15"/>
                <token content="those" id="13-16">
                    <pos type="DT"/>
                    <lemma type="those"/>
                </token>
                <token content="passengers" id="13-17">
                    <pos type="NNS"/>
                    <lemma type="passenger"/>
                    <dep head="13-14" type="prep"/>
                </token>
                <token content="to" id="13-18">
                    <pos type="TO"/>
                    <lemma type="to"/>
                    <dep head="13-19" type="aux"/>
                </token>
                <token content="unload" id="13-19">
                    <pos type="VB"/>
                    <lemma type="unload"/>
                    <dep head="13-12" type="xcomp"/>
                </token>
                <token content="." id="13-20"/>
            </sentence>
            <sentence id="14">
                <token content="They" id="14-1">
                    <pos type="PRP"/>
                    <lemma type="they"/>
                    <dep head="14-2" type="nsubj"/>
                </token>
                <token content="began" id="14-2">
                    <pos type="VBD"/>
                    <lemma type="begin"/>
                </token>
                <token content="calling" id="14-3">
                    <pos type="VBG"/>
                    <lemma type="call"/>
                    <dep head="14-2" type="xcomp"/>
                </token>
                <token content="different" id="14-4">
                    <pos type="JJ"/>
                    <lemma type="different"/>
                </token>
                <token content="sections" id="14-5">
                    <pos type="NNS"/>
                    <lemma type="section"/>
                    <dep head="14-3" type="dobj"/>
                </token>
                <token content="to" id="14-6"/>
                <token content="board" id="14-7">
                    <pos type="NN"/>
                    <lemma type="board"/>
                    <dep head="14-3" type="prep"/>
                </token>
                <token content="," id="14-8"/>
                <token content="and" id="14-9"/>
                <token content="mine" id="14-10">
                    <pos type="PRP"/>
                    <lemma type="mine"/>
                </token>
                <token content="was" id="14-11">
                    <pos type="VBD"/>
                    <lemma type="be"/>
                </token>
                <token content="one" id="14-12">
                    <pos type="CD"/>
                    <lemma type="one"/>
                    <dep head="14-2" type="conj"/>
                </token>
                <token content="of" id="14-13"/>
                <token content="the" id="14-14">
                    <pos type="DT"/>
                    <lemma type="the"/>
                </token>
                <token content="last" id="14-15">
                    <pos type="JJ"/>
                    <lemma type="last"/>
                </token>
                <token content="ones" id="14-16">
                    <pos type="NNS"/>
                    <lemma type="one"/>
                </token>
                <token content="." id="14-17"/>
            </sentence>
            <sentence id="15">
                <token content="I" id="15-1">
                    <pos type="PRP"/>
                    <lemma type="I"/>
                    <dep head="15-3" type="nsubj"/>
                </token>
                <token content="easily" id="15-2">
                    <pos type="RB"/>
                    <lemma type="easily"/>
                    <dep head="15-3" type="advmod"/>
                </token>
                <token content="found" id="15-3">
                    <pos type="VBD"/>
                    <lemma type="find"/>
                </token>
                <token content="my" id="15-4">
                    <pos type="PRP$"/>
                    <lemma type="my"/>
                </token>
                <token content="seat" id="15-5">
                    <pos type="NN"/>
                    <lemma type="seat"/>
                    <dep head="15-3" type="dobj"/>
                </token>
                <token content="and" id="15-6"/>
                <token content="stowed" id="15-7">
                    <pos type="VBD"/>
                    <lemma type="stow"/>
                    <dep head="15-3" type="conj"/>
                </token>
                <token content="my" id="15-8">
                    <pos type="PRP$"/>
                    <lemma type="my"/>
                </token>
                <token content="suitcase" id="15-9">
                    <pos type="NN"/>
                    <lemma type="suitcase"/>
                    <dep head="15-7" type="dobj"/>
                </token>
                <token content="in" id="15-10"/>
                <token content="the" id="15-11">
                    <pos type="DT"/>
                    <lemma type="the"/>
                </token>
                <token content="compartment" id="15-12">
                    <pos type="NN"/>
                    <lemma type="compartment"/>
                    <dep head="15-7" type="prep"/>
                </token>
                <token content="above" id="15-13">
                    <pos type="IN"/>
                    <lemma type="above"/>
                    <dep head="15-7" type="prep"/>
                </token>
                <token content="." id="15-14"/>
            </sentence>
            <sentence id="16">
                <token content="I" id="16-1">
                    <pos type="PRP"/>
                    <lemma type="I"/>
                    <dep head="16-3" type="nsubj"/>
                </token>
                <token content="was" id="16-2">
                    <pos type="VBD"/>
                    <lemma type="be"/>
                    <dep head="16-3" type="aux"/>
                </token>
                <token content="sitting" id="16-3">
                    <pos type="VBG"/>
                    <lemma type="sit"/>
                </token>
                <token content="in" id="16-4"/>
                <token content="the" id="16-5">
                    <pos type="DT"/>
                    <lemma type="the"/>
                </token>
                <token content="middle" id="16-6">
                    <pos type="JJ"/>
                    <lemma type="middle"/>
                </token>
                <token content="row" id="16-7">
                    <pos type="NN"/>
                    <lemma type="row"/>
                    <dep head="16-3" type="prep"/>
                </token>
                <token content="," id="16-8"/>
                <token content="and" id="16-9"/>
                <token content="the" id="16-10">
                    <pos type="DT"/>
                    <lemma type="the"/>
                </token>
                <token content="other" id="16-11">
                    <pos type="JJ"/>
                    <lemma type="other"/>
                </token>
                <token content="two" id="16-12">
                    <pos type="CD"/>
                    <lemma type="two"/>
                </token>
                <token content="passengers" id="16-13">
                    <pos type="NNS"/>
                    <lemma type="passenger"/>
                    <dep head="16-17" type="nsubj"/>
                </token>
                <token content="next" id="16-14"/>
                <token content="to" id="16-15"/>
                <token content="me" id="16-16">
                    <pos type="PRP"/>
                    <lemma type="I"/>
                    <dep head="16-17" type="prep"/>
                </token>
                <token content="were" id="16-17">
                    <pos type="VBD"/>
                    <lemma type="be"/>
                    <dep head="16-3" type="conj"/>
                </token>
                <token content="already" id="16-18">
                    <pos type="RB"/>
                    <lemma type="already"/>
                    <dep head="16-17" type="advmod"/>
                </token>
                <token content="in" id="16-19"/>
                <token content="their" id="16-20">
                    <pos type="PRP$"/>
                    <lemma type="they"/>
                </token>
                <token content="seats" id="16-21">
                    <pos type="NNS"/>
                    <lemma type="seat"/>
                    <dep head="16-17" type="prep"/>
                </token>
                <token content="." id="16-22"/>
            </sentence>
            <sentence id="17">
                <token content="When" id="17-1">
                    <pos type="WRB"/>
                    <lemma type="when"/>
                    <dep head="17-4" type="advmod"/>
                </token>
                <token content="I" id="17-2">
                    <pos type="PRP"/>
                    <lemma type="I"/>
                    <dep head="17-4" type="nsubjpass"/>
                </token>
                <token content="got" id="17-3">
                    <pos type="VBD"/>
                    <lemma type="get"/>
                    <dep head="17-4" type="auxpass"/>
                </token>
                <token content="seated" id="17-4">
                    <pos type="VBN"/>
                    <lemma type="seat"/>
                    <dep head="17-7" type="advcl"/>
                </token>
                <token content="," id="17-5"/>
                <token content="I" id="17-6">
                    <pos type="PRP"/>
                    <lemma type="I"/>
                    <dep head="17-7" type="nsubj"/>
                </token>
                <token content="went" id="17-7">
                    <pos type="VBD"/>
                    <lemma type="go"/>
                </token>
                <token content="ahead" id="17-8">
                    <pos type="RB"/>
                    <lemma type="ahead"/>
                    <dep head="17-7" type="advmod"/>
                </token>
                <token content="and" id="17-9"/>
                <token content="buckled" id="17-10">
                    <pos type="VBD"/>
                    <lemma type="buckle"/>
                    <dep head="17-7" type="conj"/>
                </token>
                <token content="my" id="17-11">
                    <pos type="PRP$"/>
                    <lemma type="my"/>
                </token>
                <token content="seat" id="17-12">
                    <pos type="NN"/>
                    <lemma type="seat"/>
                </token>
                <token content="belt" id="17-13">
                    <pos type="NN"/>
                    <lemma type="belt"/>
                    <dep head="17-10" type="dobj"/>
                </token>
                <token content="and" id="17-14"/>
                <token content="awaited" id="17-15">
                    <pos type="VBD"/>
                    <lemma type="await"/>
                    <dep head="17-10" type="conj"/>
                </token>
                <token content="take" id="17-16">
                    <pos type="VB"/>
                    <lemma type="take"/>
                    <dep head="17-15" type="ccomp"/>
                </token>
                <token content="off" id="17-17">
                    <pos type="RP"/>
                    <lemma type="off"/>
                    <dep head="17-16" type="prt"/>
                </token>
                <token content="." id="17-18"/>
            </sentence>
            <sentence id="18">
                <token content="The" id="18-1">
                    <pos type="DT"/>
                    <lemma type="the"/>
                </token>
                <token content="flight" id="18-2">
                    <pos type="NN"/>
                    <lemma type="flight"/>
                </token>
                <token content="attendants" id="18-3">
                    <pos type="NNS"/>
                    <lemma type="attendant"/>
                    <dep head="18-4" type="nsubj"/>
                </token>
                <token content="had" id="18-4">
                    <pos type="VBD"/>
                    <lemma type="have"/>
                </token>
                <token content="to" id="18-5">
                    <pos type="TO"/>
                    <lemma type="to"/>
                    <dep head="18-6" type="aux"/>
                </token>
                <token content="make" id="18-6">
                    <pos type="VB"/>
                    <lemma type="make"/>
                    <dep head="18-4" type="xcomp"/>
                </token>
                <token content="all" id="18-7">
                    <pos type="PDT"/>
                    <lemma type="all"/>
                </token>
                <token content="their" id="18-8">
                    <pos type="PRP$"/>
                    <lemma type="they"/>
                </token>
                <token content="checks" id="18-9">
                    <pos type="NNS"/>
                    <lemma type="check"/>
                    <dep head="18-6" type="dobj"/>
                </token>
                <token content="and" id="18-10"/>
                <token content="when" id="18-11">
                    <pos type="WRB"/>
                    <lemma type="when"/>
                </token>
                <token content="it" id="18-12">
                    <pos type="PRP"/>
                    <lemma type="it"/>
                </token>
                <token content="was" id="18-13">
                    <pos type="VBD"/>
                    <lemma type="be"/>
                </token>
                <token content="time" id="18-14">
                    <pos type="NN"/>
                    <lemma type="time"/>
                    <dep head="18-20" type="advcl"/>
                </token>
                <token content="to" id="18-15">
                    <pos type="TO"/>
                    <lemma type="to"/>
                    <dep head="18-16" type="aux"/>
                </token>
                <token content="go" id="18-16">
                    <pos type="VB"/>
                    <lemma type="go"/>
                </token>
                <token content="," id="18-17"/>
                <token content="we" id="18-18">
                    <pos type="PRP"/>
                    <lemma type="we"/>
                    <dep head="18-20" type="nsubj"/>
                </token>
                <token content="also" id="18-19">
                    <pos type="RB"/>
                    <lemma type="also"/>
                    <dep head="18-20" type="advmod"/>
                </token>
                <token content="had" id="18-20">
                    <pos type="VBD"/>
                    <lemma type="have"/>
                    <dep head="18-4" type="conj"/>
                </token>
                <token content="an" id="18-21">
                    <pos type="DT"/>
                    <lemma type="a"/>
                </token>
                <token content="overview" id="18-22">
                    <pos type="NN"/>
                    <lemma type="overview"/>
                    <dep head="18-20" type="dobj"/>
                </token>
                <token content="of" id="18-23"/>
                <token content="the" id="18-24">
                    <pos type="DT"/>
                    <lemma type="the"/>
                </token>
                <token content="emergency" id="18-25">
                    <pos type="NN"/>
                    <lemma type="emergency"/>
                </token>
                <token content="procedures" id="18-26">
                    <pos type="NNS"/>
                    <lemma type="procedure"/>
                </token>
                <token content="." id="18-27"/>
            </sentence>
            <sentence id="19">
                <token content="I" id="19-1">
                    <pos type="PRP"/>
                    <lemma type="I"/>
                    <dep head="19-4" type="nsubj"/>
                </token>
                <token content="did" id="19-2">
                    <pos type="VBD"/>
                    <lemma type="do"/>
                    <dep head="19-4" type="aux"/>
                </token>
                <token content="n't" id="19-3">
                    <pos type="RB"/>
                    <lemma type="not"/>
                    <dep head="19-4" type="neg"/>
                </token>
                <token content="have" id="19-4">
                    <pos type="VB"/>
                    <lemma type="have"/>
                </token>
                <token content="too" id="19-5">
                    <pos type="RB"/>
                    <lemma type="too"/>
                </token>
                <token content="much" id="19-6">
                    <pos type="JJ"/>
                    <lemma type="much"/>
                </token>
                <token content="room" id="19-7">
                    <pos type="NN"/>
                    <lemma type="room"/>
                    <dep head="19-4" type="dobj"/>
                </token>
                <token content="between" id="19-8"/>
                <token content="myself" id="19-9">
                    <pos type="PRP"/>
                    <lemma type="myself"/>
                </token>
                <token content="and" id="19-10"/>
                <token content="the" id="19-11">
                    <pos type="DT"/>
                    <lemma type="the"/>
                </token>
                <token content="seat" id="19-12">
                    <pos type="NN"/>
                    <lemma type="seat"/>
                </token>
                <token content="in" id="19-13"/>
                <token content="front" id="19-14"/>
                <token content="of" id="19-15"/>
                <token content="me" id="19-16">
                    <pos type="PRP"/>
                    <lemma type="I"/>
                </token>
                <token content="," id="19-17"/>
                <token content="but" id="19-18"/>
                <token content="there" id="19-19">
                    <pos type="EX"/>
                    <lemma type="there"/>
                    <dep head="19-20" type="expl"/>
                </token>
                <token content="was" id="19-20">
                    <pos type="VBD"/>
                    <lemma type="be"/>
                    <dep head="19-4" type="conj"/>
                </token>
                <token content="a" id="19-21">
                    <pos type="DT"/>
                    <lemma type="a"/>
                </token>
                <token content="little" id="19-22">
                    <pos type="JJ"/>
                    <lemma type="little"/>
                </token>
                <token content="tray" id="19-23">
                    <pos type="NN"/>
                    <lemma type="tray"/>
                    <dep head="19-20" type="nsubj"/>
                </token>
                <token content="on" id="19-24"/>
                <token content="the" id="19-25">
                    <pos type="DT"/>
                    <lemma type="the"/>
                </token>
                <token content="back" id="19-26">
                    <pos type="NN"/>
                    <lemma type="back"/>
                </token>
                <token content="of" id="19-27"/>
                <token content="that" id="19-28">
                    <pos type="DT"/>
                    <lemma type="that"/>
                </token>
                <token content="seat" id="19-29">
                    <pos type="NN"/>
                    <lemma type="seat"/>
                </token>
                <token content="which" id="19-30">
                    <pos type="WDT"/>
                    <lemma type="which"/>
                    <dep head="19-32" type="dobj"/>
                </token>
                <token content="I" id="19-31">
                    <pos type="PRP"/>
                    <lemma type="I"/>
                    <dep head="19-32" type="nsubj"/>
                </token>
                <token content="put" id="19-32">
                    <pos type="VBD"/>
                    <lemma type="put"/>
                </token>
                <token content="down" id="19-33">
                    <pos type="RP"/>
                    <lemma type="down"/>
                    <dep head="19-32" type="prt"/>
                </token>
                <token content="to" id="19-34">
                    <pos type="TO"/>
                    <lemma type="to"/>
                    <dep head="19-35" type="aux"/>
                </token>
                <token content="use" id="19-35">
                    <pos type="VB"/>
                    <lemma type="use"/>
                    <dep head="19-32" type="xcomp"/>
                </token>
                <token content="to" id="19-36">
                    <pos type="TO"/>
                    <lemma type="to"/>
                    <dep head="19-37" type="aux"/>
                </token>
                <token content="hold" id="19-37">
                    <pos type="VB"/>
                    <lemma type="hold"/>
                    <dep head="19-35" type="xcomp"/>
                </token>
                <token content="the" id="19-38">
                    <pos type="DT"/>
                    <lemma type="the"/>
                </token>
                <token content="drink" id="19-39">
                    <pos type="NN"/>
                    <lemma type="drink"/>
                    <dep head="19-37" type="dobj"/>
                </token>
                <token content="I" id="19-40">
                    <pos type="PRP"/>
                    <lemma type="I"/>
                    <dep head="19-41" type="nsubj"/>
                </token>
                <token content="ordered" id="19-41">
                    <pos type="VBD"/>
                    <lemma type="order"/>
                </token>
                <token content="later" id="19-42">
                    <pos type="RB"/>
                    <lemma type="later"/>
                    <dep head="19-41" type="advmod"/>
                </token>
                <token content="." id="19-43"/>
            </sentence>
            <sentence id="20">
                <token content="I" id="20-1">
                    <pos type="PRP"/>
                    <lemma type="I"/>
                    <dep head="20-2" type="nsubj"/>
                </token>
                <token content="made" id="20-2">
                    <pos type="VBD"/>
                    <lemma type="make"/>
                </token>
                <token content="small" id="20-3">
                    <pos type="JJ"/>
                    <lemma type="small"/>
                </token>
                <token content="talk" id="20-4">
                    <pos type="NN"/>
                    <lemma type="talk"/>
                    <dep head="20-2" type="dobj"/>
                </token>
                <token content="with" id="20-5"/>
                <token content="the" id="20-6">
                    <pos type="DT"/>
                    <lemma type="the"/>
                </token>
                <token content="passengers" id="20-7">
                    <pos type="NNS"/>
                    <lemma type="passenger"/>
                    <dep head="20-2" type="prep"/>
                </token>
                <token content="next" id="20-8"/>
                <token content="to" id="20-9"/>
                <token content="me" id="20-10">
                    <pos type="PRP"/>
                    <lemma type="I"/>
                </token>
                <token content="and" id="20-11"/>
                <token content="we" id="20-12">
                    <pos type="PRP"/>
                    <lemma type="we"/>
                    <dep head="20-13" type="nsubj"/>
                </token>
                <token content="shared" id="20-13">
                    <pos type="VBD"/>
                    <lemma type="share"/>
                    <dep head="20-2" type="conj"/>
                </token>
                <token content="our" id="20-14">
                    <pos type="PRP$"/>
                    <lemma type="we"/>
                </token>
                <token content="travel" id="20-15">
                    <pos type="NN"/>
                    <lemma type="travel"/>
                </token>
                <token content="plans" id="20-16">
                    <pos type="NNS"/>
                    <lemma type="plan"/>
                    <dep head="20-13" type="dobj"/>
                </token>
                <token content="." id="20-17"/>
            </sentence>
            <sentence id="21">
                <token content="It" id="21-1">
                    <pos type="PRP"/>
                    <lemma type="it"/>
                </token>
                <token content="was" id="21-2">
                    <pos type="VBD"/>
                    <lemma type="be"/>
                </token>
                <token content="overall" id="21-3">
                    <pos type="RB"/>
                    <lemma type="overall"/>
                </token>
                <token content="a" id="21-4">
                    <pos type="DT"/>
                    <lemma type="a"/>
                </token>
                <token content="decent" id="21-5">
                    <pos type="JJ"/>
                    <lemma type="decent"/>
                </token>
                <token content="flight" id="21-6">
                    <pos type="NN"/>
                    <lemma type="flight"/>
                </token>
                <token content="," id="21-7"/>
                <token content="and" id="21-8"/>
                <token content="we" id="21-9">
                    <pos type="PRP"/>
                    <lemma type="we"/>
                    <dep head="21-10" type="nsubj"/>
                </token>
                <token content="made" id="21-10">
                    <pos type="VBD"/>
                    <lemma type="make"/>
                </token>
                <token content="good" id="21-11">
                    <pos type="JJ"/>
                    <lemma type="good"/>
                </token>
                <token content="time" id="21-12">
                    <pos type="NN"/>
                    <lemma type="time"/>
                    <dep head="21-10" type="dobj"/>
                </token>
                <token content="and" id="21-13"/>
                <token content="arrived" id="21-14">
                    <pos type="VBD"/>
                    <lemma type="arrive"/>
                    <dep head="21-10" type="conj"/>
                </token>
                <token content="with" id="21-15"/>
                <token content="no" id="21-16">
                    <pos type="DT"/>
                    <lemma type="no"/>
                </token>
                <token content="issues" id="21-17">
                    <pos type="NNS"/>
                    <lemma type="issue"/>
                    <dep head="21-14" type="prep"/>
                </token>
                <token content="." id="21-18"/>
            </sentence>
        </sentences>
    </text>
    <annotations>
        <participants>
            <label from="1-2" id="0" name="NPart" text="year" type="participant"/>
            <label from="1-3" id="1" name="ScrPart_passenger" text="I" type="participant"/>
            <label from="1-5" id="2" name="ScrPart_passenger" text="my" type="participant"/>
            <label from="1-6" id="3" name="NPart" text="friend" type="participant"/>
            <label from="1-9" id="4" name="NPart" text="country" type="participant"/>
            <label from="2-1" id="5" name="ScrPart_passenger" text="I" type="participant"/>
            <label from="2-4" id="6" name="NPart" text="California" type="participant"/>
            <label from="2-6" id="7" name="NPart" text="he" type="participant"/>
            <label from="2-9" id="8" name="ScrPart_target_location" text="North Carolina" to="2-10" type="participant"/>
            <label from="3-1" id="9" name="ScrPart_passenger" text="I" type="participant"/>
            <label from="3-4" id="10" name="ScrPart_passenger" text="I" type="participant"/>
            <label from="3-12" id="11" name="NPart" text="way" type="participant"/>
            <label from="3-14" id="12" name="ScrPart_passenger" text="I" type="participant"/>
            <label from="3-19" id="13" name="NPart" text="option" type="participant"/>
            <label from="4-1" id="14" name="ScrPart_passenger" text="I" type="participant"/>
            <label from="4-10" id="15" name="ScrPart_flight" text="flight" type="participant"/>
            <label from="5-1" id="16" name="ScrPart_passenger" text="I" type="participant"/>
            <label from="5-4" id="17" name="ScrPart_other" text="airlines" type="participant"/>
            <label from="5-6" id="18" name="ScrPart_flight" text="flights" type="participant"/>
            <label from="5-9" id="19" name="ScrPart_airport" text="airport" type="participant"/>
            <label from="5-13" id="20" name="ScrPart_passenger" text="I" type="participant"/>
            <label from="6-1" id="21" name="ScrPart_passenger" text="I" type="participant"/>
            <label from="6-8" id="22" name="ScrPart_passenger" text="I" type="participant"/>
            <label from="6-18" id="23" name="NPart" text="days" type="participant"/>
            <label from="6-23" id="24" name="NPart" text="others" type="participant"/>
            <label from="7-1" id="25" name="Unclear" text="We" type="participant"/>
            <label from="7-5" id="26" name="ScrPart_time/date" text="dates" type="participant"/>
            <label from="7-12" id="27" name="Unclear" text="us" type="participant"/>
            <label from="7-15" id="28" name="ScrPart_passenger" text="I" type="participant"/>
            <label from="7-19" id="29" name="ScrPart_flight" text="flight" type="participant"/>
            <label from="7-20" id="30" name="ScrPart_passenger" text="I" type="participant"/>
            <label from="7-25" id="31" name="ScrPart_ticket" text="round-trip ticket" to="7-26" type="participant"/>
            <label from="7-26" id="32" name="ScrPart_ticket" text="ticket" type="participant"/>
            <label from="8-2" id="33" name="No_label" text="it" type="participant"/>
            <label from="8-4" id="34" name="No_label" text="time" type="participant"/>
            <label from="8-6" id="35" name="ScrPart_passenger" text="my" type="participant"/>
            <label from="8-7" id="36" name="NPart" text="trip" type="participant"/>
            <label from="8-9" id="37" name="ScrPart_passenger" text="I" type="participant"/>
            <label from="8-11" id="38" name="ScrPart_passenger" text="my" type="participant"/>
            <label from="8-12" id="39" name="ScrPart_carry_on_luggage" text="bags" type="participant"/>
            <label from="8-17" id="40" name="ScrPart_accomp_person" text="friend" type="participant"/>
            <label from="8-20" id="41" name="ScrPart_passenger" text="me" type="participant"/>
            <label from="8-22" id="42" name="SuppVComp" text="ride" type="participant"/>
            <label from="8-25" id="43" name="ScrPart_airport" text="airport" type="participant"/>
            <label from="9-1" id="44" name="ScrPart_passenger" text="My" type="participant"/>
            <label from="9-2" id="45" name="ScrPart_accomp_person" text="friend" type="participant"/>
            <label from="9-4" id="46" name="ScrPart_passenger" text="me" type="participant"/>
            <label from="9-12" id="47" name="No_label" text="time" type="participant"/>
            <label from="9-13" id="48" name="Unclear" text="we" type="participant"/>
            <label from="9-17" id="49" name="ScrPart_airport" text="airport" type="participant"/>
            <label from="9-19" id="50" name="ScrPart_passenger" text="I" type="participant"/>
            <label from="9-24" id="51" name="ScrPart_time/date" text="hour and a half" to="9-27" type="participant"/>
            <label from="9-30" id="52" name="ScrPart_passenger" text="my" type="participant"/>
            <label from="9-31" id="53" name="ScrPart_flight" text="flight" type="participant"/>
            <label from="10-1" id="54" name="ScrPart_passenger" text="I" type="participant"/>
            <label from="10-10" id="55" name="ScrPart_security_check" text="security" type="participant"/>
            <label from="11-2" id="56" name="ScrPart_passenger" text="I" type="participant"/>
            <label from="11-7" id="57" name="ScrPart_carry_on_luggage" text="suitcase" type="participant"/>
            <label from="11-9" id="58" name="ScrPart_passenger" text="I" type="participant"/>
            <label from="11-15" id="59" name="ScrPart_passenger" text="my" type="participant"/>
            <label from="11-16" id="60" name="ScrPart_check_in_luggage" text="bags" type="participant"/>
            <label from="12-1" id="61" name="ScrPart_passenger" text="I" type="participant"/>
            <label from="12-5" id="62" name="ScrPart_terminal/gate" text="terminal" type="participant"/>
            <label from="12-7" id="63" name="ScrPart_passenger" text="my" type="participant"/>
            <label from="12-8" id="64" name="ScrPart_flight" text="flight" type="participant"/>
            <label from="12-14" id="65" name="ScrPart_in-flight_entertainment" text="book" type="participant"/>
            <label from="12-18" id="66" name="ScrPart_time/date" text="time" type="participant"/>
            <label from="13-3" id="67" name="ScrPart_plane" text="plane" type="participant"/>
            <label from="13-8" id="68" name="ScrPart_flight" text="flight" type="participant"/>
            <label from="13-10" id="69" name="ScrPart_passenger" text="I" type="participant"/>
            <label from="13-17" id="70" name="ScrPart_passenger" text="passengers" type="participant"/>
            <label from="14-1" id="71" name="ScrPart_staff" text="They" type="participant"/>
            <label from="14-5" id="72" name="ScrPart_location_airplane_indoor" text="sections" type="participant"/>
            <label from="14-10" id="73" name="ScrPart_location_airplane_indoor" text="mine" type="participant"/>
            <label from="14-16" id="74" name="ScrPart_location_airplane_indoor" text="ones" type="participant"/>
            <label from="15-1" id="75" name="ScrPart_passenger" text="I" type="participant"/>
            <label from="15-4" id="76" name="ScrPart_passenger" text="my" type="participant"/>
            <label from="15-5" id="77" name="ScrPart_seat" text="seat" type="participant"/>
            <label from="15-8" id="78" name="ScrPart_passenger" text="my" type="participant"/>
            <label from="15-9" id="79" name="ScrPart_carry_on_luggage" text="suitcase" type="participant"/>
            <label from="15-12" id="80" name="ScrPart_storage" text="compartment" type="participant"/>
            <label from="16-1" id="81" name="ScrPart_passenger" text="I" type="participant"/>
            <label from="16-7" id="82" name="ScrPart_location_airplane_indoor" text="row" type="participant"/>
            <label from="16-13" id="83" name="ScrPart_passenger" text="passengers" type="participant"/>
            <label from="16-16" id="84" name="ScrPart_passenger" text="me" type="participant"/>
            <label from="16-20" id="85" name="ScrPart_passenger" text="their" type="participant"/>
            <label from="16-21" id="86" name="ScrPart_seat" text="seats" type="participant"/>
            <label from="17-2" id="87" name="ScrPart_passenger" text="I" type="participant"/>
            <label from="17-6" id="88" name="ScrPart_passenger" text="I" type="participant"/>
            <label from="17-11" id="89" name="ScrPart_passenger" text="my" type="participant"/>
            <label from="17-12" id="90" name="ScrPart_seat_belt" text="seat belt" to="17-13" type="participant"/>
            <label from="18-2" id="91" name="ScrPart_staff" text="flight attendants" to="18-3" type="participant"/>
            <label from="18-3" id="92" name="ScrPart_staff" text="attendants" type="participant"/>
            <label from="18-8" id="93" name="ScrPart_staff" text="their" type="participant"/>
            <label from="18-9" id="94" name="SuppVComp" text="checks" type="participant"/>
            <label from="18-12" id="95" name="No_label" text="it" type="participant"/>
            <label from="18-14" id="96" name="No_label" text="time" type="participant"/>
            <label from="18-18" id="97" name="ScrPart_passenger" text="we" type="participant"/>
            <label from="18-22" id="98" name="SuppVComp" text="overview" type="participant"/>
            <label from="18-25" id="99" name="ScrPart_safety_instructions" text="emergency procedures" to="18-26" type="participant"/>
            <label from="18-26" id="100" name="ScrPart_safety_instructions" text="procedures" type="participant"/>
            <label from="19-1" id="101" name="ScrPart_passenger" text="I" type="participant"/>
            <label from="19-7" id="102" name="NPart" text="room" type="participant"/>
            <label from="19-9" id="103" name="ScrPart_passenger" text="myself" type="participant"/>
            <label from="19-12" id="104" name="ScrPart_seat" text="seat" type="participant"/>
            <label from="19-16" id="105" name="ScrPart_passenger" text="me" type="participant"/>
            <label from="19-23" id="106" name="NPart" text="tray" type="participant"/>
            <label from="19-26" id="107" name="NPart" text="back" type="participant"/>
            <label from="19-29" id="108" name="ScrPart_seat" text="seat" type="participant"/>
            <label from="19-31" id="109" name="ScrPart_passenger" text="I" type="participant"/>
            <label from="19-39" id="110" name="ScrPart_in-flight_entertainment" text="drink" type="participant"/>
            <label from="19-40" id="111" name="ScrPart_passenger" text="I" type="participant"/>
            <label from="20-1" id="112" name="ScrPart_passenger" text="I" type="participant"/>
            <label from="20-3" id="113" name="ScrPart_in-flight_entertainment" text="small talk" to="20-4" type="participant"/>
            <label from="20-7" id="114" name="ScrPart_passenger" text="passengers" type="participant"/>
            <label from="20-10" id="115" name="ScrPart_passenger" text="me" type="participant"/>
            <label from="20-12" id="116" name="ScrPart_passenger" text="we" type="participant"/>
            <label from="20-14" id="117" name="ScrPart_passenger" text="our" type="participant"/>
            <label from="20-15" id="118" name="ScrPart_in-flight_entertainment" text="travel plans" to="20-16" type="participant"/>
            <label from="20-16" id="119" name="ScrPart_in-flight_entertainment" text="plans" type="participant"/>
            <label from="21-1" id="120" name="No_label" text="It" type="participant"/>
            <label from="21-6" id="121" name="ScrPart_flight" text="flight" type="participant"/>
            <label from="21-9" id="122" name="ScrPart_passenger" text="we" type="participant"/>
            <label from="21-12" id="123" name="ScrPart_time/date" text="time" type="participant"/>
            <label from="21-17" id="124" name="NPart" text="issues" type="participant"/>
        </participants>
        <events>
            <label from="1-4" id="125" name="UnrelEv" text="visited" type="event"/>
            <label from="2-2" id="126" name="UnrelEv" text="live" type="event"/>
            <label from="2-7" id="127" name="UnrelEv" text="lives" type="event"/>
            <label from="3-2" id="128" name="UnrelEv" text="knew" type="event"/>
            <label from="3-9" id="129" name="UnrelEv" text="drive" type="event"/>
            <label from="3-15" id="130" name="UnrelEv" text="needed" type="event"/>
            <label from="4-2" id="131" name="UnrelEv" text="decided" type="event"/>
            <label from="4-4" id="132" name="UnrelEv" text="start" type="event"/>
            <label from="4-5" id="133" name="RelNScrEv" text="looking up" to="4-6" type="event"/>
            <label from="4-12" id="134" name="RelNScrEv" text="cost" type="event"/>
            <label from="5-2" id="135" name="RelNScrEv" text="researched" type="event"/>
            <label from="5-5" id="136" name="RelNScrEv" text="provided" type="event"/>
            <label from="5-14" id="137" name="UnrelEv" text="live" type="event"/>
            <label from="6-5" id="138" name="UnrelEv" text="decide" type="event"/>
            <label from="6-9" id="139" name="UnrelEv" text="wanted" type="event"/>
            <label from="6-11" id="140" name="Evoking" text="fly there" to="6-12" type="event"/>
            <label from="6-20" id="141" name="UnrelEv" text="be" type="event"/>
            <label from="7-2" id="142" name="RelNScrEv" text="settled" type="event"/>
            <label from="7-7" id="143" name="UnrelEv" text="worked" type="event"/>
            <label from="7-16" id="144" name="ScrEv_get_ticket" text="booked" type="event"/>
            <label from="7-22" id="145" name="RelNScrEv" text="find" type="event"/>
            <label from="8-3" id="146" name="UnrelEv" text="was" type="event"/>
            <label from="8-10" id="147" name="ScrEv_pack_luggage" text="packed" type="event"/>
            <label from="8-14" id="148" name="RelNScrEv" text="coordinated" type="event"/>
            <label from="8-19" id="149" name="ScrEv_get_airport" text="give" type="event"/>
            <label from="9-3" id="150" name="ScrEv_get_airport" text="picked" type="event"/>
            <label from="9-14" id="151" name="ScrEv_get_airport" text="got" type="event"/>
            <label from="9-21" id="152" name="RelNScrEv" text="be" type="event"/>
            <label from="10-5" id="153" name="ScrEv_check_in" text="check in" to="10-6" type="event"/>
            <label from="10-8" id="154" name="ScrEv_go_security_checks" text="go through" to="10-9" type="event"/>
            <label from="11-4" id="155" name="UnrelEv" text="had" type="event"/>
            <label from="11-14" id="156" name="ScrEv_check_luggage" text="check" type="event"/>
            <label from="12-2" id="157" name="ScrEv_wait_boarding" text="waited" type="event"/>
            <label from="12-10" id="158" name="ScrEv_landing" text="arrive" type="event"/>
            <label from="12-12" id="159" name="RelNScrEv" text="reading" type="event"/>
            <label from="12-16" id="160" name="ScrEv_wait_boarding" text="pass" type="event"/>
            <label from="13-4" id="161" name="ScrEv_landing" text="landed" type="event"/>
            <label from="13-14" id="162" name="ScrEv_wait_boarding" text="wait" type="event"/>
            <label from="13-19" id="163" name="ScrEv_exit_plane" text="unload" type="event"/>
            <label from="14-3" id="164" name="ScrEv_listen_call" text="calling" type="event"/>
            <label from="14-7" id="165" name="ScrEv_board_plane" text="board" type="event"/>
            <label from="14-11" id="166" name="UnrelEv" text="was" type="event"/>
            <label from="15-3" id="167" name="ScrEv_take_seat" text="found" type="event"/>
            <label from="15-7" id="168" name="ScrEv_stow_away_luggage" text="stowed" type="event"/>
            <label from="16-3" id="169" name="ScrEv_take_seat" text="sitting" type="event"/>
            <label from="16-17" id="170" name="ScrEv_take_seat" text="were" type="event"/>
            <label from="17-3" id="171" name="UnrelEv" text="got" type="event"/>
            <label from="17-4" id="172" name="ScrEv_take_seat" text="seated" type="event"/>
            <label from="17-7" id="173" name="UnrelEv" text="went" type="event"/>
            <label from="17-10" id="174" name="ScrEv_buckle_seat_belt" text="buckled" type="event"/>
            <label from="17-15" id="175" name="Unclear" text="awaited" type="event"/>
            <label from="17-16" id="176" name="ScrEv_take_off" text="take off" to="17-17" type="event"/>
            <label from="18-6" id="177" name="ScrEv_take_off_preparations" text="make" type="event"/>
            <label from="18-13" id="178" name="UnrelEv" text="was" type="event"/>
            <label from="18-16" id="179" name="ScrEv_take_off" text="go" type="event"/>
            <label from="18-20" id="180" name="ScrEv_listen_crew" text="had" type="event"/>
            <label from="19-4" id="181" name="UnrelEv" text="have" type="event"/>
            <label from="19-20" id="182" name="UnrelEv" text="was" type="event"/>
            <label from="19-32" id="183" name="RelNScrEv" text="put down" to="19-33" type="event"/>
            <label from="19-35" id="184" name="UnrelEv" text="use" type="event"/>
            <label from="19-37" id="185" name="UnrelEv" text="hold" type="event"/>
            <label from="19-41" id="186" name="ScrEv_spend_time_flight" text="ordered" type="event"/>
            <label from="20-2" id="187" name="ScrEv_spend_time_flight" text="made" type="event"/>
            <label from="20-13" id="188" name="ScrEv_spend_time_flight" text="shared" type="event"/>
            <label from="21-2" id="189" name="UnrelEv" text="was" type="event"/>
            <label from="21-10" id="190" name="RelNScrEv" text="made" type="event"/>
            <label from="21-14" id="191" name="ScrEv_landing" text="arrived" type="event"/>
        </events>
        <chains>
            <chain elements="2 1 5 9 10 12 14 16 20 21 22 28 30 35 37 38 41 44 46 50 52 54 56 58 59 61 63 69 75 76 78 81 84 87 88 89 101 103 105 109 111 112 115"/>
            <chain elements="29 18 53 64 68 121"/>
            <chain elements="43 19"/>
            <chain elements="25 22" name="coref_group\_I_friend"/>
            <chain elements="27 25"/>
            <chain elements="57 39 79"/>
            <chain elements="45 40"/>
            <chain elements="48 45 46" name="coref_group_I_friend"/>
            <chain elements="73 72 74"/>
            <chain elements="86 77 104 108"/>
            <chain elements="85 83 114"/>
            <chain elements="97 85 89" name="coref_group_I_passenger"/>
            <chain elements="93 92"/>
            <chain elements="116 97 117 122"/>
        </chains>
    </annotations>
</story>
