<?xml version="1.0" encoding="UTF-8" standalone="no"?>
<!DOCTYPE story SYSTEM "../InScript.dtd">
<story id="059" scenario="flight">
    <text>
        <content>Flying in an airplane is necessary to travel to far away destinations that are not easily accessible by other modes of transportation . 
Last summer , I had a girls trip to the Carribean . 
We had to plan our trip including booking airplane tickets and booking hotels . 
We booked our airplane tickets online a few months before to get the best fare . 
We arrive at the airport a few hours beforehand for an international flight . 
We all pack lightly with one piece of luggage . 
After waiting at the airport for a while , we boarded our plane . 
The flight attendants and crew are friendly . 
We find out seats and try to as comfortable in the cramped seating of a packed flight full of passengers . 
We try to relax , buckle up for a four hour flight . 
During the four hour flight , we can sleep on watch tv or listen to music . 
And the crew will come around with drinks and snacks . 
After a necessary flight , we arrive at our destination safely . </content>
        <sentences>
            <sentence id="1">
                <token content="Flying" id="1-1">
                    <pos type="NNP"/>
                    <lemma type="Flying"/>
                </token>
                <token content="in" id="1-2"/>
                <token content="an" id="1-3">
                    <pos type="DT"/>
                    <lemma type="a"/>
                </token>
                <token content="airplane" id="1-4">
                    <pos type="NN"/>
                    <lemma type="airplane"/>
                </token>
                <token content="is" id="1-5">
                    <pos type="VBZ"/>
                    <lemma type="be"/>
                </token>
                <token content="necessary" id="1-6">
                    <pos type="JJ"/>
                    <lemma type="necessary"/>
                </token>
                <token content="to" id="1-7">
                    <pos type="TO"/>
                    <lemma type="to"/>
                    <dep head="1-8" type="aux"/>
                </token>
                <token content="travel" id="1-8">
                    <pos type="VB"/>
                    <lemma type="travel"/>
                </token>
                <token content="to" id="1-9">
                    <pos type="TO"/>
                    <lemma type="to"/>
                    <dep head="1-12" type="aux"/>
                </token>
                <token content="far" id="1-10">
                    <pos type="RB"/>
                    <lemma type="far"/>
                </token>
                <token content="away" id="1-11">
                    <pos type="RB"/>
                    <lemma type="away"/>
                    <dep head="1-12" type="advmod"/>
                </token>
                <token content="destinations" id="1-12">
                    <pos type="VB"/>
                    <lemma type="destination"/>
                    <dep head="1-8" type="xcomp"/>
                </token>
                <token content="that" id="1-13">
                    <pos type="IN"/>
                    <lemma type="that"/>
                </token>
                <token content="are" id="1-14">
                    <pos type="VBP"/>
                    <lemma type="be"/>
                </token>
                <token content="not" id="1-15">
                    <pos type="RB"/>
                    <lemma type="not"/>
                </token>
                <token content="easily" id="1-16">
                    <pos type="RB"/>
                    <lemma type="easily"/>
                </token>
                <token content="accessible" id="1-17">
                    <pos type="JJ"/>
                    <lemma type="accessible"/>
                    <dep head="1-12" type="ccomp"/>
                </token>
                <token content="by" id="1-18"/>
                <token content="other" id="1-19">
                    <pos type="JJ"/>
                    <lemma type="other"/>
                </token>
                <token content="modes" id="1-20">
                    <pos type="NNS"/>
                    <lemma type="mode"/>
                </token>
                <token content="of" id="1-21"/>
                <token content="transportation" id="1-22">
                    <pos type="NN"/>
                    <lemma type="transportation"/>
                </token>
                <token content="." id="1-23"/>
            </sentence>
            <sentence id="2">
                <token content="Last" id="2-1">
                    <pos type="JJ"/>
                    <lemma type="last"/>
                </token>
                <token content="summer" id="2-2">
                    <pos type="NN"/>
                    <lemma type="summer"/>
                    <dep head="2-5" type="tmod"/>
                </token>
                <token content="," id="2-3"/>
                <token content="I" id="2-4">
                    <pos type="PRP"/>
                    <lemma type="I"/>
                    <dep head="2-5" type="nsubj"/>
                </token>
                <token content="had" id="2-5">
                    <pos type="VBD"/>
                    <lemma type="have"/>
                </token>
                <token content="a" id="2-6">
                    <pos type="DT"/>
                    <lemma type="a"/>
                </token>
                <token content="girls" id="2-7">
                    <pos type="NNS"/>
                    <lemma type="girl"/>
                </token>
                <token content="trip" id="2-8">
                    <pos type="NN"/>
                    <lemma type="trip"/>
                    <dep head="2-5" type="dobj"/>
                </token>
                <token content="to" id="2-9"/>
                <token content="the" id="2-10">
                    <pos type="DT"/>
                    <lemma type="the"/>
                </token>
                <token content="Carribean" id="2-11">
                    <pos type="NNP"/>
                    <lemma type="Carribean"/>
                </token>
                <token content="." id="2-12"/>
            </sentence>
            <sentence id="3">
                <token content="We" id="3-1">
                    <pos type="PRP"/>
                    <lemma type="we"/>
                    <dep head="3-2" type="nsubj"/>
                </token>
                <token content="had" id="3-2">
                    <pos type="VBD"/>
                    <lemma type="have"/>
                </token>
                <token content="to" id="3-3">
                    <pos type="TO"/>
                    <lemma type="to"/>
                    <dep head="3-4" type="aux"/>
                </token>
                <token content="plan" id="3-4">
                    <pos type="VB"/>
                    <lemma type="plan"/>
                    <dep head="3-2" type="xcomp"/>
                </token>
                <token content="our" id="3-5">
                    <pos type="PRP$"/>
                    <lemma type="we"/>
                </token>
                <token content="trip" id="3-6">
                    <pos type="NN"/>
                    <lemma type="trip"/>
                    <dep head="3-4" type="dobj"/>
                </token>
                <token content="including" id="3-7"/>
                <token content="booking" id="3-8">
                    <pos type="VBG"/>
                    <lemma type="book"/>
                    <dep head="3-4" type="prepc"/>
                </token>
                <token content="airplane" id="3-9">
                    <pos type="NN"/>
                    <lemma type="airplane"/>
                </token>
                <token content="tickets" id="3-10">
                    <pos type="NNS"/>
                    <lemma type="ticket"/>
                    <dep head="3-8" type="dobj"/>
                </token>
                <token content="and" id="3-11"/>
                <token content="booking" id="3-12">
                    <pos type="VBG"/>
                    <lemma type="book"/>
                    <dep head="3-8" type="conj"/>
                </token>
                <token content="hotels" id="3-13">
                    <pos type="NNS"/>
                    <lemma type="hotel"/>
                    <dep head="3-12" type="dobj"/>
                </token>
                <token content="." id="3-14"/>
            </sentence>
            <sentence id="4">
                <token content="We" id="4-1">
                    <pos type="PRP"/>
                    <lemma type="we"/>
                    <dep head="4-2" type="nsubj"/>
                </token>
                <token content="booked" id="4-2">
                    <pos type="VBD"/>
                    <lemma type="book"/>
                </token>
                <token content="our" id="4-3">
                    <pos type="PRP$"/>
                    <lemma type="we"/>
                </token>
                <token content="airplane" id="4-4">
                    <pos type="NN"/>
                    <lemma type="airplane"/>
                </token>
                <token content="tickets" id="4-5">
                    <pos type="NNS"/>
                    <lemma type="ticket"/>
                    <dep head="4-2" type="dobj"/>
                </token>
                <token content="online" id="4-6">
                    <pos type="NN"/>
                    <lemma type="online"/>
                    <dep head="4-2" type="prep"/>
                </token>
                <token content="a" id="4-7">
                    <pos type="DT"/>
                    <lemma type="a"/>
                </token>
                <token content="few" id="4-8">
                    <pos type="JJ"/>
                    <lemma type="few"/>
                </token>
                <token content="months" id="4-9">
                    <pos type="NNS"/>
                    <lemma type="month"/>
                </token>
                <token content="before" id="4-10">
                    <pos type="IN"/>
                    <lemma type="before"/>
                    <dep head="4-12" type="mark"/>
                </token>
                <token content="to" id="4-11">
                    <pos type="TO"/>
                    <lemma type="to"/>
                    <dep head="4-12" type="aux"/>
                </token>
                <token content="get" id="4-12">
                    <pos type="VB"/>
                    <lemma type="get"/>
                    <dep head="4-2" type="advcl"/>
                </token>
                <token content="the" id="4-13">
                    <pos type="DT"/>
                    <lemma type="the"/>
                </token>
                <token content="best" id="4-14">
                    <pos type="JJS"/>
                    <lemma type="best"/>
                </token>
                <token content="fare" id="4-15">
                    <pos type="NN"/>
                    <lemma type="fare"/>
                    <dep head="4-12" type="dobj"/>
                </token>
                <token content="." id="4-16"/>
            </sentence>
            <sentence id="5">
                <token content="We" id="5-1">
                    <pos type="PRP"/>
                    <lemma type="we"/>
                    <dep head="5-2" type="nsubj"/>
                </token>
                <token content="arrive" id="5-2">
                    <pos type="VBP"/>
                    <lemma type="arrive"/>
                </token>
                <token content="at" id="5-3"/>
                <token content="the" id="5-4">
                    <pos type="DT"/>
                    <lemma type="the"/>
                </token>
                <token content="airport" id="5-5">
                    <pos type="NN"/>
                    <lemma type="airport"/>
                    <dep head="5-2" type="prep"/>
                </token>
                <token content="a" id="5-6">
                    <pos type="DT"/>
                    <lemma type="a"/>
                </token>
                <token content="few" id="5-7">
                    <pos type="JJ"/>
                    <lemma type="few"/>
                </token>
                <token content="hours" id="5-8">
                    <pos type="NNS"/>
                    <lemma type="hour"/>
                </token>
                <token content="beforehand" id="5-9">
                    <pos type="RB"/>
                    <lemma type="beforehand"/>
                    <dep head="5-2" type="advmod"/>
                </token>
                <token content="for" id="5-10"/>
                <token content="an" id="5-11">
                    <pos type="DT"/>
                    <lemma type="a"/>
                </token>
                <token content="international" id="5-12">
                    <pos type="JJ"/>
                    <lemma type="international"/>
                </token>
                <token content="flight" id="5-13">
                    <pos type="NN"/>
                    <lemma type="flight"/>
                    <dep head="5-2" type="prep"/>
                </token>
                <token content="." id="5-14"/>
            </sentence>
            <sentence id="6">
                <token content="We" id="6-1">
                    <pos type="PRP"/>
                    <lemma type="we"/>
                    <dep head="6-3" type="nsubj"/>
                </token>
                <token content="all" id="6-2">
                    <pos type="DT"/>
                    <lemma type="all"/>
                    <dep head="6-3" type="advmod"/>
                </token>
                <token content="pack" id="6-3">
                    <pos type="VB"/>
                    <lemma type="pack"/>
                </token>
                <token content="lightly" id="6-4">
                    <pos type="RB"/>
                    <lemma type="lightly"/>
                    <dep head="6-3" type="advmod"/>
                </token>
                <token content="with" id="6-5"/>
                <token content="one" id="6-6">
                    <pos type="CD"/>
                    <lemma type="one"/>
                </token>
                <token content="piece" id="6-7">
                    <pos type="NN"/>
                    <lemma type="piece"/>
                    <dep head="6-3" type="prep"/>
                </token>
                <token content="of" id="6-8"/>
                <token content="luggage" id="6-9">
                    <pos type="NN"/>
                    <lemma type="luggage"/>
                </token>
                <token content="." id="6-10"/>
            </sentence>
            <sentence id="7">
                <token content="After" id="7-1"/>
                <token content="waiting" id="7-2">
                    <pos type="VBG"/>
                    <lemma type="wait"/>
                    <dep head="7-11" type="prepc"/>
                </token>
                <token content="at" id="7-3"/>
                <token content="the" id="7-4">
                    <pos type="DT"/>
                    <lemma type="the"/>
                </token>
                <token content="airport" id="7-5">
                    <pos type="NN"/>
                    <lemma type="airport"/>
                    <dep head="7-2" type="prep"/>
                </token>
                <token content="for" id="7-6"/>
                <token content="a" id="7-7">
                    <pos type="DT"/>
                    <lemma type="a"/>
                </token>
                <token content="while" id="7-8">
                    <pos type="NN"/>
                    <lemma type="while"/>
                </token>
                <token content="," id="7-9"/>
                <token content="we" id="7-10">
                    <pos type="PRP"/>
                    <lemma type="we"/>
                    <dep head="7-11" type="nsubj"/>
                </token>
                <token content="boarded" id="7-11">
                    <pos type="VBD"/>
                    <lemma type="board"/>
                </token>
                <token content="our" id="7-12">
                    <pos type="PRP$"/>
                    <lemma type="we"/>
                </token>
                <token content="plane" id="7-13">
                    <pos type="NN"/>
                    <lemma type="plane"/>
                    <dep head="7-11" type="dobj"/>
                </token>
                <token content="." id="7-14"/>
            </sentence>
            <sentence id="8">
                <token content="The" id="8-1">
                    <pos type="DT"/>
                    <lemma type="the"/>
                </token>
                <token content="flight" id="8-2">
                    <pos type="NN"/>
                    <lemma type="flight"/>
                </token>
                <token content="attendants" id="8-3">
                    <pos type="NNS"/>
                    <lemma type="attendant"/>
                </token>
                <token content="and" id="8-4"/>
                <token content="crew" id="8-5">
                    <pos type="NN"/>
                    <lemma type="crew"/>
                </token>
                <token content="are" id="8-6">
                    <pos type="VBP"/>
                    <lemma type="be"/>
                </token>
                <token content="friendly" id="8-7">
                    <pos type="JJ"/>
                    <lemma type="friendly"/>
                </token>
                <token content="." id="8-8"/>
            </sentence>
            <sentence id="9">
                <token content="We" id="9-1">
                    <pos type="PRP"/>
                    <lemma type="we"/>
                    <dep head="9-2" type="nsubj"/>
                </token>
                <token content="find" id="9-2">
                    <pos type="VBP"/>
                    <lemma type="find"/>
                </token>
                <token content="out" id="9-3">
                    <pos type="RP"/>
                    <lemma type="out"/>
                    <dep head="9-2" type="prt"/>
                </token>
                <token content="seats" id="9-4">
                    <pos type="NNS"/>
                    <lemma type="seat"/>
                    <dep head="9-2" type="dobj"/>
                </token>
                <token content="and" id="9-5"/>
                <token content="try" id="9-6">
                    <pos type="VBP"/>
                    <lemma type="try"/>
                    <dep head="9-2" type="conj"/>
                </token>
                <token content="to" id="9-7"/>
                <token content="as" id="9-8">
                    <pos type="RB"/>
                    <lemma type="as"/>
                </token>
                <token content="comfortable" id="9-9">
                    <pos type="JJ"/>
                    <lemma type="comfortable"/>
                    <dep head="9-6" type="prep"/>
                </token>
                <token content="in" id="9-10"/>
                <token content="the" id="9-11">
                    <pos type="DT"/>
                    <lemma type="the"/>
                </token>
                <token content="cramped" id="9-12">
                    <pos type="JJ"/>
                    <lemma type="cramped"/>
                </token>
                <token content="seating" id="9-13">
                    <pos type="NN"/>
                    <lemma type="seating"/>
                </token>
                <token content="of" id="9-14"/>
                <token content="a" id="9-15">
                    <pos type="DT"/>
                    <lemma type="a"/>
                </token>
                <token content="packed" id="9-16">
                    <pos type="JJ"/>
                    <lemma type="packed"/>
                </token>
                <token content="flight" id="9-17">
                    <pos type="NN"/>
                    <lemma type="flight"/>
                </token>
                <token content="full" id="9-18">
                    <pos type="JJ"/>
                    <lemma type="full"/>
                </token>
                <token content="of" id="9-19"/>
                <token content="passengers" id="9-20">
                    <pos type="NNS"/>
                    <lemma type="passenger"/>
                </token>
                <token content="." id="9-21"/>
            </sentence>
            <sentence id="10">
                <token content="We" id="10-1">
                    <pos type="PRP"/>
                    <lemma type="we"/>
                    <dep head="10-2" type="nsubj"/>
                </token>
                <token content="try" id="10-2">
                    <pos type="VBP"/>
                    <lemma type="try"/>
                </token>
                <token content="to" id="10-3">
                    <pos type="TO"/>
                    <lemma type="to"/>
                    <dep head="10-4" type="aux"/>
                </token>
                <token content="relax" id="10-4">
                    <pos type="VB"/>
                    <lemma type="relax"/>
                    <dep head="10-2" type="xcomp"/>
                </token>
                <token content="," id="10-5"/>
                <token content="buckle" id="10-6">
                    <pos type="VB"/>
                    <lemma type="buckle"/>
                    <dep head="10-4" type="dep"/>
                </token>
                <token content="up" id="10-7">
                    <pos type="RP"/>
                    <lemma type="up"/>
                    <dep head="10-6" type="prt"/>
                </token>
                <token content="for" id="10-8"/>
                <token content="a" id="10-9">
                    <pos type="DT"/>
                    <lemma type="a"/>
                </token>
                <token content="four" id="10-10">
                    <pos type="CD"/>
                    <lemma type="four"/>
                </token>
                <token content="hour" id="10-11">
                    <pos type="NN"/>
                    <lemma type="hour"/>
                </token>
                <token content="flight" id="10-12">
                    <pos type="NN"/>
                    <lemma type="flight"/>
                    <dep head="10-6" type="prep"/>
                </token>
                <token content="." id="10-13"/>
            </sentence>
            <sentence id="11">
                <token content="During" id="11-1"/>
                <token content="the" id="11-2">
                    <pos type="DT"/>
                    <lemma type="the"/>
                </token>
                <token content="four" id="11-3">
                    <pos type="CD"/>
                    <lemma type="four"/>
                </token>
                <token content="hour" id="11-4">
                    <pos type="NN"/>
                    <lemma type="hour"/>
                </token>
                <token content="flight" id="11-5">
                    <pos type="NN"/>
                    <lemma type="flight"/>
                    <dep head="11-9" type="prep"/>
                </token>
                <token content="," id="11-6"/>
                <token content="we" id="11-7">
                    <pos type="PRP"/>
                    <lemma type="we"/>
                    <dep head="11-9" type="nsubj"/>
                </token>
                <token content="can" id="11-8">
                    <pos type="MD"/>
                    <lemma type="can"/>
                    <dep head="11-9" type="aux"/>
                </token>
                <token content="sleep" id="11-9">
                    <pos type="VB"/>
                    <lemma type="sleep"/>
                </token>
                <token content="on" id="11-10"/>
                <token content="watch" id="11-11">
                    <pos type="NN"/>
                    <lemma type="watch"/>
                </token>
                <token content="tv" id="11-12">
                    <pos type="NN"/>
                    <lemma type="tv"/>
                    <dep head="11-9" type="prep"/>
                </token>
                <token content="or" id="11-13"/>
                <token content="listen" id="11-14">
                    <pos type="VB"/>
                    <lemma type="listen"/>
                    <dep head="11-9" type="conj"/>
                </token>
                <token content="to" id="11-15"/>
                <token content="music" id="11-16">
                    <pos type="NN"/>
                    <lemma type="music"/>
                    <dep head="11-14" type="prep"/>
                </token>
                <token content="." id="11-17"/>
            </sentence>
            <sentence id="12">
                <token content="And" id="12-1">
                    <pos type="CC"/>
                    <lemma type="and"/>
                    <dep head="12-5" type="cc"/>
                </token>
                <token content="the" id="12-2">
                    <pos type="DT"/>
                    <lemma type="the"/>
                </token>
                <token content="crew" id="12-3">
                    <pos type="NN"/>
                    <lemma type="crew"/>
                    <dep head="12-5" type="nsubj"/>
                </token>
                <token content="will" id="12-4">
                    <pos type="MD"/>
                    <lemma type="will"/>
                    <dep head="12-5" type="aux"/>
                </token>
                <token content="come" id="12-5">
                    <pos type="VB"/>
                    <lemma type="come"/>
                </token>
                <token content="around" id="12-6">
                    <pos type="RP"/>
                    <lemma type="around"/>
                    <dep head="12-5" type="prt"/>
                </token>
                <token content="with" id="12-7"/>
                <token content="drinks" id="12-8">
                    <pos type="NNS"/>
                    <lemma type="drink"/>
                    <dep head="12-5" type="prep"/>
                </token>
                <token content="and" id="12-9"/>
                <token content="snacks" id="12-10">
                    <pos type="NNS"/>
                    <lemma type="snack"/>
                </token>
                <token content="." id="12-11"/>
            </sentence>
            <sentence id="13">
                <token content="After" id="13-1"/>
                <token content="a" id="13-2">
                    <pos type="DT"/>
                    <lemma type="a"/>
                </token>
                <token content="necessary" id="13-3">
                    <pos type="JJ"/>
                    <lemma type="necessary"/>
                </token>
                <token content="flight" id="13-4">
                    <pos type="NN"/>
                    <lemma type="flight"/>
                    <dep head="13-7" type="prep"/>
                </token>
                <token content="," id="13-5"/>
                <token content="we" id="13-6">
                    <pos type="PRP"/>
                    <lemma type="we"/>
                    <dep head="13-7" type="nsubj"/>
                </token>
                <token content="arrive" id="13-7">
                    <pos type="VBP"/>
                    <lemma type="arrive"/>
                </token>
                <token content="at" id="13-8"/>
                <token content="our" id="13-9">
                    <pos type="PRP$"/>
                    <lemma type="we"/>
                </token>
                <token content="destination" id="13-10">
                    <pos type="NN"/>
                    <lemma type="destination"/>
                    <dep head="13-7" type="prep"/>
                </token>
                <token content="safely" id="13-11">
                    <pos type="RB"/>
                    <lemma type="safely"/>
                    <dep head="13-7" type="advmod"/>
                </token>
                <token content="." id="13-12"/>
            </sentence>
        </sentences>
    </text>
    <annotations>
        <participants>
            <label from="1-4" id="0" name="ScrPart_plane" text="airplane" type="participant"/>
            <label from="1-12" id="1" name="ScrPart_target_location" text="destinations" type="participant"/>
            <label from="1-20" id="2" name="NPart" text="modes" type="participant"/>
            <label from="1-22" id="3" name="NPart" text="transportation" type="participant"/>
            <label from="2-2" id="4" name="NPart" text="summer" type="participant"/>
            <label from="2-4" id="5" name="ScrPart_passenger" text="I" type="participant"/>
            <label from="2-7" id="6" name="NPart" text="girls trip" to="2-8" type="participant"/>
            <label from="2-11" id="7" name="ScrPart_target_location" text="Carribean" type="participant"/>
            <label from="3-1" id="8" name="ScrPart_passenger" text="We" type="participant"/>
            <label from="3-5" id="9" name="ScrPart_passenger" text="our" type="participant"/>
            <label from="3-6" id="10" name="NPart" text="trip" type="participant"/>
            <label from="3-9" id="11" name="ScrPart_ticket" text="airplane tickets" to="3-10" type="participant"/>
            <label from="3-10" id="12" name="ScrPart_ticket" text="tickets" type="participant"/>
            <label from="3-13" id="13" name="NPart" text="hotels" type="participant"/>
            <label from="4-1" id="14" name="ScrPart_passenger" text="We" type="participant"/>
            <label from="4-3" id="15" name="ScrPart_passenger" text="our" type="participant"/>
            <label from="4-4" id="16" name="ScrPart_ticket" text="airplane tickets" to="4-5" type="participant"/>
            <label from="4-5" id="17" name="ScrPart_ticket" text="tickets" type="participant"/>
            <label from="4-6" id="18" name="ScrPart_other" text="online" type="participant"/>
            <label from="4-9" id="19" name="ScrPart_time/date" text="months" type="participant"/>
            <label from="4-15" id="20" name="ScrPart_other" text="fare" type="participant"/>
            <label from="5-1" id="21" name="ScrPart_passenger" text="We" type="participant"/>
            <label from="5-5" id="22" name="ScrPart_airport" text="airport" type="participant"/>
            <label from="5-8" id="23" name="ScrPart_time/date" text="hours" type="participant"/>
            <label from="5-13" id="24" name="ScrPart_flight" text="flight" type="participant"/>
            <label from="6-1" id="25" name="ScrPart_passenger" text="We" type="participant"/>
            <label from="6-7" id="26" name="NPart" text="piece" type="participant"/>
            <label from="6-9" id="27" name="ScrPart_carry_on_luggage" text="luggage" type="participant"/>
            <label from="7-5" id="28" name="ScrPart_airport" text="airport" type="participant"/>
            <label from="7-8" id="29" name="ScrPart_time/date" text="while" type="participant"/>
            <label from="7-10" id="30" name="ScrPart_passenger" text="we" type="participant"/>
            <label from="7-12" id="31" name="ScrPart_passenger" text="our" type="participant"/>
            <label from="7-13" id="32" name="ScrPart_plane" text="plane" type="participant"/>
            <label from="8-2" id="33" name="ScrPart_staff" text="flight attendants" to="8-3" type="participant"/>
            <label from="8-3" id="34" name="ScrPart_staff" text="attendants" type="participant"/>
            <label from="8-5" id="35" name="ScrPart_staff" text="crew" type="participant"/>
            <label from="9-1" id="36" name="ScrPart_passenger" text="We" type="participant"/>
            <label from="9-3" id="37" name="ScrPart_passenger" text="out" type="participant"/>
            <label from="9-4" id="38" name="ScrPart_seat" text="seats" type="participant"/>
            <label from="9-13" id="39" name="ScrPart_other" text="seating" type="participant"/>
            <label from="9-17" id="40" name="ScrPart_flight" text="flight" type="participant"/>
            <label from="9-20" id="41" name="ScrPart_passenger" text="passengers" type="participant"/>
            <label from="10-1" id="42" name="ScrPart_passenger" text="We" type="participant"/>
            <label from="10-11" id="43" name="ScrPart_time/date" text="hour" type="participant"/>
            <label from="10-12" id="44" name="ScrPart_flight" text="flight" type="participant"/>
            <label from="11-4" id="45" name="ScrPart_time/date" text="hour" type="participant"/>
            <label from="11-5" id="46" name="ScrPart_flight" text="flight" type="participant"/>
            <label from="11-7" id="47" name="ScrPart_passenger" text="we" type="participant"/>
            <label from="11-12" id="48" name="ScrPart_in-flight_entertainment" text="tv" type="participant"/>
            <label from="11-16" id="49" name="ScrPart_in-flight_entertainment" text="music" type="participant"/>
            <label from="12-3" id="50" name="ScrPart_staff" text="crew" type="participant"/>
            <label from="12-8" id="51" name="ScrPart_in-flight_entertainment" text="drinks" type="participant"/>
            <label from="12-10" id="52" name="ScrPart_in-flight_entertainment" text="snacks" type="participant"/>
            <label from="13-4" id="53" name="ScrPart_flight" text="flight" type="participant"/>
            <label from="13-6" id="54" name="ScrPart_passenger" text="we" type="participant"/>
            <label from="13-9" id="55" name="ScrPart_passenger" text="our" type="participant"/>
            <label from="13-10" id="56" name="ScrPart_target_location" text="destination" type="participant"/>
        </participants>
        <events>
            <label from="1-1" id="57" name="Evoking" text="Flying in an airplane" to="1-4" type="event"/>
            <label from="1-8" id="58" name="RelNScrEv" text="travel" type="event"/>
            <label from="1-14" id="59" name="UnrelEv" text="are" type="event"/>
            <label from="2-5" id="60" name="UnrelEv" text="had" type="event"/>
            <label from="3-4" id="61" name="RelNScrEv" text="plan" type="event"/>
            <label from="3-8" id="62" name="ScrEv_get_ticket" text="booking" type="event"/>
            <label from="3-12" id="63" name="RelNScrEv" text="booking" type="event"/>
            <label from="4-2" id="64" name="ScrEv_get_ticket" text="booked" type="event"/>
            <label from="4-12" id="65" name="UnrelEv" text="get" type="event"/>
            <label from="5-2" id="66" name="ScrEv_get_airport" text="arrive" type="event"/>
            <label from="6-3" id="67" name="ScrEv_pack_luggage" text="pack" type="event"/>
            <label from="7-2" id="68" name="ScrEv_wait_boarding" text="waiting" type="event"/>
            <label from="7-11" id="69" name="ScrEv_board_plane" text="boarded" type="event"/>
            <label from="8-6" id="70" name="UnrelEv" text="are" type="event"/>
            <label from="9-2" id="71" name="RelNScrEv" text="find" type="event"/>
            <label from="10-4" id="72" name="UnrelEv" text="relax" type="event"/>
            <label from="10-6" id="73" name="ScrEv_buckle_seat_belt" text="buckle up" to="10-7" type="event"/>
            <label from="11-9" id="74" name="ScrEv_spend_time_flight" text="sleep" type="event"/>
            <label from="11-11" id="75" name="ScrEv_spend_time_flight" text="watch" type="event"/>
            <label from="11-14" id="76" name="ScrEv_spend_time_flight" text="listen" type="event"/>
            <label from="12-5" id="77" name="UnrelEv" text="come around" to="12-6" type="event"/>
            <label from="13-7" id="78" name="ScrEv_other" text="arrive" type="event"/>
        </events>
        <chains>
            <chain elements="5 8 9 14 15 21 25 30 31 36 37 42 47 54 55"/>
            <chain elements="12 17"/>
            <chain elements="22 28"/>
            <chain elements="0 32"/>
            <chain elements="24 40 44 46 53"/>
            <chain elements="35 50"/>
            <chain elements="7 56"/>
            <chain elements="43 45"/>
        </chains>
    </annotations>
</story>
