<?xml version="1.0" encoding="UTF-8" standalone="no"?>
<!DOCTYPE story SYSTEM "../InScript.dtd">
<story id="068" scenario="flight">
    <text>
        <content>I was headed to visit my cousin in Italy for a few weeks . 
The week before , my dad went online and purchased me one of those convenient e-tickets . 
He printed it out and made sure I remembered to bring it on the day of my flight . 
We arrived early to the airport so that i could go through all of the security checks . 
I had to take off my shoes and put my belongings in a tray as I went through the scanner . 
After that , I saw the board with all of the flights and saw that my flight was leaving soon . 
I waited a few minutes by the gate with my parents until it was time to board . 
Many passengers climbed aboard and found their seats . 
The captain greeted us over the loudspeaker and then the plane took off . 
I was tired so I took a nap . 
When I woke up I could see the clouds around me as we were pretty high up in the air . 
After a few more hours we arrived and everyone clapped . </content>
        <sentences>
            <sentence id="1">
                <token content="I" id="1-1">
                    <pos type="PRP"/>
                    <lemma type="I"/>
                    <dep head="1-3" type="nsubjpass"/>
                </token>
                <token content="was" id="1-2">
                    <pos type="VBD"/>
                    <lemma type="be"/>
                    <dep head="1-3" type="auxpass"/>
                </token>
                <token content="headed" id="1-3">
                    <pos type="VBN"/>
                    <lemma type="head"/>
                </token>
                <token content="to" id="1-4">
                    <pos type="TO"/>
                    <lemma type="to"/>
                    <dep head="1-5" type="aux"/>
                </token>
                <token content="visit" id="1-5">
                    <pos type="VB"/>
                    <lemma type="visit"/>
                    <dep head="1-3" type="xcomp"/>
                </token>
                <token content="my" id="1-6">
                    <pos type="PRP$"/>
                    <lemma type="my"/>
                </token>
                <token content="cousin" id="1-7">
                    <pos type="NN"/>
                    <lemma type="cousin"/>
                    <dep head="1-5" type="dobj"/>
                </token>
                <token content="in" id="1-8"/>
                <token content="Italy" id="1-9">
                    <pos type="NNP"/>
                    <lemma type="Italy"/>
                    <dep head="1-5" type="prep"/>
                </token>
                <token content="for" id="1-10"/>
                <token content="a" id="1-11">
                    <pos type="DT"/>
                    <lemma type="a"/>
                </token>
                <token content="few" id="1-12">
                    <pos type="JJ"/>
                    <lemma type="few"/>
                </token>
                <token content="weeks" id="1-13">
                    <pos type="NNS"/>
                    <lemma type="week"/>
                </token>
                <token content="." id="1-14"/>
            </sentence>
            <sentence id="2">
                <token content="The" id="2-1">
                    <pos type="DT"/>
                    <lemma type="the"/>
                </token>
                <token content="week" id="2-2">
                    <pos type="NN"/>
                    <lemma type="week"/>
                    <dep head="2-7" type="tmod"/>
                </token>
                <token content="before" id="2-3">
                    <pos type="RB"/>
                    <lemma type="before"/>
                </token>
                <token content="," id="2-4"/>
                <token content="my" id="2-5">
                    <pos type="PRP$"/>
                    <lemma type="my"/>
                </token>
                <token content="dad" id="2-6">
                    <pos type="NN"/>
                    <lemma type="dad"/>
                    <dep head="2-7" type="nsubj"/>
                </token>
                <token content="went" id="2-7">
                    <pos type="VBD"/>
                    <lemma type="go"/>
                </token>
                <token content="online" id="2-8">
                    <pos type="NN"/>
                    <lemma type="online"/>
                    <dep head="2-7" type="prep"/>
                </token>
                <token content="and" id="2-9"/>
                <token content="purchased" id="2-10">
                    <pos type="VBD"/>
                    <lemma type="purchase"/>
                    <dep head="2-7" type="conj"/>
                </token>
                <token content="me" id="2-11">
                    <pos type="PRP"/>
                    <lemma type="I"/>
                </token>
                <token content="one" id="2-12">
                    <pos type="CD"/>
                    <lemma type="one"/>
                    <dep head="2-10" type="xcomp"/>
                </token>
                <token content="of" id="2-13"/>
                <token content="those" id="2-14">
                    <pos type="DT"/>
                    <lemma type="those"/>
                </token>
                <token content="convenient" id="2-15">
                    <pos type="JJ"/>
                    <lemma type="convenient"/>
                </token>
                <token content="e-tickets" id="2-16">
                    <pos type="NNS"/>
                    <lemma type="e-ticket"/>
                </token>
                <token content="." id="2-17"/>
            </sentence>
            <sentence id="3">
                <token content="He" id="3-1">
                    <pos type="PRP"/>
                    <lemma type="he"/>
                    <dep head="3-2" type="nsubj"/>
                </token>
                <token content="printed" id="3-2">
                    <pos type="VBD"/>
                    <lemma type="print"/>
                </token>
                <token content="it" id="3-3">
                    <pos type="PRP"/>
                    <lemma type="it"/>
                    <dep head="3-2" type="dobj"/>
                </token>
                <token content="out" id="3-4">
                    <pos type="RP"/>
                    <lemma type="out"/>
                    <dep head="3-2" type="prt"/>
                </token>
                <token content="and" id="3-5"/>
                <token content="made" id="3-6">
                    <pos type="VBD"/>
                    <lemma type="make"/>
                    <dep head="3-2" type="conj"/>
                </token>
                <token content="sure" id="3-7">
                    <pos type="JJ"/>
                    <lemma type="sure"/>
                    <dep head="3-6" type="acomp"/>
                </token>
                <token content="I" id="3-8">
                    <pos type="PRP"/>
                    <lemma type="I"/>
                    <dep head="3-9" type="nsubj"/>
                </token>
                <token content="remembered" id="3-9">
                    <pos type="VBD"/>
                    <lemma type="remember"/>
                </token>
                <token content="to" id="3-10">
                    <pos type="TO"/>
                    <lemma type="to"/>
                    <dep head="3-11" type="aux"/>
                </token>
                <token content="bring" id="3-11">
                    <pos type="VB"/>
                    <lemma type="bring"/>
                    <dep head="3-9" type="xcomp"/>
                </token>
                <token content="it" id="3-12">
                    <pos type="PRP"/>
                    <lemma type="it"/>
                    <dep head="3-11" type="dobj"/>
                </token>
                <token content="on" id="3-13"/>
                <token content="the" id="3-14">
                    <pos type="DT"/>
                    <lemma type="the"/>
                </token>
                <token content="day" id="3-15">
                    <pos type="NN"/>
                    <lemma type="day"/>
                    <dep head="3-11" type="prep"/>
                </token>
                <token content="of" id="3-16"/>
                <token content="my" id="3-17">
                    <pos type="PRP$"/>
                    <lemma type="my"/>
                </token>
                <token content="flight" id="3-18">
                    <pos type="NN"/>
                    <lemma type="flight"/>
                </token>
                <token content="." id="3-19"/>
            </sentence>
            <sentence id="4">
                <token content="We" id="4-1">
                    <pos type="PRP"/>
                    <lemma type="we"/>
                    <dep head="4-2" type="nsubj"/>
                </token>
                <token content="arrived" id="4-2">
                    <pos type="VBD"/>
                    <lemma type="arrive"/>
                </token>
                <token content="early" id="4-3">
                    <pos type="RB"/>
                    <lemma type="early"/>
                    <dep head="4-2" type="advmod"/>
                </token>
                <token content="to" id="4-4"/>
                <token content="the" id="4-5">
                    <pos type="DT"/>
                    <lemma type="the"/>
                </token>
                <token content="airport" id="4-6">
                    <pos type="NN"/>
                    <lemma type="airport"/>
                </token>
                <token content="so" id="4-7">
                    <pos type="RB"/>
                    <lemma type="so"/>
                    <dep head="4-11" type="advmod"/>
                </token>
                <token content="that" id="4-8">
                    <pos type="IN"/>
                    <lemma type="that"/>
                    <dep head="4-11" type="mark"/>
                </token>
                <token content="i" id="4-9">
                    <pos type="FW"/>
                    <lemma type="i"/>
                    <dep head="4-11" type="nsubj"/>
                </token>
                <token content="could" id="4-10">
                    <pos type="MD"/>
                    <lemma type="could"/>
                    <dep head="4-11" type="aux"/>
                </token>
                <token content="go" id="4-11">
                    <pos type="VB"/>
                    <lemma type="go"/>
                    <dep head="4-2" type="advcl"/>
                </token>
                <token content="through" id="4-12"/>
                <token content="all" id="4-13">
                    <pos type="DT"/>
                    <lemma type="all"/>
                    <dep head="4-11" type="prep"/>
                </token>
                <token content="of" id="4-14"/>
                <token content="the" id="4-15">
                    <pos type="DT"/>
                    <lemma type="the"/>
                </token>
                <token content="security" id="4-16">
                    <pos type="NN"/>
                    <lemma type="security"/>
                </token>
                <token content="checks" id="4-17">
                    <pos type="NNS"/>
                    <lemma type="check"/>
                </token>
                <token content="." id="4-18"/>
            </sentence>
            <sentence id="5">
                <token content="I" id="5-1">
                    <pos type="PRP"/>
                    <lemma type="I"/>
                    <dep head="5-2" type="nsubj"/>
                </token>
                <token content="had" id="5-2">
                    <pos type="VBD"/>
                    <lemma type="have"/>
                </token>
                <token content="to" id="5-3">
                    <pos type="TO"/>
                    <lemma type="to"/>
                    <dep head="5-4" type="aux"/>
                </token>
                <token content="take" id="5-4">
                    <pos type="VB"/>
                    <lemma type="take"/>
                    <dep head="5-2" type="xcomp"/>
                </token>
                <token content="off" id="5-5">
                    <pos type="RP"/>
                    <lemma type="off"/>
                    <dep head="5-4" type="prt"/>
                </token>
                <token content="my" id="5-6">
                    <pos type="PRP$"/>
                    <lemma type="my"/>
                </token>
                <token content="shoes" id="5-7">
                    <pos type="NNS"/>
                    <lemma type="shoe"/>
                    <dep head="5-4" type="dobj"/>
                </token>
                <token content="and" id="5-8"/>
                <token content="put" id="5-9">
                    <pos type="VB"/>
                    <lemma type="put"/>
                    <dep head="5-4" type="conj"/>
                </token>
                <token content="my" id="5-10">
                    <pos type="PRP$"/>
                    <lemma type="my"/>
                </token>
                <token content="belongings" id="5-11">
                    <pos type="NNS"/>
                    <lemma type="belongings"/>
                    <dep head="5-9" type="dobj"/>
                </token>
                <token content="in" id="5-12"/>
                <token content="a" id="5-13">
                    <pos type="DT"/>
                    <lemma type="a"/>
                </token>
                <token content="tray" id="5-14">
                    <pos type="NN"/>
                    <lemma type="tray"/>
                    <dep head="5-9" type="prep"/>
                </token>
                <token content="as" id="5-15">
                    <pos type="IN"/>
                    <lemma type="as"/>
                    <dep head="5-17" type="mark"/>
                </token>
                <token content="I" id="5-16">
                    <pos type="PRP"/>
                    <lemma type="I"/>
                    <dep head="5-17" type="nsubj"/>
                </token>
                <token content="went" id="5-17">
                    <pos type="VBD"/>
                    <lemma type="go"/>
                    <dep head="5-2" type="advcl"/>
                </token>
                <token content="through" id="5-18"/>
                <token content="the" id="5-19">
                    <pos type="DT"/>
                    <lemma type="the"/>
                </token>
                <token content="scanner" id="5-20">
                    <pos type="NN"/>
                    <lemma type="scanner"/>
                    <dep head="5-17" type="prep"/>
                </token>
                <token content="." id="5-21"/>
            </sentence>
            <sentence id="6">
                <token content="After" id="6-1"/>
                <token content="that" id="6-2">
                    <pos type="DT"/>
                    <lemma type="that"/>
                    <dep head="6-5" type="prep"/>
                </token>
                <token content="," id="6-3"/>
                <token content="I" id="6-4">
                    <pos type="PRP"/>
                    <lemma type="I"/>
                    <dep head="6-5" type="nsubj"/>
                </token>
                <token content="saw" id="6-5">
                    <pos type="VBD"/>
                    <lemma type="see"/>
                </token>
                <token content="the" id="6-6">
                    <pos type="DT"/>
                    <lemma type="the"/>
                </token>
                <token content="board" id="6-7">
                    <pos type="NN"/>
                    <lemma type="board"/>
                    <dep head="6-5" type="dobj"/>
                </token>
                <token content="with" id="6-8"/>
                <token content="all" id="6-9">
                    <pos type="DT"/>
                    <lemma type="all"/>
                    <dep head="6-5" type="prep"/>
                </token>
                <token content="of" id="6-10"/>
                <token content="the" id="6-11">
                    <pos type="DT"/>
                    <lemma type="the"/>
                </token>
                <token content="flights" id="6-12">
                    <pos type="NNS"/>
                    <lemma type="flight"/>
                </token>
                <token content="and" id="6-13"/>
                <token content="saw" id="6-14">
                    <pos type="VBD"/>
                    <lemma type="see"/>
                    <dep head="6-5" type="conj"/>
                </token>
                <token content="that" id="6-15">
                    <pos type="IN"/>
                    <lemma type="that"/>
                    <dep head="6-19" type="mark"/>
                </token>
                <token content="my" id="6-16">
                    <pos type="PRP$"/>
                    <lemma type="my"/>
                </token>
                <token content="flight" id="6-17">
                    <pos type="NN"/>
                    <lemma type="flight"/>
                    <dep head="6-19" type="nsubj"/>
                </token>
                <token content="was" id="6-18">
                    <pos type="VBD"/>
                    <lemma type="be"/>
                    <dep head="6-19" type="aux"/>
                </token>
                <token content="leaving" id="6-19">
                    <pos type="VBG"/>
                    <lemma type="leave"/>
                    <dep head="6-14" type="ccomp"/>
                </token>
                <token content="soon" id="6-20">
                    <pos type="RB"/>
                    <lemma type="soon"/>
                    <dep head="6-19" type="advmod"/>
                </token>
                <token content="." id="6-21"/>
            </sentence>
            <sentence id="7">
                <token content="I" id="7-1">
                    <pos type="PRP"/>
                    <lemma type="I"/>
                    <dep head="7-2" type="nsubj"/>
                </token>
                <token content="waited" id="7-2">
                    <pos type="VBD"/>
                    <lemma type="wait"/>
                </token>
                <token content="a" id="7-3">
                    <pos type="DT"/>
                    <lemma type="a"/>
                </token>
                <token content="few" id="7-4">
                    <pos type="JJ"/>
                    <lemma type="few"/>
                </token>
                <token content="minutes" id="7-5">
                    <pos type="NNS"/>
                    <lemma type="minute"/>
                    <dep head="7-2" type="dobj"/>
                </token>
                <token content="by" id="7-6"/>
                <token content="the" id="7-7">
                    <pos type="DT"/>
                    <lemma type="the"/>
                </token>
                <token content="gate" id="7-8">
                    <pos type="NN"/>
                    <lemma type="gate"/>
                    <dep head="7-2" type="prep"/>
                </token>
                <token content="with" id="7-9"/>
                <token content="my" id="7-10">
                    <pos type="PRP$"/>
                    <lemma type="my"/>
                </token>
                <token content="parents" id="7-11">
                    <pos type="NNS"/>
                    <lemma type="parent"/>
                </token>
                <token content="until" id="7-12">
                    <pos type="IN"/>
                    <lemma type="until"/>
                </token>
                <token content="it" id="7-13">
                    <pos type="PRP"/>
                    <lemma type="it"/>
                </token>
                <token content="was" id="7-14">
                    <pos type="VBD"/>
                    <lemma type="be"/>
                </token>
                <token content="time" id="7-15">
                    <pos type="NN"/>
                    <lemma type="time"/>
                    <dep head="7-2" type="advcl"/>
                </token>
                <token content="to" id="7-16"/>
                <token content="board" id="7-17">
                    <pos type="NN"/>
                    <lemma type="board"/>
                </token>
                <token content="." id="7-18"/>
            </sentence>
            <sentence id="8">
                <token content="Many" id="8-1">
                    <pos type="JJ"/>
                    <lemma type="many"/>
                </token>
                <token content="passengers" id="8-2">
                    <pos type="NNS"/>
                    <lemma type="passenger"/>
                    <dep head="8-3" type="nsubj"/>
                </token>
                <token content="climbed" id="8-3">
                    <pos type="VBD"/>
                    <lemma type="climb"/>
                </token>
                <token content="aboard" id="8-4">
                    <pos type="RB"/>
                    <lemma type="aboard"/>
                    <dep head="8-3" type="advmod"/>
                </token>
                <token content="and" id="8-5"/>
                <token content="found" id="8-6">
                    <pos type="VBD"/>
                    <lemma type="find"/>
                    <dep head="8-3" type="conj"/>
                </token>
                <token content="their" id="8-7">
                    <pos type="PRP$"/>
                    <lemma type="they"/>
                </token>
                <token content="seats" id="8-8">
                    <pos type="NNS"/>
                    <lemma type="seat"/>
                    <dep head="8-6" type="dobj"/>
                </token>
                <token content="." id="8-9"/>
            </sentence>
            <sentence id="9">
                <token content="The" id="9-1">
                    <pos type="DT"/>
                    <lemma type="the"/>
                </token>
                <token content="captain" id="9-2">
                    <pos type="NN"/>
                    <lemma type="captain"/>
                    <dep head="9-3" type="nsubj"/>
                </token>
                <token content="greeted" id="9-3">
                    <pos type="VBD"/>
                    <lemma type="greet"/>
                </token>
                <token content="us" id="9-4">
                    <pos type="PRP"/>
                    <lemma type="we"/>
                    <dep head="9-3" type="dobj"/>
                </token>
                <token content="over" id="9-5"/>
                <token content="the" id="9-6">
                    <pos type="DT"/>
                    <lemma type="the"/>
                </token>
                <token content="loudspeaker" id="9-7">
                    <pos type="NN"/>
                    <lemma type="loudspeaker"/>
                    <dep head="9-3" type="prep"/>
                </token>
                <token content="and" id="9-8"/>
                <token content="then" id="9-9">
                    <pos type="RB"/>
                    <lemma type="then"/>
                    <dep head="9-12" type="advmod"/>
                </token>
                <token content="the" id="9-10">
                    <pos type="DT"/>
                    <lemma type="the"/>
                </token>
                <token content="plane" id="9-11">
                    <pos type="NN"/>
                    <lemma type="plane"/>
                    <dep head="9-12" type="nsubj"/>
                </token>
                <token content="took" id="9-12">
                    <pos type="VBD"/>
                    <lemma type="take"/>
                    <dep head="9-3" type="conj"/>
                </token>
                <token content="off" id="9-13">
                    <pos type="RP"/>
                    <lemma type="off"/>
                    <dep head="9-12" type="prt"/>
                </token>
                <token content="." id="9-14"/>
            </sentence>
            <sentence id="10">
                <token content="I" id="10-1">
                    <pos type="PRP"/>
                    <lemma type="I"/>
                </token>
                <token content="was" id="10-2">
                    <pos type="VBD"/>
                    <lemma type="be"/>
                </token>
                <token content="tired" id="10-3">
                    <pos type="JJ"/>
                    <lemma type="tired"/>
                </token>
                <token content="so" id="10-4">
                    <pos type="IN"/>
                    <lemma type="so"/>
                    <dep head="10-6" type="mark"/>
                </token>
                <token content="I" id="10-5">
                    <pos type="PRP"/>
                    <lemma type="I"/>
                    <dep head="10-6" type="nsubj"/>
                </token>
                <token content="took" id="10-6">
                    <pos type="VBD"/>
                    <lemma type="take"/>
                </token>
                <token content="a" id="10-7">
                    <pos type="DT"/>
                    <lemma type="a"/>
                </token>
                <token content="nap" id="10-8">
                    <pos type="NN"/>
                    <lemma type="nap"/>
                    <dep head="10-6" type="dobj"/>
                </token>
                <token content="." id="10-9"/>
            </sentence>
            <sentence id="11">
                <token content="When" id="11-1">
                    <pos type="WRB"/>
                    <lemma type="when"/>
                    <dep head="11-3" type="advmod"/>
                </token>
                <token content="I" id="11-2">
                    <pos type="PRP"/>
                    <lemma type="I"/>
                    <dep head="11-3" type="nsubj"/>
                </token>
                <token content="woke" id="11-3">
                    <pos type="VBD"/>
                    <lemma type="wake"/>
                    <dep head="11-7" type="advcl"/>
                </token>
                <token content="up" id="11-4">
                    <pos type="RP"/>
                    <lemma type="up"/>
                    <dep head="11-3" type="prt"/>
                </token>
                <token content="I" id="11-5">
                    <pos type="PRP"/>
                    <lemma type="I"/>
                    <dep head="11-7" type="nsubj"/>
                </token>
                <token content="could" id="11-6">
                    <pos type="MD"/>
                    <lemma type="could"/>
                    <dep head="11-7" type="aux"/>
                </token>
                <token content="see" id="11-7">
                    <pos type="VB"/>
                    <lemma type="see"/>
                </token>
                <token content="the" id="11-8">
                    <pos type="DT"/>
                    <lemma type="the"/>
                </token>
                <token content="clouds" id="11-9">
                    <pos type="NNS"/>
                    <lemma type="cloud"/>
                    <dep head="11-7" type="dobj"/>
                </token>
                <token content="around" id="11-10"/>
                <token content="me" id="11-11">
                    <pos type="PRP"/>
                    <lemma type="I"/>
                    <dep head="11-7" type="prep"/>
                </token>
                <token content="as" id="11-12">
                    <pos type="IN"/>
                    <lemma type="as"/>
                </token>
                <token content="we" id="11-13">
                    <pos type="PRP"/>
                    <lemma type="we"/>
                </token>
                <token content="were" id="11-14">
                    <pos type="VBD"/>
                    <lemma type="be"/>
                </token>
                <token content="pretty" id="11-15">
                    <pos type="RB"/>
                    <lemma type="pretty"/>
                </token>
                <token content="high" id="11-16">
                    <pos type="JJ"/>
                    <lemma type="high"/>
                    <dep head="11-7" type="advcl"/>
                </token>
                <token content="up" id="11-17">
                    <pos type="RB"/>
                    <lemma type="up"/>
                </token>
                <token content="in" id="11-18"/>
                <token content="the" id="11-19">
                    <pos type="DT"/>
                    <lemma type="the"/>
                </token>
                <token content="air" id="11-20">
                    <pos type="NN"/>
                    <lemma type="air"/>
                </token>
                <token content="." id="11-21"/>
            </sentence>
            <sentence id="12">
                <token content="After" id="12-1"/>
                <token content="a" id="12-2">
                    <pos type="DT"/>
                    <lemma type="a"/>
                </token>
                <token content="few" id="12-3">
                    <pos type="JJ"/>
                    <lemma type="few"/>
                </token>
                <token content="more" id="12-4">
                    <pos type="RBR"/>
                    <lemma type="more"/>
                </token>
                <token content="hours" id="12-5">
                    <pos type="NNS"/>
                    <lemma type="hour"/>
                    <dep head="12-7" type="prep"/>
                </token>
                <token content="we" id="12-6">
                    <pos type="PRP"/>
                    <lemma type="we"/>
                    <dep head="12-7" type="nsubj"/>
                </token>
                <token content="arrived" id="12-7">
                    <pos type="VBD"/>
                    <lemma type="arrive"/>
                </token>
                <token content="and" id="12-8"/>
                <token content="everyone" id="12-9">
                    <pos type="NN"/>
                    <lemma type="everyone"/>
                    <dep head="12-10" type="nsubj"/>
                </token>
                <token content="clapped" id="12-10">
                    <pos type="VBD"/>
                    <lemma type="clap"/>
                    <dep head="12-7" type="conj"/>
                </token>
                <token content="." id="12-11"/>
            </sentence>
        </sentences>
    </text>
    <annotations>
        <participants>
            <label from="1-1" id="0" name="ScrPart_passenger" text="I" type="participant"/>
            <label from="1-6" id="1" name="ScrPart_passenger" text="my" type="participant"/>
            <label from="1-7" id="2" name="NPart" text="cousin" type="participant"/>
            <label from="1-9" id="3" name="ScrPart_target_location" text="Italy" type="participant"/>
            <label from="1-13" id="4" name="NPart" text="weeks" type="participant"/>
            <label from="2-2" id="5" name="ScrPart_time/date" text="week" type="participant"/>
            <label from="2-5" id="6" name="ScrPart_passenger" text="my" type="participant"/>
            <label from="2-6" id="7" name="ScrPart_accomp_person" text="dad" type="participant"/>
            <label from="2-11" id="8" name="ScrPart_passenger" text="me" type="participant"/>
            <label from="2-16" id="9" name="ScrPart_ticket" text="e-tickets" type="participant"/>
            <label from="3-1" id="10" name="ScrPart_accomp_person" text="He" type="participant"/>
            <label from="3-3" id="11" name="ScrPart_ticket" text="it" type="participant"/>
            <label from="3-8" id="12" name="ScrPart_passenger" text="I" type="participant"/>
            <label from="3-12" id="13" name="ScrPart_ticket" text="it" type="participant"/>
            <label from="3-15" id="14" name="ScrPart_time/date" text="day" type="participant"/>
            <label from="3-17" id="15" name="ScrPart_passenger" text="my" type="participant"/>
            <label from="3-18" id="16" name="ScrPart_flight" text="flight" type="participant"/>
            <label from="4-1" id="17" name="ScrPart_passenger" text="We" type="participant"/>
            <label from="4-6" id="18" name="ScrPart_airport" text="airport" type="participant"/>
            <label from="4-9" id="19" name="ScrPart_passenger" text="i" type="participant"/>
            <label from="4-16" id="20" name="ScrPart_security_check" text="security checks" to="4-17" type="participant"/>
            <label from="4-17" id="21" name="ScrPart_security_check" text="checks" type="participant"/>
            <label from="5-1" id="22" name="ScrPart_passenger" text="I" type="participant"/>
            <label from="5-6" id="23" name="ScrPart_passenger" text="my" type="participant"/>
            <label from="5-7" id="24" name="NPart" text="shoes" type="participant"/>
            <label from="5-10" id="25" name="ScrPart_passenger" text="my" type="participant"/>
            <label from="5-11" id="26" name="ScrPart_personal_belongings" text="belongings" type="participant"/>
            <label from="5-14" id="27" name="NPart" text="tray" type="participant"/>
            <label from="5-16" id="28" name="ScrPart_passenger" text="I" type="participant"/>
            <label from="5-20" id="29" name="ScrPart_security_check" text="scanner" type="participant"/>
            <label from="6-4" id="30" name="ScrPart_passenger" text="I" type="participant"/>
            <label from="6-7" id="31" name="ScrPart_institutional_devices" text="board" type="participant"/>
            <label from="6-12" id="32" name="ScrPart_flight" text="flights" type="participant"/>
            <label from="6-16" id="33" name="ScrPart_passenger" text="my" type="participant"/>
            <label from="6-17" id="34" name="ScrPart_flight" text="flight" type="participant"/>
            <label from="7-1" id="35" name="ScrPart_passenger" text="I" type="participant"/>
            <label from="7-4" id="36" name="ScrPart_time/date" text="few minutes" to="7-5" type="participant"/>
            <label from="7-8" id="37" name="ScrPart_terminal/gate" text="gate" type="participant"/>
            <label from="7-10" id="38" name="ScrPart_passenger" text="my" type="participant"/>
            <label from="7-11" id="39" name="ScrPart_accomp_person" text="parents" type="participant"/>
            <label from="7-13" id="40" name="No_label" text="it" type="participant"/>
            <label from="7-15" id="41" name="No_label" text="time" type="participant"/>
            <label from="8-2" id="42" name="ScrPart_passenger" text="passengers" type="participant"/>
            <label from="8-7" id="43" name="ScrPart_passenger" text="their" type="participant"/>
            <label from="8-8" id="44" name="ScrPart_seat" text="seats" type="participant"/>
            <label from="9-2" id="45" name="ScrPart_staff" text="captain" type="participant"/>
            <label from="9-4" id="46" name="ScrPart_passenger" text="us" type="participant"/>
            <label from="9-7" id="47" name="ScrPart_institutional_devices" text="loudspeaker" type="participant"/>
            <label from="9-11" id="48" name="ScrPart_plane" text="plane" type="participant"/>
            <label from="10-1" id="49" name="ScrPart_passenger" text="I" type="participant"/>
            <label from="10-5" id="50" name="ScrPart_passenger" text="I" type="participant"/>
            <label from="10-8" id="51" name="ScrPart_in-flight_entertainment" text="nap" type="participant"/>
            <label from="11-2" id="52" name="ScrPart_passenger" text="I" type="participant"/>
            <label from="11-5" id="53" name="ScrPart_passenger" text="I" type="participant"/>
            <label from="11-9" id="54" name="ScrPart_in-flight_entertainment" text="clouds" type="participant"/>
            <label from="11-11" id="55" name="ScrPart_passenger" text="me" type="participant"/>
            <label from="11-13" id="56" name="ScrPart_passenger" text="we" type="participant"/>
            <label from="11-20" id="57" name="ScrPart_location_airplane" text="air" type="participant"/>
            <label from="12-3" id="58" name="ScrPart_time/date" text="few more hours" to="12-5" type="participant"/>
            <label from="12-6" id="59" name="ScrPart_passenger" text="we" type="participant"/>
            <label from="12-9" id="60" name="ScrPart_passenger" text="everyone" type="participant"/>
        </participants>
        <events>
            <label from="1-3" id="61" name="UnrelEv" text="headed" type="event"/>
            <label from="1-5" id="62" name="UnrelEv" text="visit" type="event"/>
            <label from="2-7" id="63" name="UnrelEv" text="went" type="event"/>
            <label from="2-10" id="64" name="ScrEv_get_ticket" text="purchased" type="event"/>
            <label from="3-2" id="65" name="ScrEv_get_ticket" text="printed" type="event"/>
            <label from="3-6" id="66" name="UnrelEv" text="made sure" to="3-7" type="event"/>
            <label from="3-9" id="67" name="UnrelEv" text="remembered" type="event"/>
            <label from="3-11" id="68" name="RelNScrEv" text="bring" type="event"/>
            <label from="4-2" id="69" name="ScrEv_get_airport" text="arrived" type="event"/>
            <label from="4-11" id="70" name="ScrEv_go_security_checks" text="go through" to="4-12" type="event"/>
            <label from="5-4" id="71" name="RelNScrEv" text="take off" to="5-5" type="event"/>
            <label from="5-9" id="72" name="RelNScrEv" text="put" type="event"/>
            <label from="5-17" id="73" name="ScrEv_go_security_checks" text="went through" to="5-18" type="event"/>
            <label from="6-5" id="74" name="RelNScrEv" text="saw" type="event"/>
            <label from="6-14" id="75" name="UnrelEv" text="saw" type="event"/>
            <label from="6-19" id="76" name="ScrEv_take_off" text="leaving" type="event"/>
            <label from="7-2" id="77" name="ScrEv_wait_boarding" text="waited" type="event"/>
            <label from="7-14" id="78" name="UnrelEv" text="was" type="event"/>
            <label from="7-17" id="79" name="ScrEv_board_plane" text="board" type="event"/>
            <label from="8-3" id="80" name="ScrEv_board_plane" text="climbed aboard" to="8-4" type="event"/>
            <label from="8-6" id="81" name="ScrEv_take_seat" text="found" type="event"/>
            <label from="9-3" id="82" name="ScrEv_listen_crew" text="greeted" type="event"/>
            <label from="9-12" id="83" name="ScrEv_take_off" text="took off" to="9-13" type="event"/>
            <label from="10-2" id="84" name="UnrelEv" text="was" type="event"/>
            <label from="10-6" id="85" name="ScrEv_spend_time_flight" text="took" type="event"/>
            <label from="11-3" id="86" name="ScrEv_spend_time_flight" text="woke up" to="11-4" type="event"/>
            <label from="11-7" id="87" name="ScrEv_spend_time_flight" text="see" type="event"/>
            <label from="11-14" id="88" name="RelNScrEv" text="were" type="event"/>
            <label from="12-7" id="89" name="ScrEv_landing" text="arrived" type="event"/>
            <label from="12-10" id="90" name="ScrEv_spend_time_flight" text="clapped" type="event"/>
        </events>
        <chains>
            <chain elements="1 0 6 8 12 19 22 23 25 28 30 33 35 38 49 50 52 53 55 15"/>
            <chain elements="10 7 39"/>
            <chain elements="11 9 13"/>
            <chain elements="17 10 12" name="coref_group_I_dad"/>
            <chain elements="32 16 34"/>
            <chain elements="29 21"/>
            <chain elements="42 38" name="coref_group_I_passenger"/>
            <chain elements="43 42 46 56 59 60"/>
        </chains>
    </annotations>
</story>
