<?xml version="1.0" encoding="UTF-8" standalone="no"?>
<!DOCTYPE story SYSTEM "../InScript.dtd">
<story id="052" scenario="flight">
    <text>
        <content>Last week , I decided to travel to see my brother . 
I went to the airport with my luggage and checked in with the airline , where I received my ticket from the clerk . 
My luggage was weighed and tagged and I gave it to the clerk . 
I proceeded upstairs with my ticket and waited in line to go through airport security . 
Once I went through the security checkpoint , I located the concourse area and gate where my flight was to depart from . 
I sat and waited until my flight was boarding . 
I then got up and waited in line to get on the airplane . 
While I was waiting in line , I checked my seat number . 
Once I was on the plane , I located my seat and sat down . 
I then buckled my seat belt and took out a book to read during the flight . 
As the plane prepared to take off , the flight attendant went over all of the emergency procedures . 
Once the plane was flying in the air , the flight attendant asked me if I wanted a beverage . 
I choose to have a cup of orange juice and was also given a bag of pretzels as a snack . 
I continued to read my book with my seat belt on until the Captain of the flight came over the loud speaker and said that we were approaching our destination . 
The plane landed and I put my book away . 
When I got off of the plane , my brother was waiting for me at the gate . 
We had a very nice trip together . </content>
        <sentences>
            <sentence id="1">
                <token content="Last" id="1-1">
                    <pos type="JJ"/>
                    <lemma type="last"/>
                </token>
                <token content="week" id="1-2">
                    <pos type="NN"/>
                    <lemma type="week"/>
                    <dep head="1-5" type="tmod"/>
                </token>
                <token content="," id="1-3"/>
                <token content="I" id="1-4">
                    <pos type="PRP"/>
                    <lemma type="I"/>
                    <dep head="1-5" type="nsubj"/>
                </token>
                <token content="decided" id="1-5">
                    <pos type="VBD"/>
                    <lemma type="decide"/>
                </token>
                <token content="to" id="1-6">
                    <pos type="TO"/>
                    <lemma type="to"/>
                    <dep head="1-7" type="aux"/>
                </token>
                <token content="travel" id="1-7">
                    <pos type="VB"/>
                    <lemma type="travel"/>
                    <dep head="1-5" type="xcomp"/>
                </token>
                <token content="to" id="1-8">
                    <pos type="TO"/>
                    <lemma type="to"/>
                    <dep head="1-9" type="aux"/>
                </token>
                <token content="see" id="1-9">
                    <pos type="VB"/>
                    <lemma type="see"/>
                    <dep head="1-7" type="xcomp"/>
                </token>
                <token content="my" id="1-10">
                    <pos type="PRP$"/>
                    <lemma type="my"/>
                </token>
                <token content="brother" id="1-11">
                    <pos type="NN"/>
                    <lemma type="brother"/>
                    <dep head="1-9" type="dobj"/>
                </token>
                <token content="." id="1-12"/>
            </sentence>
            <sentence id="2">
                <token content="I" id="2-1">
                    <pos type="PRP"/>
                    <lemma type="I"/>
                    <dep head="2-2" type="nsubj"/>
                </token>
                <token content="went" id="2-2">
                    <pos type="VBD"/>
                    <lemma type="go"/>
                </token>
                <token content="to" id="2-3"/>
                <token content="the" id="2-4">
                    <pos type="DT"/>
                    <lemma type="the"/>
                </token>
                <token content="airport" id="2-5">
                    <pos type="NN"/>
                    <lemma type="airport"/>
                    <dep head="2-2" type="prep"/>
                </token>
                <token content="with" id="2-6"/>
                <token content="my" id="2-7">
                    <pos type="PRP$"/>
                    <lemma type="my"/>
                </token>
                <token content="luggage" id="2-8">
                    <pos type="NN"/>
                    <lemma type="luggage"/>
                    <dep head="2-2" type="prep"/>
                </token>
                <token content="and" id="2-9"/>
                <token content="checked" id="2-10">
                    <pos type="VBD"/>
                    <lemma type="check"/>
                    <dep head="2-2" type="conj"/>
                </token>
                <token content="in" id="2-11">
                    <pos type="IN"/>
                    <lemma type="in"/>
                    <dep head="2-10" type="dep"/>
                </token>
                <token content="with" id="2-12"/>
                <token content="the" id="2-13">
                    <pos type="DT"/>
                    <lemma type="the"/>
                </token>
                <token content="airline" id="2-14">
                    <pos type="NN"/>
                    <lemma type="airline"/>
                    <dep head="2-10" type="prep"/>
                </token>
                <token content="," id="2-15"/>
                <token content="where" id="2-16">
                    <pos type="WRB"/>
                    <lemma type="where"/>
                    <dep head="2-18" type="advmod"/>
                </token>
                <token content="I" id="2-17">
                    <pos type="PRP"/>
                    <lemma type="I"/>
                    <dep head="2-18" type="nsubj"/>
                </token>
                <token content="received" id="2-18">
                    <pos type="VBD"/>
                    <lemma type="receive"/>
                </token>
                <token content="my" id="2-19">
                    <pos type="PRP$"/>
                    <lemma type="my"/>
                </token>
                <token content="ticket" id="2-20">
                    <pos type="NN"/>
                    <lemma type="ticket"/>
                    <dep head="2-18" type="dobj"/>
                </token>
                <token content="from" id="2-21"/>
                <token content="the" id="2-22">
                    <pos type="DT"/>
                    <lemma type="the"/>
                </token>
                <token content="clerk" id="2-23">
                    <pos type="NN"/>
                    <lemma type="clerk"/>
                    <dep head="2-18" type="prep"/>
                </token>
                <token content="." id="2-24"/>
            </sentence>
            <sentence id="3">
                <token content="My" id="3-1">
                    <pos type="PRP$"/>
                    <lemma type="my"/>
                </token>
                <token content="luggage" id="3-2">
                    <pos type="NN"/>
                    <lemma type="luggage"/>
                    <dep head="3-4" type="nsubjpass"/>
                </token>
                <token content="was" id="3-3">
                    <pos type="VBD"/>
                    <lemma type="be"/>
                    <dep head="3-4" type="auxpass"/>
                </token>
                <token content="weighed" id="3-4">
                    <pos type="VBN"/>
                    <lemma type="weigh"/>
                </token>
                <token content="and" id="3-5"/>
                <token content="tagged" id="3-6">
                    <pos type="VBN"/>
                    <lemma type="tag"/>
                    <dep head="3-4" type="conj"/>
                </token>
                <token content="and" id="3-7"/>
                <token content="I" id="3-8">
                    <pos type="PRP"/>
                    <lemma type="I"/>
                    <dep head="3-9" type="nsubj"/>
                </token>
                <token content="gave" id="3-9">
                    <pos type="VBD"/>
                    <lemma type="give"/>
                    <dep head="3-4" type="conj"/>
                </token>
                <token content="it" id="3-10">
                    <pos type="PRP"/>
                    <lemma type="it"/>
                    <dep head="3-9" type="dobj"/>
                </token>
                <token content="to" id="3-11"/>
                <token content="the" id="3-12">
                    <pos type="DT"/>
                    <lemma type="the"/>
                </token>
                <token content="clerk" id="3-13">
                    <pos type="NN"/>
                    <lemma type="clerk"/>
                    <dep head="3-9" type="prep"/>
                </token>
                <token content="." id="3-14"/>
            </sentence>
            <sentence id="4">
                <token content="I" id="4-1">
                    <pos type="PRP"/>
                    <lemma type="I"/>
                    <dep head="4-2" type="nsubj"/>
                </token>
                <token content="proceeded" id="4-2">
                    <pos type="VBD"/>
                    <lemma type="proceed"/>
                </token>
                <token content="upstairs" id="4-3">
                    <pos type="NN"/>
                    <lemma type="upstairs"/>
                    <dep head="4-2" type="advmod"/>
                </token>
                <token content="with" id="4-4"/>
                <token content="my" id="4-5">
                    <pos type="PRP$"/>
                    <lemma type="my"/>
                </token>
                <token content="ticket" id="4-6">
                    <pos type="NN"/>
                    <lemma type="ticket"/>
                    <dep head="4-2" type="prep"/>
                </token>
                <token content="and" id="4-7"/>
                <token content="waited" id="4-8">
                    <pos type="VBD"/>
                    <lemma type="wait"/>
                    <dep head="4-2" type="conj"/>
                </token>
                <token content="in" id="4-9"/>
                <token content="line" id="4-10">
                    <pos type="NN"/>
                    <lemma type="line"/>
                    <dep head="4-8" type="prep"/>
                </token>
                <token content="to" id="4-11">
                    <pos type="TO"/>
                    <lemma type="to"/>
                    <dep head="4-12" type="aux"/>
                </token>
                <token content="go" id="4-12">
                    <pos type="VB"/>
                    <lemma type="go"/>
                    <dep head="4-8" type="xcomp"/>
                </token>
                <token content="through" id="4-13"/>
                <token content="airport" id="4-14">
                    <pos type="NN"/>
                    <lemma type="airport"/>
                </token>
                <token content="security" id="4-15">
                    <pos type="NN"/>
                    <lemma type="security"/>
                    <dep head="4-12" type="prep"/>
                </token>
                <token content="." id="4-16"/>
            </sentence>
            <sentence id="5">
                <token content="Once" id="5-1">
                    <pos type="IN"/>
                    <lemma type="once"/>
                    <dep head="5-3" type="mark"/>
                </token>
                <token content="I" id="5-2">
                    <pos type="PRP"/>
                    <lemma type="I"/>
                    <dep head="5-3" type="nsubj"/>
                </token>
                <token content="went" id="5-3">
                    <pos type="VBD"/>
                    <lemma type="go"/>
                    <dep head="5-10" type="advcl"/>
                </token>
                <token content="through" id="5-4"/>
                <token content="the" id="5-5">
                    <pos type="DT"/>
                    <lemma type="the"/>
                </token>
                <token content="security" id="5-6">
                    <pos type="NN"/>
                    <lemma type="security"/>
                </token>
                <token content="checkpoint" id="5-7">
                    <pos type="NN"/>
                    <lemma type="checkpoint"/>
                    <dep head="5-3" type="prep"/>
                </token>
                <token content="," id="5-8"/>
                <token content="I" id="5-9">
                    <pos type="PRP"/>
                    <lemma type="I"/>
                    <dep head="5-10" type="nsubj"/>
                </token>
                <token content="located" id="5-10">
                    <pos type="VBZ"/>
                    <lemma type="locate"/>
                </token>
                <token content="the" id="5-11">
                    <pos type="DT"/>
                    <lemma type="the"/>
                </token>
                <token content="concourse" id="5-12">
                    <pos type="JJ"/>
                    <lemma type="concourse"/>
                </token>
                <token content="area" id="5-13">
                    <pos type="NN"/>
                    <lemma type="area"/>
                    <dep head="5-10" type="dobj"/>
                </token>
                <token content="and" id="5-14"/>
                <token content="gate" id="5-15">
                    <pos type="NN"/>
                    <lemma type="gate"/>
                </token>
                <token content="where" id="5-16">
                    <pos type="WRB"/>
                    <lemma type="where"/>
                    <dep head="5-19" type="advmod"/>
                </token>
                <token content="my" id="5-17">
                    <pos type="PRP$"/>
                    <lemma type="my"/>
                </token>
                <token content="flight" id="5-18">
                    <pos type="NN"/>
                    <lemma type="flight"/>
                    <dep head="5-19" type="nsubj"/>
                </token>
                <token content="was" id="5-19">
                    <pos type="VBD"/>
                    <lemma type="be"/>
                </token>
                <token content="to" id="5-20">
                    <pos type="TO"/>
                    <lemma type="to"/>
                    <dep head="5-21" type="aux"/>
                </token>
                <token content="depart" id="5-21">
                    <pos type="VB"/>
                    <lemma type="depart"/>
                    <dep head="5-19" type="xcomp"/>
                </token>
                <token content="from" id="5-22">
                    <pos type="IN"/>
                    <lemma type="from"/>
                    <dep head="5-21" type="prep"/>
                </token>
                <token content="." id="5-23"/>
            </sentence>
            <sentence id="6">
                <token content="I" id="6-1">
                    <pos type="PRP"/>
                    <lemma type="I"/>
                    <dep head="6-2" type="nsubj"/>
                </token>
                <token content="sat" id="6-2">
                    <pos type="VBD"/>
                    <lemma type="sit"/>
                </token>
                <token content="and" id="6-3"/>
                <token content="waited" id="6-4">
                    <pos type="VBD"/>
                    <lemma type="wait"/>
                    <dep head="6-2" type="conj"/>
                </token>
                <token content="until" id="6-5">
                    <pos type="IN"/>
                    <lemma type="until"/>
                    <dep head="6-9" type="mark"/>
                </token>
                <token content="my" id="6-6">
                    <pos type="PRP$"/>
                    <lemma type="my"/>
                </token>
                <token content="flight" id="6-7">
                    <pos type="NN"/>
                    <lemma type="flight"/>
                    <dep head="6-9" type="nsubj"/>
                </token>
                <token content="was" id="6-8">
                    <pos type="VBD"/>
                    <lemma type="be"/>
                    <dep head="6-9" type="aux"/>
                </token>
                <token content="boarding" id="6-9">
                    <pos type="VBG"/>
                    <lemma type="board"/>
                    <dep head="6-4" type="advcl"/>
                </token>
                <token content="." id="6-10"/>
            </sentence>
            <sentence id="7">
                <token content="I" id="7-1">
                    <pos type="PRP"/>
                    <lemma type="I"/>
                    <dep head="7-3" type="nsubj"/>
                </token>
                <token content="then" id="7-2">
                    <pos type="RB"/>
                    <lemma type="then"/>
                    <dep head="7-3" type="advmod"/>
                </token>
                <token content="got" id="7-3">
                    <pos type="VBD"/>
                    <lemma type="get"/>
                </token>
                <token content="up" id="7-4">
                    <pos type="RP"/>
                    <lemma type="up"/>
                    <dep head="7-3" type="prt"/>
                </token>
                <token content="and" id="7-5"/>
                <token content="waited" id="7-6">
                    <pos type="VBD"/>
                    <lemma type="wait"/>
                    <dep head="7-3" type="conj"/>
                </token>
                <token content="in" id="7-7"/>
                <token content="line" id="7-8">
                    <pos type="NN"/>
                    <lemma type="line"/>
                    <dep head="7-6" type="prep"/>
                </token>
                <token content="to" id="7-9">
                    <pos type="TO"/>
                    <lemma type="to"/>
                    <dep head="7-10" type="aux"/>
                </token>
                <token content="get" id="7-10">
                    <pos type="VB"/>
                    <lemma type="get"/>
                    <dep head="7-6" type="xcomp"/>
                </token>
                <token content="on" id="7-11"/>
                <token content="the" id="7-12">
                    <pos type="DT"/>
                    <lemma type="the"/>
                </token>
                <token content="airplane" id="7-13">
                    <pos type="NN"/>
                    <lemma type="airplane"/>
                    <dep head="7-10" type="prep"/>
                </token>
                <token content="." id="7-14"/>
            </sentence>
            <sentence id="8">
                <token content="While" id="8-1">
                    <pos type="IN"/>
                    <lemma type="while"/>
                    <dep head="8-4" type="mark"/>
                </token>
                <token content="I" id="8-2">
                    <pos type="PRP"/>
                    <lemma type="I"/>
                    <dep head="8-4" type="nsubj"/>
                </token>
                <token content="was" id="8-3">
                    <pos type="VBD"/>
                    <lemma type="be"/>
                    <dep head="8-4" type="aux"/>
                </token>
                <token content="waiting" id="8-4">
                    <pos type="VBG"/>
                    <lemma type="wait"/>
                    <dep head="8-9" type="advcl"/>
                </token>
                <token content="in" id="8-5"/>
                <token content="line" id="8-6">
                    <pos type="NN"/>
                    <lemma type="line"/>
                    <dep head="8-4" type="prep"/>
                </token>
                <token content="," id="8-7"/>
                <token content="I" id="8-8">
                    <pos type="PRP"/>
                    <lemma type="I"/>
                    <dep head="8-9" type="nsubj"/>
                </token>
                <token content="checked" id="8-9">
                    <pos type="VBD"/>
                    <lemma type="check"/>
                </token>
                <token content="my" id="8-10">
                    <pos type="PRP$"/>
                    <lemma type="my"/>
                </token>
                <token content="seat" id="8-11">
                    <pos type="NN"/>
                    <lemma type="seat"/>
                </token>
                <token content="number" id="8-12">
                    <pos type="NN"/>
                    <lemma type="number"/>
                    <dep head="8-9" type="dobj"/>
                </token>
                <token content="." id="8-13"/>
            </sentence>
            <sentence id="9">
                <token content="Once" id="9-1">
                    <pos type="IN"/>
                    <lemma type="once"/>
                    <dep head="9-3" type="mark"/>
                </token>
                <token content="I" id="9-2">
                    <pos type="PRP"/>
                    <lemma type="I"/>
                    <dep head="9-3" type="nsubj"/>
                </token>
                <token content="was" id="9-3">
                    <pos type="VBD"/>
                    <lemma type="be"/>
                    <dep head="9-9" type="advcl"/>
                </token>
                <token content="on" id="9-4"/>
                <token content="the" id="9-5">
                    <pos type="DT"/>
                    <lemma type="the"/>
                </token>
                <token content="plane" id="9-6">
                    <pos type="NN"/>
                    <lemma type="plane"/>
                    <dep head="9-3" type="prep"/>
                </token>
                <token content="," id="9-7"/>
                <token content="I" id="9-8">
                    <pos type="PRP"/>
                    <lemma type="I"/>
                    <dep head="9-9" type="nsubj"/>
                </token>
                <token content="located" id="9-9">
                    <pos type="VBZ"/>
                    <lemma type="locate"/>
                </token>
                <token content="my" id="9-10">
                    <pos type="PRP$"/>
                    <lemma type="my"/>
                </token>
                <token content="seat" id="9-11">
                    <pos type="NN"/>
                    <lemma type="seat"/>
                    <dep head="9-9" type="dobj"/>
                </token>
                <token content="and" id="9-12"/>
                <token content="sat" id="9-13">
                    <pos type="VBD"/>
                    <lemma type="sit"/>
                    <dep head="9-9" type="conj"/>
                </token>
                <token content="down" id="9-14">
                    <pos type="RP"/>
                    <lemma type="down"/>
                    <dep head="9-13" type="prt"/>
                </token>
                <token content="." id="9-15"/>
            </sentence>
            <sentence id="10">
                <token content="I" id="10-1">
                    <pos type="PRP"/>
                    <lemma type="I"/>
                    <dep head="10-3" type="nsubj"/>
                </token>
                <token content="then" id="10-2">
                    <pos type="RB"/>
                    <lemma type="then"/>
                    <dep head="10-3" type="advmod"/>
                </token>
                <token content="buckled" id="10-3">
                    <pos type="VBD"/>
                    <lemma type="buckle"/>
                </token>
                <token content="my" id="10-4">
                    <pos type="PRP$"/>
                    <lemma type="my"/>
                </token>
                <token content="seat" id="10-5">
                    <pos type="NN"/>
                    <lemma type="seat"/>
                </token>
                <token content="belt" id="10-6">
                    <pos type="NN"/>
                    <lemma type="belt"/>
                    <dep head="10-3" type="dobj"/>
                </token>
                <token content="and" id="10-7"/>
                <token content="took" id="10-8">
                    <pos type="VBD"/>
                    <lemma type="take"/>
                    <dep head="10-3" type="conj"/>
                </token>
                <token content="out" id="10-9">
                    <pos type="RP"/>
                    <lemma type="out"/>
                    <dep head="10-8" type="prt"/>
                </token>
                <token content="a" id="10-10">
                    <pos type="DT"/>
                    <lemma type="a"/>
                </token>
                <token content="book" id="10-11">
                    <pos type="NN"/>
                    <lemma type="book"/>
                    <dep head="10-8" type="dobj"/>
                </token>
                <token content="to" id="10-12">
                    <pos type="TO"/>
                    <lemma type="to"/>
                    <dep head="10-13" type="aux"/>
                </token>
                <token content="read" id="10-13">
                    <pos type="VB"/>
                    <lemma type="read"/>
                </token>
                <token content="during" id="10-14"/>
                <token content="the" id="10-15">
                    <pos type="DT"/>
                    <lemma type="the"/>
                </token>
                <token content="flight" id="10-16">
                    <pos type="NN"/>
                    <lemma type="flight"/>
                    <dep head="10-13" type="prep"/>
                </token>
                <token content="." id="10-17"/>
            </sentence>
            <sentence id="11">
                <token content="As" id="11-1"/>
                <token content="the" id="11-2">
                    <pos type="DT"/>
                    <lemma type="the"/>
                </token>
                <token content="plane" id="11-3">
                    <pos type="NN"/>
                    <lemma type="plane"/>
                    <dep head="11-12" type="prep"/>
                </token>
                <token content="prepared" id="11-4">
                    <pos type="VBN"/>
                    <lemma type="prepare"/>
                </token>
                <token content="to" id="11-5">
                    <pos type="TO"/>
                    <lemma type="to"/>
                    <dep head="11-6" type="aux"/>
                </token>
                <token content="take" id="11-6">
                    <pos type="VB"/>
                    <lemma type="take"/>
                    <dep head="11-4" type="xcomp"/>
                </token>
                <token content="off" id="11-7">
                    <pos type="RP"/>
                    <lemma type="off"/>
                    <dep head="11-6" type="prt"/>
                </token>
                <token content="," id="11-8"/>
                <token content="the" id="11-9">
                    <pos type="DT"/>
                    <lemma type="the"/>
                </token>
                <token content="flight" id="11-10">
                    <pos type="NN"/>
                    <lemma type="flight"/>
                </token>
                <token content="attendant" id="11-11">
                    <pos type="NN"/>
                    <lemma type="attendant"/>
                    <dep head="11-12" type="nsubj"/>
                </token>
                <token content="went" id="11-12">
                    <pos type="VBD"/>
                    <lemma type="go"/>
                </token>
                <token content="over" id="11-13"/>
                <token content="all" id="11-14">
                    <pos type="DT"/>
                    <lemma type="all"/>
                    <dep head="11-12" type="prep"/>
                </token>
                <token content="of" id="11-15"/>
                <token content="the" id="11-16">
                    <pos type="DT"/>
                    <lemma type="the"/>
                </token>
                <token content="emergency" id="11-17">
                    <pos type="NN"/>
                    <lemma type="emergency"/>
                </token>
                <token content="procedures" id="11-18">
                    <pos type="NNS"/>
                    <lemma type="procedure"/>
                </token>
                <token content="." id="11-19"/>
            </sentence>
            <sentence id="12">
                <token content="Once" id="12-1">
                    <pos type="IN"/>
                    <lemma type="once"/>
                    <dep head="12-5" type="mark"/>
                </token>
                <token content="the" id="12-2">
                    <pos type="DT"/>
                    <lemma type="the"/>
                </token>
                <token content="plane" id="12-3">
                    <pos type="NN"/>
                    <lemma type="plane"/>
                    <dep head="12-5" type="nsubj"/>
                </token>
                <token content="was" id="12-4">
                    <pos type="VBD"/>
                    <lemma type="be"/>
                    <dep head="12-5" type="aux"/>
                </token>
                <token content="flying" id="12-5">
                    <pos type="VBG"/>
                    <lemma type="fly"/>
                    <dep head="12-13" type="advcl"/>
                </token>
                <token content="in" id="12-6"/>
                <token content="the" id="12-7">
                    <pos type="DT"/>
                    <lemma type="the"/>
                </token>
                <token content="air" id="12-8">
                    <pos type="NN"/>
                    <lemma type="air"/>
                    <dep head="12-5" type="prep"/>
                </token>
                <token content="," id="12-9"/>
                <token content="the" id="12-10">
                    <pos type="DT"/>
                    <lemma type="the"/>
                </token>
                <token content="flight" id="12-11">
                    <pos type="NN"/>
                    <lemma type="flight"/>
                </token>
                <token content="attendant" id="12-12">
                    <pos type="NN"/>
                    <lemma type="attendant"/>
                    <dep head="12-13" type="nsubj"/>
                </token>
                <token content="asked" id="12-13">
                    <pos type="VBD"/>
                    <lemma type="ask"/>
                </token>
                <token content="me" id="12-14">
                    <pos type="PRP"/>
                    <lemma type="I"/>
                    <dep head="12-13" type="dobj"/>
                </token>
                <token content="if" id="12-15">
                    <pos type="IN"/>
                    <lemma type="if"/>
                    <dep head="12-17" type="mark"/>
                </token>
                <token content="I" id="12-16">
                    <pos type="PRP"/>
                    <lemma type="I"/>
                    <dep head="12-17" type="nsubj"/>
                </token>
                <token content="wanted" id="12-17">
                    <pos type="VBD"/>
                    <lemma type="want"/>
                    <dep head="12-13" type="advcl"/>
                </token>
                <token content="a" id="12-18">
                    <pos type="DT"/>
                    <lemma type="a"/>
                </token>
                <token content="beverage" id="12-19">
                    <pos type="NN"/>
                    <lemma type="beverage"/>
                    <dep head="12-17" type="dobj"/>
                </token>
                <token content="." id="12-20"/>
            </sentence>
            <sentence id="13">
                <token content="I" id="13-1">
                    <pos type="PRP"/>
                    <lemma type="I"/>
                    <dep head="13-2" type="nsubj"/>
                </token>
                <token content="choose" id="13-2">
                    <pos type="VBP"/>
                    <lemma type="choose"/>
                </token>
                <token content="to" id="13-3">
                    <pos type="TO"/>
                    <lemma type="to"/>
                    <dep head="13-4" type="aux"/>
                </token>
                <token content="have" id="13-4">
                    <pos type="VB"/>
                    <lemma type="have"/>
                    <dep head="13-2" type="xcomp"/>
                </token>
                <token content="a" id="13-5">
                    <pos type="DT"/>
                    <lemma type="a"/>
                </token>
                <token content="cup" id="13-6">
                    <pos type="NN"/>
                    <lemma type="cup"/>
                    <dep head="13-4" type="dobj"/>
                </token>
                <token content="of" id="13-7"/>
                <token content="orange" id="13-8">
                    <pos type="JJ"/>
                    <lemma type="orange"/>
                </token>
                <token content="juice" id="13-9">
                    <pos type="NN"/>
                    <lemma type="juice"/>
                </token>
                <token content="and" id="13-10"/>
                <token content="was" id="13-11">
                    <pos type="VBD"/>
                    <lemma type="be"/>
                    <dep head="13-13" type="auxpass"/>
                </token>
                <token content="also" id="13-12">
                    <pos type="RB"/>
                    <lemma type="also"/>
                    <dep head="13-13" type="advmod"/>
                </token>
                <token content="given" id="13-13">
                    <pos type="VBN"/>
                    <lemma type="give"/>
                    <dep head="13-2" type="conj"/>
                </token>
                <token content="a" id="13-14">
                    <pos type="DT"/>
                    <lemma type="a"/>
                </token>
                <token content="bag" id="13-15">
                    <pos type="NN"/>
                    <lemma type="bag"/>
                    <dep head="13-13" type="dobj"/>
                </token>
                <token content="of" id="13-16"/>
                <token content="pretzels" id="13-17">
                    <pos type="NNS"/>
                    <lemma type="pretzel"/>
                </token>
                <token content="as" id="13-18"/>
                <token content="a" id="13-19">
                    <pos type="DT"/>
                    <lemma type="a"/>
                </token>
                <token content="snack" id="13-20">
                    <pos type="NN"/>
                    <lemma type="snack"/>
                    <dep head="13-13" type="prep"/>
                </token>
                <token content="." id="13-21"/>
            </sentence>
            <sentence id="14">
                <token content="I" id="14-1">
                    <pos type="PRP"/>
                    <lemma type="I"/>
                    <dep head="14-2" type="nsubj"/>
                </token>
                <token content="continued" id="14-2">
                    <pos type="VBD"/>
                    <lemma type="continue"/>
                </token>
                <token content="to" id="14-3">
                    <pos type="TO"/>
                    <lemma type="to"/>
                    <dep head="14-4" type="aux"/>
                </token>
                <token content="read" id="14-4">
                    <pos type="VB"/>
                    <lemma type="read"/>
                    <dep head="14-2" type="xcomp"/>
                </token>
                <token content="my" id="14-5">
                    <pos type="PRP$"/>
                    <lemma type="my"/>
                </token>
                <token content="book" id="14-6">
                    <pos type="NN"/>
                    <lemma type="book"/>
                    <dep head="14-4" type="dobj"/>
                </token>
                <token content="with" id="14-7"/>
                <token content="my" id="14-8">
                    <pos type="PRP$"/>
                    <lemma type="my"/>
                </token>
                <token content="seat" id="14-9">
                    <pos type="NN"/>
                    <lemma type="seat"/>
                </token>
                <token content="belt" id="14-10">
                    <pos type="NN"/>
                    <lemma type="belt"/>
                    <dep head="14-4" type="prep"/>
                </token>
                <token content="on" id="14-11"/>
                <token content="until" id="14-12">
                    <pos type="IN"/>
                    <lemma type="until"/>
                    <dep head="14-18" type="mark"/>
                </token>
                <token content="the" id="14-13">
                    <pos type="DT"/>
                    <lemma type="the"/>
                </token>
                <token content="Captain" id="14-14">
                    <pos type="NNP"/>
                    <lemma type="Captain"/>
                    <dep head="14-18" type="nsubj"/>
                </token>
                <token content="of" id="14-15"/>
                <token content="the" id="14-16">
                    <pos type="DT"/>
                    <lemma type="the"/>
                </token>
                <token content="flight" id="14-17">
                    <pos type="NN"/>
                    <lemma type="flight"/>
                </token>
                <token content="came" id="14-18">
                    <pos type="VBD"/>
                    <lemma type="come"/>
                    <dep head="14-4" type="prepc"/>
                </token>
                <token content="over" id="14-19">
                    <pos type="RP"/>
                    <lemma type="over"/>
                    <dep head="14-18" type="prt"/>
                </token>
                <token content="the" id="14-20">
                    <pos type="DT"/>
                    <lemma type="the"/>
                </token>
                <token content="loud" id="14-21">
                    <pos type="JJ"/>
                    <lemma type="loud"/>
                </token>
                <token content="speaker" id="14-22">
                    <pos type="NN"/>
                    <lemma type="speaker"/>
                    <dep head="14-18" type="dobj"/>
                </token>
                <token content="and" id="14-23"/>
                <token content="said" id="14-24">
                    <pos type="VBD"/>
                    <lemma type="say"/>
                    <dep head="14-18" type="conj"/>
                </token>
                <token content="that" id="14-25">
                    <pos type="IN"/>
                    <lemma type="that"/>
                    <dep head="14-28" type="mark"/>
                </token>
                <token content="we" id="14-26">
                    <pos type="PRP"/>
                    <lemma type="we"/>
                    <dep head="14-28" type="nsubj"/>
                </token>
                <token content="were" id="14-27">
                    <pos type="VBD"/>
                    <lemma type="be"/>
                    <dep head="14-28" type="aux"/>
                </token>
                <token content="approaching" id="14-28">
                    <pos type="VBG"/>
                    <lemma type="approach"/>
                    <dep head="14-24" type="ccomp"/>
                </token>
                <token content="our" id="14-29">
                    <pos type="PRP$"/>
                    <lemma type="we"/>
                </token>
                <token content="destination" id="14-30">
                    <pos type="NN"/>
                    <lemma type="destination"/>
                    <dep head="14-28" type="dobj"/>
                </token>
                <token content="." id="14-31"/>
            </sentence>
            <sentence id="15">
                <token content="The" id="15-1">
                    <pos type="DT"/>
                    <lemma type="the"/>
                </token>
                <token content="plane" id="15-2">
                    <pos type="NN"/>
                    <lemma type="plane"/>
                    <dep head="15-3" type="nsubj"/>
                </token>
                <token content="landed" id="15-3">
                    <pos type="VBD"/>
                    <lemma type="land"/>
                </token>
                <token content="and" id="15-4"/>
                <token content="I" id="15-5">
                    <pos type="PRP"/>
                    <lemma type="I"/>
                    <dep head="15-6" type="nsubj"/>
                </token>
                <token content="put" id="15-6">
                    <pos type="VBD"/>
                    <lemma type="put"/>
                    <dep head="15-3" type="conj"/>
                </token>
                <token content="my" id="15-7">
                    <pos type="PRP$"/>
                    <lemma type="my"/>
                </token>
                <token content="book" id="15-8">
                    <pos type="NN"/>
                    <lemma type="book"/>
                    <dep head="15-6" type="dobj"/>
                </token>
                <token content="away" id="15-9">
                    <pos type="RB"/>
                    <lemma type="away"/>
                    <dep head="15-6" type="advmod"/>
                </token>
                <token content="." id="15-10"/>
            </sentence>
            <sentence id="16">
                <token content="When" id="16-1">
                    <pos type="WRB"/>
                    <lemma type="when"/>
                    <dep head="16-3" type="advmod"/>
                </token>
                <token content="I" id="16-2">
                    <pos type="PRP"/>
                    <lemma type="I"/>
                    <dep head="16-3" type="nsubj"/>
                </token>
                <token content="got" id="16-3">
                    <pos type="VBD"/>
                    <lemma type="get"/>
                    <dep head="16-12" type="advcl"/>
                </token>
                <token content="off" id="16-4"/>
                <token content="of" id="16-5"/>
                <token content="the" id="16-6">
                    <pos type="DT"/>
                    <lemma type="the"/>
                </token>
                <token content="plane" id="16-7">
                    <pos type="NN"/>
                    <lemma type="plane"/>
                    <dep head="16-3" type="prep"/>
                </token>
                <token content="," id="16-8"/>
                <token content="my" id="16-9">
                    <pos type="PRP$"/>
                    <lemma type="my"/>
                </token>
                <token content="brother" id="16-10">
                    <pos type="NN"/>
                    <lemma type="brother"/>
                    <dep head="16-12" type="nsubj"/>
                </token>
                <token content="was" id="16-11">
                    <pos type="VBD"/>
                    <lemma type="be"/>
                    <dep head="16-12" type="aux"/>
                </token>
                <token content="waiting" id="16-12">
                    <pos type="VBG"/>
                    <lemma type="wait"/>
                </token>
                <token content="for" id="16-13"/>
                <token content="me" id="16-14">
                    <pos type="PRP"/>
                    <lemma type="I"/>
                    <dep head="16-12" type="prep"/>
                </token>
                <token content="at" id="16-15"/>
                <token content="the" id="16-16">
                    <pos type="DT"/>
                    <lemma type="the"/>
                </token>
                <token content="gate" id="16-17">
                    <pos type="NN"/>
                    <lemma type="gate"/>
                    <dep head="16-12" type="prep"/>
                </token>
                <token content="." id="16-18"/>
            </sentence>
            <sentence id="17">
                <token content="We" id="17-1">
                    <pos type="PRP"/>
                    <lemma type="we"/>
                    <dep head="17-2" type="nsubj"/>
                </token>
                <token content="had" id="17-2">
                    <pos type="VBD"/>
                    <lemma type="have"/>
                </token>
                <token content="a" id="17-3">
                    <pos type="DT"/>
                    <lemma type="a"/>
                </token>
                <token content="very" id="17-4">
                    <pos type="RB"/>
                    <lemma type="very"/>
                </token>
                <token content="nice" id="17-5">
                    <pos type="JJ"/>
                    <lemma type="nice"/>
                </token>
                <token content="trip" id="17-6">
                    <pos type="NN"/>
                    <lemma type="trip"/>
                    <dep head="17-2" type="dobj"/>
                </token>
                <token content="together" id="17-7">
                    <pos type="RB"/>
                    <lemma type="together"/>
                </token>
                <token content="." id="17-8"/>
            </sentence>
        </sentences>
    </text>
    <annotations>
        <participants>
            <label from="1-2" id="0" name="NPart" text="week" type="participant"/>
            <label from="1-4" id="1" name="ScrPart_passenger" text="I" type="participant"/>
            <label from="1-10" id="2" name="ScrPart_passenger" text="my" type="participant"/>
            <label from="1-11" id="3" name="ScrPart_accomp_person" text="brother" type="participant"/>
            <label from="2-1" id="4" name="ScrPart_passenger" text="I" type="participant"/>
            <label from="2-5" id="5" name="ScrPart_airport" text="airport" type="participant"/>
            <label from="2-7" id="6" name="ScrPart_passenger" text="my" type="participant"/>
            <label from="2-8" id="7" name="ScrPart_check_in_luggage" text="luggage" type="participant"/>
            <label from="2-14" id="8" name="NPart" text="airline" type="participant"/>
            <label from="2-17" id="9" name="ScrPart_passenger" text="I" type="participant"/>
            <label from="2-19" id="10" name="ScrPart_passenger" text="my" type="participant"/>
            <label from="2-20" id="11" name="ScrPart_ticket" text="ticket" type="participant"/>
            <label from="2-23" id="12" name="ScrPart_staff" text="clerk" type="participant"/>
            <label from="3-1" id="13" name="ScrPart_passenger" text="My" type="participant"/>
            <label from="3-2" id="14" name="ScrPart_check_in_luggage" text="luggage" type="participant"/>
            <label from="3-8" id="15" name="ScrPart_passenger" text="I" type="participant"/>
            <label from="3-10" id="16" name="ScrPart_check_in_luggage" text="it" type="participant"/>
            <label from="3-13" id="17" name="ScrPart_staff" text="clerk" type="participant"/>
            <label from="4-1" id="18" name="ScrPart_passenger" text="I" type="participant"/>
            <label from="4-5" id="19" name="ScrPart_passenger" text="my" type="participant"/>
            <label from="4-6" id="20" name="ScrPart_ticket" text="ticket" type="participant"/>
            <label from="4-10" id="21" name="ScrPart_line" text="line" type="participant"/>
            <label from="4-14" id="22" name="ScrPart_security_check" text="airport security" to="4-15" type="participant"/>
            <label from="4-15" id="23" name="ScrPart_security_check" text="security" type="participant"/>
            <label from="5-2" id="24" name="ScrPart_passenger" text="I" type="participant"/>
            <label from="5-6" id="25" name="ScrPart_security_check" text="security checkpoint" to="5-7" type="participant"/>
            <label from="5-7" id="26" name="ScrPart_security_check" text="checkpoint" type="participant"/>
            <label from="5-9" id="27" name="ScrPart_passenger" text="I" type="participant"/>
            <label from="5-12" id="28" name="ScrPart_terminal/gate" text="concourse area" to="5-13" type="participant"/>
            <label from="5-13" id="29" name="ScrPart_terminal/gate" text="area" type="participant"/>
            <label from="5-15" id="30" name="ScrPart_terminal/gate" text="gate" type="participant"/>
            <label from="5-17" id="31" name="ScrPart_passenger" text="my" type="participant"/>
            <label from="5-18" id="32" name="ScrPart_flight" text="flight" type="participant"/>
            <label from="6-1" id="33" name="ScrPart_passenger" text="I" type="participant"/>
            <label from="6-6" id="34" name="ScrPart_passenger" text="my" type="participant"/>
            <label from="6-7" id="35" name="ScrPart_flight" text="flight" type="participant"/>
            <label from="7-1" id="36" name="ScrPart_passenger" text="I" type="participant"/>
            <label from="7-8" id="37" name="ScrPart_line" text="line" type="participant"/>
            <label from="7-13" id="38" name="ScrPart_plane" text="airplane" type="participant"/>
            <label from="8-2" id="39" name="ScrPart_passenger" text="I" type="participant"/>
            <label from="8-6" id="40" name="ScrPart_line" text="line" type="participant"/>
            <label from="8-8" id="41" name="ScrPart_passenger" text="I" type="participant"/>
            <label from="8-10" id="42" name="ScrPart_passenger" text="my" type="participant"/>
            <label from="8-11" id="43" name="NPart" text="seat number" to="8-12" type="participant"/>
            <label from="8-12" id="44" name="NPart" text="number" type="participant"/>
            <label from="9-2" id="45" name="ScrPart_passenger" text="I" type="participant"/>
            <label from="9-6" id="46" name="ScrPart_plane" text="plane" type="participant"/>
            <label from="9-8" id="47" name="ScrPart_passenger" text="I" type="participant"/>
            <label from="9-10" id="48" name="ScrPart_passenger" text="my" type="participant"/>
            <label from="9-11" id="49" name="ScrPart_seat" text="seat" type="participant"/>
            <label from="10-1" id="50" name="ScrPart_passenger" text="I" type="participant"/>
            <label from="10-4" id="51" name="ScrPart_passenger" text="my" type="participant"/>
            <label from="10-5" id="52" name="ScrPart_seat_belt" text="seat belt" to="10-6" type="participant"/>
            <label from="10-6" id="53" name="ScrPart_seat_belt" text="belt" type="participant"/>
            <label from="10-11" id="54" name="ScrPart_in-flight_entertainment" text="book" type="participant"/>
            <label from="10-16" id="55" name="ScrPart_flight" text="flight" type="participant"/>
            <label from="11-3" id="56" name="ScrPart_plane" text="plane" type="participant"/>
            <label from="11-10" id="57" name="ScrPart_staff" text="flight attendant" to="11-11" type="participant"/>
            <label from="11-11" id="58" name="ScrPart_staff" text="attendant" type="participant"/>
            <label from="11-17" id="59" name="NPart" text="emergency procedures" to="11-18" type="participant"/>
            <label from="11-18" id="60" name="NPart" text="procedures" type="participant"/>
            <label from="12-3" id="61" name="ScrPart_plane" text="plane" type="participant"/>
            <label from="12-8" id="62" name="ScrPart_location_airplane" text="air" type="participant"/>
            <label from="12-11" id="63" name="ScrPart_staff" text="flight attendant" to="12-12" type="participant"/>
            <label from="12-12" id="64" name="ScrPart_staff" text="attendant" type="participant"/>
            <label from="12-14" id="65" name="ScrPart_passenger" text="me" type="participant"/>
            <label from="12-16" id="66" name="ScrPart_passenger" text="I" type="participant"/>
            <label from="12-19" id="67" name="ScrPart_in-flight_entertainment" text="beverage" type="participant"/>
            <label from="13-1" id="68" name="ScrPart_passenger" text="I" type="participant"/>
            <label from="13-6" id="69" name="NPart" text="cup" type="participant"/>
            <label from="13-8" id="70" name="ScrPart_in-flight_entertainment" text="orange juice" to="13-9" type="participant"/>
            <label from="13-9" id="71" name="ScrPart_in-flight_entertainment" text="juice" type="participant"/>
            <label from="13-15" id="72" name="NPart" text="bag" type="participant"/>
            <label from="13-17" id="73" name="ScrPart_in-flight_entertainment" text="pretzels" type="participant"/>
            <label from="13-20" id="74" name="ScrPart_in-flight_entertainment" text="snack" type="participant"/>
            <label from="14-1" id="75" name="ScrPart_passenger" text="I" type="participant"/>
            <label from="14-5" id="76" name="ScrPart_passenger" text="my" type="participant"/>
            <label from="14-6" id="77" name="ScrPart_in-flight_entertainment" text="book" type="participant"/>
            <label from="14-8" id="78" name="ScrPart_passenger" text="my" type="participant"/>
            <label from="14-9" id="79" name="ScrPart_seat_belt" text="seat belt" to="14-10" type="participant"/>
            <label from="14-10" id="80" name="ScrPart_seat_belt" text="belt" type="participant"/>
            <label from="14-14" id="81" name="ScrPart_staff" text="Captain" type="participant"/>
            <label from="14-17" id="82" name="ScrPart_flight" text="flight" type="participant"/>
            <label from="14-21" id="83" name="ScrPart_institutional_devices" text="loud speaker" to="14-22" type="participant"/>
            <label from="14-22" id="84" name="ScrPart_institutional_devices" text="speaker" type="participant"/>
            <label from="14-26" id="85" name="ScrPart_passenger" text="we" type="participant"/>
            <label from="14-29" id="86" name="ScrPart_passenger" text="our" type="participant"/>
            <label from="14-30" id="87" name="ScrPart_target_location" text="destination" type="participant"/>
            <label from="15-2" id="88" name="ScrPart_plane" text="plane" type="participant"/>
            <label from="15-5" id="89" name="ScrPart_passenger" text="I" type="participant"/>
            <label from="15-7" id="90" name="ScrPart_passenger" text="my" type="participant"/>
            <label from="15-8" id="91" name="ScrPart_in-flight_entertainment" text="book" type="participant"/>
            <label from="16-2" id="92" name="ScrPart_passenger" text="I" type="participant"/>
            <label from="16-7" id="93" name="ScrPart_plane" text="plane" type="participant"/>
            <label from="16-9" id="94" name="ScrPart_passenger" text="my" type="participant"/>
            <label from="16-10" id="95" name="ScrPart_accomp_person" text="brother" type="participant"/>
            <label from="16-14" id="96" name="ScrPart_passenger" text="me" type="participant"/>
            <label from="16-17" id="97" name="ScrPart_terminal/gate" text="gate" type="participant"/>
            <label from="17-1" id="98" name="ScrPart_passenger" text="We" type="participant"/>
            <label from="17-6" id="99" name="NPart" text="trip" type="participant"/>
        </participants>
        <events>
            <label from="1-5" id="100" name="UnrelEv" text="decided" type="event"/>
            <label from="1-7" id="101" name="RelNScrEv" text="travel" type="event"/>
            <label from="1-9" id="102" name="UnrelEv" text="see" type="event"/>
            <label from="2-2" id="103" name="ScrEv_get_airport" text="went" type="event"/>
            <label from="2-10" id="104" name="ScrEv_go_check_in" text="checked in" to="2-11" type="event"/>
            <label from="2-18" id="105" name="ScrEv_get_ticket" text="received" type="event"/>
            <label from="3-4" id="106" name="ScrEv_check_luggage" text="weighed" type="event"/>
            <label from="3-6" id="107" name="ScrEv_check_luggage" text="tagged" type="event"/>
            <label from="3-9" id="108" name="ScrEv_check_luggage" text="gave" type="event"/>
            <label from="4-2" id="109" name="UnrelEv" text="proceeded" type="event"/>
            <label from="4-8" id="110" name="ScrEv_wait" text="waited" type="event"/>
            <label from="4-12" id="111" name="ScrEv_go_security_checks" text="go through" to="4-13" type="event"/>
            <label from="5-3" id="112" name="ScrEv_go_security_checks" text="went through" to="5-4" type="event"/>
            <label from="5-10" id="113" name="ScrEv_find_terminal" text="located" type="event"/>
            <label from="5-21" id="114" name="ScrEv_take_off" text="depart" type="event"/>
            <label from="6-2" id="115" name="UnrelEv" text="sat" type="event"/>
            <label from="6-4" id="116" name="ScrEv_wait_boarding" text="waited" type="event"/>
            <label from="6-9" id="117" name="ScrEv_board_plane" text="boarding" type="event"/>
            <label from="7-3" id="118" name="UnrelEv" text="got up" to="7-4" type="event"/>
            <label from="7-6" id="119" name="ScrEv_wait" text="waited" type="event"/>
            <label from="7-10" id="120" name="ScrEv_board_plane" text="get on" to="7-11" type="event"/>
            <label from="8-4" id="121" name="ScrEv_wait" text="waiting" type="event"/>
            <label from="8-9" id="122" name="RelNScrEv" text="checked" type="event"/>
            <label from="9-3" id="123" name="UnrelEv" text="was" type="event"/>
            <label from="9-9" id="124" name="RelNScrEv" text="located" type="event"/>
            <label from="9-13" id="125" name="ScrEv_take_seat" text="sat down" to="9-14" type="event"/>
            <label from="10-3" id="126" name="ScrEv_buckle_seat_belt" text="buckled" type="event"/>
            <label from="10-8" id="127" name="UnrelEv" text="took out" to="10-9" type="event"/>
            <label from="10-13" id="128" name="ScrEv_spend_time_flight" text="read" type="event"/>
            <label from="11-4" id="129" name="ScrEv_take_off_preparations" text="prepared" type="event"/>
            <label from="11-6" id="130" name="ScrEv_take_off" text="take off" to="11-7" type="event"/>
            <label from="11-12" id="131" name="ScrEv_listen_crew" text="went over" to="11-13" type="event"/>
            <label from="12-5" id="132" name="ScrEv_other" text="flying" type="event"/>
            <label from="12-13" id="133" name="RelNScrEv" text="asked" type="event"/>
            <label from="12-17" id="134" name="UnrelEv" text="wanted" type="event"/>
            <label from="13-2" id="135" name="RelNScrEv" text="choose" type="event"/>
            <label from="13-4" id="136" name="ScrEv_spend_time_flight" text="have" type="event"/>
            <label from="13-13" id="137" name="RelNScrEv" text="given" type="event"/>
            <label from="14-2" id="138" name="UnrelEv" text="continued" type="event"/>
            <label from="14-4" id="139" name="ScrEv_spend_time_flight" text="read" type="event"/>
            <label from="14-18" id="140" name="ScrEv_listen_crew" text="came" type="event"/>
            <label from="14-24" id="141" name="ScrEv_listen_crew" text="said" type="event"/>
            <label from="14-28" id="142" name="ScrEv_other" text="approaching" type="event"/>
            <label from="15-3" id="143" name="ScrEv_landing" text="landed" type="event"/>
            <label from="15-6" id="144" name="UnrelEv" text="put" type="event"/>
            <label from="16-3" id="145" name="ScrEv_exit_plane" text="got off" to="16-4" type="event"/>
            <label from="16-12" id="146" name="UnrelEv" text="waiting" type="event"/>
            <label from="17-2" id="147" name="UnrelEv" text="had" type="event"/>
        </events>
        <chains>
            <chain elements="1 2 4 6 9 10 13 15 18 19 24 27 31 33 34 36 39 41 42 45 47 48 50 51 65 66 68 75 76 78 89 90 92 94 96"/>
            <chain elements="7 14 16"/>
            <chain elements="12 17"/>
            <chain elements="11 20"/>
            <chain elements="23 26"/>
            <chain elements="32 35 55 82"/>
            <chain elements="37 40"/>
            <chain elements="38 46 56 61 88 93"/>
            <chain elements="58 64"/>
            <chain elements="73 74"/>
            <chain elements="54 77 91"/>
            <chain elements="85 78" name="group_I_passengers"/>
            <chain elements="53 80"/>
            <chain elements="3 95"/>
            <chain elements="98 95 96" name="group_I_brother"/>
            <chain elements="85 86"/>
        </chains>
    </annotations>
</story>
