<?xml version="1.0" encoding="UTF-8" standalone="no"?>
<!DOCTYPE story SYSTEM "../InScript.dtd">
<story id="064" scenario="flight">
    <text>
        <content>Last year I went to visit my cousins in California . 
Since I live in New York , I had to fly in an airplane to get there . 
I purchased a ticket at the ticket counter and then went to the gate where I would get onto the airplane . 
I listened carefully for the announcement that boarding would begin and was first in line to get on . 
Once I was on the plane , I put my suitcase in the overhead compartment and found my seat . 
I had chosen a seat near the window so that I could easily see the clouds and the cities below me . 
I sat down and put my seat belt on . 
Before the flight could take off a flight attendant had to give some important safety instructions . 
I listened carefully so that I would know what to do in an emergency . 
Then I sat back and waited for the plane to take off . 
I was surprised by how loud the engines were when the plane started moving . 
When it took off and rose up into the air , I was so excited I could hardly stand it . 
This was going to be fun ! </content>
        <sentences>
            <sentence id="1">
                <token content="Last" id="1-1">
                    <pos type="JJ"/>
                    <lemma type="last"/>
                </token>
                <token content="year" id="1-2">
                    <pos type="NN"/>
                    <lemma type="year"/>
                    <dep head="1-4" type="tmod"/>
                </token>
                <token content="I" id="1-3">
                    <pos type="PRP"/>
                    <lemma type="I"/>
                    <dep head="1-4" type="nsubj"/>
                </token>
                <token content="went" id="1-4">
                    <pos type="VBD"/>
                    <lemma type="go"/>
                </token>
                <token content="to" id="1-5">
                    <pos type="TO"/>
                    <lemma type="to"/>
                    <dep head="1-6" type="aux"/>
                </token>
                <token content="visit" id="1-6">
                    <pos type="VB"/>
                    <lemma type="visit"/>
                    <dep head="1-4" type="xcomp"/>
                </token>
                <token content="my" id="1-7">
                    <pos type="PRP$"/>
                    <lemma type="my"/>
                </token>
                <token content="cousins" id="1-8">
                    <pos type="NNS"/>
                    <lemma type="cousin"/>
                    <dep head="1-6" type="dobj"/>
                </token>
                <token content="in" id="1-9"/>
                <token content="California" id="1-10">
                    <pos type="NNP"/>
                    <lemma type="California"/>
                    <dep head="1-6" type="prep"/>
                </token>
                <token content="." id="1-11"/>
            </sentence>
            <sentence id="2">
                <token content="Since" id="2-1">
                    <pos type="IN"/>
                    <lemma type="since"/>
                    <dep head="2-3" type="mark"/>
                </token>
                <token content="I" id="2-2">
                    <pos type="PRP"/>
                    <lemma type="I"/>
                    <dep head="2-3" type="nsubj"/>
                </token>
                <token content="live" id="2-3">
                    <pos type="VBP"/>
                    <lemma type="live"/>
                    <dep head="2-9" type="advcl"/>
                </token>
                <token content="in" id="2-4"/>
                <token content="New" id="2-5">
                    <pos type="NNP"/>
                    <lemma type="New"/>
                </token>
                <token content="York" id="2-6">
                    <pos type="NNP"/>
                    <lemma type="York"/>
                    <dep head="2-3" type="prep"/>
                </token>
                <token content="," id="2-7"/>
                <token content="I" id="2-8">
                    <pos type="PRP"/>
                    <lemma type="I"/>
                    <dep head="2-9" type="nsubj"/>
                </token>
                <token content="had" id="2-9">
                    <pos type="VBD"/>
                    <lemma type="have"/>
                </token>
                <token content="to" id="2-10">
                    <pos type="TO"/>
                    <lemma type="to"/>
                    <dep head="2-11" type="aux"/>
                </token>
                <token content="fly" id="2-11">
                    <pos type="VB"/>
                    <lemma type="fly"/>
                    <dep head="2-9" type="xcomp"/>
                </token>
                <token content="in" id="2-12"/>
                <token content="an" id="2-13">
                    <pos type="DT"/>
                    <lemma type="a"/>
                </token>
                <token content="airplane" id="2-14">
                    <pos type="NN"/>
                    <lemma type="airplane"/>
                    <dep head="2-11" type="prep"/>
                </token>
                <token content="to" id="2-15">
                    <pos type="TO"/>
                    <lemma type="to"/>
                    <dep head="2-16" type="aux"/>
                </token>
                <token content="get" id="2-16">
                    <pos type="VB"/>
                    <lemma type="get"/>
                    <dep head="2-9" type="xcomp"/>
                </token>
                <token content="there" id="2-17">
                    <pos type="RB"/>
                    <lemma type="there"/>
                    <dep head="2-16" type="advmod"/>
                </token>
                <token content="." id="2-18"/>
            </sentence>
            <sentence id="3">
                <token content="I" id="3-1">
                    <pos type="PRP"/>
                    <lemma type="I"/>
                    <dep head="3-2" type="nsubj"/>
                </token>
                <token content="purchased" id="3-2">
                    <pos type="VBD"/>
                    <lemma type="purchase"/>
                </token>
                <token content="a" id="3-3">
                    <pos type="DT"/>
                    <lemma type="a"/>
                </token>
                <token content="ticket" id="3-4">
                    <pos type="NN"/>
                    <lemma type="ticket"/>
                    <dep head="3-2" type="dobj"/>
                </token>
                <token content="at" id="3-5"/>
                <token content="the" id="3-6">
                    <pos type="DT"/>
                    <lemma type="the"/>
                </token>
                <token content="ticket" id="3-7">
                    <pos type="NN"/>
                    <lemma type="ticket"/>
                </token>
                <token content="counter" id="3-8">
                    <pos type="NN"/>
                    <lemma type="counter"/>
                    <dep head="3-2" type="prep"/>
                </token>
                <token content="and" id="3-9"/>
                <token content="then" id="3-10">
                    <pos type="RB"/>
                    <lemma type="then"/>
                    <dep head="3-11" type="advmod"/>
                </token>
                <token content="went" id="3-11">
                    <pos type="VBD"/>
                    <lemma type="go"/>
                    <dep head="3-2" type="conj"/>
                </token>
                <token content="to" id="3-12"/>
                <token content="the" id="3-13">
                    <pos type="DT"/>
                    <lemma type="the"/>
                </token>
                <token content="gate" id="3-14">
                    <pos type="NN"/>
                    <lemma type="gate"/>
                    <dep head="3-11" type="prep"/>
                </token>
                <token content="where" id="3-15">
                    <pos type="WRB"/>
                    <lemma type="where"/>
                    <dep head="3-18" type="advmod"/>
                </token>
                <token content="I" id="3-16">
                    <pos type="PRP"/>
                    <lemma type="I"/>
                    <dep head="3-18" type="nsubj"/>
                </token>
                <token content="would" id="3-17">
                    <pos type="MD"/>
                    <lemma type="would"/>
                    <dep head="3-18" type="aux"/>
                </token>
                <token content="get" id="3-18">
                    <pos type="VB"/>
                    <lemma type="get"/>
                </token>
                <token content="onto" id="3-19"/>
                <token content="the" id="3-20">
                    <pos type="DT"/>
                    <lemma type="the"/>
                </token>
                <token content="airplane" id="3-21">
                    <pos type="NN"/>
                    <lemma type="airplane"/>
                    <dep head="3-18" type="prep"/>
                </token>
                <token content="." id="3-22"/>
            </sentence>
            <sentence id="4">
                <token content="I" id="4-1">
                    <pos type="PRP"/>
                    <lemma type="I"/>
                    <dep head="4-2" type="nsubj"/>
                </token>
                <token content="listened" id="4-2">
                    <pos type="VBD"/>
                    <lemma type="listen"/>
                </token>
                <token content="carefully" id="4-3">
                    <pos type="RB"/>
                    <lemma type="carefully"/>
                    <dep head="4-2" type="advmod"/>
                </token>
                <token content="for" id="4-4"/>
                <token content="the" id="4-5">
                    <pos type="DT"/>
                    <lemma type="the"/>
                </token>
                <token content="announcement" id="4-6">
                    <pos type="NN"/>
                    <lemma type="announcement"/>
                    <dep head="4-2" type="prep"/>
                </token>
                <token content="that" id="4-7">
                    <pos type="IN"/>
                    <lemma type="that"/>
                    <dep head="4-10" type="mark"/>
                </token>
                <token content="boarding" id="4-8">
                    <pos type="NN"/>
                    <lemma type="boarding"/>
                    <dep head="4-10" type="nsubj"/>
                </token>
                <token content="would" id="4-9">
                    <pos type="MD"/>
                    <lemma type="would"/>
                    <dep head="4-10" type="aux"/>
                </token>
                <token content="begin" id="4-10">
                    <pos type="VB"/>
                    <lemma type="begin"/>
                    <dep head="4-2" type="ccomp"/>
                </token>
                <token content="and" id="4-11"/>
                <token content="was" id="4-12">
                    <pos type="VBD"/>
                    <lemma type="be"/>
                    <dep head="4-10" type="conj"/>
                </token>
                <token content="first" id="4-13">
                    <pos type="RB"/>
                    <lemma type="first"/>
                    <dep head="4-12" type="advmod"/>
                </token>
                <token content="in" id="4-14"/>
                <token content="line" id="4-15">
                    <pos type="NN"/>
                    <lemma type="line"/>
                    <dep head="4-12" type="prep"/>
                </token>
                <token content="to" id="4-16">
                    <pos type="TO"/>
                    <lemma type="to"/>
                    <dep head="4-17" type="aux"/>
                </token>
                <token content="get" id="4-17">
                    <pos type="VB"/>
                    <lemma type="get"/>
                    <dep head="4-10" type="xcomp"/>
                </token>
                <token content="on" id="4-18">
                    <pos type="RP"/>
                    <lemma type="on"/>
                    <dep head="4-17" type="prt"/>
                </token>
                <token content="." id="4-19"/>
            </sentence>
            <sentence id="5">
                <token content="Once" id="5-1">
                    <pos type="IN"/>
                    <lemma type="once"/>
                    <dep head="5-3" type="mark"/>
                </token>
                <token content="I" id="5-2">
                    <pos type="PRP"/>
                    <lemma type="I"/>
                    <dep head="5-3" type="nsubj"/>
                </token>
                <token content="was" id="5-3">
                    <pos type="VBD"/>
                    <lemma type="be"/>
                    <dep head="5-9" type="advcl"/>
                </token>
                <token content="on" id="5-4"/>
                <token content="the" id="5-5">
                    <pos type="DT"/>
                    <lemma type="the"/>
                </token>
                <token content="plane" id="5-6">
                    <pos type="NN"/>
                    <lemma type="plane"/>
                    <dep head="5-3" type="prep"/>
                </token>
                <token content="," id="5-7"/>
                <token content="I" id="5-8">
                    <pos type="PRP"/>
                    <lemma type="I"/>
                    <dep head="5-9" type="nsubj"/>
                </token>
                <token content="put" id="5-9">
                    <pos type="VBD"/>
                    <lemma type="put"/>
                </token>
                <token content="my" id="5-10">
                    <pos type="PRP$"/>
                    <lemma type="my"/>
                </token>
                <token content="suitcase" id="5-11">
                    <pos type="NN"/>
                    <lemma type="suitcase"/>
                    <dep head="5-9" type="dobj"/>
                </token>
                <token content="in" id="5-12"/>
                <token content="the" id="5-13">
                    <pos type="DT"/>
                    <lemma type="the"/>
                </token>
                <token content="overhead" id="5-14">
                    <pos type="JJ"/>
                    <lemma type="overhead"/>
                </token>
                <token content="compartment" id="5-15">
                    <pos type="NN"/>
                    <lemma type="compartment"/>
                    <dep head="5-9" type="prep"/>
                </token>
                <token content="and" id="5-16"/>
                <token content="found" id="5-17">
                    <pos type="VBD"/>
                    <lemma type="find"/>
                    <dep head="5-9" type="conj"/>
                </token>
                <token content="my" id="5-18">
                    <pos type="PRP$"/>
                    <lemma type="my"/>
                </token>
                <token content="seat" id="5-19">
                    <pos type="NN"/>
                    <lemma type="seat"/>
                    <dep head="5-17" type="dobj"/>
                </token>
                <token content="." id="5-20"/>
            </sentence>
            <sentence id="6">
                <token content="I" id="6-1">
                    <pos type="PRP"/>
                    <lemma type="I"/>
                    <dep head="6-3" type="nsubj"/>
                </token>
                <token content="had" id="6-2">
                    <pos type="VBD"/>
                    <lemma type="have"/>
                    <dep head="6-3" type="aux"/>
                </token>
                <token content="chosen" id="6-3">
                    <pos type="VBN"/>
                    <lemma type="choose"/>
                </token>
                <token content="a" id="6-4">
                    <pos type="DT"/>
                    <lemma type="a"/>
                </token>
                <token content="seat" id="6-5">
                    <pos type="NN"/>
                    <lemma type="seat"/>
                    <dep head="6-3" type="dobj"/>
                </token>
                <token content="near" id="6-6"/>
                <token content="the" id="6-7">
                    <pos type="DT"/>
                    <lemma type="the"/>
                </token>
                <token content="window" id="6-8">
                    <pos type="NN"/>
                    <lemma type="window"/>
                </token>
                <token content="so" id="6-9">
                    <pos type="RB"/>
                    <lemma type="so"/>
                    <dep head="6-14" type="advmod"/>
                </token>
                <token content="that" id="6-10">
                    <pos type="IN"/>
                    <lemma type="that"/>
                    <dep head="6-14" type="mark"/>
                </token>
                <token content="I" id="6-11">
                    <pos type="PRP"/>
                    <lemma type="I"/>
                    <dep head="6-14" type="nsubj"/>
                </token>
                <token content="could" id="6-12">
                    <pos type="MD"/>
                    <lemma type="could"/>
                    <dep head="6-14" type="aux"/>
                </token>
                <token content="easily" id="6-13">
                    <pos type="RB"/>
                    <lemma type="easily"/>
                    <dep head="6-14" type="advmod"/>
                </token>
                <token content="see" id="6-14">
                    <pos type="VB"/>
                    <lemma type="see"/>
                    <dep head="6-3" type="advcl"/>
                </token>
                <token content="the" id="6-15">
                    <pos type="DT"/>
                    <lemma type="the"/>
                </token>
                <token content="clouds" id="6-16">
                    <pos type="NNS"/>
                    <lemma type="cloud"/>
                    <dep head="6-14" type="dobj"/>
                </token>
                <token content="and" id="6-17"/>
                <token content="the" id="6-18">
                    <pos type="DT"/>
                    <lemma type="the"/>
                </token>
                <token content="cities" id="6-19">
                    <pos type="NNS"/>
                    <lemma type="city"/>
                </token>
                <token content="below" id="6-20"/>
                <token content="me" id="6-21">
                    <pos type="PRP"/>
                    <lemma type="I"/>
                    <dep head="6-14" type="prep"/>
                </token>
                <token content="." id="6-22"/>
            </sentence>
            <sentence id="7">
                <token content="I" id="7-1">
                    <pos type="PRP"/>
                    <lemma type="I"/>
                    <dep head="7-2" type="nsubj"/>
                </token>
                <token content="sat" id="7-2">
                    <pos type="VBD"/>
                    <lemma type="sit"/>
                </token>
                <token content="down" id="7-3">
                    <pos type="RP"/>
                    <lemma type="down"/>
                    <dep head="7-2" type="prt"/>
                </token>
                <token content="and" id="7-4"/>
                <token content="put" id="7-5">
                    <pos type="VBP"/>
                    <lemma type="put"/>
                    <dep head="7-2" type="conj"/>
                </token>
                <token content="my" id="7-6">
                    <pos type="PRP$"/>
                    <lemma type="my"/>
                </token>
                <token content="seat" id="7-7">
                    <pos type="NN"/>
                    <lemma type="seat"/>
                </token>
                <token content="belt" id="7-8">
                    <pos type="NN"/>
                    <lemma type="belt"/>
                    <dep head="7-5" type="dobj"/>
                </token>
                <token content="on" id="7-9">
                    <pos type="RP"/>
                    <lemma type="on"/>
                    <dep head="7-5" type="prt"/>
                </token>
                <token content="." id="7-10"/>
            </sentence>
            <sentence id="8">
                <token content="Before" id="8-1">
                    <pos type="IN"/>
                    <lemma type="before"/>
                    <dep head="8-5" type="mark"/>
                </token>
                <token content="the" id="8-2">
                    <pos type="DT"/>
                    <lemma type="the"/>
                </token>
                <token content="flight" id="8-3">
                    <pos type="NN"/>
                    <lemma type="flight"/>
                    <dep head="8-5" type="nsubj"/>
                </token>
                <token content="could" id="8-4">
                    <pos type="MD"/>
                    <lemma type="could"/>
                    <dep head="8-5" type="aux"/>
                </token>
                <token content="take" id="8-5">
                    <pos type="VB"/>
                    <lemma type="take"/>
                    <dep head="8-10" type="csubj"/>
                </token>
                <token content="off" id="8-6">
                    <pos type="RP"/>
                    <lemma type="off"/>
                    <dep head="8-5" type="prt"/>
                </token>
                <token content="a" id="8-7">
                    <pos type="DT"/>
                    <lemma type="a"/>
                </token>
                <token content="flight" id="8-8">
                    <pos type="NN"/>
                    <lemma type="flight"/>
                </token>
                <token content="attendant" id="8-9">
                    <pos type="NN"/>
                    <lemma type="attendant"/>
                    <dep head="8-5" type="dobj"/>
                </token>
                <token content="had" id="8-10">
                    <pos type="VBD"/>
                    <lemma type="have"/>
                </token>
                <token content="to" id="8-11">
                    <pos type="TO"/>
                    <lemma type="to"/>
                    <dep head="8-12" type="aux"/>
                </token>
                <token content="give" id="8-12">
                    <pos type="VB"/>
                    <lemma type="give"/>
                    <dep head="8-10" type="xcomp"/>
                </token>
                <token content="some" id="8-13">
                    <pos type="DT"/>
                    <lemma type="some"/>
                </token>
                <token content="important" id="8-14">
                    <pos type="JJ"/>
                    <lemma type="important"/>
                </token>
                <token content="safety" id="8-15">
                    <pos type="NN"/>
                    <lemma type="safety"/>
                    <dep head="8-12" type="iobj"/>
                </token>
                <token content="instructions" id="8-16">
                    <pos type="NNS"/>
                    <lemma type="instruction"/>
                    <dep head="8-12" type="dobj"/>
                </token>
                <token content="." id="8-17"/>
            </sentence>
            <sentence id="9">
                <token content="I" id="9-1">
                    <pos type="PRP"/>
                    <lemma type="I"/>
                    <dep head="9-2" type="nsubj"/>
                </token>
                <token content="listened" id="9-2">
                    <pos type="VBD"/>
                    <lemma type="listen"/>
                </token>
                <token content="carefully" id="9-3">
                    <pos type="RB"/>
                    <lemma type="carefully"/>
                </token>
                <token content="so" id="9-4">
                    <pos type="RB"/>
                    <lemma type="so"/>
                    <dep head="9-2" type="advmod"/>
                </token>
                <token content="that" id="9-5">
                    <pos type="IN"/>
                    <lemma type="that"/>
                    <dep head="9-8" type="mark"/>
                </token>
                <token content="I" id="9-6">
                    <pos type="PRP"/>
                    <lemma type="I"/>
                    <dep head="9-8" type="nsubj"/>
                </token>
                <token content="would" id="9-7">
                    <pos type="MD"/>
                    <lemma type="would"/>
                    <dep head="9-8" type="aux"/>
                </token>
                <token content="know" id="9-8">
                    <pos type="VB"/>
                    <lemma type="know"/>
                    <dep head="9-2" type="ccomp"/>
                </token>
                <token content="what" id="9-9">
                    <pos type="WP"/>
                    <lemma type="what"/>
                    <dep head="9-11" type="nsubj"/>
                </token>
                <token content="to" id="9-10">
                    <pos type="TO"/>
                    <lemma type="to"/>
                    <dep head="9-11" type="aux"/>
                </token>
                <token content="do" id="9-11">
                    <pos type="VB"/>
                    <lemma type="do"/>
                    <dep head="9-8" type="ccomp"/>
                </token>
                <token content="in" id="9-12"/>
                <token content="an" id="9-13">
                    <pos type="DT"/>
                    <lemma type="a"/>
                </token>
                <token content="emergency" id="9-14">
                    <pos type="NN"/>
                    <lemma type="emergency"/>
                    <dep head="9-11" type="prep"/>
                </token>
                <token content="." id="9-15"/>
            </sentence>
            <sentence id="10">
                <token content="Then" id="10-1">
                    <pos type="RB"/>
                    <lemma type="then"/>
                    <dep head="10-3" type="advmod"/>
                </token>
                <token content="I" id="10-2">
                    <pos type="PRP"/>
                    <lemma type="I"/>
                    <dep head="10-3" type="nsubj"/>
                </token>
                <token content="sat" id="10-3">
                    <pos type="VBD"/>
                    <lemma type="sit"/>
                </token>
                <token content="back" id="10-4">
                    <pos type="RB"/>
                    <lemma type="back"/>
                    <dep head="10-3" type="advmod"/>
                </token>
                <token content="and" id="10-5"/>
                <token content="waited" id="10-6">
                    <pos type="VBD"/>
                    <lemma type="wait"/>
                    <dep head="10-3" type="conj"/>
                </token>
                <token content="for" id="10-7"/>
                <token content="the" id="10-8">
                    <pos type="DT"/>
                    <lemma type="the"/>
                </token>
                <token content="plane" id="10-9">
                    <pos type="NN"/>
                    <lemma type="plane"/>
                    <dep head="10-6" type="prep"/>
                </token>
                <token content="to" id="10-10">
                    <pos type="TO"/>
                    <lemma type="to"/>
                    <dep head="10-11" type="aux"/>
                </token>
                <token content="take" id="10-11">
                    <pos type="VB"/>
                    <lemma type="take"/>
                    <dep head="10-6" type="xcomp"/>
                </token>
                <token content="off" id="10-12">
                    <pos type="RP"/>
                    <lemma type="off"/>
                    <dep head="10-11" type="prt"/>
                </token>
                <token content="." id="10-13"/>
            </sentence>
            <sentence id="11">
                <token content="I" id="11-1">
                    <pos type="PRP"/>
                    <lemma type="I"/>
                    <dep head="11-3" type="nsubjpass"/>
                </token>
                <token content="was" id="11-2">
                    <pos type="VBD"/>
                    <lemma type="be"/>
                    <dep head="11-3" type="auxpass"/>
                </token>
                <token content="surprised" id="11-3">
                    <pos type="VBN"/>
                    <lemma type="surprise"/>
                </token>
                <token content="by" id="11-4"/>
                <token content="how" id="11-5">
                    <pos type="WRB"/>
                    <lemma type="how"/>
                </token>
                <token content="loud" id="11-6">
                    <pos type="JJ"/>
                    <lemma type="loud"/>
                    <dep head="11-9" type="dep"/>
                </token>
                <token content="the" id="11-7">
                    <pos type="DT"/>
                    <lemma type="the"/>
                </token>
                <token content="engines" id="11-8">
                    <pos type="NNS"/>
                    <lemma type="engine"/>
                    <dep head="11-9" type="nsubj"/>
                </token>
                <token content="were" id="11-9">
                    <pos type="VBD"/>
                    <lemma type="be"/>
                    <dep head="11-3" type="agent"/>
                </token>
                <token content="when" id="11-10">
                    <pos type="WRB"/>
                    <lemma type="when"/>
                    <dep head="11-13" type="advmod"/>
                </token>
                <token content="the" id="11-11">
                    <pos type="DT"/>
                    <lemma type="the"/>
                </token>
                <token content="plane" id="11-12">
                    <pos type="NN"/>
                    <lemma type="plane"/>
                    <dep head="11-13" type="nsubj"/>
                </token>
                <token content="started" id="11-13">
                    <pos type="VBD"/>
                    <lemma type="start"/>
                    <dep head="11-9" type="advcl"/>
                </token>
                <token content="moving" id="11-14">
                    <pos type="VBG"/>
                    <lemma type="move"/>
                    <dep head="11-13" type="xcomp"/>
                </token>
                <token content="." id="11-15"/>
            </sentence>
            <sentence id="12">
                <token content="When" id="12-1">
                    <pos type="WRB"/>
                    <lemma type="when"/>
                    <dep head="12-3" type="advmod"/>
                </token>
                <token content="it" id="12-2">
                    <pos type="PRP"/>
                    <lemma type="it"/>
                    <dep head="12-3" type="nsubj"/>
                </token>
                <token content="took" id="12-3">
                    <pos type="VBD"/>
                    <lemma type="take"/>
                </token>
                <token content="off" id="12-4">
                    <pos type="RP"/>
                    <lemma type="off"/>
                    <dep head="12-3" type="prt"/>
                </token>
                <token content="and" id="12-5"/>
                <token content="rose" id="12-6">
                    <pos type="VBD"/>
                    <lemma type="rise"/>
                    <dep head="12-3" type="conj"/>
                </token>
                <token content="up" id="12-7">
                    <pos type="RP"/>
                    <lemma type="up"/>
                    <dep head="12-6" type="prt"/>
                </token>
                <token content="into" id="12-8"/>
                <token content="the" id="12-9">
                    <pos type="DT"/>
                    <lemma type="the"/>
                </token>
                <token content="air" id="12-10">
                    <pos type="NN"/>
                    <lemma type="air"/>
                    <dep head="12-6" type="prep"/>
                </token>
                <token content="," id="12-11"/>
                <token content="I" id="12-12">
                    <pos type="PRP"/>
                    <lemma type="I"/>
                </token>
                <token content="was" id="12-13">
                    <pos type="VBD"/>
                    <lemma type="be"/>
                </token>
                <token content="so" id="12-14">
                    <pos type="RB"/>
                    <lemma type="so"/>
                </token>
                <token content="excited" id="12-15">
                    <pos type="JJ"/>
                    <lemma type="excited"/>
                </token>
                <token content="I" id="12-16">
                    <pos type="PRP"/>
                    <lemma type="I"/>
                    <dep head="12-19" type="nsubj"/>
                </token>
                <token content="could" id="12-17">
                    <pos type="MD"/>
                    <lemma type="could"/>
                    <dep head="12-19" type="aux"/>
                </token>
                <token content="hardly" id="12-18">
                    <pos type="RB"/>
                    <lemma type="hardly"/>
                    <dep head="12-19" type="advmod"/>
                </token>
                <token content="stand" id="12-19">
                    <pos type="VB"/>
                    <lemma type="stand"/>
                </token>
                <token content="it" id="12-20">
                    <pos type="PRP"/>
                    <lemma type="it"/>
                    <dep head="12-19" type="dobj"/>
                </token>
                <token content="." id="12-21"/>
            </sentence>
            <sentence id="13">
                <token content="This" id="13-1">
                    <pos type="DT"/>
                    <lemma type="this"/>
                    <dep head="13-3" type="nsubj"/>
                </token>
                <token content="was" id="13-2">
                    <pos type="VBD"/>
                    <lemma type="be"/>
                    <dep head="13-3" type="aux"/>
                </token>
                <token content="going" id="13-3">
                    <pos type="VBG"/>
                    <lemma type="go"/>
                </token>
                <token content="to" id="13-4">
                    <pos type="TO"/>
                    <lemma type="to"/>
                </token>
                <token content="be" id="13-5">
                    <pos type="VB"/>
                    <lemma type="be"/>
                </token>
                <token content="fun" id="13-6">
                    <pos type="NN"/>
                    <lemma type="fun"/>
                    <dep head="13-3" type="xcomp"/>
                </token>
                <token content="!" id="13-7"/>
            </sentence>
        </sentences>
    </text>
    <annotations>
        <participants>
            <label from="1-2" id="0" name="NPart" text="year" type="participant"/>
            <label from="1-3" id="1" name="ScrPart_passenger" text="I" type="participant"/>
            <label from="1-7" id="2" name="ScrPart_passenger" text="my" type="participant"/>
            <label from="1-8" id="3" name="NPart" text="cousins" type="participant"/>
            <label from="1-10" id="4" name="ScrPart_target_location" text="California" type="participant"/>
            <label from="2-2" id="5" name="ScrPart_passenger" text="I" type="participant"/>
            <label from="2-5" id="6" name="ScrPart_target_location" text="New York" to="2-6" type="participant"/>
            <label from="2-8" id="7" name="ScrPart_passenger" text="I" type="participant"/>
            <label from="2-14" id="8" name="ScrPart_plane" text="airplane" type="participant"/>
            <label from="2-17" id="9" name="ScrPart_target_location" text="there" type="participant"/>
            <label from="3-1" id="10" name="ScrPart_passenger" text="I" type="participant"/>
            <label from="3-4" id="11" name="ScrPart_ticket" text="ticket" type="participant"/>
            <label from="3-7" id="12" name="ScrPart_other" text="ticket counter" to="3-8" type="participant"/>
            <label from="3-8" id="13" name="ScrPart_other" text="counter" type="participant"/>
            <label from="3-14" id="14" name="ScrPart_terminal/gate" text="gate" type="participant"/>
            <label from="3-16" id="15" name="ScrPart_passenger" text="I" type="participant"/>
            <label from="3-21" id="16" name="ScrPart_plane" text="airplane" type="participant"/>
            <label from="4-1" id="17" name="ScrPart_passenger" text="I" type="participant"/>
            <label from="4-6" id="18" name="ScrPart_other" text="announcement" type="participant"/>
            <label from="4-15" id="19" name="ScrPart_line" text="line" type="participant"/>
            <label from="5-2" id="20" name="ScrPart_passenger" text="I" type="participant"/>
            <label from="5-6" id="21" name="ScrPart_plane" text="plane" type="participant"/>
            <label from="5-8" id="22" name="ScrPart_passenger" text="I" type="participant"/>
            <label from="5-10" id="23" name="ScrPart_passenger" text="my" type="participant"/>
            <label from="5-11" id="24" name="ScrPart_carry_on_luggage" text="suitcase" type="participant"/>
            <label from="5-15" id="25" name="ScrPart_storage" text="compartment" type="participant"/>
            <label from="5-18" id="26" name="ScrPart_passenger" text="my" type="participant"/>
            <label from="5-19" id="27" name="ScrPart_seat" text="seat" type="participant"/>
            <label from="6-1" id="28" name="ScrPart_passenger" text="I" type="participant"/>
            <label from="6-5" id="29" name="ScrPart_seat" text="seat" type="participant"/>
            <label from="6-8" id="30" name="NPart" text="window" type="participant"/>
            <label from="6-11" id="31" name="ScrPart_passenger" text="I" type="participant"/>
            <label from="6-16" id="32" name="NPart" text="clouds" type="participant"/>
            <label from="6-19" id="33" name="NPart" text="cities" type="participant"/>
            <label from="6-21" id="34" name="ScrPart_passenger" text="me" type="participant"/>
            <label from="7-1" id="35" name="ScrPart_passenger" text="I" type="participant"/>
            <label from="7-6" id="36" name="ScrPart_passenger" text="my" type="participant"/>
            <label from="7-7" id="37" name="ScrPart_seat_belt" text="seat belt" to="7-8" type="participant"/>
            <label from="7-8" id="38" name="ScrPart_seat_belt" text="belt" type="participant"/>
            <label from="8-3" id="39" name="ScrPart_flight" text="flight" type="participant"/>
            <label from="8-8" id="40" name="ScrPart_staff" text="flight attendant" to="8-9" type="participant"/>
            <label from="8-9" id="41" name="ScrPart_staff" text="attendant" type="participant"/>
            <label from="8-15" id="42" name="NPart" text="safety instructions" to="8-16" type="participant"/>
            <label from="8-16" id="43" name="NPart" text="instructions" type="participant"/>
            <label from="9-1" id="44" name="ScrPart_passenger" text="I" type="participant"/>
            <label from="9-6" id="45" name="ScrPart_passenger" text="I" type="participant"/>
            <label from="9-14" id="46" name="NPart" text="emergency" type="participant"/>
            <label from="10-2" id="47" name="ScrPart_passenger" text="I" type="participant"/>
            <label from="10-9" id="48" name="ScrPart_plane" text="plane" type="participant"/>
            <label from="11-1" id="49" name="ScrPart_passenger" text="I" type="participant"/>
            <label from="11-8" id="50" name="ScrPart_other" text="engines" type="participant"/>
            <label from="11-12" id="51" name="ScrPart_plane" text="plane" type="participant"/>
            <label from="12-2" id="52" name="ScrPart_plane" text="it" type="participant"/>
            <label from="12-10" id="53" name="ScrPart_location_airplane" text="air" type="participant"/>
            <label from="12-12" id="54" name="ScrPart_passenger" text="I" type="participant"/>
            <label from="12-16" id="55" name="ScrPart_passenger" text="I" type="participant"/>
            <label from="12-20" id="56" name="No_label" text="it" type="participant"/>
            <label from="13-6" id="57" name="NPart" text="fun" type="participant"/>
        </participants>
        <events>
            <label from="1-4" id="58" name="UnrelEv" text="went" type="event"/>
            <label from="1-6" id="59" name="RelNScrEv" text="visit" type="event"/>
            <label from="2-3" id="60" name="UnrelEv" text="live" type="event"/>
            <label from="2-11" id="61" name="Evoking" text="fly in an airplane" to="2-14" type="event"/>
            <label from="3-2" id="62" name="ScrEv_get_ticket" text="purchased" type="event"/>
            <label from="3-11" id="63" name="ScrEv_find_terminal" text="went" type="event"/>
            <label from="3-18" id="64" name="ScrEv_board_plane" text="get" type="event"/>
            <label from="4-2" id="65" name="ScrEv_listen_call" text="listened" type="event"/>
            <label from="4-8" id="66" name="ScrEv_board_plane" text="boarding" type="event"/>
            <label from="4-12" id="67" name="UnrelEv" text="was" type="event"/>
            <label from="4-17" id="68" name="ScrEv_board_plane" text="get on" to="4-18" type="event"/>
            <label from="5-3" id="69" name="UnrelEv" text="was" type="event"/>
            <label from="5-9" id="70" name="ScrEv_stow_away_luggage" text="put" type="event"/>
            <label from="5-17" id="71" name="RelNScrEv" text="found" type="event"/>
            <label from="6-3" id="72" name="RelNScrEv" text="chosen" type="event"/>
            <label from="6-14" id="73" name="RelNScrEv" text="see" type="event"/>
            <label from="7-2" id="74" name="ScrEv_take_seat" text="sat down" to="7-3" type="event"/>
            <label from="7-5" id="75" name="ScrEv_buckle_seat_belt" text="put" type="event"/>
            <label from="8-5" id="76" name="ScrEv_take_off" text="take off" to="8-6" type="event"/>
            <label from="8-12" id="77" name="ScrEv_listen_crew" text="give" type="event"/>
            <label from="9-2" id="78" name="ScrEv_listen_crew" text="listened" type="event"/>
            <label from="9-8" id="79" name="UnrelEv" text="know" type="event"/>
            <label from="9-11" id="80" name="UnrelEv" text="do" type="event"/>
            <label from="10-3" id="81" name="RelNScrEv" text="sat back" to="10-4" type="event"/>
            <label from="10-6" id="82" name="RelNScrEv" text="waited" type="event"/>
            <label from="10-11" id="83" name="ScrEv_take_off" text="take off" to="10-12" type="event"/>
            <label from="11-2" id="84" name="UnrelEv" text="was" type="event"/>
            <label from="11-9" id="85" name="UnrelEv" text="were" type="event"/>
            <label from="11-14" id="86" name="ScrEv_take_off_preparations" text="moving" type="event"/>
            <label from="12-3" id="87" name="ScrEv_take_off" text="took off" to="12-4" type="event"/>
            <label from="12-6" id="88" name="ScrEv_take_off" text="rose up" to="12-7" type="event"/>
            <label from="12-13" id="89" name="UnrelEv" text="was" type="event"/>
            <label from="12-19" id="90" name="UnrelEv" text="stand" type="event"/>
            <label from="13-5" id="91" name="UnrelEv" text="be" type="event"/>
        </events>
        <chains>
            <chain elements="1 2 5 7 10 15 17 20 22 23 26 28 31 34 35 36 44 45 47 49 54 55"/>
            <chain elements="4 9 6"/>
            <chain elements="8 16 21 48 51 52"/>
            <chain elements="27 29"/>
        </chains>
    </annotations>
</story>
