<?xml version="1.0" encoding="UTF-8" standalone="no"?>
<!DOCTYPE story SYSTEM "../InScript.dtd">
<story id="011" scenario="flight">
    <text>
        <content>Two years ago was my first and only airplane flight . 
I was moving from the state of Kansas to the state of Washington , permanently . 
I had ordered my tickets three months in advance , with a little bit of hassle due to rescheduling -LRB- it was free , thankfully , -RRB- and met with my parents at the airport . 
After they wished me goodbye I took my luggage to the security area , got cleared ten minutes in advance , and waited for my plane , listening carefully for my number while I played my Nintendo DS . 
After that , we were all filed single line into my plane , and I took a seat - it was an open seated plane - and I waited to take off ! 
It was super shaky due to turbulence but the flight was otherwise a very boring two hours - I fell asleep several times waiting for us to get there , and also ordered soda and a few snacks . 
I was allowed to play my games on the plane as long as it did n't use any wireless networks , but they got boring after a while . 
When I got off , I made sure to grab my carry-on and meet my ride to the new place at the Washington airport ! </content>
        <sentences>
            <sentence id="1">
                <token content="Two" id="1-1">
                    <pos type="CD"/>
                    <lemma type="two"/>
                </token>
                <token content="years" id="1-2">
                    <pos type="NNS"/>
                    <lemma type="year"/>
                </token>
                <token content="ago" id="1-3">
                    <pos type="IN"/>
                    <lemma type="ago"/>
                </token>
                <token content="was" id="1-4">
                    <pos type="VBD"/>
                    <lemma type="be"/>
                </token>
                <token content="my" id="1-5">
                    <pos type="PRP$"/>
                    <lemma type="my"/>
                </token>
                <token content="first" id="1-6">
                    <pos type="JJ"/>
                    <lemma type="first"/>
                </token>
                <token content="and" id="1-7"/>
                <token content="only" id="1-8">
                    <pos type="JJ"/>
                    <lemma type="only"/>
                </token>
                <token content="airplane" id="1-9">
                    <pos type="NN"/>
                    <lemma type="airplane"/>
                </token>
                <token content="flight" id="1-10">
                    <pos type="NN"/>
                    <lemma type="flight"/>
                </token>
                <token content="." id="1-11"/>
            </sentence>
            <sentence id="2">
                <token content="I" id="2-1">
                    <pos type="PRP"/>
                    <lemma type="I"/>
                    <dep head="2-3" type="nsubj"/>
                </token>
                <token content="was" id="2-2">
                    <pos type="VBD"/>
                    <lemma type="be"/>
                    <dep head="2-3" type="aux"/>
                </token>
                <token content="moving" id="2-3">
                    <pos type="VBG"/>
                    <lemma type="move"/>
                </token>
                <token content="from" id="2-4"/>
                <token content="the" id="2-5">
                    <pos type="DT"/>
                    <lemma type="the"/>
                </token>
                <token content="state" id="2-6">
                    <pos type="NN"/>
                    <lemma type="state"/>
                    <dep head="2-3" type="prep"/>
                </token>
                <token content="of" id="2-7"/>
                <token content="Kansas" id="2-8">
                    <pos type="NNP"/>
                    <lemma type="Kansas"/>
                </token>
                <token content="to" id="2-9"/>
                <token content="the" id="2-10">
                    <pos type="DT"/>
                    <lemma type="the"/>
                </token>
                <token content="state" id="2-11">
                    <pos type="NN"/>
                    <lemma type="state"/>
                    <dep head="2-3" type="prep"/>
                </token>
                <token content="of" id="2-12"/>
                <token content="Washington" id="2-13">
                    <pos type="NNP"/>
                    <lemma type="Washington"/>
                </token>
                <token content="," id="2-14"/>
                <token content="permanently" id="2-15">
                    <pos type="RB"/>
                    <lemma type="permanently"/>
                    <dep head="2-3" type="advmod"/>
                </token>
                <token content="." id="2-16"/>
            </sentence>
            <sentence id="3">
                <token content="I" id="3-1">
                    <pos type="PRP"/>
                    <lemma type="I"/>
                    <dep head="3-3" type="nsubj"/>
                </token>
                <token content="had" id="3-2">
                    <pos type="VBD"/>
                    <lemma type="have"/>
                    <dep head="3-3" type="aux"/>
                </token>
                <token content="ordered" id="3-3">
                    <pos type="VBN"/>
                    <lemma type="order"/>
                </token>
                <token content="my" id="3-4">
                    <pos type="PRP$"/>
                    <lemma type="my"/>
                </token>
                <token content="tickets" id="3-5">
                    <pos type="NNS"/>
                    <lemma type="ticket"/>
                    <dep head="3-3" type="dobj"/>
                </token>
                <token content="three" id="3-6">
                    <pos type="CD"/>
                    <lemma type="three"/>
                </token>
                <token content="months" id="3-7">
                    <pos type="NNS"/>
                    <lemma type="month"/>
                    <dep head="3-3" type="npadvmod"/>
                </token>
                <token content="in" id="3-8"/>
                <token content="advance" id="3-9">
                    <pos type="NN"/>
                    <lemma type="advance"/>
                    <dep head="3-3" type="prep"/>
                </token>
                <token content="," id="3-10"/>
                <token content="with" id="3-11"/>
                <token content="a" id="3-12">
                    <pos type="DT"/>
                    <lemma type="a"/>
                </token>
                <token content="little" id="3-13">
                    <pos type="JJ"/>
                    <lemma type="little"/>
                </token>
                <token content="bit" id="3-14">
                    <pos type="NN"/>
                    <lemma type="bit"/>
                    <dep head="3-3" type="prep"/>
                </token>
                <token content="of" id="3-15"/>
                <token content="hassle" id="3-16">
                    <pos type="NN"/>
                    <lemma type="hassle"/>
                </token>
                <token content="due" id="3-17"/>
                <token content="to" id="3-18"/>
                <token content="rescheduling" id="3-19">
                    <pos type="VBG"/>
                    <lemma type="reschedule"/>
                </token>
                <token content="-LRB-" id="3-20"/>
                <token content="it" id="3-21">
                    <pos type="PRP"/>
                    <lemma type="it"/>
                </token>
                <token content="was" id="3-22">
                    <pos type="VBD"/>
                    <lemma type="be"/>
                </token>
                <token content="free" id="3-23">
                    <pos type="JJ"/>
                    <lemma type="free"/>
                    <dep head="3-3" type="parataxis"/>
                </token>
                <token content="," id="3-24"/>
                <token content="thankfully" id="3-25">
                    <pos type="RB"/>
                    <lemma type="thankfully"/>
                </token>
                <token content="," id="3-26"/>
                <token content="-RRB-" id="3-27"/>
                <token content="and" id="3-28"/>
                <token content="met" id="3-29">
                    <pos type="VBN"/>
                    <lemma type="meet"/>
                    <dep head="3-3" type="conj"/>
                </token>
                <token content="with" id="3-30"/>
                <token content="my" id="3-31">
                    <pos type="PRP$"/>
                    <lemma type="my"/>
                </token>
                <token content="parents" id="3-32">
                    <pos type="NNS"/>
                    <lemma type="parent"/>
                    <dep head="3-29" type="prep"/>
                </token>
                <token content="at" id="3-33"/>
                <token content="the" id="3-34">
                    <pos type="DT"/>
                    <lemma type="the"/>
                </token>
                <token content="airport" id="3-35">
                    <pos type="NN"/>
                    <lemma type="airport"/>
                    <dep head="3-29" type="prep"/>
                </token>
                <token content="." id="3-36"/>
            </sentence>
            <sentence id="4">
                <token content="After" id="4-1">
                    <pos type="IN"/>
                    <lemma type="after"/>
                    <dep head="4-3" type="mark"/>
                </token>
                <token content="they" id="4-2">
                    <pos type="PRP"/>
                    <lemma type="they"/>
                    <dep head="4-3" type="nsubj"/>
                </token>
                <token content="wished" id="4-3">
                    <pos type="VBD"/>
                    <lemma type="wish"/>
                    <dep head="4-16" type="advcl"/>
                </token>
                <token content="me" id="4-4">
                    <pos type="PRP"/>
                    <lemma type="I"/>
                    <dep head="4-5" type="nsubj"/>
                </token>
                <token content="goodbye" id="4-5">
                    <pos type="VBP"/>
                    <lemma type="goodbye"/>
                    <dep head="4-3" type="ccomp"/>
                </token>
                <token content="I" id="4-6">
                    <pos type="PRP"/>
                    <lemma type="I"/>
                    <dep head="4-7" type="nsubj"/>
                </token>
                <token content="took" id="4-7">
                    <pos type="VBD"/>
                    <lemma type="take"/>
                    <dep head="4-5" type="ccomp"/>
                </token>
                <token content="my" id="4-8">
                    <pos type="PRP$"/>
                    <lemma type="my"/>
                </token>
                <token content="luggage" id="4-9">
                    <pos type="NN"/>
                    <lemma type="luggage"/>
                    <dep head="4-7" type="dobj"/>
                </token>
                <token content="to" id="4-10"/>
                <token content="the" id="4-11">
                    <pos type="DT"/>
                    <lemma type="the"/>
                </token>
                <token content="security" id="4-12">
                    <pos type="NN"/>
                    <lemma type="security"/>
                </token>
                <token content="area" id="4-13">
                    <pos type="NN"/>
                    <lemma type="area"/>
                    <dep head="4-7" type="prep"/>
                </token>
                <token content="," id="4-14"/>
                <token content="got" id="4-15">
                    <pos type="VBN"/>
                    <lemma type="get"/>
                    <dep head="4-16" type="csubj"/>
                </token>
                <token content="cleared" id="4-16">
                    <pos type="VBD"/>
                    <lemma type="clear"/>
                </token>
                <token content="ten" id="4-17">
                    <pos type="CD"/>
                    <lemma type="ten"/>
                </token>
                <token content="minutes" id="4-18">
                    <pos type="NNS"/>
                    <lemma type="minute"/>
                    <dep head="4-16" type="dobj"/>
                </token>
                <token content="in" id="4-19"/>
                <token content="advance" id="4-20">
                    <pos type="NN"/>
                    <lemma type="advance"/>
                    <dep head="4-16" type="prep"/>
                </token>
                <token content="," id="4-21"/>
                <token content="and" id="4-22"/>
                <token content="waited" id="4-23">
                    <pos type="VBD"/>
                    <lemma type="wait"/>
                    <dep head="4-16" type="conj"/>
                </token>
                <token content="for" id="4-24"/>
                <token content="my" id="4-25">
                    <pos type="PRP$"/>
                    <lemma type="my"/>
                </token>
                <token content="plane" id="4-26">
                    <pos type="NN"/>
                    <lemma type="plane"/>
                    <dep head="4-23" type="prep"/>
                </token>
                <token content="," id="4-27"/>
                <token content="listening" id="4-28">
                    <pos type="VBG"/>
                    <lemma type="listen"/>
                    <dep head="4-23" type="xcomp"/>
                </token>
                <token content="carefully" id="4-29">
                    <pos type="RB"/>
                    <lemma type="carefully"/>
                    <dep head="4-28" type="advmod"/>
                </token>
                <token content="for" id="4-30"/>
                <token content="my" id="4-31">
                    <pos type="PRP$"/>
                    <lemma type="my"/>
                </token>
                <token content="number" id="4-32">
                    <pos type="NN"/>
                    <lemma type="number"/>
                    <dep head="4-28" type="prep"/>
                </token>
                <token content="while" id="4-33">
                    <pos type="IN"/>
                    <lemma type="while"/>
                    <dep head="4-35" type="mark"/>
                </token>
                <token content="I" id="4-34">
                    <pos type="PRP"/>
                    <lemma type="I"/>
                    <dep head="4-35" type="nsubj"/>
                </token>
                <token content="played" id="4-35">
                    <pos type="VBD"/>
                    <lemma type="play"/>
                    <dep head="4-28" type="advcl"/>
                </token>
                <token content="my" id="4-36">
                    <pos type="PRP$"/>
                    <lemma type="my"/>
                </token>
                <token content="Nintendo" id="4-37">
                    <pos type="NNP"/>
                    <lemma type="Nintendo"/>
                </token>
                <token content="DS" id="4-38">
                    <pos type="NNP"/>
                    <lemma type="DS"/>
                    <dep head="4-35" type="dobj"/>
                </token>
                <token content="." id="4-39"/>
            </sentence>
            <sentence id="5">
                <token content="After" id="5-1"/>
                <token content="that" id="5-2">
                    <pos type="DT"/>
                    <lemma type="that"/>
                    <dep head="5-7" type="prep"/>
                </token>
                <token content="," id="5-3"/>
                <token content="we" id="5-4">
                    <pos type="PRP"/>
                    <lemma type="we"/>
                    <dep head="5-7" type="nsubjpass"/>
                </token>
                <token content="were" id="5-5">
                    <pos type="VBD"/>
                    <lemma type="be"/>
                    <dep head="5-7" type="auxpass"/>
                </token>
                <token content="all" id="5-6">
                    <pos type="RB"/>
                    <lemma type="all"/>
                    <dep head="5-7" type="advmod"/>
                </token>
                <token content="filed" id="5-7">
                    <pos type="VBN"/>
                    <lemma type="file"/>
                </token>
                <token content="single" id="5-8">
                    <pos type="JJ"/>
                    <lemma type="single"/>
                </token>
                <token content="line" id="5-9">
                    <pos type="NN"/>
                    <lemma type="line"/>
                    <dep head="5-7" type="dobj"/>
                </token>
                <token content="into" id="5-10"/>
                <token content="my" id="5-11">
                    <pos type="PRP$"/>
                    <lemma type="my"/>
                </token>
                <token content="plane" id="5-12">
                    <pos type="NN"/>
                    <lemma type="plane"/>
                    <dep head="5-7" type="prep"/>
                </token>
                <token content="," id="5-13"/>
                <token content="and" id="5-14"/>
                <token content="I" id="5-15">
                    <pos type="PRP"/>
                    <lemma type="I"/>
                    <dep head="5-16" type="nsubj"/>
                </token>
                <token content="took" id="5-16">
                    <pos type="VBD"/>
                    <lemma type="take"/>
                    <dep head="5-7" type="conj"/>
                </token>
                <token content="a" id="5-17">
                    <pos type="DT"/>
                    <lemma type="a"/>
                </token>
                <token content="seat" id="5-18">
                    <pos type="NN"/>
                    <lemma type="seat"/>
                    <dep head="5-16" type="dobj"/>
                </token>
                <token content="-" id="5-19"/>
                <token content="it" id="5-20">
                    <pos type="PRP"/>
                    <lemma type="it"/>
                </token>
                <token content="was" id="5-21">
                    <pos type="VBD"/>
                    <lemma type="be"/>
                </token>
                <token content="an" id="5-22">
                    <pos type="DT"/>
                    <lemma type="a"/>
                </token>
                <token content="open" id="5-23">
                    <pos type="JJ"/>
                    <lemma type="open"/>
                </token>
                <token content="seated" id="5-24">
                    <pos type="JJ"/>
                    <lemma type="seated"/>
                </token>
                <token content="plane" id="5-25">
                    <pos type="NN"/>
                    <lemma type="plane"/>
                    <dep head="5-7" type="conj"/>
                </token>
                <token content="-" id="5-26"/>
                <token content="and" id="5-27"/>
                <token content="I" id="5-28">
                    <pos type="PRP"/>
                    <lemma type="I"/>
                    <dep head="5-29" type="nsubj"/>
                </token>
                <token content="waited" id="5-29">
                    <pos type="VBD"/>
                    <lemma type="wait"/>
                    <dep head="5-7" type="conj"/>
                </token>
                <token content="to" id="5-30">
                    <pos type="TO"/>
                    <lemma type="to"/>
                    <dep head="5-31" type="aux"/>
                </token>
                <token content="take" id="5-31">
                    <pos type="VB"/>
                    <lemma type="take"/>
                    <dep head="5-29" type="xcomp"/>
                </token>
                <token content="off" id="5-32">
                    <pos type="RP"/>
                    <lemma type="off"/>
                    <dep head="5-31" type="prt"/>
                </token>
                <token content="!" id="5-33"/>
            </sentence>
            <sentence id="6">
                <token content="It" id="6-1">
                    <pos type="PRP"/>
                    <lemma type="it"/>
                </token>
                <token content="was" id="6-2">
                    <pos type="VBD"/>
                    <lemma type="be"/>
                </token>
                <token content="super" id="6-3">
                    <pos type="RB"/>
                    <lemma type="super"/>
                </token>
                <token content="shaky" id="6-4">
                    <pos type="JJ"/>
                    <lemma type="shaky"/>
                </token>
                <token content="due" id="6-5">
                    <pos type="JJ"/>
                    <lemma type="due"/>
                </token>
                <token content="to" id="6-6"/>
                <token content="turbulence" id="6-7">
                    <pos type="NN"/>
                    <lemma type="turbulence"/>
                </token>
                <token content="but" id="6-8"/>
                <token content="the" id="6-9">
                    <pos type="DT"/>
                    <lemma type="the"/>
                </token>
                <token content="flight" id="6-10">
                    <pos type="NN"/>
                    <lemma type="flight"/>
                </token>
                <token content="was" id="6-11">
                    <pos type="VBD"/>
                    <lemma type="be"/>
                </token>
                <token content="otherwise" id="6-12">
                    <pos type="RB"/>
                    <lemma type="otherwise"/>
                </token>
                <token content="a" id="6-13">
                    <pos type="DT"/>
                    <lemma type="a"/>
                </token>
                <token content="very" id="6-14">
                    <pos type="RB"/>
                    <lemma type="very"/>
                </token>
                <token content="boring" id="6-15">
                    <pos type="JJ"/>
                    <lemma type="boring"/>
                </token>
                <token content="two" id="6-16">
                    <pos type="CD"/>
                    <lemma type="two"/>
                </token>
                <token content="hours" id="6-17">
                    <pos type="NNS"/>
                    <lemma type="hour"/>
                </token>
                <token content="-" id="6-18"/>
                <token content="I" id="6-19">
                    <pos type="PRP"/>
                    <lemma type="I"/>
                    <dep head="6-20" type="nsubj"/>
                </token>
                <token content="fell" id="6-20">
                    <pos type="VBD"/>
                    <lemma type="fall"/>
                </token>
                <token content="asleep" id="6-21">
                    <pos type="RB"/>
                    <lemma type="asleep"/>
                    <dep head="6-20" type="dep"/>
                </token>
                <token content="several" id="6-22">
                    <pos type="JJ"/>
                    <lemma type="several"/>
                </token>
                <token content="times" id="6-23">
                    <pos type="NNS"/>
                    <lemma type="time"/>
                </token>
                <token content="waiting" id="6-24">
                    <pos type="VBG"/>
                    <lemma type="wait"/>
                </token>
                <token content="for" id="6-25"/>
                <token content="us" id="6-26">
                    <pos type="PRP"/>
                    <lemma type="we"/>
                    <dep head="6-24" type="prep"/>
                </token>
                <token content="to" id="6-27">
                    <pos type="TO"/>
                    <lemma type="to"/>
                    <dep head="6-28" type="aux"/>
                </token>
                <token content="get" id="6-28">
                    <pos type="VB"/>
                    <lemma type="get"/>
                    <dep head="6-24" type="xcomp"/>
                </token>
                <token content="there" id="6-29">
                    <pos type="RB"/>
                    <lemma type="there"/>
                    <dep head="6-28" type="advmod"/>
                </token>
                <token content="," id="6-30"/>
                <token content="and" id="6-31"/>
                <token content="also" id="6-32">
                    <pos type="RB"/>
                    <lemma type="also"/>
                    <dep head="6-33" type="advmod"/>
                </token>
                <token content="ordered" id="6-33">
                    <pos type="VBD"/>
                    <lemma type="order"/>
                    <dep head="6-20" type="conj"/>
                </token>
                <token content="soda" id="6-34">
                    <pos type="NN"/>
                    <lemma type="soda"/>
                    <dep head="6-33" type="dobj"/>
                </token>
                <token content="and" id="6-35"/>
                <token content="a" id="6-36">
                    <pos type="DT"/>
                    <lemma type="a"/>
                </token>
                <token content="few" id="6-37">
                    <pos type="JJ"/>
                    <lemma type="few"/>
                </token>
                <token content="snacks" id="6-38">
                    <pos type="NNS"/>
                    <lemma type="snack"/>
                </token>
                <token content="." id="6-39"/>
            </sentence>
            <sentence id="7">
                <token content="I" id="7-1">
                    <pos type="PRP"/>
                    <lemma type="I"/>
                    <dep head="7-3" type="nsubjpass"/>
                </token>
                <token content="was" id="7-2">
                    <pos type="VBD"/>
                    <lemma type="be"/>
                    <dep head="7-3" type="auxpass"/>
                </token>
                <token content="allowed" id="7-3">
                    <pos type="VBN"/>
                    <lemma type="allow"/>
                </token>
                <token content="to" id="7-4">
                    <pos type="TO"/>
                    <lemma type="to"/>
                    <dep head="7-5" type="aux"/>
                </token>
                <token content="play" id="7-5">
                    <pos type="VB"/>
                    <lemma type="play"/>
                    <dep head="7-3" type="xcomp"/>
                </token>
                <token content="my" id="7-6">
                    <pos type="PRP$"/>
                    <lemma type="my"/>
                </token>
                <token content="games" id="7-7">
                    <pos type="NNS"/>
                    <lemma type="game"/>
                    <dep head="7-5" type="dobj"/>
                </token>
                <token content="on" id="7-8"/>
                <token content="the" id="7-9">
                    <pos type="DT"/>
                    <lemma type="the"/>
                </token>
                <token content="plane" id="7-10">
                    <pos type="NN"/>
                    <lemma type="plane"/>
                    <dep head="7-5" type="prep"/>
                </token>
                <token content="as" id="7-11">
                    <pos type="RB"/>
                    <lemma type="as"/>
                </token>
                <token content="long" id="7-12">
                    <pos type="RB"/>
                    <lemma type="long"/>
                    <dep head="7-5" type="advmod"/>
                </token>
                <token content="as" id="7-13">
                    <pos type="IN"/>
                    <lemma type="as"/>
                    <dep head="7-17" type="mark"/>
                </token>
                <token content="it" id="7-14">
                    <pos type="PRP"/>
                    <lemma type="it"/>
                    <dep head="7-17" type="nsubj"/>
                </token>
                <token content="did" id="7-15">
                    <pos type="VBD"/>
                    <lemma type="do"/>
                    <dep head="7-17" type="aux"/>
                </token>
                <token content="n't" id="7-16">
                    <pos type="RB"/>
                    <lemma type="not"/>
                    <dep head="7-17" type="neg"/>
                </token>
                <token content="use" id="7-17">
                    <pos type="VB"/>
                    <lemma type="use"/>
                </token>
                <token content="any" id="7-18">
                    <pos type="DT"/>
                    <lemma type="any"/>
                </token>
                <token content="wireless" id="7-19">
                    <pos type="JJ"/>
                    <lemma type="wireless"/>
                </token>
                <token content="networks" id="7-20">
                    <pos type="NNS"/>
                    <lemma type="network"/>
                    <dep head="7-17" type="dobj"/>
                </token>
                <token content="," id="7-21"/>
                <token content="but" id="7-22"/>
                <token content="they" id="7-23">
                    <pos type="PRP"/>
                    <lemma type="they"/>
                </token>
                <token content="got" id="7-24">
                    <pos type="VBD"/>
                    <lemma type="get"/>
                </token>
                <token content="boring" id="7-25">
                    <pos type="JJ"/>
                    <lemma type="boring"/>
                    <dep head="7-3" type="conj"/>
                </token>
                <token content="after" id="7-26"/>
                <token content="a" id="7-27">
                    <pos type="DT"/>
                    <lemma type="a"/>
                </token>
                <token content="while" id="7-28">
                    <pos type="NN"/>
                    <lemma type="while"/>
                </token>
                <token content="." id="7-29"/>
            </sentence>
            <sentence id="8">
                <token content="When" id="8-1">
                    <pos type="WRB"/>
                    <lemma type="when"/>
                    <dep head="8-3" type="advmod"/>
                </token>
                <token content="I" id="8-2">
                    <pos type="PRP"/>
                    <lemma type="I"/>
                    <dep head="8-3" type="nsubj"/>
                </token>
                <token content="got" id="8-3">
                    <pos type="VBD"/>
                    <lemma type="get"/>
                    <dep head="8-7" type="advcl"/>
                </token>
                <token content="off" id="8-4">
                    <pos type="RP"/>
                    <lemma type="off"/>
                    <dep head="8-3" type="prt"/>
                </token>
                <token content="," id="8-5"/>
                <token content="I" id="8-6">
                    <pos type="PRP"/>
                    <lemma type="I"/>
                    <dep head="8-7" type="nsubj"/>
                </token>
                <token content="made" id="8-7">
                    <pos type="VBD"/>
                    <lemma type="make"/>
                </token>
                <token content="sure" id="8-8">
                    <pos type="JJ"/>
                    <lemma type="sure"/>
                    <dep head="8-7" type="acomp"/>
                </token>
                <token content="to" id="8-9">
                    <pos type="TO"/>
                    <lemma type="to"/>
                    <dep head="8-10" type="aux"/>
                </token>
                <token content="grab" id="8-10">
                    <pos type="VB"/>
                    <lemma type="grab"/>
                </token>
                <token content="my" id="8-11">
                    <pos type="PRP$"/>
                    <lemma type="my"/>
                </token>
                <token content="carry-on" id="8-12">
                    <pos type="NN"/>
                    <lemma type="carry-on"/>
                    <dep head="8-10" type="dobj"/>
                </token>
                <token content="and" id="8-13"/>
                <token content="meet" id="8-14">
                    <pos type="VB"/>
                    <lemma type="meet"/>
                    <dep head="8-10" type="conj"/>
                </token>
                <token content="my" id="8-15">
                    <pos type="PRP$"/>
                    <lemma type="my"/>
                </token>
                <token content="ride" id="8-16">
                    <pos type="NN"/>
                    <lemma type="ride"/>
                    <dep head="8-14" type="dobj"/>
                </token>
                <token content="to" id="8-17"/>
                <token content="the" id="8-18">
                    <pos type="DT"/>
                    <lemma type="the"/>
                </token>
                <token content="new" id="8-19">
                    <pos type="JJ"/>
                    <lemma type="new"/>
                </token>
                <token content="place" id="8-20">
                    <pos type="NN"/>
                    <lemma type="place"/>
                    <dep head="8-14" type="prep"/>
                </token>
                <token content="at" id="8-21"/>
                <token content="the" id="8-22">
                    <pos type="DT"/>
                    <lemma type="the"/>
                </token>
                <token content="Washington" id="8-23">
                    <pos type="NNP"/>
                    <lemma type="Washington"/>
                </token>
                <token content="airport" id="8-24">
                    <pos type="NN"/>
                    <lemma type="airport"/>
                </token>
                <token content="!" id="8-25"/>
            </sentence>
        </sentences>
    </text>
    <annotations>
        <participants>
            <label from="1-2" id="0" name="ScrPart_time/date" text="years" type="participant"/>
            <label from="1-5" id="1" name="ScrPart_passenger" text="my" type="participant"/>
            <label from="1-9" id="2" name="ScrPart_flight" text="airplane flight" to="1-10" type="participant"/>
            <label from="1-10" id="3" name="ScrPart_flight" text="flight" type="participant"/>
            <label from="2-1" id="4" name="ScrPart_passenger" text="I" type="participant"/>
            <label from="2-6" id="5" name="Head_of_Partitive" text="state" type="participant"/>
            <label from="2-8" id="6" name="NPart" text="Kansas" type="participant"/>
            <label from="2-11" id="7" name="Head_of_Partitive" text="state" type="participant"/>
            <label from="2-13" id="8" name="ScrPart_target_location" text="Washington" type="participant"/>
            <label from="3-1" id="9" name="ScrPart_passenger" text="I" type="participant"/>
            <label from="3-4" id="10" name="ScrPart_passenger" text="my" type="participant"/>
            <label from="3-5" id="11" name="ScrPart_ticket" text="tickets" type="participant"/>
            <label from="3-7" id="12" name="ScrPart_time/date" text="months" type="participant"/>
            <label from="3-9" id="13" name="NPart" text="advance" type="participant"/>
            <label from="3-14" id="14" name="No_label" text="bit" type="participant"/>
            <label from="3-16" id="15" name="NPart" text="hassle" type="participant"/>
            <label from="3-21" id="16" name="No_label" text="it" type="participant"/>
            <label from="3-31" id="17" name="ScrPart_passenger" text="my" type="participant"/>
            <label from="3-32" id="18" name="ScrPart_accomp_person" text="parents" type="participant"/>
            <label from="3-35" id="19" name="ScrPart_airport" text="airport" type="participant"/>
            <label from="4-2" id="20" name="ScrPart_accomp_person" text="they" type="participant"/>
            <label from="4-4" id="21" name="ScrPart_passenger" text="me" type="participant"/>
            <label from="4-5" id="22" name="No_label" text="goodbye" type="participant"/>
            <label from="4-6" id="23" name="ScrPart_passenger" text="I" type="participant"/>
            <label from="4-8" id="24" name="ScrPart_passenger" text="my" type="participant"/>
            <label from="4-9" id="25" name="ScrPart_carry_on_luggage" text="luggage" type="participant"/>
            <label from="4-12" id="26" name="ScrPart_security_check" text="security area" to="4-13" type="participant"/>
            <label from="4-13" id="27" name="ScrPart_security_check" text="area" type="participant"/>
            <label from="4-18" id="28" name="ScrPart_time/date" text="minutes" type="participant"/>
            <label from="4-20" id="29" name="NPart" text="advance" type="participant"/>
            <label from="4-25" id="30" name="ScrPart_passenger" text="my" type="participant"/>
            <label from="4-26" id="31" name="ScrPart_plane" text="plane" type="participant"/>
            <label from="4-31" id="32" name="ScrPart_passenger" text="my" type="participant"/>
            <label from="4-32" id="33" name="ScrPart_other" text="number" type="participant"/>
            <label from="4-34" id="34" name="ScrPart_passenger" text="I" type="participant"/>
            <label from="4-36" id="35" name="ScrPart_passenger" text="my" type="participant"/>
            <label from="4-37" id="36" name="NPart" text="Nintendo DS" to="4-38" type="participant"/>
            <label from="5-4" id="37" name="ScrPart_passenger" text="we" type="participant"/>
            <label from="5-9" id="38" name="ScrPart_line" text="line" type="participant"/>
            <label from="5-11" id="39" name="ScrPart_passenger" text="my" type="participant"/>
            <label from="5-12" id="40" name="ScrPart_plane" text="plane" type="participant"/>
            <label from="5-15" id="41" name="ScrPart_passenger" text="I" type="participant"/>
            <label from="5-18" id="42" name="ScrPart_seat" text="seat" type="participant"/>
            <label from="5-20" id="43" name="ScrPart_plane" text="it" type="participant"/>
            <label from="5-25" id="44" name="ScrPart_plane" text="plane" type="participant"/>
            <label from="5-28" id="45" name="ScrPart_passenger" text="I" type="participant"/>
            <label from="6-1" id="46" name="No_label" text="It" type="participant"/>
            <label from="6-7" id="47" name="ScrPart_other" text="turbulence" type="participant"/>
            <label from="6-10" id="48" name="ScrPart_flight" text="flight" type="participant"/>
            <label from="6-17" id="49" name="ScrPart_time/date" text="hours" type="participant"/>
            <label from="6-19" id="50" name="ScrPart_passenger" text="I" type="participant"/>
            <label from="6-23" id="51" name="NPart" text="times" type="participant"/>
            <label from="6-26" id="52" name="ScrPart_plane" text="us" type="participant"/>
            <label from="6-29" id="53" name="ScrPart_target_location" text="there" type="participant"/>
            <label from="6-34" id="54" name="ScrPart_other" text="soda" type="participant"/>
            <label from="6-38" id="55" name="ScrPart_other" text="snacks" type="participant"/>
            <label from="7-1" id="56" name="ScrPart_target_location" text="I" type="participant"/>
            <label from="7-6" id="57" name="ScrPart_target_location" text="my" type="participant"/>
            <label from="7-7" id="58" name="ScrPart_in-flight_entertainment" text="games" type="participant"/>
            <label from="7-10" id="59" name="ScrPart_plane" text="plane" type="participant"/>
            <label from="7-14" id="60" name="No_label" text="it" type="participant"/>
            <label from="7-20" id="61" name="NPart" text="networks" type="participant"/>
            <label from="7-23" id="62" name="ScrPart_in-flight_entertainment" text="they" type="participant"/>
            <label from="7-28" id="63" name="No_label" text="while" type="participant"/>
            <label from="8-2" id="64" name="ScrPart_target_location" text="I" type="participant"/>
            <label from="8-6" id="65" name="ScrPart_target_location" text="I" type="participant"/>
            <label from="8-11" id="66" name="ScrPart_target_location" text="my" type="participant"/>
            <label from="8-12" id="67" name="ScrPart_carry_on_luggage" text="carry-on" type="participant"/>
            <label from="8-15" id="68" name="ScrPart_target_location" text="my" type="participant"/>
            <label from="8-16" id="69" name="ScrPart_accomp_person" text="ride" type="participant"/>
            <label from="8-20" id="70" name="ScrPart_target_location" text="place" type="participant"/>
            <label from="8-23" id="71" name="ScrPart_airport" text="Washington airport" to="8-24" type="participant"/>
            <label from="8-24" id="72" name="ScrPart_airport" text="airport" type="participant"/>
        </participants>
        <events>
            <label from="1-4" id="73" name="UnrelEv" text="was" type="event"/>
            <label from="1-9" id="74" name="Evoking" text="airplane flight" to="1-10" type="event"/>
            <label from="2-3" id="75" name="UnrelEv" text="moving" type="event"/>
            <label from="3-3" id="76" name="ScrEv_get_ticket" text="ordered" type="event"/>
            <label from="3-19" id="77" name="RelNScrEv" text="rescheduling" type="event"/>
            <label from="3-22" id="78" name="UnrelEv" text="was" type="event"/>
            <label from="3-29" id="79" name="RelNScrEv" text="met" type="event"/>
            <label from="4-3" id="80" name="UnrelEv" text="wished" type="event"/>
            <label from="4-7" id="81" name="ScrEv_go_security_checks" text="took" type="event"/>
            <label from="4-16" id="82" name="ScrEv_go_security_checks" text="cleared" type="event"/>
            <label from="4-23" id="83" name="ScrEv_wait_boarding" text="waited" type="event"/>
            <label from="4-28" id="84" name="ScrEv_listen_call" text="listening" type="event"/>
            <label from="4-35" id="85" name="UnrelEv" text="played" type="event"/>
            <label from="5-7" id="86" name="ScrEv_board_plane" text="filed" type="event"/>
            <label from="5-16" id="87" name="ScrEv_take_seat" text="took" type="event"/>
            <label from="5-21" id="88" name="UnrelEv" text="was" type="event"/>
            <label from="5-23" id="89" name="RelNScrEv" text="open seated" to="5-24" type="event"/>
            <label from="5-24" id="90" name="RelNScrEv" text="seated" type="event"/>
            <label from="5-29" id="91" name="ScrEv_wait_boarding" text="waited" type="event"/>
            <label from="5-31" id="92" name="ScrEv_take_off" text="take off" to="5-32" type="event"/>
            <label from="5-31" id="93" name="ScrEv_take_off" text="take" type="event"/>
            <label from="6-2" id="94" name="RelNScrEv" text="was" type="event"/>
            <label from="6-11" id="95" name="UnrelEv" text="was" type="event"/>
            <label from="6-20" id="96" name="ScrEv_spend_time_flight" text="fell asleep" to="6-21" type="event"/>
            <label from="6-20" id="97" name="ScrEv_spend_time_flight" text="fell" type="event"/>
            <label from="6-24" id="98" name="ScrEv_spend_time_flight" text="waiting" type="event"/>
            <label from="6-28" id="99" name="RelNScrEv" text="get" type="event"/>
            <label from="6-33" id="100" name="ScrEv_spend_time_flight" text="ordered" type="event"/>
            <label from="7-3" id="101" name="UnrelEv" text="allowed" type="event"/>
            <label from="7-5" id="102" name="ScrEv_spend_time_flight" text="play" type="event"/>
            <label from="7-17" id="103" name="UnrelEv" text="use" type="event"/>
            <label from="7-24" id="104" name="UnrelEv" text="got" type="event"/>
            <label from="8-3" id="105" name="ScrEv_exit_plane" text="got off" to="8-4" type="event"/>
            <label from="8-3" id="106" name="ScrEv_exit_plane" text="got" type="event"/>
            <label from="8-7" id="107" name="UnrelEv" text="made sure" to="8-8" type="event"/>
            <label from="8-7" id="108" name="UnrelEv" text="made" type="event"/>
            <label from="8-10" id="109" name="ScrEv_other" text="grab" type="event"/>
            <label from="8-14" id="110" name="ScrEv_meet_people" text="meet" type="event"/>
        </events>
        <chains>
            <chain elements="1 4 9 10 17 21 23 24 30 32 34 35 39 41 45 50 56 57 64 65 66 68"/>
            <chain elements="18 20"/>
            <chain elements="31 40 43 44 52 59"/>
            <chain elements="3 48"/>
            <chain elements="58 62"/>
            <chain elements="25 67"/>
            <chain elements="53 72"/>
        </chains>
    </annotations>
</story>
