<?xml version="1.0" encoding="UTF-8" standalone="no"?>
<!DOCTYPE story SYSTEM "../InScript.dtd">
<story id="017" scenario="flight">
    <text>
        <content>My sons and I were invited by their grandmother to come for a visit . 
We decided to fly across the country . 
We went to the airport and purchased plane tickets . 
Then we went home and packed our suitcases . 
The next day we took a cab to the airport and hour early . 
We went to the airlines check in area an waited in line to show our tickets , get our seat assignments and check out bags . 
The we headed upstairs to the airplane gate . 
There were many people flying on this plane and the waiting room was crowded . 
Then the plane pulled in next to the gate and the flight attendant started calling people over to board the plane . 
We were near last to get on the plane . 
Once on the plane we found our seats and sat down . 
After the plane took off the stewardess did a demonstration about how to use the emergency exits . 
Then we sat back and flew all the way to Reno , NV where we were picked up from the airport by grandma . </content>
        <sentences>
            <sentence id="1">
                <token content="My" id="1-1">
                    <pos type="PRP$"/>
                    <lemma type="my"/>
                </token>
                <token content="sons" id="1-2">
                    <pos type="NNS"/>
                    <lemma type="son"/>
                    <dep head="1-6" type="nsubjpass"/>
                </token>
                <token content="and" id="1-3"/>
                <token content="I" id="1-4">
                    <pos type="PRP"/>
                    <lemma type="I"/>
                </token>
                <token content="were" id="1-5">
                    <pos type="VBD"/>
                    <lemma type="be"/>
                    <dep head="1-6" type="auxpass"/>
                </token>
                <token content="invited" id="1-6">
                    <pos type="VBN"/>
                    <lemma type="invite"/>
                </token>
                <token content="by" id="1-7"/>
                <token content="their" id="1-8">
                    <pos type="PRP$"/>
                    <lemma type="they"/>
                </token>
                <token content="grandmother" id="1-9">
                    <pos type="NN"/>
                    <lemma type="grandmother"/>
                    <dep head="1-6" type="agent"/>
                </token>
                <token content="to" id="1-10">
                    <pos type="TO"/>
                    <lemma type="to"/>
                    <dep head="1-11" type="aux"/>
                </token>
                <token content="come" id="1-11">
                    <pos type="VB"/>
                    <lemma type="come"/>
                </token>
                <token content="for" id="1-12"/>
                <token content="a" id="1-13">
                    <pos type="DT"/>
                    <lemma type="a"/>
                </token>
                <token content="visit" id="1-14">
                    <pos type="NN"/>
                    <lemma type="visit"/>
                    <dep head="1-11" type="prep"/>
                </token>
                <token content="." id="1-15"/>
            </sentence>
            <sentence id="2">
                <token content="We" id="2-1">
                    <pos type="PRP"/>
                    <lemma type="we"/>
                    <dep head="2-2" type="nsubj"/>
                </token>
                <token content="decided" id="2-2">
                    <pos type="VBD"/>
                    <lemma type="decide"/>
                </token>
                <token content="to" id="2-3">
                    <pos type="TO"/>
                    <lemma type="to"/>
                    <dep head="2-4" type="aux"/>
                </token>
                <token content="fly" id="2-4">
                    <pos type="VB"/>
                    <lemma type="fly"/>
                    <dep head="2-2" type="xcomp"/>
                </token>
                <token content="across" id="2-5"/>
                <token content="the" id="2-6">
                    <pos type="DT"/>
                    <lemma type="the"/>
                </token>
                <token content="country" id="2-7">
                    <pos type="NN"/>
                    <lemma type="country"/>
                    <dep head="2-4" type="prep"/>
                </token>
                <token content="." id="2-8"/>
            </sentence>
            <sentence id="3">
                <token content="We" id="3-1">
                    <pos type="PRP"/>
                    <lemma type="we"/>
                    <dep head="3-2" type="nsubj"/>
                </token>
                <token content="went" id="3-2">
                    <pos type="VBD"/>
                    <lemma type="go"/>
                </token>
                <token content="to" id="3-3"/>
                <token content="the" id="3-4">
                    <pos type="DT"/>
                    <lemma type="the"/>
                </token>
                <token content="airport" id="3-5">
                    <pos type="NN"/>
                    <lemma type="airport"/>
                    <dep head="3-2" type="prep"/>
                </token>
                <token content="and" id="3-6"/>
                <token content="purchased" id="3-7">
                    <pos type="VBD"/>
                    <lemma type="purchase"/>
                    <dep head="3-2" type="conj"/>
                </token>
                <token content="plane" id="3-8">
                    <pos type="NN"/>
                    <lemma type="plane"/>
                </token>
                <token content="tickets" id="3-9">
                    <pos type="NNS"/>
                    <lemma type="ticket"/>
                    <dep head="3-7" type="dobj"/>
                </token>
                <token content="." id="3-10"/>
            </sentence>
            <sentence id="4">
                <token content="Then" id="4-1">
                    <pos type="RB"/>
                    <lemma type="then"/>
                    <dep head="4-3" type="advmod"/>
                </token>
                <token content="we" id="4-2">
                    <pos type="PRP"/>
                    <lemma type="we"/>
                    <dep head="4-3" type="nsubj"/>
                </token>
                <token content="went" id="4-3">
                    <pos type="VBD"/>
                    <lemma type="go"/>
                </token>
                <token content="home" id="4-4">
                    <pos type="NN"/>
                    <lemma type="home"/>
                    <dep head="4-3" type="dobj"/>
                </token>
                <token content="and" id="4-5"/>
                <token content="packed" id="4-6">
                    <pos type="VBD"/>
                    <lemma type="pack"/>
                    <dep head="4-3" type="conj"/>
                </token>
                <token content="our" id="4-7">
                    <pos type="PRP$"/>
                    <lemma type="we"/>
                </token>
                <token content="suitcases" id="4-8">
                    <pos type="NNS"/>
                    <lemma type="suitcase"/>
                    <dep head="4-6" type="dobj"/>
                </token>
                <token content="." id="4-9"/>
            </sentence>
            <sentence id="5">
                <token content="The" id="5-1">
                    <pos type="DT"/>
                    <lemma type="the"/>
                </token>
                <token content="next" id="5-2">
                    <pos type="JJ"/>
                    <lemma type="next"/>
                </token>
                <token content="day" id="5-3">
                    <pos type="NN"/>
                    <lemma type="day"/>
                    <dep head="5-5" type="tmod"/>
                </token>
                <token content="we" id="5-4">
                    <pos type="PRP"/>
                    <lemma type="we"/>
                    <dep head="5-5" type="nsubj"/>
                </token>
                <token content="took" id="5-5">
                    <pos type="VBD"/>
                    <lemma type="take"/>
                </token>
                <token content="a" id="5-6">
                    <pos type="DT"/>
                    <lemma type="a"/>
                </token>
                <token content="cab" id="5-7">
                    <pos type="NN"/>
                    <lemma type="cab"/>
                    <dep head="5-5" type="dobj"/>
                </token>
                <token content="to" id="5-8"/>
                <token content="the" id="5-9">
                    <pos type="DT"/>
                    <lemma type="the"/>
                </token>
                <token content="airport" id="5-10">
                    <pos type="NN"/>
                    <lemma type="airport"/>
                    <dep head="5-5" type="prep"/>
                </token>
                <token content="and" id="5-11"/>
                <token content="hour" id="5-12">
                    <pos type="NN"/>
                    <lemma type="hour"/>
                </token>
                <token content="early" id="5-13">
                    <pos type="RB"/>
                    <lemma type="early"/>
                </token>
                <token content="." id="5-14"/>
            </sentence>
            <sentence id="6">
                <token content="We" id="6-1">
                    <pos type="PRP"/>
                    <lemma type="we"/>
                    <dep head="6-2" type="nsubj"/>
                </token>
                <token content="went" id="6-2">
                    <pos type="VBD"/>
                    <lemma type="go"/>
                </token>
                <token content="to" id="6-3"/>
                <token content="the" id="6-4">
                    <pos type="DT"/>
                    <lemma type="the"/>
                </token>
                <token content="airlines" id="6-5">
                    <pos type="NNS"/>
                    <lemma type="airline"/>
                </token>
                <token content="check" id="6-6">
                    <pos type="NN"/>
                    <lemma type="check"/>
                    <dep head="6-2" type="prep"/>
                </token>
                <token content="in" id="6-7"/>
                <token content="area" id="6-8">
                    <pos type="NN"/>
                    <lemma type="area"/>
                    <dep head="6-2" type="prep"/>
                </token>
                <token content="an" id="6-9">
                    <pos type="DT"/>
                    <lemma type="a"/>
                </token>
                <token content="waited" id="6-10">
                    <pos type="VBN"/>
                    <lemma type="wait"/>
                </token>
                <token content="in" id="6-11"/>
                <token content="line" id="6-12">
                    <pos type="NN"/>
                    <lemma type="line"/>
                    <dep head="6-10" type="prep"/>
                </token>
                <token content="to" id="6-13">
                    <pos type="TO"/>
                    <lemma type="to"/>
                    <dep head="6-14" type="aux"/>
                </token>
                <token content="show" id="6-14">
                    <pos type="VB"/>
                    <lemma type="show"/>
                    <dep head="6-10" type="xcomp"/>
                </token>
                <token content="our" id="6-15">
                    <pos type="PRP$"/>
                    <lemma type="we"/>
                </token>
                <token content="tickets" id="6-16">
                    <pos type="NNS"/>
                    <lemma type="ticket"/>
                    <dep head="6-14" type="dobj"/>
                </token>
                <token content="," id="6-17"/>
                <token content="get" id="6-18">
                    <pos type="VB"/>
                    <lemma type="get"/>
                    <dep head="6-14" type="conj"/>
                </token>
                <token content="our" id="6-19">
                    <pos type="PRP$"/>
                    <lemma type="we"/>
                </token>
                <token content="seat" id="6-20">
                    <pos type="NN"/>
                    <lemma type="seat"/>
                </token>
                <token content="assignments" id="6-21">
                    <pos type="NNS"/>
                    <lemma type="assignment"/>
                    <dep head="6-18" type="dobj"/>
                </token>
                <token content="and" id="6-22"/>
                <token content="check" id="6-23">
                    <pos type="VB"/>
                    <lemma type="check"/>
                    <dep head="6-14" type="conj"/>
                </token>
                <token content="out" id="6-24">
                    <pos type="RP"/>
                    <lemma type="out"/>
                    <dep head="6-23" type="prt"/>
                </token>
                <token content="bags" id="6-25">
                    <pos type="NNS"/>
                    <lemma type="bag"/>
                    <dep head="6-23" type="dobj"/>
                </token>
                <token content="." id="6-26"/>
            </sentence>
            <sentence id="7">
                <token content="The" id="7-1">
                    <pos type="DT"/>
                    <lemma type="the"/>
                </token>
                <token content="we" id="7-2">
                    <pos type="PRP"/>
                    <lemma type="we"/>
                    <dep head="7-3" type="nsubj"/>
                </token>
                <token content="headed" id="7-3">
                    <pos type="VBD"/>
                    <lemma type="head"/>
                </token>
                <token content="upstairs" id="7-4">
                    <pos type="NN"/>
                    <lemma type="upstairs"/>
                    <dep head="7-3" type="advmod"/>
                </token>
                <token content="to" id="7-5"/>
                <token content="the" id="7-6">
                    <pos type="DT"/>
                    <lemma type="the"/>
                </token>
                <token content="airplane" id="7-7">
                    <pos type="NN"/>
                    <lemma type="airplane"/>
                </token>
                <token content="gate" id="7-8">
                    <pos type="NN"/>
                    <lemma type="gate"/>
                    <dep head="7-3" type="prep"/>
                </token>
                <token content="." id="7-9"/>
            </sentence>
            <sentence id="8">
                <token content="There" id="8-1">
                    <pos type="EX"/>
                    <lemma type="there"/>
                    <dep head="8-2" type="expl"/>
                </token>
                <token content="were" id="8-2">
                    <pos type="VBD"/>
                    <lemma type="be"/>
                </token>
                <token content="many" id="8-3">
                    <pos type="JJ"/>
                    <lemma type="many"/>
                </token>
                <token content="people" id="8-4">
                    <pos type="NNS"/>
                    <lemma type="people"/>
                    <dep head="8-2" type="nsubj"/>
                </token>
                <token content="flying" id="8-5">
                    <pos type="VBG"/>
                    <lemma type="fly"/>
                </token>
                <token content="on" id="8-6"/>
                <token content="this" id="8-7">
                    <pos type="DT"/>
                    <lemma type="this"/>
                </token>
                <token content="plane" id="8-8">
                    <pos type="NN"/>
                    <lemma type="plane"/>
                    <dep head="8-5" type="prep"/>
                </token>
                <token content="and" id="8-9"/>
                <token content="the" id="8-10">
                    <pos type="DT"/>
                    <lemma type="the"/>
                </token>
                <token content="waiting" id="8-11">
                    <pos type="VBG"/>
                    <lemma type="wait"/>
                </token>
                <token content="room" id="8-12">
                    <pos type="NN"/>
                    <lemma type="room"/>
                    <dep head="8-14" type="nsubjpass"/>
                </token>
                <token content="was" id="8-13">
                    <pos type="VBD"/>
                    <lemma type="be"/>
                    <dep head="8-14" type="auxpass"/>
                </token>
                <token content="crowded" id="8-14">
                    <pos type="VBN"/>
                    <lemma type="crowd"/>
                    <dep head="8-2" type="conj"/>
                </token>
                <token content="." id="8-15"/>
            </sentence>
            <sentence id="9">
                <token content="Then" id="9-1">
                    <pos type="RB"/>
                    <lemma type="then"/>
                    <dep head="9-4" type="advmod"/>
                </token>
                <token content="the" id="9-2">
                    <pos type="DT"/>
                    <lemma type="the"/>
                </token>
                <token content="plane" id="9-3">
                    <pos type="NN"/>
                    <lemma type="plane"/>
                    <dep head="9-4" type="nsubj"/>
                </token>
                <token content="pulled" id="9-4">
                    <pos type="VBD"/>
                    <lemma type="pull"/>
                </token>
                <token content="in" id="9-5"/>
                <token content="next" id="9-6">
                    <pos type="JJ"/>
                    <lemma type="next"/>
                    <dep head="9-4" type="prep"/>
                </token>
                <token content="to" id="9-7"/>
                <token content="the" id="9-8">
                    <pos type="DT"/>
                    <lemma type="the"/>
                </token>
                <token content="gate" id="9-9">
                    <pos type="NN"/>
                    <lemma type="gate"/>
                    <dep head="9-4" type="prep"/>
                </token>
                <token content="and" id="9-10"/>
                <token content="the" id="9-11">
                    <pos type="DT"/>
                    <lemma type="the"/>
                </token>
                <token content="flight" id="9-12">
                    <pos type="NN"/>
                    <lemma type="flight"/>
                </token>
                <token content="attendant" id="9-13">
                    <pos type="NN"/>
                    <lemma type="attendant"/>
                    <dep head="9-14" type="nsubj"/>
                </token>
                <token content="started" id="9-14">
                    <pos type="VBD"/>
                    <lemma type="start"/>
                    <dep head="9-4" type="conj"/>
                </token>
                <token content="calling" id="9-15">
                    <pos type="VBG"/>
                    <lemma type="call"/>
                    <dep head="9-14" type="xcomp"/>
                </token>
                <token content="people" id="9-16">
                    <pos type="NNS"/>
                    <lemma type="people"/>
                    <dep head="9-15" type="dobj"/>
                </token>
                <token content="over" id="9-17">
                    <pos type="RP"/>
                    <lemma type="over"/>
                    <dep head="9-15" type="prt"/>
                </token>
                <token content="to" id="9-18">
                    <pos type="TO"/>
                    <lemma type="to"/>
                    <dep head="9-19" type="aux"/>
                </token>
                <token content="board" id="9-19">
                    <pos type="VB"/>
                    <lemma type="board"/>
                    <dep head="9-15" type="vmod"/>
                </token>
                <token content="the" id="9-20">
                    <pos type="DT"/>
                    <lemma type="the"/>
                </token>
                <token content="plane" id="9-21">
                    <pos type="NN"/>
                    <lemma type="plane"/>
                    <dep head="9-19" type="dobj"/>
                </token>
                <token content="." id="9-22"/>
            </sentence>
            <sentence id="10">
                <token content="We" id="10-1">
                    <pos type="PRP"/>
                    <lemma type="we"/>
                </token>
                <token content="were" id="10-2">
                    <pos type="VBD"/>
                    <lemma type="be"/>
                </token>
                <token content="near" id="10-3">
                    <pos type="RB"/>
                    <lemma type="near"/>
                </token>
                <token content="last" id="10-4">
                    <pos type="JJ"/>
                    <lemma type="last"/>
                </token>
                <token content="to" id="10-5">
                    <pos type="TO"/>
                    <lemma type="to"/>
                    <dep head="10-6" type="aux"/>
                </token>
                <token content="get" id="10-6">
                    <pos type="VB"/>
                    <lemma type="get"/>
                </token>
                <token content="on" id="10-7"/>
                <token content="the" id="10-8">
                    <pos type="DT"/>
                    <lemma type="the"/>
                </token>
                <token content="plane" id="10-9">
                    <pos type="NN"/>
                    <lemma type="plane"/>
                    <dep head="10-6" type="prep"/>
                </token>
                <token content="." id="10-10"/>
            </sentence>
            <sentence id="11">
                <token content="Once" id="11-1">
                    <pos type="RB"/>
                    <lemma type="once"/>
                    <dep head="11-6" type="advmod"/>
                </token>
                <token content="on" id="11-2"/>
                <token content="the" id="11-3">
                    <pos type="DT"/>
                    <lemma type="the"/>
                </token>
                <token content="plane" id="11-4">
                    <pos type="NN"/>
                    <lemma type="plane"/>
                </token>
                <token content="we" id="11-5">
                    <pos type="PRP"/>
                    <lemma type="we"/>
                    <dep head="11-6" type="nsubj"/>
                </token>
                <token content="found" id="11-6">
                    <pos type="VBD"/>
                    <lemma type="find"/>
                </token>
                <token content="our" id="11-7">
                    <pos type="PRP$"/>
                    <lemma type="we"/>
                </token>
                <token content="seats" id="11-8">
                    <pos type="NNS"/>
                    <lemma type="seat"/>
                    <dep head="11-6" type="dobj"/>
                </token>
                <token content="and" id="11-9"/>
                <token content="sat" id="11-10">
                    <pos type="VBD"/>
                    <lemma type="sit"/>
                    <dep head="11-6" type="conj"/>
                </token>
                <token content="down" id="11-11">
                    <pos type="RP"/>
                    <lemma type="down"/>
                    <dep head="11-10" type="prt"/>
                </token>
                <token content="." id="11-12"/>
            </sentence>
            <sentence id="12">
                <token content="After" id="12-1">
                    <pos type="IN"/>
                    <lemma type="after"/>
                    <dep head="12-4" type="mark"/>
                </token>
                <token content="the" id="12-2">
                    <pos type="DT"/>
                    <lemma type="the"/>
                </token>
                <token content="plane" id="12-3">
                    <pos type="NN"/>
                    <lemma type="plane"/>
                    <dep head="12-4" type="nsubj"/>
                </token>
                <token content="took" id="12-4">
                    <pos type="VBD"/>
                    <lemma type="take"/>
                    <dep head="12-8" type="advcl"/>
                </token>
                <token content="off" id="12-5">
                    <pos type="RP"/>
                    <lemma type="off"/>
                    <dep head="12-4" type="prt"/>
                </token>
                <token content="the" id="12-6">
                    <pos type="DT"/>
                    <lemma type="the"/>
                </token>
                <token content="stewardess" id="12-7">
                    <pos type="NNS"/>
                    <lemma type="stewardess"/>
                    <dep head="12-8" type="nsubj"/>
                </token>
                <token content="did" id="12-8">
                    <pos type="VBD"/>
                    <lemma type="do"/>
                </token>
                <token content="a" id="12-9">
                    <pos type="DT"/>
                    <lemma type="a"/>
                </token>
                <token content="demonstration" id="12-10">
                    <pos type="NN"/>
                    <lemma type="demonstration"/>
                    <dep head="12-8" type="dobj"/>
                </token>
                <token content="about" id="12-11"/>
                <token content="how" id="12-12">
                    <pos type="WRB"/>
                    <lemma type="how"/>
                    <dep head="12-14" type="advmod"/>
                </token>
                <token content="to" id="12-13">
                    <pos type="TO"/>
                    <lemma type="to"/>
                    <dep head="12-14" type="aux"/>
                </token>
                <token content="use" id="12-14">
                    <pos type="VB"/>
                    <lemma type="use"/>
                </token>
                <token content="the" id="12-15">
                    <pos type="DT"/>
                    <lemma type="the"/>
                </token>
                <token content="emergency" id="12-16">
                    <pos type="NN"/>
                    <lemma type="emergency"/>
                </token>
                <token content="exits" id="12-17">
                    <pos type="NNS"/>
                    <lemma type="exit"/>
                    <dep head="12-14" type="dobj"/>
                </token>
                <token content="." id="12-18"/>
            </sentence>
            <sentence id="13">
                <token content="Then" id="13-1">
                    <pos type="RB"/>
                    <lemma type="then"/>
                    <dep head="13-3" type="advmod"/>
                </token>
                <token content="we" id="13-2">
                    <pos type="PRP"/>
                    <lemma type="we"/>
                    <dep head="13-3" type="nsubj"/>
                </token>
                <token content="sat" id="13-3">
                    <pos type="VBD"/>
                    <lemma type="sit"/>
                </token>
                <token content="back" id="13-4">
                    <pos type="RB"/>
                    <lemma type="back"/>
                    <dep head="13-3" type="advmod"/>
                </token>
                <token content="and" id="13-5"/>
                <token content="flew" id="13-6">
                    <pos type="VBD"/>
                    <lemma type="fly"/>
                    <dep head="13-3" type="conj"/>
                </token>
                <token content="all" id="13-7">
                    <pos type="PDT"/>
                    <lemma type="all"/>
                </token>
                <token content="the" id="13-8">
                    <pos type="DT"/>
                    <lemma type="the"/>
                </token>
                <token content="way" id="13-9">
                    <pos type="NN"/>
                    <lemma type="way"/>
                    <dep head="13-6" type="dobj"/>
                </token>
                <token content="to" id="13-10"/>
                <token content="Reno" id="13-11">
                    <pos type="NNP"/>
                    <lemma type="Reno"/>
                </token>
                <token content="," id="13-12"/>
                <token content="NV" id="13-13">
                    <pos type="NNP"/>
                    <lemma type="NV"/>
                    <dep head="13-6" type="prep"/>
                </token>
                <token content="where" id="13-14">
                    <pos type="WRB"/>
                    <lemma type="where"/>
                    <dep head="13-17" type="advmod"/>
                </token>
                <token content="we" id="13-15">
                    <pos type="PRP"/>
                    <lemma type="we"/>
                    <dep head="13-17" type="nsubjpass"/>
                </token>
                <token content="were" id="13-16">
                    <pos type="VBD"/>
                    <lemma type="be"/>
                    <dep head="13-17" type="auxpass"/>
                </token>
                <token content="picked" id="13-17">
                    <pos type="VBN"/>
                    <lemma type="pick"/>
                    <dep head="13-6" type="advcl"/>
                </token>
                <token content="up" id="13-18">
                    <pos type="RP"/>
                    <lemma type="up"/>
                    <dep head="13-17" type="prt"/>
                </token>
                <token content="from" id="13-19"/>
                <token content="the" id="13-20">
                    <pos type="DT"/>
                    <lemma type="the"/>
                </token>
                <token content="airport" id="13-21">
                    <pos type="NN"/>
                    <lemma type="airport"/>
                    <dep head="13-17" type="prep"/>
                </token>
                <token content="by" id="13-22"/>
                <token content="grandma" id="13-23">
                    <pos type="NN"/>
                    <lemma type="grandma"/>
                    <dep head="13-17" type="agent"/>
                </token>
                <token content="." id="13-24"/>
            </sentence>
        </sentences>
    </text>
    <annotations>
        <participants>
            <label from="1-1" id="0" name="ScrPart_passenger" text="My sons and I" to="1-4" type="participant"/>
            <label from="1-1" id="1" name="ScrPart_passenger" text="My" type="participant"/>
            <label from="1-2" id="2" name="ScrPart_passenger" text="sons" type="participant"/>
            <label from="1-4" id="3" name="ScrPart_passenger" text="I" type="participant"/>
            <label from="1-8" id="4" name="ScrPart_passenger" text="their" type="participant"/>
            <label from="1-9" id="5" name="ScrPart_accomp_person" text="grandmother" type="participant"/>
            <label from="1-14" id="6" name="NPart" text="visit" type="participant"/>
            <label from="2-1" id="7" name="ScrPart_passenger" text="We" type="participant"/>
            <label from="2-7" id="8" name="NPart" text="country" type="participant"/>
            <label from="3-1" id="9" name="ScrPart_passenger" text="We" type="participant"/>
            <label from="3-5" id="10" name="ScrPart_airport" text="airport" type="participant"/>
            <label from="3-8" id="11" name="ScrPart_ticket" text="plane tickets" to="3-9" type="participant"/>
            <label from="3-9" id="12" name="ScrPart_ticket" text="tickets" type="participant"/>
            <label from="4-2" id="13" name="ScrPart_passenger" text="we" type="participant"/>
            <label from="4-4" id="14" name="No_label" text="home" type="participant"/>
            <label from="4-7" id="15" name="ScrPart_passenger" text="our" type="participant"/>
            <label from="4-8" id="16" name="ScrPart_check_in_luggage" text="suitcases" type="participant"/>
            <label from="5-3" id="17" name="ScrPart_time/date" text="day" type="participant"/>
            <label from="5-4" id="18" name="ScrPart_passenger" text="we took" to="5-5" type="participant"/>
            <label from="5-7" id="19" name="NPart" text="cab" type="participant"/>
            <label from="5-10" id="20" name="ScrPart_airport" text="airport" type="participant"/>
            <label from="5-12" id="21" name="ScrPart_time/date" text="hour" type="participant"/>
            <label from="6-1" id="22" name="ScrPart_passenger" text="We" type="participant"/>
            <label from="6-5" id="23" name="ScrPart_other" text="airlines" type="participant"/>
            <label from="6-6" id="24" name="ScrPart_check_in_desk" text="check in area" to="6-8" type="participant"/>
            <label from="6-8" id="25" name="ScrPart_check_in_desk" text="area" type="participant"/>
            <label from="6-12" id="26" name="ScrPart_line" text="line" type="participant"/>
            <label from="6-15" id="27" name="ScrPart_passenger" text="our" type="participant"/>
            <label from="6-16" id="28" name="ScrPart_ticket" text="tickets" type="participant"/>
            <label from="6-19" id="29" name="ScrPart_passenger" text="our" type="participant"/>
            <label from="6-20" id="30" name="ScrPart_other" text="seat assignments" to="6-21" type="participant"/>
            <label from="6-21" id="31" name="ScrPart_other" text="assignments" type="participant"/>
            <label from="6-25" id="32" name="ScrPart_check_in_luggage" text="bags" type="participant"/>
            <label from="7-2" id="33" name="ScrPart_passenger" text="we" type="participant"/>
            <label from="7-4" id="34" name="NPart" text="upstairs" type="participant"/>
            <label from="7-7" id="35" name="ScrPart_terminal/gate" text="airplane gate" to="7-8" type="participant"/>
            <label from="7-8" id="36" name="ScrPart_terminal/gate" text="gate" type="participant"/>
            <label from="8-1" id="37" name="ScrPart_terminal/gate" text="There" type="participant"/>
            <label from="8-4" id="38" name="ScrPart_passenger" text="people" type="participant"/>
            <label from="8-8" id="39" name="ScrPart_plane" text="plane" type="participant"/>
            <label from="8-11" id="40" name="ScrPart_other" text="waiting room" to="8-12" type="participant"/>
            <label from="8-12" id="41" name="ScrPart_other" text="room" type="participant"/>
            <label from="9-3" id="42" name="ScrPart_plane" text="plane" type="participant"/>
            <label from="9-9" id="43" name="ScrPart_terminal/gate" text="gate" type="participant"/>
            <label from="9-12" id="44" name="ScrPart_staff" text="flight attendant" to="9-13" type="participant"/>
            <label from="9-13" id="45" name="ScrPart_staff" text="attendant" type="participant"/>
            <label from="9-16" id="46" name="ScrPart_passenger" text="people" type="participant"/>
            <label from="9-21" id="47" name="ScrPart_plane" text="plane" type="participant"/>
            <label from="10-1" id="48" name="ScrPart_passenger" text="We" type="participant"/>
            <label from="10-9" id="49" name="ScrPart_plane" text="plane" type="participant"/>
            <label from="11-4" id="50" name="ScrPart_plane" text="plane" type="participant"/>
            <label from="11-5" id="51" name="ScrPart_passenger" text="we" type="participant"/>
            <label from="11-7" id="52" name="ScrPart_passenger" text="our" type="participant"/>
            <label from="11-8" id="53" name="ScrPart_seat" text="seats" type="participant"/>
            <label from="12-3" id="54" name="ScrPart_plane" text="plane" type="participant"/>
            <label from="12-7" id="55" name="ScrPart_staff" text="stewardess" type="participant"/>
            <label from="12-10" id="56" name="ScrPart_safety_instructions" text="demonstration" type="participant"/>
            <label from="12-16" id="57" name="ScrPart_location_airplane_indoor" text="emergency exits" to="12-17" type="participant"/>
            <label from="12-17" id="58" name="ScrPart_location_airplane_indoor" text="exits" type="participant"/>
            <label from="13-2" id="59" name="ScrPart_passenger" text="we" type="participant"/>
            <label from="13-9" id="60" name="No_label" text="way" type="participant"/>
            <label from="13-11" id="61" name="ScrPart_target_location" text="Reno" type="participant"/>
            <label from="13-13" id="62" name="NPart" text="NV" type="participant"/>
            <label from="13-15" id="63" name="ScrPart_passenger" text="we" type="participant"/>
            <label from="13-21" id="64" name="ScrPart_airport" text="airport" type="participant"/>
            <label from="13-23" id="65" name="ScrPart_accomp_person" text="grandma" type="participant"/>
        </participants>
        <events>
            <label from="1-6" id="66" name="UnrelEv" text="invited" type="event"/>
            <label from="1-11" id="67" name="UnrelEv" text="come" type="event"/>
            <label from="2-2" id="68" name="UnrelEv" text="decided" type="event"/>
            <label from="2-4" id="69" name="Evoking" text="fly across the country" to="2-7" type="event"/>
            <label from="3-2" id="70" name="ScrEv_get_airport" text="went" type="event"/>
            <label from="3-7" id="71" name="ScrEv_get_ticket" text="purchased" type="event"/>
            <label from="4-3" id="72" name="UnrelEv" text="went" type="event"/>
            <label from="4-6" id="73" name="ScrEv_pack_luggage" text="packed" type="event"/>
            <label from="5-5" id="74" name="ScrEv_get_airport" text="took" type="event"/>
            <label from="6-2" id="75" name="ScrEv_go_check_in" text="went" type="event"/>
            <label from="6-10" id="76" name="ScrEv_wait" text="waited" type="event"/>
            <label from="6-14" id="77" name="ScrEv_present_ID/ticket" text="show" type="event"/>
            <label from="6-18" id="78" name="ScrEv_other" text="get" type="event"/>
            <label from="6-23" id="79" name="ScrEv_other" text="check out" to="6-24" type="event"/>
            <label from="6-23" id="80" name="ScrEv_other" text="check" type="event"/>
            <label from="7-3" id="81" name="ScrEv_find_terminal" text="headed" type="event"/>
            <label from="8-2" id="82" name="UnrelEv" text="were" type="event"/>
            <label from="8-5" id="83" name="Evoking" text="flying on this plane" to="8-8" type="event"/>
            <label from="8-14" id="84" name="UnrelEv" text="crowded" type="event"/>
            <label from="9-4" id="85" name="ScrEv_other" text="pulled in" to="9-5" type="event"/>
            <label from="9-4" id="86" name="ScrEv_other" text="pulled" type="event"/>
            <label from="9-14" id="87" name="UnrelEv" text="started" type="event"/>
            <label from="9-15" id="88" name="ScrEv_listen_call" text="calling" type="event"/>
            <label from="9-19" id="89" name="ScrEv_board_plane" text="board" type="event"/>
            <label from="10-2" id="90" name="UnrelEv" text="were" type="event"/>
            <label from="10-6" id="91" name="ScrEv_board_plane" text="get on" to="10-7" type="event"/>
            <label from="10-6" id="92" name="ScrEv_board_plane" text="get" type="event"/>
            <label from="11-6" id="93" name="ScrEv_other" text="found" type="event"/>
            <label from="11-10" id="94" name="ScrEv_take_seat" text="sat down" to="11-11" type="event"/>
            <label from="11-10" id="95" name="ScrEv_take_seat" text="sat" type="event"/>
            <label from="12-4" id="96" name="ScrEv_take_off" text="took off" to="12-5" type="event"/>
            <label from="12-4" id="97" name="ScrEv_take_off" text="took" type="event"/>
            <label from="12-8" id="98" name="RelNScrEv" text="did" type="event"/>
            <label from="12-14" id="99" name="RelNScrEv" text="use" type="event"/>
            <label from="13-3" id="100" name="UnrelEv" text="sat back" to="13-4" type="event"/>
            <label from="13-3" id="101" name="UnrelEv" text="sat" type="event"/>
            <label from="13-6" id="102" name="RelNScrEv" text="flew" type="event"/>
            <label from="13-17" id="103" name="ScrEv_meet_people" text="picked up" to="13-18" type="event"/>
            <label from="13-17" id="104" name="ScrEv_meet_people" text="picked" type="event"/>
        </events>
        <chains>
            <chain elements="0 3 7 9 13 15 18 22 27 33 48 51 52 59 63"/>
            <chain elements="2 4"/>
            <chain elements="10 20"/>
            <chain elements="12 28"/>
            <chain elements="36 37 43"/>
            <chain elements="42 47 49 50 54"/>
            <chain elements="5 65"/>
        </chains>
    </annotations>
</story>
